ID,Iniciales,Tiempo,ObsAA,ObsEst,ObsCon,ObsCaos,DNE,G1,G2,G3,X1,X2,X3,ApoyoAut,Estruc,Control,Chaos,SIS_AA,SIS_Est,SIS_Control,SIS_Chaos,NeedSat,NeedFru,AutSat,CompSat,SatRel,FrusAut,FrusComp,FrusRel,SatLab,EmoExha,Cinismo,Engagement,Thriving,Joy,Anger,Anxiety,Hope,Hopelessness,PerGrow,RelGrow,MasGrow,EducaMat,DesBeha,NoGoal,NeedSup,EstDesm,CoreBO,EmoPos,EmoNeg
1,MC,1,"5,333333333","5,333333333",1,1,100,4,,,,,,"5,83","6,4","3,5","2,2","4,75","5,88",2,"3,13","5,58","2,42",5,6,"5,75","2,75",2,"2,5","6,4",2,2,"5,67",,6,"3,5",3,"6,25","1,75",6,5,"6,75","3,5",4,"3,67","5,32","2,57",2,"6,13","3,25"
1,MC,2,"5,333333333","5,333333333",1,1,100,4,,,,,,"5,83","6,4","3,5","2,2","4,75","5,88",2,"3,13","5,58","2,42",5,6,"5,75","2,75",2,"2,5","6,4",2,2,"5,67",,6,"3,5",3,"6,25","1,75",6,5,"6,75","3,5",4,"3,67","5,32","2,57",2,"6,13","3,25"
1,MC,3,"5,333333333","5,333333333",1,1,100,4,,,,,,"5,83","6,4","3,5","2,2","4,75","5,88",2,"3,13","5,58","2,42",5,6,"5,75","2,75",2,"2,5","6,4",2,2,"5,67",,6,"3,5",3,"6,25","1,75",6,5,"6,75","3,5",4,"3,67","5,32","2,57",2,"6,13","3,25"
1,MC,4,"5,333333333","5,333333333",1,1,93,4,,,,,,"5,83","6,4","3,5","2,2","4,75","5,88",2,"3,13","5,58","2,42",5,6,"5,75","2,75",2,"2,5","6,4",2,2,"5,67",,6,"3,5",3,"6,25","1,75",6,5,"6,75","3,5",4,"3,67","5,32","2,57",2,"6,13","3,25"
1,MC,5,"5,333333333","5,333333333",1,1,89,4,,,,,,"5,83","6,4","3,5","2,2","4,75","5,88",2,"3,13","5,58","2,42",5,6,"5,75","2,75",2,"2,5","6,4",2,2,"5,67",,6,"3,5",3,"6,25","1,75",6,5,"6,75","3,5",4,"3,67","5,32","2,57",2,"6,13","3,25"
1,MC,6,"3,666666667","4,333333333",1,1,91,5,,,9,,,"5,83","6,4","3,5","2,2","4,75","5,88",2,"3,13","5,58","2,42",5,6,"5,75","2,75",2,"2,5","6,4",2,2,"5,67",,6,"3,5",3,"6,25","1,75",6,5,"6,75","3,5",4,"3,67","5,32","2,57",2,"6,13","3,25"
1,MC,7,"3,666666667","4,333333333",1,1,63,5,,,9,,,"5,83","6,4","3,5","2,2","4,75","5,88",2,"3,13","5,58","2,42",5,6,"5,75","2,75",2,"2,5","6,4",2,2,"5,67",,6,"3,5",3,"6,25","1,75",6,5,"6,75","3,5",4,"3,67","5,32","2,57",2,"6,13","3,25"
1,MC,8,"3,666666667","4,333333333",1,1,69,5,,,9,,,"5,83","6,4","3,5","2,2","4,75","5,88",2,"3,13","5,58","2,42",5,6,"5,75","2,75",2,"2,5","6,4",2,2,"5,67",,6,"3,5",3,"6,25","1,75",6,5,"6,75","3,5",4,"3,67","5,32","2,57",2,"6,13","3,25"
1,MC,9,"3,666666667","4,333333333",1,1,61,5,,,9,,,"5,83","6,4","3,5","2,2","4,75","5,88",2,"3,13","5,58","2,42",5,6,"5,75","2,75",2,"2,5","6,4",2,2,"5,67",,6,"3,5",3,"6,25","1,75",6,5,"6,75","3,5",4,"3,67","5,32","2,57",2,"6,13","3,25"
1,MC,10,"3,666666667","4,333333333",1,1,68,5,,,9,,,"5,83","6,4","3,5","2,2","4,75","5,88",2,"3,13","5,58","2,42",5,6,"5,75","2,75",2,"2,5","6,4",2,2,"5,67",,6,"3,5",3,"6,25","1,75",6,5,"6,75","3,5",4,"3,67","5,32","2,57",2,"6,13","3,25"
1,MC,11,3,"5,333333333",1,1,64,5,,,9,,,"5,83","6,4","3,5","2,2","4,75","5,88",2,"3,13","5,58","2,42",5,6,"5,75","2,75",2,"2,5","6,4",2,2,"5,67",,6,"3,5",3,"6,25","1,75",6,5,"6,75","3,5",4,"3,67","5,32","2,57",2,"6,13","3,25"
1,MC,12,3,"5,333333333",1,1,83,5,,,9,,,"5,83","6,4","3,5","2,2","4,75","5,88",2,"3,13","5,58","2,42",5,6,"5,75","2,75",2,"2,5","6,4",2,2,"5,67",,6,"3,5",3,"6,25","1,75",6,5,"6,75","3,5",4,"3,67","5,32","2,57",2,"6,13","3,25"
1,MC,13,3,"5,333333333",1,1,76,5,,,9,,,"5,83","6,4","3,5","2,2","4,75","5,88",2,"3,13","5,58","2,42",5,6,"5,75","2,75",2,"2,5","6,4",2,2,"5,67",,6,"3,5",3,"6,25","1,75",6,5,"6,75","3,5",4,"3,67","5,32","2,57",2,"6,13","3,25"
1,MC,14,3,"5,333333333",1,1,92,5,,,9,,,"5,83","6,4","3,5","2,2","4,75","5,88",2,"3,13","5,58","2,42",5,6,"5,75","2,75",2,"2,5","6,4",2,2,"5,67",,6,"3,5",3,"6,25","1,75",6,5,"6,75","3,5",4,"3,67","5,32","2,57",2,"6,13","3,25"
1,MC,15,3,"5,333333333",1,1,81,5,,,9,,,"5,83","6,4","3,5","2,2","4,75","5,88",2,"3,13","5,58","2,42",5,6,"5,75","2,75",2,"2,5","6,4",2,2,"5,67",,6,"3,5",3,"6,25","1,75",6,5,"6,75","3,5",4,"3,67","5,32","2,57",2,"6,13","3,25"
1,MC,16,"3,666666667","5,333333333",1,1,56,5,,,9,,,"5,83","6,4","3,5","2,2","4,75","5,88",2,"3,13","5,58","2,42",5,6,"5,75","2,75",2,"2,5","6,4",2,2,"5,67",,6,"3,5",3,"6,25","1,75",6,5,"6,75","3,5",4,"3,67","5,32","2,57",2,"6,13","3,25"
1,MC,17,"3,666666667","5,333333333",1,1,55,5,,,9,,,"5,83","6,4","3,5","2,2","4,75","5,88",2,"3,13","5,58","2,42",5,6,"5,75","2,75",2,"2,5","6,4",2,2,"5,67",,6,"3,5",3,"6,25","1,75",6,5,"6,75","3,5",4,"3,67","5,32","2,57",2,"6,13","3,25"
1,MC,18,"3,666666667","5,333333333",1,1,76,5,,,9,,,"5,83","6,4","3,5","2,2","4,75","5,88",2,"3,13","5,58","2,42",5,6,"5,75","2,75",2,"2,5","6,4",2,2,"5,67",,6,"3,5",3,"6,25","1,75",6,5,"6,75","3,5",4,"3,67","5,32","2,57",2,"6,13","3,25"
1,MC,19,"3,666666667","5,333333333",1,1,70,5,,,9,,,"5,83","6,4","3,5","2,2","4,75","5,88",2,"3,13","5,58","2,42",5,6,"5,75","2,75",2,"2,5","6,4",2,2,"5,67",,6,"3,5",3,"6,25","1,75",6,5,"6,75","3,5",4,"3,67","5,32","2,57",2,"6,13","3,25"
1,MC,20,"3,666666667","5,333333333",1,1,63,5,,,9,,,"5,83","6,4","3,5","2,2","4,75","5,88",2,"3,13","5,58","2,42",5,6,"5,75","2,75",2,"2,5","6,4",2,2,"5,67",,6,"3,5",3,"6,25","1,75",6,5,"6,75","3,5",4,"3,67","5,32","2,57",2,"6,13","3,25"
1,MC,21,"4,333333333","5,666666667",1,1,64,5,,,,,,"5,83","6,4","3,5","2,2","4,75","5,88",2,"3,13","5,58","2,42",5,6,"5,75","2,75",2,"2,5","6,4",2,2,"5,67",,6,"3,5",3,"6,25","1,75",6,5,"6,75","3,5",4,"3,67","5,32","2,57",2,"6,13","3,25"
1,MC,22,"4,333333333","5,666666667",1,1,79,5,,,,,,"5,83","6,4","3,5","2,2","4,75","5,88",2,"3,13","5,58","2,42",5,6,"5,75","2,75",2,"2,5","6,4",2,2,"5,67",,6,"3,5",3,"6,25","1,75",6,5,"6,75","3,5",4,"3,67","5,32","2,57",2,"6,13","3,25"
1,MC,23,"4,333333333","5,666666667",1,1,70,5,,,,,,"5,83","6,4","3,5","2,2","4,75","5,88",2,"3,13","5,58","2,42",5,6,"5,75","2,75",2,"2,5","6,4",2,2,"5,67",,6,"3,5",3,"6,25","1,75",6,5,"6,75","3,5",4,"3,67","5,32","2,57",2,"6,13","3,25"
1,MC,24,"4,333333333","5,666666667",1,1,71,5,,,,,,"5,83","6,4","3,5","2,2","4,75","5,88",2,"3,13","5,58","2,42",5,6,"5,75","2,75",2,"2,5","6,4",2,2,"5,67",,6,"3,5",3,"6,25","1,75",6,5,"6,75","3,5",4,"3,67","5,32","2,57",2,"6,13","3,25"
1,MC,25,"4,333333333","5,666666667",1,1,71,5,,,,,,"5,83","6,4","3,5","2,2","4,75","5,88",2,"3,13","5,58","2,42",5,6,"5,75","2,75",2,"2,5","6,4",2,2,"5,67",,6,"3,5",3,"6,25","1,75",6,5,"6,75","3,5",4,"3,67","5,32","2,57",2,"6,13","3,25"
1,MC,26,"5,333333333",6,1,1,93,2,3,,1,8,,"5,83","6,4","3,5","2,2","4,75","5,88",2,"3,13","5,58","2,42",5,6,"5,75","2,75",2,"2,5","6,4",2,2,"5,67",,6,"3,5",3,"6,25","1,75",6,5,"6,75","3,5",4,"3,67","5,32","2,57",2,"6,13","3,25"
1,MC,27,"5,333333333",6,1,1,80,2,3,,1,8,,"5,83","6,4","3,5","2,2","4,75","5,88",2,"3,13","5,58","2,42",5,6,"5,75","2,75",2,"2,5","6,4",2,2,"5,67",,6,"3,5",3,"6,25","1,75",6,5,"6,75","3,5",4,"3,67","5,32","2,57",2,"6,13","3,25"
1,MC,28,"5,333333333",6,1,1,63,2,3,,1,8,,"5,83","6,4","3,5","2,2","4,75","5,88",2,"3,13","5,58","2,42",5,6,"5,75","2,75",2,"2,5","6,4",2,2,"5,67",,6,"3,5",3,"6,25","1,75",6,5,"6,75","3,5",4,"3,67","5,32","2,57",2,"6,13","3,25"
1,MC,29,"5,333333333",6,1,1,100,2,3,,1,8,,"5,83","6,4","3,5","2,2","4,75","5,88",2,"3,13","5,58","2,42",5,6,"5,75","2,75",2,"2,5","6,4",2,2,"5,67",,6,"3,5",3,"6,25","1,75",6,5,"6,75","3,5",4,"3,67","5,32","2,57",2,"6,13","3,25"
1,MC,30,"5,333333333",6,1,1,94,2,3,,1,8,,"5,83","6,4","3,5","2,2","4,75","5,88",2,"3,13","5,58","2,42",5,6,"5,75","2,75",2,"2,5","6,4",2,2,"5,67",,6,"3,5",3,"6,25","1,75",6,5,"6,75","3,5",4,"3,67","5,32","2,57",2,"6,13","3,25"
1,MC,31,2,"5,666666667",1,1,61,5,,,9,,,"5,83","6,4","3,5","2,2","4,75","5,88",2,"3,13","5,58","2,42",5,6,"5,75","2,75",2,"2,5","6,4",2,2,"5,67",,6,"3,5",3,"6,25","1,75",6,5,"6,75","3,5",4,"3,67","5,32","2,57",2,"6,13","3,25"
1,MC,32,2,"5,666666667",1,1,49,5,,,9,,,"5,83","6,4","3,5","2,2","4,75","5,88",2,"3,13","5,58","2,42",5,6,"5,75","2,75",2,"2,5","6,4",2,2,"5,67",,6,"3,5",3,"6,25","1,75",6,5,"6,75","3,5",4,"3,67","5,32","2,57",2,"6,13","3,25"
1,MC,33,2,"5,666666667",1,1,59,5,,,9,,,"5,83","6,4","3,5","2,2","4,75","5,88",2,"3,13","5,58","2,42",5,6,"5,75","2,75",2,"2,5","6,4",2,2,"5,67",,6,"3,5",3,"6,25","1,75",6,5,"6,75","3,5",4,"3,67","5,32","2,57",2,"6,13","3,25"
1,MC,34,2,"5,666666667",1,1,45,5,,,9,,,"5,83","6,4","3,5","2,2","4,75","5,88",2,"3,13","5,58","2,42",5,6,"5,75","2,75",2,"2,5","6,4",2,2,"5,67",,6,"3,5",3,"6,25","1,75",6,5,"6,75","3,5",4,"3,67","5,32","2,57",2,"6,13","3,25"
1,MC,35,2,"5,666666667",1,1,59,5,,,9,,,"5,83","6,4","3,5","2,2","4,75","5,88",2,"3,13","5,58","2,42",5,6,"5,75","2,75",2,"2,5","6,4",2,2,"5,67",,6,"3,5",3,"6,25","1,75",6,5,"6,75","3,5",4,"3,67","5,32","2,57",2,"6,13","3,25"
1,MC,36,"3,666666667","5,666666667","3,8",1,68,5,,,9,,,"5,83","6,4","3,5","2,2","4,75","5,88",2,"3,13","5,58","2,42",5,6,"5,75","2,75",2,"2,5","6,4",2,2,"5,67",,6,"3,5",3,"6,25","1,75",6,5,"6,75","3,5",4,"3,67","5,32","2,57",2,"6,13","3,25"
1,MC,37,"3,666666667","5,666666667","3,8",1,71,5,,,9,,,"5,83","6,4","3,5","2,2","4,75","5,88",2,"3,13","5,58","2,42",5,6,"5,75","2,75",2,"2,5","6,4",2,2,"5,67",,6,"3,5",3,"6,25","1,75",6,5,"6,75","3,5",4,"3,67","5,32","2,57",2,"6,13","3,25"
1,MC,38,"3,666666667","5,666666667","3,8",1,58,5,,,9,,,"5,83","6,4","3,5","2,2","4,75","5,88",2,"3,13","5,58","2,42",5,6,"5,75","2,75",2,"2,5","6,4",2,2,"5,67",,6,"3,5",3,"6,25","1,75",6,5,"6,75","3,5",4,"3,67","5,32","2,57",2,"6,13","3,25"
1,MC,39,"3,666666667","5,666666667","3,8",1,79,5,,,9,,,"5,83","6,4","3,5","2,2","4,75","5,88",2,"3,13","5,58","2,42",5,6,"5,75","2,75",2,"2,5","6,4",2,2,"5,67",,6,"3,5",3,"6,25","1,75",6,5,"6,75","3,5",4,"3,67","5,32","2,57",2,"6,13","3,25"
1,MC,40,"3,666666667","5,666666667","3,8",1,81,5,,,9,,,"5,83","6,4","3,5","2,2","4,75","5,88",2,"3,13","5,58","2,42",5,6,"5,75","2,75",2,"2,5","6,4",2,2,"5,67",,6,"3,5",3,"6,25","1,75",6,5,"6,75","3,5",4,"3,67","5,32","2,57",2,"6,13","3,25"
1,MC,41,"4,666666667","5,666666667",1,1,68,5,,,,,,"5,83","6,4","3,5","2,2","4,75","5,88",2,"3,13","5,58","2,42",5,6,"5,75","2,75",2,"2,5","6,4",2,2,"5,67",,6,"3,5",3,"6,25","1,75",6,5,"6,75","3,5",4,"3,67","5,32","2,57",2,"6,13","3,25"
1,MC,42,"4,666666667","5,666666667",1,1,56,5,,,,,,"5,83","6,4","3,5","2,2","4,75","5,88",2,"3,13","5,58","2,42",5,6,"5,75","2,75",2,"2,5","6,4",2,2,"5,67",,6,"3,5",3,"6,25","1,75",6,5,"6,75","3,5",4,"3,67","5,32","2,57",2,"6,13","3,25"
1,MC,43,"4,666666667","5,666666667",1,1,80,5,,,,,,"5,83","6,4","3,5","2,2","4,75","5,88",2,"3,13","5,58","2,42",5,6,"5,75","2,75",2,"2,5","6,4",2,2,"5,67",,6,"3,5",3,"6,25","1,75",6,5,"6,75","3,5",4,"3,67","5,32","2,57",2,"6,13","3,25"
1,MC,44,"4,666666667","5,666666667",1,1,98,5,,,,,,"5,83","6,4","3,5","2,2","4,75","5,88",2,"3,13","5,58","2,42",5,6,"5,75","2,75",2,"2,5","6,4",2,2,"5,67",,6,"3,5",3,"6,25","1,75",6,5,"6,75","3,5",4,"3,67","5,32","2,57",2,"6,13","3,25"
1,MC,45,"4,666666667","5,666666667",1,1,84,5,,,,,,"5,83","6,4","3,5","2,2","4,75","5,88",2,"3,13","5,58","2,42",5,6,"5,75","2,75",2,"2,5","6,4",2,2,"5,67",,6,"3,5",3,"6,25","1,75",6,5,"6,75","3,5",4,"3,67","5,32","2,57",2,"6,13","3,25"
1,MC,46,4,6,1,1,73,5,,,9,,,"5,83","6,4","3,5","2,2","4,75","5,88",2,"3,13","5,58","2,42",5,6,"5,75","2,75",2,"2,5","6,4",2,2,"5,67",,6,"3,5",3,"6,25","1,75",6,5,"6,75","3,5",4,"3,67","5,32","2,57",2,"6,13","3,25"
1,MC,47,4,6,1,1,88,5,,,9,,,"5,83","6,4","3,5","2,2","4,75","5,88",2,"3,13","5,58","2,42",5,6,"5,75","2,75",2,"2,5","6,4",2,2,"5,67",,6,"3,5",3,"6,25","1,75",6,5,"6,75","3,5",4,"3,67","5,32","2,57",2,"6,13","3,25"
1,MC,48,4,6,1,1,73,5,,,9,,,"5,83","6,4","3,5","2,2","4,75","5,88",2,"3,13","5,58","2,42",5,6,"5,75","2,75",2,"2,5","6,4",2,2,"5,67",,6,"3,5",3,"6,25","1,75",6,5,"6,75","3,5",4,"3,67","5,32","2,57",2,"6,13","3,25"
1,MC,49,4,6,1,1,86,5,,,9,,,"5,83","6,4","3,5","2,2","4,75","5,88",2,"3,13","5,58","2,42",5,6,"5,75","2,75",2,"2,5","6,4",2,2,"5,67",,6,"3,5",3,"6,25","1,75",6,5,"6,75","3,5",4,"3,67","5,32","2,57",2,"6,13","3,25"
1,MC,50,4,6,1,1,84,5,,,9,,,"5,83","6,4","3,5","2,2","4,75","5,88",2,"3,13","5,58","2,42",5,6,"5,75","2,75",2,"2,5","6,4",2,2,"5,67",,6,"3,5",3,"6,25","1,75",6,5,"6,75","3,5",4,"3,67","5,32","2,57",2,"6,13","3,25"
1,MC,51,"4,666666667","6,333333333",1,1,57,5,,,,,,"5,83","6,4","3,5","2,2","4,75","5,88",2,"3,13","5,58","2,42",5,6,"5,75","2,75",2,"2,5","6,4",2,2,"5,67",,6,"3,5",3,"6,25","1,75",6,5,"6,75","3,5",4,"3,67","5,32","2,57",2,"6,13","3,25"
1,MC,52,"4,666666667","6,333333333",1,1,44,5,,,,,,"5,83","6,4","3,5","2,2","4,75","5,88",2,"3,13","5,58","2,42",5,6,"5,75","2,75",2,"2,5","6,4",2,2,"5,67",,6,"3,5",3,"6,25","1,75",6,5,"6,75","3,5",4,"3,67","5,32","2,57",2,"6,13","3,25"
1,MC,53,"4,666666667","6,333333333",1,1,71,5,,,,,,"5,83","6,4","3,5","2,2","4,75","5,88",2,"3,13","5,58","2,42",5,6,"5,75","2,75",2,"2,5","6,4",2,2,"5,67",,6,"3,5",3,"6,25","1,75",6,5,"6,75","3,5",4,"3,67","5,32","2,57",2,"6,13","3,25"
1,MC,54,"4,666666667","6,333333333",1,1,100,5,,,,,,"5,83","6,4","3,5","2,2","4,75","5,88",2,"3,13","5,58","2,42",5,6,"5,75","2,75",2,"2,5","6,4",2,2,"5,67",,6,"3,5",3,"6,25","1,75",6,5,"6,75","3,5",4,"3,67","5,32","2,57",2,"6,13","3,25"
1,MC,55,"4,666666667","6,333333333",1,1,100,5,,,,,,"5,83","6,4","3,5","2,2","4,75","5,88",2,"3,13","5,58","2,42",5,6,"5,75","2,75",2,"2,5","6,4",2,2,"5,67",,6,"3,5",3,"6,25","1,75",6,5,"6,75","3,5",4,"3,67","5,32","2,57",2,"6,13","3,25"
1,MC,56,5,"2,666666667","1,4","2,333333333",81,5,,,,,,"5,83","6,4","3,5","2,2","4,75","5,88",2,"3,13","5,58","2,42",5,6,"5,75","2,75",2,"2,5","6,4",2,2,"5,67",,6,"3,5",3,"6,25","1,75",6,5,"6,75","3,5",4,"3,67","5,32","2,57",2,"6,13","3,25"
1,MC,57,5,"2,666666667","1,4","2,333333333",83,5,,,,,,"5,83","6,4","3,5","2,2","4,75","5,88",2,"3,13","5,58","2,42",5,6,"5,75","2,75",2,"2,5","6,4",2,2,"5,67",,6,"3,5",3,"6,25","1,75",6,5,"6,75","3,5",4,"3,67","5,32","2,57",2,"6,13","3,25"
1,MC,58,5,"2,666666667","1,4","2,333333333",85,5,,,,,,"5,83","6,4","3,5","2,2","4,75","5,88",2,"3,13","5,58","2,42",5,6,"5,75","2,75",2,"2,5","6,4",2,2,"5,67",,6,"3,5",3,"6,25","1,75",6,5,"6,75","3,5",4,"3,67","5,32","2,57",2,"6,13","3,25"
1,MC,59,5,"2,666666667","1,4","2,333333333",80,5,,,,,,"5,83","6,4","3,5","2,2","4,75","5,88",2,"3,13","5,58","2,42",5,6,"5,75","2,75",2,"2,5","6,4",2,2,"5,67",,6,"3,5",3,"6,25","1,75",6,5,"6,75","3,5",4,"3,67","5,32","2,57",2,"6,13","3,25"
1,MC,60,5,"2,666666667","1,4","2,333333333",87,5,,,,,,"5,83","6,4","3,5","2,2","4,75","5,88",2,"3,13","5,58","2,42",5,6,"5,75","2,75",2,"2,5","6,4",2,2,"5,67",,6,"3,5",3,"6,25","1,75",6,5,"6,75","3,5",4,"3,67","5,32","2,57",2,"6,13","3,25"
1,MC,61,"5,666666667","5,666666667",1,1,78,5,,,9,,,"5,83","6,4","3,5","2,2","4,75","5,88",2,"3,13","5,58","2,42",5,6,"5,75","2,75",2,"2,5","6,4",2,2,"5,67",,6,"3,5",3,"6,25","1,75",6,5,"6,75","3,5",4,"3,67","5,32","2,57",2,"6,13","3,25"
1,MC,62,"5,666666667","5,666666667",1,1,74,5,,,9,,,"5,83","6,4","3,5","2,2","4,75","5,88",2,"3,13","5,58","2,42",5,6,"5,75","2,75",2,"2,5","6,4",2,2,"5,67",,6,"3,5",3,"6,25","1,75",6,5,"6,75","3,5",4,"3,67","5,32","2,57",2,"6,13","3,25"
1,MC,63,"5,666666667","5,666666667",1,1,79,5,,,9,,,"5,83","6,4","3,5","2,2","4,75","5,88",2,"3,13","5,58","2,42",5,6,"5,75","2,75",2,"2,5","6,4",2,2,"5,67",,6,"3,5",3,"6,25","1,75",6,5,"6,75","3,5",4,"3,67","5,32","2,57",2,"6,13","3,25"
1,MC,64,"5,666666667","5,666666667",1,1,77,5,,,9,,,"5,83","6,4","3,5","2,2","4,75","5,88",2,"3,13","5,58","2,42",5,6,"5,75","2,75",2,"2,5","6,4",2,2,"5,67",,6,"3,5",3,"6,25","1,75",6,5,"6,75","3,5",4,"3,67","5,32","2,57",2,"6,13","3,25"
1,MC,65,"5,666666667","5,666666667",1,1,95,5,,,9,,,"5,83","6,4","3,5","2,2","4,75","5,88",2,"3,13","5,58","2,42",5,6,"5,75","2,75",2,"2,5","6,4",2,2,"5,67",,6,"3,5",3,"6,25","1,75",6,5,"6,75","3,5",4,"3,67","5,32","2,57",2,"6,13","3,25"
1,MC,66,"4,333333333","5,333333333",1,1,79,5,,,9,,,"5,83","6,4","3,5","2,2","4,75","5,88",2,"3,13","5,58","2,42",5,6,"5,75","2,75",2,"2,5","6,4",2,2,"5,67",,6,"3,5",3,"6,25","1,75",6,5,"6,75","3,5",4,"3,67","5,32","2,57",2,"6,13","3,25"
1,MC,67,"4,333333333","5,333333333",1,1,65,5,,,9,,,"5,83","6,4","3,5","2,2","4,75","5,88",2,"3,13","5,58","2,42",5,6,"5,75","2,75",2,"2,5","6,4",2,2,"5,67",,6,"3,5",3,"6,25","1,75",6,5,"6,75","3,5",4,"3,67","5,32","2,57",2,"6,13","3,25"
1,MC,68,"4,333333333","5,333333333",1,1,77,5,,,9,,,"5,83","6,4","3,5","2,2","4,75","5,88",2,"3,13","5,58","2,42",5,6,"5,75","2,75",2,"2,5","6,4",2,2,"5,67",,6,"3,5",3,"6,25","1,75",6,5,"6,75","3,5",4,"3,67","5,32","2,57",2,"6,13","3,25"
1,MC,69,"4,333333333","5,333333333",1,1,100,5,,,9,,,"5,83","6,4","3,5","2,2","4,75","5,88",2,"3,13","5,58","2,42",5,6,"5,75","2,75",2,"2,5","6,4",2,2,"5,67",,6,"3,5",3,"6,25","1,75",6,5,"6,75","3,5",4,"3,67","5,32","2,57",2,"6,13","3,25"
1,MC,70,"4,333333333","5,333333333",1,1,89,5,,,9,,,"5,83","6,4","3,5","2,2","4,75","5,88",2,"3,13","5,58","2,42",5,6,"5,75","2,75",2,"2,5","6,4",2,2,"5,67",,6,"3,5",3,"6,25","1,75",6,5,"6,75","3,5",4,"3,67","5,32","2,57",2,"6,13","3,25"
1,MC,71,5,"5,666666667",1,"1,666666667",74,5,,,1,,,"5,83","6,4","3,5","2,2","4,75","5,88",2,"3,13","5,58","2,42",5,6,"5,75","2,75",2,"2,5","6,4",2,2,"5,67",,6,"3,5",3,"6,25","1,75",6,5,"6,75","3,5",4,"3,67","5,32","2,57",2,"6,13","3,25"
1,MC,72,5,"5,666666667",1,"1,666666667",90,5,,,1,,,"5,83","6,4","3,5","2,2","4,75","5,88",2,"3,13","5,58","2,42",5,6,"5,75","2,75",2,"2,5","6,4",2,2,"5,67",,6,"3,5",3,"6,25","1,75",6,5,"6,75","3,5",4,"3,67","5,32","2,57",2,"6,13","3,25"
1,MC,73,5,"5,666666667",1,"1,666666667",100,5,,,1,,,"5,83","6,4","3,5","2,2","4,75","5,88",2,"3,13","5,58","2,42",5,6,"5,75","2,75",2,"2,5","6,4",2,2,"5,67",,6,"3,5",3,"6,25","1,75",6,5,"6,75","3,5",4,"3,67","5,32","2,57",2,"6,13","3,25"
1,MC,74,5,"5,666666667",1,"1,666666667",100,5,,,1,,,"5,83","6,4","3,5","2,2","4,75","5,88",2,"3,13","5,58","2,42",5,6,"5,75","2,75",2,"2,5","6,4",2,2,"5,67",,6,"3,5",3,"6,25","1,75",6,5,"6,75","3,5",4,"3,67","5,32","2,57",2,"6,13","3,25"
1,MC,75,5,"5,666666667",1,"1,666666667",100,5,,,1,,,"5,83","6,4","3,5","2,2","4,75","5,88",2,"3,13","5,58","2,42",5,6,"5,75","2,75",2,"2,5","6,4",2,2,"5,67",,6,"3,5",3,"6,25","1,75",6,5,"6,75","3,5",4,"3,67","5,32","2,57",2,"6,13","3,25"
1,MC,76,3,"5,666666667",1,1,100,1,,,1,,,"5,83","6,4","3,5","2,2","4,75","5,88",2,"3,13","5,58","2,42",5,6,"5,75","2,75",2,"2,5","6,4",2,2,"5,67",,6,"3,5",3,"6,25","1,75",6,5,"6,75","3,5",4,"3,67","5,32","2,57",2,"6,13","3,25"
1,MC,77,3,"5,666666667",1,1,100,1,,,1,,,"5,83","6,4","3,5","2,2","4,75","5,88",2,"3,13","5,58","2,42",5,6,"5,75","2,75",2,"2,5","6,4",2,2,"5,67",,6,"3,5",3,"6,25","1,75",6,5,"6,75","3,5",4,"3,67","5,32","2,57",2,"6,13","3,25"
1,MC,78,3,"5,666666667",1,1,91,1,,,1,,,"5,83","6,4","3,5","2,2","4,75","5,88",2,"3,13","5,58","2,42",5,6,"5,75","2,75",2,"2,5","6,4",2,2,"5,67",,6,"3,5",3,"6,25","1,75",6,5,"6,75","3,5",4,"3,67","5,32","2,57",2,"6,13","3,25"
1,MC,79,3,"5,666666667",1,1,96,1,,,1,,,"5,83","6,4","3,5","2,2","4,75","5,88",2,"3,13","5,58","2,42",5,6,"5,75","2,75",2,"2,5","6,4",2,2,"5,67",,6,"3,5",3,"6,25","1,75",6,5,"6,75","3,5",4,"3,67","5,32","2,57",2,"6,13","3,25"
1,MC,80,3,"5,666666667",1,1,100,1,,,1,,,"5,83","6,4","3,5","2,2","4,75","5,88",2,"3,13","5,58","2,42",5,6,"5,75","2,75",2,"2,5","6,4",2,2,"5,67",,6,"3,5",3,"6,25","1,75",6,5,"6,75","3,5",4,"3,67","5,32","2,57",2,"6,13","3,25"
1,MC,81,"5,666666667","6,333333333",1,1,100,5,,,,,,"5,83","6,4","3,5","2,2","4,75","5,88",2,"3,13","5,58","2,42",5,6,"5,75","2,75",2,"2,5","6,4",2,2,"5,67",,6,"3,5",3,"6,25","1,75",6,5,"6,75","3,5",4,"3,67","5,32","2,57",2,"6,13","3,25"
1,MC,82,"5,666666667","6,333333333",1,1,100,5,,,,,,"5,83","6,4","3,5","2,2","4,75","5,88",2,"3,13","5,58","2,42",5,6,"5,75","2,75",2,"2,5","6,4",2,2,"5,67",,6,"3,5",3,"6,25","1,75",6,5,"6,75","3,5",4,"3,67","5,32","2,57",2,"6,13","3,25"
1,MC,83,"5,666666667","6,333333333",1,1,77,5,,,,,,"5,83","6,4","3,5","2,2","4,75","5,88",2,"3,13","5,58","2,42",5,6,"5,75","2,75",2,"2,5","6,4",2,2,"5,67",,6,"3,5",3,"6,25","1,75",6,5,"6,75","3,5",4,"3,67","5,32","2,57",2,"6,13","3,25"
1,MC,84,"5,666666667","6,333333333",1,1,100,5,,,,,,"5,83","6,4","3,5","2,2","4,75","5,88",2,"3,13","5,58","2,42",5,6,"5,75","2,75",2,"2,5","6,4",2,2,"5,67",,6,"3,5",3,"6,25","1,75",6,5,"6,75","3,5",4,"3,67","5,32","2,57",2,"6,13","3,25"
1,MC,85,"5,666666667","6,333333333",1,1,100,5,,,,,,"5,83","6,4","3,5","2,2","4,75","5,88",2,"3,13","5,58","2,42",5,6,"5,75","2,75",2,"2,5","6,4",2,2,"5,67",,6,"3,5",3,"6,25","1,75",6,5,"6,75","3,5",4,"3,67","5,32","2,57",2,"6,13","3,25"
1,MC,86,"5,666666667","6,333333333",1,1,100,5,,,,,,"5,83","6,4","3,5","2,2","4,75","5,88",2,"3,13","5,58","2,42",5,6,"5,75","2,75",2,"2,5","6,4",2,2,"5,67",,6,"3,5",3,"6,25","1,75",6,5,"6,75","3,5",4,"3,67","5,32","2,57",2,"6,13","3,25"
1,MC,87,"4,666666667","5,666666667",1,1,88,5,,,,,,"5,83","6,4","3,5","2,2","4,75","5,88",2,"3,13","5,58","2,42",5,6,"5,75","2,75",2,"2,5","6,4",2,2,"5,67",,6,"3,5",3,"6,25","1,75",6,5,"6,75","3,5",4,"3,67","5,32","2,57",2,"6,13","3,25"
1,MC,88,"4,666666667","5,666666667",1,1,100,5,,,,,,"5,83","6,4","3,5","2,2","4,75","5,88",2,"3,13","5,58","2,42",5,6,"5,75","2,75",2,"2,5","6,4",2,2,"5,67",,6,"3,5",3,"6,25","1,75",6,5,"6,75","3,5",4,"3,67","5,32","2,57",2,"6,13","3,25"
1,MC,89,"4,666666667","5,666666667",1,1,87,5,,,,,,"5,83","6,4","3,5","2,2","4,75","5,88",2,"3,13","5,58","2,42",5,6,"5,75","2,75",2,"2,5","6,4",2,2,"5,67",,6,"3,5",3,"6,25","1,75",6,5,"6,75","3,5",4,"3,67","5,32","2,57",2,"6,13","3,25"
1,MC,90,"4,666666667","5,666666667",1,1,100,5,,,,,,"5,83","6,4","3,5","2,2","4,75","5,88",2,"3,13","5,58","2,42",5,6,"5,75","2,75",2,"2,5","6,4",2,2,"5,67",,6,"3,5",3,"6,25","1,75",6,5,"6,75","3,5",4,"3,67","5,32","2,57",2,"6,13","3,25"
1,MC,91,"4,666666667","5,666666667",1,1,91,5,,,,,,"5,83","6,4","3,5","2,2","4,75","5,88",2,"3,13","5,58","2,42",5,6,"5,75","2,75",2,"2,5","6,4",2,2,"5,67",,6,"3,5",3,"6,25","1,75",6,5,"6,75","3,5",4,"3,67","5,32","2,57",2,"6,13","3,25"
1,MC,92,"5,666666667","5,666666667","1,2",1,79,5,,,,,,"5,83","6,4","3,5","2,2","4,75","5,88",2,"3,13","5,58","2,42",5,6,"5,75","2,75",2,"2,5","6,4",2,2,"5,67",,6,"3,5",3,"6,25","1,75",6,5,"6,75","3,5",4,"3,67","5,32","2,57",2,"6,13","3,25"
1,MC,93,"5,666666667","5,666666667","1,2",1,92,5,,,,,,"5,83","6,4","3,5","2,2","4,75","5,88",2,"3,13","5,58","2,42",5,6,"5,75","2,75",2,"2,5","6,4",2,2,"5,67",,6,"3,5",3,"6,25","1,75",6,5,"6,75","3,5",4,"3,67","5,32","2,57",2,"6,13","3,25"
1,MC,94,"5,666666667","5,666666667","1,2",1,90,5,,,,,,"5,83","6,4","3,5","2,2","4,75","5,88",2,"3,13","5,58","2,42",5,6,"5,75","2,75",2,"2,5","6,4",2,2,"5,67",,6,"3,5",3,"6,25","1,75",6,5,"6,75","3,5",4,"3,67","5,32","2,57",2,"6,13","3,25"
1,MC,95,"5,666666667","5,666666667","1,2",1,97,5,,,,,,"5,83","6,4","3,5","2,2","4,75","5,88",2,"3,13","5,58","2,42",5,6,"5,75","2,75",2,"2,5","6,4",2,2,"5,67",,6,"3,5",3,"6,25","1,75",6,5,"6,75","3,5",4,"3,67","5,32","2,57",2,"6,13","3,25"
1,MC,96,"5,666666667","5,666666667","1,2",1,90,5,,,,,,"5,83","6,4","3,5","2,2","4,75","5,88",2,"3,13","5,58","2,42",5,6,"5,75","2,75",2,"2,5","6,4",2,2,"5,67",,6,"3,5",3,"6,25","1,75",6,5,"6,75","3,5",4,"3,67","5,32","2,57",2,"6,13","3,25"
1,MC,97,"5,666666667",5,1,1,100,5,,,,,,"5,83","6,4","3,5","2,2","4,75","5,88",2,"3,13","5,58","2,42",5,6,"5,75","2,75",2,"2,5","6,4",2,2,"5,67",,6,"3,5",3,"6,25","1,75",6,5,"6,75","3,5",4,"3,67","5,32","2,57",2,"6,13","3,25"
1,MC,98,"5,666666667",5,1,1,95,5,,,,,,"5,83","6,4","3,5","2,2","4,75","5,88",2,"3,13","5,58","2,42",5,6,"5,75","2,75",2,"2,5","6,4",2,2,"5,67",,6,"3,5",3,"6,25","1,75",6,5,"6,75","3,5",4,"3,67","5,32","2,57",2,"6,13","3,25"
1,MC,99,"5,666666667",5,1,1,67,5,,,,,,"5,83","6,4","3,5","2,2","4,75","5,88",2,"3,13","5,58","2,42",5,6,"5,75","2,75",2,"2,5","6,4",2,2,"5,67",,6,"3,5",3,"6,25","1,75",6,5,"6,75","3,5",4,"3,67","5,32","2,57",2,"6,13","3,25"
1,MC,100,"5,666666667",5,1,1,75,5,,,,,,"5,83","6,4","3,5","2,2","4,75","5,88",2,"3,13","5,58","2,42",5,6,"5,75","2,75",2,"2,5","6,4",2,2,"5,67",,6,"3,5",3,"6,25","1,75",6,5,"6,75","3,5",4,"3,67","5,32","2,57",2,"6,13","3,25"
1,MC,101,"5,666666667",5,1,1,78,5,,,,,,"5,83","6,4","3,5","2,2","4,75","5,88",2,"3,13","5,58","2,42",5,6,"5,75","2,75",2,"2,5","6,4",2,2,"5,67",,6,"3,5",3,"6,25","1,75",6,5,"6,75","3,5",4,"3,67","5,32","2,57",2,"6,13","3,25"
2,GG,1,"5,666666667","6,333333333",1,1,77,8,,,6,,,"5,67",6,"1,5","2,4","4,44","5,12","1,56","2,07","6,25","3,83",6,6,"6,75",4,"5,5",2,"6,4","4,67",0,5,"5,8",7,"2,5","4,5",6,"2,5",6,"5,5","6,5",3,2,2,"4,78","1,81","2,33","6,5","3,5"
2,GG,2,"5,666666667","6,333333333",1,1,85,8,,,6,,,"5,67",6,"1,5","2,4","4,44","5,12","1,56","2,07","6,25","3,83",6,6,"6,75",4,"5,5",2,"6,4","4,67",0,5,"5,8",7,"2,5","4,5",6,"2,5",6,"5,5","6,5",3,2,2,"4,78","1,81","2,33","6,5","3,5"
2,GG,3,"5,666666667","6,333333333",1,1,83,8,,,6,,,"5,67",6,"1,5","2,4","4,44","5,12","1,56","2,07","6,25","3,83",6,6,"6,75",4,"5,5",2,"6,4","4,67",0,5,"5,8",7,"2,5","4,5",6,"2,5",6,"5,5","6,5",3,2,2,"4,78","1,81","2,33","6,5","3,5"
2,GG,4,"5,666666667","6,333333333",1,1,78,8,,,6,,,"5,67",6,"1,5","2,4","4,44","5,12","1,56","2,07","6,25","3,83",6,6,"6,75",4,"5,5",2,"6,4","4,67",0,5,"5,8",7,"2,5","4,5",6,"2,5",6,"5,5","6,5",3,2,2,"4,78","1,81","2,33","6,5","3,5"
2,GG,5,"5,666666667","6,333333333",1,1,55,8,,,6,,,"5,67",6,"1,5","2,4","4,44","5,12","1,56","2,07","6,25","3,83",6,6,"6,75",4,"5,5",2,"6,4","4,67",0,5,"5,8",7,"2,5","4,5",6,"2,5",6,"5,5","6,5",3,2,2,"4,78","1,81","2,33","6,5","3,5"
2,GG,6,"5,5","4,333333333","1,8",1,56,2,,,8,,,"5,67",6,"1,5","2,4","4,44","5,12","1,56","2,07","6,25","3,83",6,6,"6,75",4,"5,5",2,"6,4","4,67",0,5,"5,8",7,"2,5","4,5",6,"2,5",6,"5,5","6,5",3,2,2,"4,78","1,81","2,33","6,5","3,5"
2,GG,7,"5,5","4,333333333","1,8",1,48,2,,,8,,,"5,67",6,"1,5","2,4","4,44","5,12","1,56","2,07","6,25","3,83",6,6,"6,75",4,"5,5",2,"6,4","4,67",0,5,"5,8",7,"2,5","4,5",6,"2,5",6,"5,5","6,5",3,2,2,"4,78","1,81","2,33","6,5","3,5"
2,GG,8,"5,5","4,333333333","1,8",1,60,2,,,8,,,"5,67",6,"1,5","2,4","4,44","5,12","1,56","2,07","6,25","3,83",6,6,"6,75",4,"5,5",2,"6,4","4,67",0,5,"5,8",7,"2,5","4,5",6,"2,5",6,"5,5","6,5",3,2,2,"4,78","1,81","2,33","6,5","3,5"
2,GG,9,"5,5","4,333333333","1,8",1,50,2,,,8,,,"5,67",6,"1,5","2,4","4,44","5,12","1,56","2,07","6,25","3,83",6,6,"6,75",4,"5,5",2,"6,4","4,67",0,5,"5,8",7,"2,5","4,5",6,"2,5",6,"5,5","6,5",3,2,2,"4,78","1,81","2,33","6,5","3,5"
2,GG,10,"5,5","4,333333333","1,8",1,39,2,,,8,,,"5,67",6,"1,5","2,4","4,44","5,12","1,56","2,07","6,25","3,83",6,6,"6,75",4,"5,5",2,"6,4","4,67",0,5,"5,8",7,"2,5","4,5",6,"2,5",6,"5,5","6,5",3,2,2,"4,78","1,81","2,33","6,5","3,5"
2,GG,11,"5,666666667",5,"1,4",1,59,2,,,,,,"5,67",6,"1,5","2,4","4,44","5,12","1,56","2,07","6,25","3,83",6,6,"6,75",4,"5,5",2,"6,4","4,67",0,5,"5,8",7,"2,5","4,5",6,"2,5",6,"5,5","6,5",3,2,2,"4,78","1,81","2,33","6,5","3,5"
2,GG,12,"5,666666667",5,"1,4",1,53,2,,,,,,"5,67",6,"1,5","2,4","4,44","5,12","1,56","2,07","6,25","3,83",6,6,"6,75",4,"5,5",2,"6,4","4,67",0,5,"5,8",7,"2,5","4,5",6,"2,5",6,"5,5","6,5",3,2,2,"4,78","1,81","2,33","6,5","3,5"
2,GG,13,"5,666666667",5,"1,4",1,42,2,,,,,,"5,67",6,"1,5","2,4","4,44","5,12","1,56","2,07","6,25","3,83",6,6,"6,75",4,"5,5",2,"6,4","4,67",0,5,"5,8",7,"2,5","4,5",6,"2,5",6,"5,5","6,5",3,2,2,"4,78","1,81","2,33","6,5","3,5"
2,GG,14,"5,666666667",5,"1,4",1,42,2,,,,,,"5,67",6,"1,5","2,4","4,44","5,12","1,56","2,07","6,25","3,83",6,6,"6,75",4,"5,5",2,"6,4","4,67",0,5,"5,8",7,"2,5","4,5",6,"2,5",6,"5,5","6,5",3,2,2,"4,78","1,81","2,33","6,5","3,5"
2,GG,15,"5,666666667",5,"1,4",1,51,2,,,,,,"5,67",6,"1,5","2,4","4,44","5,12","1,56","2,07","6,25","3,83",6,6,"6,75",4,"5,5",2,"6,4","4,67",0,5,"5,8",7,"2,5","4,5",6,"2,5",6,"5,5","6,5",3,2,2,"4,78","1,81","2,33","6,5","3,5"
2,GG,16,6,"6,333333333",1,1,56,4,,,,,,"5,67",6,"1,5","2,4","4,44","5,12","1,56","2,07","6,25","3,83",6,6,"6,75",4,"5,5",2,"6,4","4,67",0,5,"5,8",7,"2,5","4,5",6,"2,5",6,"5,5","6,5",3,2,2,"4,78","1,81","2,33","6,5","3,5"
2,GG,17,6,"6,333333333",1,1,51,4,,,,,,"5,67",6,"1,5","2,4","4,44","5,12","1,56","2,07","6,25","3,83",6,6,"6,75",4,"5,5",2,"6,4","4,67",0,5,"5,8",7,"2,5","4,5",6,"2,5",6,"5,5","6,5",3,2,2,"4,78","1,81","2,33","6,5","3,5"
2,GG,18,6,"6,333333333",1,1,54,4,,,,,,"5,67",6,"1,5","2,4","4,44","5,12","1,56","2,07","6,25","3,83",6,6,"6,75",4,"5,5",2,"6,4","4,67",0,5,"5,8",7,"2,5","4,5",6,"2,5",6,"5,5","6,5",3,2,2,"4,78","1,81","2,33","6,5","3,5"
2,GG,19,6,"6,333333333",1,1,44,4,,,,,,"5,67",6,"1,5","2,4","4,44","5,12","1,56","2,07","6,25","3,83",6,6,"6,75",4,"5,5",2,"6,4","4,67",0,5,"5,8",7,"2,5","4,5",6,"2,5",6,"5,5","6,5",3,2,2,"4,78","1,81","2,33","6,5","3,5"
2,GG,20,6,"6,333333333",1,1,48,4,,,,,,"5,67",6,"1,5","2,4","4,44","5,12","1,56","2,07","6,25","3,83",6,6,"6,75",4,"5,5",2,"6,4","4,67",0,5,"5,8",7,"2,5","4,5",6,"2,5",6,"5,5","6,5",3,2,2,"4,78","1,81","2,33","6,5","3,5"
2,GG,21,6,5,1,1,45,4,,,1,,,"5,67",6,"1,5","2,4","4,44","5,12","1,56","2,07","6,25","3,83",6,6,"6,75",4,"5,5",2,"6,4","4,67",0,5,"5,8",7,"2,5","4,5",6,"2,5",6,"5,5","6,5",3,2,2,"4,78","1,81","2,33","6,5","3,5"
2,GG,22,6,5,1,1,38,4,,,1,,,"5,67",6,"1,5","2,4","4,44","5,12","1,56","2,07","6,25","3,83",6,6,"6,75",4,"5,5",2,"6,4","4,67",0,5,"5,8",7,"2,5","4,5",6,"2,5",6,"5,5","6,5",3,2,2,"4,78","1,81","2,33","6,5","3,5"
2,GG,23,6,5,1,1,47,4,,,1,,,"5,67",6,"1,5","2,4","4,44","5,12","1,56","2,07","6,25","3,83",6,6,"6,75",4,"5,5",2,"6,4","4,67",0,5,"5,8",7,"2,5","4,5",6,"2,5",6,"5,5","6,5",3,2,2,"4,78","1,81","2,33","6,5","3,5"
2,GG,24,6,5,1,1,48,4,,,1,,,"5,67",6,"1,5","2,4","4,44","5,12","1,56","2,07","6,25","3,83",6,6,"6,75",4,"5,5",2,"6,4","4,67",0,5,"5,8",7,"2,5","4,5",6,"2,5",6,"5,5","6,5",3,2,2,"4,78","1,81","2,33","6,5","3,5"
2,GG,25,6,5,1,1,66,4,,,1,,,"5,67",6,"1,5","2,4","4,44","5,12","1,56","2,07","6,25","3,83",6,6,"6,75",4,"5,5",2,"6,4","4,67",0,5,"5,8",7,"2,5","4,5",6,"2,5",6,"5,5","6,5",3,2,2,"4,78","1,81","2,33","6,5","3,5"
2,GG,26,"6,333333333","5,333333333",1,1,58,5,,,,,,"5,67",6,"1,5","2,4","4,44","5,12","1,56","2,07","6,25","3,83",6,6,"6,75",4,"5,5",2,"6,4","4,67",0,5,"5,8",7,"2,5","4,5",6,"2,5",6,"5,5","6,5",3,2,2,"4,78","1,81","2,33","6,5","3,5"
2,GG,27,"6,333333333","5,333333333",1,1,53,5,,,,,,"5,67",6,"1,5","2,4","4,44","5,12","1,56","2,07","6,25","3,83",6,6,"6,75",4,"5,5",2,"6,4","4,67",0,5,"5,8",7,"2,5","4,5",6,"2,5",6,"5,5","6,5",3,2,2,"4,78","1,81","2,33","6,5","3,5"
2,GG,28,"6,333333333","5,333333333",1,1,41,5,,,,,,"5,67",6,"1,5","2,4","4,44","5,12","1,56","2,07","6,25","3,83",6,6,"6,75",4,"5,5",2,"6,4","4,67",0,5,"5,8",7,"2,5","4,5",6,"2,5",6,"5,5","6,5",3,2,2,"4,78","1,81","2,33","6,5","3,5"
2,GG,29,"6,333333333","5,333333333",1,1,55,5,,,,,,"5,67",6,"1,5","2,4","4,44","5,12","1,56","2,07","6,25","3,83",6,6,"6,75",4,"5,5",2,"6,4","4,67",0,5,"5,8",7,"2,5","4,5",6,"2,5",6,"5,5","6,5",3,2,2,"4,78","1,81","2,33","6,5","3,5"
2,GG,30,"6,333333333","5,333333333",1,1,42,5,,,,,,"5,67",6,"1,5","2,4","4,44","5,12","1,56","2,07","6,25","3,83",6,6,"6,75",4,"5,5",2,"6,4","4,67",0,5,"5,8",7,"2,5","4,5",6,"2,5",6,"5,5","6,5",3,2,2,"4,78","1,81","2,33","6,5","3,5"
2,GG,31,"6,5","3,666666667",1,"2,666666667",40,4,,,,,,"5,67",6,"1,5","2,4","4,44","5,12","1,56","2,07","6,25","3,83",6,6,"6,75",4,"5,5",2,"6,4","4,67",0,5,"5,8",7,"2,5","4,5",6,"2,5",6,"5,5","6,5",3,2,2,"4,78","1,81","2,33","6,5","3,5"
2,GG,32,"6,5","3,666666667",1,"2,666666667",44,4,,,,,,"5,67",6,"1,5","2,4","4,44","5,12","1,56","2,07","6,25","3,83",6,6,"6,75",4,"5,5",2,"6,4","4,67",0,5,"5,8",7,"2,5","4,5",6,"2,5",6,"5,5","6,5",3,2,2,"4,78","1,81","2,33","6,5","3,5"
2,GG,33,"6,5","3,666666667",1,"2,666666667",47,4,,,,,,"5,67",6,"1,5","2,4","4,44","5,12","1,56","2,07","6,25","3,83",6,6,"6,75",4,"5,5",2,"6,4","4,67",0,5,"5,8",7,"2,5","4,5",6,"2,5",6,"5,5","6,5",3,2,2,"4,78","1,81","2,33","6,5","3,5"
2,GG,34,"6,5","3,666666667",1,"2,666666667",43,4,,,,,,"5,67",6,"1,5","2,4","4,44","5,12","1,56","2,07","6,25","3,83",6,6,"6,75",4,"5,5",2,"6,4","4,67",0,5,"5,8",7,"2,5","4,5",6,"2,5",6,"5,5","6,5",3,2,2,"4,78","1,81","2,33","6,5","3,5"
2,GG,35,"6,5","3,666666667",1,"2,666666667",38,4,,,,,,"5,67",6,"1,5","2,4","4,44","5,12","1,56","2,07","6,25","3,83",6,6,"6,75",4,"5,5",2,"6,4","4,67",0,5,"5,8",7,"2,5","4,5",6,"2,5",6,"5,5","6,5",3,2,2,"4,78","1,81","2,33","6,5","3,5"
2,GG,36,6,"4,333333333",1,1,49,4,,,9,,,"5,67",6,"1,5","2,4","4,44","5,12","1,56","2,07","6,25","3,83",6,6,"6,75",4,"5,5",2,"6,4","4,67",0,5,"5,8",7,"2,5","4,5",6,"2,5",6,"5,5","6,5",3,2,2,"4,78","1,81","2,33","6,5","3,5"
2,GG,37,6,"4,333333333",1,1,60,4,,,9,,,"5,67",6,"1,5","2,4","4,44","5,12","1,56","2,07","6,25","3,83",6,6,"6,75",4,"5,5",2,"6,4","4,67",0,5,"5,8",7,"2,5","4,5",6,"2,5",6,"5,5","6,5",3,2,2,"4,78","1,81","2,33","6,5","3,5"
2,GG,38,6,"4,333333333",1,1,50,4,,,9,,,"5,67",6,"1,5","2,4","4,44","5,12","1,56","2,07","6,25","3,83",6,6,"6,75",4,"5,5",2,"6,4","4,67",0,5,"5,8",7,"2,5","4,5",6,"2,5",6,"5,5","6,5",3,2,2,"4,78","1,81","2,33","6,5","3,5"
2,GG,39,6,"4,333333333",1,1,47,4,,,9,,,"5,67",6,"1,5","2,4","4,44","5,12","1,56","2,07","6,25","3,83",6,6,"6,75",4,"5,5",2,"6,4","4,67",0,5,"5,8",7,"2,5","4,5",6,"2,5",6,"5,5","6,5",3,2,2,"4,78","1,81","2,33","6,5","3,5"
2,GG,40,6,"4,333333333",1,1,42,4,,,9,,,"5,67",6,"1,5","2,4","4,44","5,12","1,56","2,07","6,25","3,83",6,6,"6,75",4,"5,5",2,"6,4","4,67",0,5,"5,8",7,"2,5","4,5",6,"2,5",6,"5,5","6,5",3,2,2,"4,78","1,81","2,33","6,5","3,5"
2,GG,41,6,4,1,1,47,5,,,,,,"5,67",6,"1,5","2,4","4,44","5,12","1,56","2,07","6,25","3,83",6,6,"6,75",4,"5,5",2,"6,4","4,67",0,5,"5,8",7,"2,5","4,5",6,"2,5",6,"5,5","6,5",3,2,2,"4,78","1,81","2,33","6,5","3,5"
2,GG,42,6,4,1,1,36,5,,,,,,"5,67",6,"1,5","2,4","4,44","5,12","1,56","2,07","6,25","3,83",6,6,"6,75",4,"5,5",2,"6,4","4,67",0,5,"5,8",7,"2,5","4,5",6,"2,5",6,"5,5","6,5",3,2,2,"4,78","1,81","2,33","6,5","3,5"
2,GG,43,6,4,1,1,30,5,,,,,,"5,67",6,"1,5","2,4","4,44","5,12","1,56","2,07","6,25","3,83",6,6,"6,75",4,"5,5",2,"6,4","4,67",0,5,"5,8",7,"2,5","4,5",6,"2,5",6,"5,5","6,5",3,2,2,"4,78","1,81","2,33","6,5","3,5"
2,GG,44,6,4,1,1,32,5,,,,,,"5,67",6,"1,5","2,4","4,44","5,12","1,56","2,07","6,25","3,83",6,6,"6,75",4,"5,5",2,"6,4","4,67",0,5,"5,8",7,"2,5","4,5",6,"2,5",6,"5,5","6,5",3,2,2,"4,78","1,81","2,33","6,5","3,5"
2,GG,45,6,4,1,1,42,5,,,,,,"5,67",6,"1,5","2,4","4,44","5,12","1,56","2,07","6,25","3,83",6,6,"6,75",4,"5,5",2,"6,4","4,67",0,5,"5,8",7,"2,5","4,5",6,"2,5",6,"5,5","6,5",3,2,2,"4,78","1,81","2,33","6,5","3,5"
2,GG,46,7,"4,666666667",1,1,67,5,,,,,,"5,67",6,"1,5","2,4","4,44","5,12","1,56","2,07","6,25","3,83",6,6,"6,75",4,"5,5",2,"6,4","4,67",0,5,"5,8",7,"2,5","4,5",6,"2,5",6,"5,5","6,5",3,2,2,"4,78","1,81","2,33","6,5","3,5"
2,GG,47,7,"4,666666667",1,1,54,5,,,,,,"5,67",6,"1,5","2,4","4,44","5,12","1,56","2,07","6,25","3,83",6,6,"6,75",4,"5,5",2,"6,4","4,67",0,5,"5,8",7,"2,5","4,5",6,"2,5",6,"5,5","6,5",3,2,2,"4,78","1,81","2,33","6,5","3,5"
2,GG,48,7,"4,666666667",1,1,46,5,,,,,,"5,67",6,"1,5","2,4","4,44","5,12","1,56","2,07","6,25","3,83",6,6,"6,75",4,"5,5",2,"6,4","4,67",0,5,"5,8",7,"2,5","4,5",6,"2,5",6,"5,5","6,5",3,2,2,"4,78","1,81","2,33","6,5","3,5"
2,GG,49,7,"4,666666667",1,1,44,5,,,,,,"5,67",6,"1,5","2,4","4,44","5,12","1,56","2,07","6,25","3,83",6,6,"6,75",4,"5,5",2,"6,4","4,67",0,5,"5,8",7,"2,5","4,5",6,"2,5",6,"5,5","6,5",3,2,2,"4,78","1,81","2,33","6,5","3,5"
2,GG,50,7,"4,666666667",1,1,50,5,,,,,,"5,67",6,"1,5","2,4","4,44","5,12","1,56","2,07","6,25","3,83",6,6,"6,75",4,"5,5",2,"6,4","4,67",0,5,"5,8",7,"2,5","4,5",6,"2,5",6,"5,5","6,5",3,2,2,"4,78","1,81","2,33","6,5","3,5"
2,GG,51,7,6,1,1,46,3,,,,,,"5,67",6,"1,5","2,4","4,44","5,12","1,56","2,07","6,25","3,83",6,6,"6,75",4,"5,5",2,"6,4","4,67",0,5,"5,8",7,"2,5","4,5",6,"2,5",6,"5,5","6,5",3,2,2,"4,78","1,81","2,33","6,5","3,5"
2,GG,52,7,6,1,1,38,3,,,,,,"5,67",6,"1,5","2,4","4,44","5,12","1,56","2,07","6,25","3,83",6,6,"6,75",4,"5,5",2,"6,4","4,67",0,5,"5,8",7,"2,5","4,5",6,"2,5",6,"5,5","6,5",3,2,2,"4,78","1,81","2,33","6,5","3,5"
2,GG,53,7,6,1,1,38,3,,,,,,"5,67",6,"1,5","2,4","4,44","5,12","1,56","2,07","6,25","3,83",6,6,"6,75",4,"5,5",2,"6,4","4,67",0,5,"5,8",7,"2,5","4,5",6,"2,5",6,"5,5","6,5",3,2,2,"4,78","1,81","2,33","6,5","3,5"
2,GG,54,7,6,1,1,42,3,,,,,,"5,67",6,"1,5","2,4","4,44","5,12","1,56","2,07","6,25","3,83",6,6,"6,75",4,"5,5",2,"6,4","4,67",0,5,"5,8",7,"2,5","4,5",6,"2,5",6,"5,5","6,5",3,2,2,"4,78","1,81","2,33","6,5","3,5"
2,GG,55,7,6,1,1,38,3,,,,,,"5,67",6,"1,5","2,4","4,44","5,12","1,56","2,07","6,25","3,83",6,6,"6,75",4,"5,5",2,"6,4","4,67",0,5,"5,8",7,"2,5","4,5",6,"2,5",6,"5,5","6,5",3,2,2,"4,78","1,81","2,33","6,5","3,5"
2,GG,56,,,,,36,,,,,,,"5,67",6,"1,5","2,4","4,44","5,12","1,56","2,07","6,25","3,83",6,6,"6,75",4,"5,5",2,"6,4","4,67",0,5,"5,8",7,"2,5","4,5",6,"2,5",6,"5,5","6,5",3,2,2,"4,78","1,81","2,33","6,5","3,5"
2,GG,57,,,,,44,,,,,,,"5,67",6,"1,5","2,4","4,44","5,12","1,56","2,07","6,25","3,83",6,6,"6,75",4,"5,5",2,"6,4","4,67",0,5,"5,8",7,"2,5","4,5",6,"2,5",6,"5,5","6,5",3,2,2,"4,78","1,81","2,33","6,5","3,5"
2,GG,58,,,,,48,,,,,,,"5,67",6,"1,5","2,4","4,44","5,12","1,56","2,07","6,25","3,83",6,6,"6,75",4,"5,5",2,"6,4","4,67",0,5,"5,8",7,"2,5","4,5",6,"2,5",6,"5,5","6,5",3,2,2,"4,78","1,81","2,33","6,5","3,5"
2,GG,59,,,,,42,,,,,,,"5,67",6,"1,5","2,4","4,44","5,12","1,56","2,07","6,25","3,83",6,6,"6,75",4,"5,5",2,"6,4","4,67",0,5,"5,8",7,"2,5","4,5",6,"2,5",6,"5,5","6,5",3,2,2,"4,78","1,81","2,33","6,5","3,5"
2,GG,60,,,,,32,,,,,,,"5,67",6,"1,5","2,4","4,44","5,12","1,56","2,07","6,25","3,83",6,6,"6,75",4,"5,5",2,"6,4","4,67",0,5,"5,8",7,"2,5","4,5",6,"2,5",6,"5,5","6,5",3,2,2,"4,78","1,81","2,33","6,5","3,5"
2,GG,61,,,,,33,,,,,,,"5,67",6,"1,5","2,4","4,44","5,12","1,56","2,07","6,25","3,83",6,6,"6,75",4,"5,5",2,"6,4","4,67",0,5,"5,8",7,"2,5","4,5",6,"2,5",6,"5,5","6,5",3,2,2,"4,78","1,81","2,33","6,5","3,5"
2,GG,62,,,,,33,,,,,,,"5,67",6,"1,5","2,4","4,44","5,12","1,56","2,07","6,25","3,83",6,6,"6,75",4,"5,5",2,"6,4","4,67",0,5,"5,8",7,"2,5","4,5",6,"2,5",6,"5,5","6,5",3,2,2,"4,78","1,81","2,33","6,5","3,5"
2,GG,63,,,,,40,,,,,,,"5,67",6,"1,5","2,4","4,44","5,12","1,56","2,07","6,25","3,83",6,6,"6,75",4,"5,5",2,"6,4","4,67",0,5,"5,8",7,"2,5","4,5",6,"2,5",6,"5,5","6,5",3,2,2,"4,78","1,81","2,33","6,5","3,5"
2,GG,64,,,,,64,,,,,,,"5,67",6,"1,5","2,4","4,44","5,12","1,56","2,07","6,25","3,83",6,6,"6,75",4,"5,5",2,"6,4","4,67",0,5,"5,8",7,"2,5","4,5",6,"2,5",6,"5,5","6,5",3,2,2,"4,78","1,81","2,33","6,5","3,5"
2,GG,65,,,,,64,,,,,,,"5,67",6,"1,5","2,4","4,44","5,12","1,56","2,07","6,25","3,83",6,6,"6,75",4,"5,5",2,"6,4","4,67",0,5,"5,8",7,"2,5","4,5",6,"2,5",6,"5,5","6,5",3,2,2,"4,78","1,81","2,33","6,5","3,5"
2,GG,66,,,,,79,,,,,,,"5,67",6,"1,5","2,4","4,44","5,12","1,56","2,07","6,25","3,83",6,6,"6,75",4,"5,5",2,"6,4","4,67",0,5,"5,8",7,"2,5","4,5",6,"2,5",6,"5,5","6,5",3,2,2,"4,78","1,81","2,33","6,5","3,5"
2,GG,67,,,,,55,,,,,,,"5,67",6,"1,5","2,4","4,44","5,12","1,56","2,07","6,25","3,83",6,6,"6,75",4,"5,5",2,"6,4","4,67",0,5,"5,8",7,"2,5","4,5",6,"2,5",6,"5,5","6,5",3,2,2,"4,78","1,81","2,33","6,5","3,5"
2,GG,68,,,,,43,,,,,,,"5,67",6,"1,5","2,4","4,44","5,12","1,56","2,07","6,25","3,83",6,6,"6,75",4,"5,5",2,"6,4","4,67",0,5,"5,8",7,"2,5","4,5",6,"2,5",6,"5,5","6,5",3,2,2,"4,78","1,81","2,33","6,5","3,5"
2,GG,69,,,,,34,,,,,,,"5,67",6,"1,5","2,4","4,44","5,12","1,56","2,07","6,25","3,83",6,6,"6,75",4,"5,5",2,"6,4","4,67",0,5,"5,8",7,"2,5","4,5",6,"2,5",6,"5,5","6,5",3,2,2,"4,78","1,81","2,33","6,5","3,5"
2,GG,70,,,,,37,,,,,,,"5,67",6,"1,5","2,4","4,44","5,12","1,56","2,07","6,25","3,83",6,6,"6,75",4,"5,5",2,"6,4","4,67",0,5,"5,8",7,"2,5","4,5",6,"2,5",6,"5,5","6,5",3,2,2,"4,78","1,81","2,33","6,5","3,5"
2,GG,71,,,,,50,,,,,,,"5,67",6,"1,5","2,4","4,44","5,12","1,56","2,07","6,25","3,83",6,6,"6,75",4,"5,5",2,"6,4","4,67",0,5,"5,8",7,"2,5","4,5",6,"2,5",6,"5,5","6,5",3,2,2,"4,78","1,81","2,33","6,5","3,5"
2,GG,72,,,,,46,,,,,,,"5,67",6,"1,5","2,4","4,44","5,12","1,56","2,07","6,25","3,83",6,6,"6,75",4,"5,5",2,"6,4","4,67",0,5,"5,8",7,"2,5","4,5",6,"2,5",6,"5,5","6,5",3,2,2,"4,78","1,81","2,33","6,5","3,5"
2,GG,73,,,,,47,,,,,,,"5,67",6,"1,5","2,4","4,44","5,12","1,56","2,07","6,25","3,83",6,6,"6,75",4,"5,5",2,"6,4","4,67",0,5,"5,8",7,"2,5","4,5",6,"2,5",6,"5,5","6,5",3,2,2,"4,78","1,81","2,33","6,5","3,5"
2,GG,74,,,,,67,,,,,,,"5,67",6,"1,5","2,4","4,44","5,12","1,56","2,07","6,25","3,83",6,6,"6,75",4,"5,5",2,"6,4","4,67",0,5,"5,8",7,"2,5","4,5",6,"2,5",6,"5,5","6,5",3,2,2,"4,78","1,81","2,33","6,5","3,5"
2,GG,75,,,,,51,,,,,,,"5,67",6,"1,5","2,4","4,44","5,12","1,56","2,07","6,25","3,83",6,6,"6,75",4,"5,5",2,"6,4","4,67",0,5,"5,8",7,"2,5","4,5",6,"2,5",6,"5,5","6,5",3,2,2,"4,78","1,81","2,33","6,5","3,5"
2,GG,76,7,"6,333333333",1,1,50,8,,,,,,"5,67",6,"1,5","2,4","4,44","5,12","1,56","2,07","6,25","3,83",6,6,"6,75",4,"5,5",2,"6,4","4,67",0,5,"5,8",7,"2,5","4,5",6,"2,5",6,"5,5","6,5",3,2,2,"4,78","1,81","2,33","6,5","3,5"
2,GG,77,7,"6,333333333",1,1,95,8,,,,,,"5,67",6,"1,5","2,4","4,44","5,12","1,56","2,07","6,25","3,83",6,6,"6,75",4,"5,5",2,"6,4","4,67",0,5,"5,8",7,"2,5","4,5",6,"2,5",6,"5,5","6,5",3,2,2,"4,78","1,81","2,33","6,5","3,5"
2,GG,78,7,"6,333333333",1,1,83,8,,,,,,"5,67",6,"1,5","2,4","4,44","5,12","1,56","2,07","6,25","3,83",6,6,"6,75",4,"5,5",2,"6,4","4,67",0,5,"5,8",7,"2,5","4,5",6,"2,5",6,"5,5","6,5",3,2,2,"4,78","1,81","2,33","6,5","3,5"
2,GG,79,7,"6,333333333",1,1,68,8,,,,,,"5,67",6,"1,5","2,4","4,44","5,12","1,56","2,07","6,25","3,83",6,6,"6,75",4,"5,5",2,"6,4","4,67",0,5,"5,8",7,"2,5","4,5",6,"2,5",6,"5,5","6,5",3,2,2,"4,78","1,81","2,33","6,5","3,5"
2,GG,80,7,"6,333333333",1,1,62,8,,,,,,"5,67",6,"1,5","2,4","4,44","5,12","1,56","2,07","6,25","3,83",6,6,"6,75",4,"5,5",2,"6,4","4,67",0,5,"5,8",7,"2,5","4,5",6,"2,5",6,"5,5","6,5",3,2,2,"4,78","1,81","2,33","6,5","3,5"
2,GG,81,"6,5","5,5","1,5",1,64,5,,,,,,"5,67",6,"1,5","2,4","4,44","5,12","1,56","2,07","6,25","3,83",6,6,"6,75",4,"5,5",2,"6,4","4,67",0,5,"5,8",7,"2,5","4,5",6,"2,5",6,"5,5","6,5",3,2,2,"4,78","1,81","2,33","6,5","3,5"
2,GG,82,"6,5","5,5","1,5",1,61,5,,,,,,"5,67",6,"1,5","2,4","4,44","5,12","1,56","2,07","6,25","3,83",6,6,"6,75",4,"5,5",2,"6,4","4,67",0,5,"5,8",7,"2,5","4,5",6,"2,5",6,"5,5","6,5",3,2,2,"4,78","1,81","2,33","6,5","3,5"
2,GG,83,"6,5","5,5","1,5",1,54,5,,,,,,"5,67",6,"1,5","2,4","4,44","5,12","1,56","2,07","6,25","3,83",6,6,"6,75",4,"5,5",2,"6,4","4,67",0,5,"5,8",7,"2,5","4,5",6,"2,5",6,"5,5","6,5",3,2,2,"4,78","1,81","2,33","6,5","3,5"
2,GG,84,"6,5","5,5","1,5",1,38,5,,,,,,"5,67",6,"1,5","2,4","4,44","5,12","1,56","2,07","6,25","3,83",6,6,"6,75",4,"5,5",2,"6,4","4,67",0,5,"5,8",7,"2,5","4,5",6,"2,5",6,"5,5","6,5",3,2,2,"4,78","1,81","2,33","6,5","3,5"
2,GG,85,"6,5","5,5","1,5",1,49,5,,,,,,"5,67",6,"1,5","2,4","4,44","5,12","1,56","2,07","6,25","3,83",6,6,"6,75",4,"5,5",2,"6,4","4,67",0,5,"5,8",7,"2,5","4,5",6,"2,5",6,"5,5","6,5",3,2,2,"4,78","1,81","2,33","6,5","3,5"
2,GG,86,"6,5","5,5","1,5",1,46,6,,,,,,"5,67",6,"1,5","2,4","4,44","5,12","1,56","2,07","6,25","3,83",6,6,"6,75",4,"5,5",2,"6,4","4,67",0,5,"5,8",7,"2,5","4,5",6,"2,5",6,"5,5","6,5",3,2,2,"4,78","1,81","2,33","6,5","3,5"
2,GG,87,"6,5","5,5","1,5",1,41,6,,,,,,"5,67",6,"1,5","2,4","4,44","5,12","1,56","2,07","6,25","3,83",6,6,"6,75",4,"5,5",2,"6,4","4,67",0,5,"5,8",7,"2,5","4,5",6,"2,5",6,"5,5","6,5",3,2,2,"4,78","1,81","2,33","6,5","3,5"
2,GG,88,"6,5","5,5","1,5",1,56,6,,,,,,"5,67",6,"1,5","2,4","4,44","5,12","1,56","2,07","6,25","3,83",6,6,"6,75",4,"5,5",2,"6,4","4,67",0,5,"5,8",7,"2,5","4,5",6,"2,5",6,"5,5","6,5",3,2,2,"4,78","1,81","2,33","6,5","3,5"
2,GG,89,"6,5","5,5","1,5",1,56,6,,,,,,"5,67",6,"1,5","2,4","4,44","5,12","1,56","2,07","6,25","3,83",6,6,"6,75",4,"5,5",2,"6,4","4,67",0,5,"5,8",7,"2,5","4,5",6,"2,5",6,"5,5","6,5",3,2,2,"4,78","1,81","2,33","6,5","3,5"
2,GG,90,"6,5","5,5","1,5",1,45,6,,,,,,"5,67",6,"1,5","2,4","4,44","5,12","1,56","2,07","6,25","3,83",6,6,"6,75",4,"5,5",2,"6,4","4,67",0,5,"5,8",7,"2,5","4,5",6,"2,5",6,"5,5","6,5",3,2,2,"4,78","1,81","2,33","6,5","3,5"
2,GG,91,"6,5","5,5","1,5",1,53,5,,,,,,"5,67",6,"1,5","2,4","4,44","5,12","1,56","2,07","6,25","3,83",6,6,"6,75",4,"5,5",2,"6,4","4,67",0,5,"5,8",7,"2,5","4,5",6,"2,5",6,"5,5","6,5",3,2,2,"4,78","1,81","2,33","6,5","3,5"
2,GG,92,"6,5","5,5","1,5",1,70,5,,,,,,"5,67",6,"1,5","2,4","4,44","5,12","1,56","2,07","6,25","3,83",6,6,"6,75",4,"5,5",2,"6,4","4,67",0,5,"5,8",7,"2,5","4,5",6,"2,5",6,"5,5","6,5",3,2,2,"4,78","1,81","2,33","6,5","3,5"
2,GG,93,"6,5","5,5","1,5",1,54,5,,,,,,"5,67",6,"1,5","2,4","4,44","5,12","1,56","2,07","6,25","3,83",6,6,"6,75",4,"5,5",2,"6,4","4,67",0,5,"5,8",7,"2,5","4,5",6,"2,5",6,"5,5","6,5",3,2,2,"4,78","1,81","2,33","6,5","3,5"
2,GG,94,"6,5","5,5","1,5",1,57,5,,,,,,"5,67",6,"1,5","2,4","4,44","5,12","1,56","2,07","6,25","3,83",6,6,"6,75",4,"5,5",2,"6,4","4,67",0,5,"5,8",7,"2,5","4,5",6,"2,5",6,"5,5","6,5",3,2,2,"4,78","1,81","2,33","6,5","3,5"
2,GG,95,"6,5","5,5","1,5",1,59,5,,,,,,"5,67",6,"1,5","2,4","4,44","5,12","1,56","2,07","6,25","3,83",6,6,"6,75",4,"5,5",2,"6,4","4,67",0,5,"5,8",7,"2,5","4,5",6,"2,5",6,"5,5","6,5",3,2,2,"4,78","1,81","2,33","6,5","3,5"
2,GG,96,7,"4,666666667",1,1,59,5,,,,,,"5,67",6,"1,5","2,4","4,44","5,12","1,56","2,07","6,25","3,83",6,6,"6,75",4,"5,5",2,"6,4","4,67",0,5,"5,8",7,"2,5","4,5",6,"2,5",6,"5,5","6,5",3,2,2,"4,78","1,81","2,33","6,5","3,5"
2,GG,97,7,"4,666666667",1,1,56,5,,,,,,"5,67",6,"1,5","2,4","4,44","5,12","1,56","2,07","6,25","3,83",6,6,"6,75",4,"5,5",2,"6,4","4,67",0,5,"5,8",7,"2,5","4,5",6,"2,5",6,"5,5","6,5",3,2,2,"4,78","1,81","2,33","6,5","3,5"
2,GG,98,7,"4,666666667",1,1,60,5,,,,,,"5,67",6,"1,5","2,4","4,44","5,12","1,56","2,07","6,25","3,83",6,6,"6,75",4,"5,5",2,"6,4","4,67",0,5,"5,8",7,"2,5","4,5",6,"2,5",6,"5,5","6,5",3,2,2,"4,78","1,81","2,33","6,5","3,5"
2,GG,99,7,"4,666666667",1,1,58,5,,,,,,"5,67",6,"1,5","2,4","4,44","5,12","1,56","2,07","6,25","3,83",6,6,"6,75",4,"5,5",2,"6,4","4,67",0,5,"5,8",7,"2,5","4,5",6,"2,5",6,"5,5","6,5",3,2,2,"4,78","1,81","2,33","6,5","3,5"
2,GG,100,7,"4,666666667",1,1,52,5,,,,,,"5,67",6,"1,5","2,4","4,44","5,12","1,56","2,07","6,25","3,83",6,6,"6,75",4,"5,5",2,"6,4","4,67",0,5,"5,8",7,"2,5","4,5",6,"2,5",6,"5,5","6,5",3,2,2,"4,78","1,81","2,33","6,5","3,5"
2,GG,101,7,"4,666666667",1,1,58,5,,,,,,"5,67",6,"1,5","2,4","4,44","5,12","1,56","2,07","6,25","3,83",6,6,"6,75",4,"5,5",2,"6,4","4,67",0,5,"5,8",7,"2,5","4,5",6,"2,5",6,"5,5","6,5",3,2,2,"4,78","1,81","2,33","6,5","3,5"
2,GG,102,7,"4,666666667",1,1,56,5,,,,,,"5,67",6,"1,5","2,4","4,44","5,12","1,56","2,07","6,25","3,83",6,6,"6,75",4,"5,5",2,"6,4","4,67",0,5,"5,8",7,"2,5","4,5",6,"2,5",6,"5,5","6,5",3,2,2,"4,78","1,81","2,33","6,5","3,5"
2,GG,103,7,"4,666666667",1,1,57,5,,,,,,"5,67",6,"1,5","2,4","4,44","5,12","1,56","2,07","6,25","3,83",6,6,"6,75",4,"5,5",2,"6,4","4,67",0,5,"5,8",7,"2,5","4,5",6,"2,5",6,"5,5","6,5",3,2,2,"4,78","1,81","2,33","6,5","3,5"
2,GG,104,7,"4,666666667",1,1,54,5,,,,,,"5,67",6,"1,5","2,4","4,44","5,12","1,56","2,07","6,25","3,83",6,6,"6,75",4,"5,5",2,"6,4","4,67",0,5,"5,8",7,"2,5","4,5",6,"2,5",6,"5,5","6,5",3,2,2,"4,78","1,81","2,33","6,5","3,5"
2,GG,105,7,"4,666666667",1,1,58,5,,,,,,"5,67",6,"1,5","2,4","4,44","5,12","1,56","2,07","6,25","3,83",6,6,"6,75",4,"5,5",2,"6,4","4,67",0,5,"5,8",7,"2,5","4,5",6,"2,5",6,"5,5","6,5",3,2,2,"4,78","1,81","2,33","6,5","3,5"
2,GG,106,7,"4,666666667",1,1,59,5,,,,,,"5,67",6,"1,5","2,4","4,44","5,12","1,56","2,07","6,25","3,83",6,6,"6,75",4,"5,5",2,"6,4","4,67",0,5,"5,8",7,"2,5","4,5",6,"2,5",6,"5,5","6,5",3,2,2,"4,78","1,81","2,33","6,5","3,5"
2,GG,107,7,"4,666666667",1,1,41,5,,,,,,"5,67",6,"1,5","2,4","4,44","5,12","1,56","2,07","6,25","3,83",6,6,"6,75",4,"5,5",2,"6,4","4,67",0,5,"5,8",7,"2,5","4,5",6,"2,5",6,"5,5","6,5",3,2,2,"4,78","1,81","2,33","6,5","3,5"
2,GG,108,7,"4,666666667",1,1,42,5,,,,,,"5,67",6,"1,5","2,4","4,44","5,12","1,56","2,07","6,25","3,83",6,6,"6,75",4,"5,5",2,"6,4","4,67",0,5,"5,8",7,"2,5","4,5",6,"2,5",6,"5,5","6,5",3,2,2,"4,78","1,81","2,33","6,5","3,5"
2,GG,109,7,"4,666666667",1,1,54,5,,,,,,"5,67",6,"1,5","2,4","4,44","5,12","1,56","2,07","6,25","3,83",6,6,"6,75",4,"5,5",2,"6,4","4,67",0,5,"5,8",7,"2,5","4,5",6,"2,5",6,"5,5","6,5",3,2,2,"4,78","1,81","2,33","6,5","3,5"
3,CL,1,,,,,,,,,,,,"6,17",6,"1,25","1,6","4,69","5,18","1,63","1,6","6,5",1,"6,5",7,6,1,1,1,6,"0,33",0,5,7,7,1,1,7,1,"6,5","6,5","6,75",5,"3,25",1,"4,93","1,61","0,17",7,1
3,CL,2,,,,,,,,,,,,"6,17",6,"1,25","1,6","4,69","5,18","1,63","1,6","6,5",1,"6,5",7,6,1,1,1,6,"0,33",0,5,7,7,1,1,7,1,"6,5","6,5","6,75",5,"3,25",1,"4,93","1,61","0,17",7,1
3,CL,3,,,,,,,,,,,,"6,17",6,"1,25","1,6","4,69","5,18","1,63","1,6","6,5",1,"6,5",7,6,1,1,1,6,"0,33",0,5,7,7,1,1,7,1,"6,5","6,5","6,75",5,"3,25",1,"4,93","1,61","0,17",7,1
3,CL,4,,,,,,,,,,,,"6,17",6,"1,25","1,6","4,69","5,18","1,63","1,6","6,5",1,"6,5",7,6,1,1,1,6,"0,33",0,5,7,7,1,1,7,1,"6,5","6,5","6,75",5,"3,25",1,"4,93","1,61","0,17",7,1
3,CL,5,,,,,,,,,,,,"6,17",6,"1,25","1,6","4,69","5,18","1,63","1,6","6,5",1,"6,5",7,6,1,1,1,6,"0,33",0,5,7,7,1,1,7,1,"6,5","6,5","6,75",5,"3,25",1,"4,93","1,61","0,17",7,1
3,CL,6,,,,,,,,,,,,"6,17",6,"1,25","1,6","4,69","5,18","1,63","1,6","6,5",1,"6,5",7,6,1,1,1,6,"0,33",0,5,7,7,1,1,7,1,"6,5","6,5","6,75",5,"3,25",1,"4,93","1,61","0,17",7,1
3,CL,7,,,,,,,,,,,,"6,17",6,"1,25","1,6","4,69","5,18","1,63","1,6","6,5",1,"6,5",7,6,1,1,1,6,"0,33",0,5,7,7,1,1,7,1,"6,5","6,5","6,75",5,"3,25",1,"4,93","1,61","0,17",7,1
3,CL,8,,,,,,,,,,,,"6,17",6,"1,25","1,6","4,69","5,18","1,63","1,6","6,5",1,"6,5",7,6,1,1,1,6,"0,33",0,5,7,7,1,1,7,1,"6,5","6,5","6,75",5,"3,25",1,"4,93","1,61","0,17",7,1
3,CL,9,,,,,,,,,,,,"6,17",6,"1,25","1,6","4,69","5,18","1,63","1,6","6,5",1,"6,5",7,6,1,1,1,6,"0,33",0,5,7,7,1,1,7,1,"6,5","6,5","6,75",5,"3,25",1,"4,93","1,61","0,17",7,1
3,CL,10,,,,,,,,,,,,"6,17",6,"1,25","1,6","4,69","5,18","1,63","1,6","6,5",1,"6,5",7,6,1,1,1,6,"0,33",0,5,7,7,1,1,7,1,"6,5","6,5","6,75",5,"3,25",1,"4,93","1,61","0,17",7,1
3,CL,11,,,,,,,,,,,,"6,17",6,"1,25","1,6","4,69","5,18","1,63","1,6","6,5",1,"6,5",7,6,1,1,1,6,"0,33",0,5,7,7,1,1,7,1,"6,5","6,5","6,75",5,"3,25",1,"4,93","1,61","0,17",7,1
3,CL,12,,,,,,,,,,,,"6,17",6,"1,25","1,6","4,69","5,18","1,63","1,6","6,5",1,"6,5",7,6,1,1,1,6,"0,33",0,5,7,7,1,1,7,1,"6,5","6,5","6,75",5,"3,25",1,"4,93","1,61","0,17",7,1
3,CL,13,,,,,,,,,,,,"6,17",6,"1,25","1,6","4,69","5,18","1,63","1,6","6,5",1,"6,5",7,6,1,1,1,6,"0,33",0,5,7,7,1,1,7,1,"6,5","6,5","6,75",5,"3,25",1,"4,93","1,61","0,17",7,1
3,CL,14,,,,,,,,,,,,"6,17",6,"1,25","1,6","4,69","5,18","1,63","1,6","6,5",1,"6,5",7,6,1,1,1,6,"0,33",0,5,7,7,1,1,7,1,"6,5","6,5","6,75",5,"3,25",1,"4,93","1,61","0,17",7,1
3,CL,15,,,,,,,,,,,,"6,17",6,"1,25","1,6","4,69","5,18","1,63","1,6","6,5",1,"6,5",7,6,1,1,1,6,"0,33",0,5,7,7,1,1,7,1,"6,5","6,5","6,75",5,"3,25",1,"4,93","1,61","0,17",7,1
3,CL,16,,,,,,,,,,,,"6,17",6,"1,25","1,6","4,69","5,18","1,63","1,6","6,5",1,"6,5",7,6,1,1,1,6,"0,33",0,5,7,7,1,1,7,1,"6,5","6,5","6,75",5,"3,25",1,"4,93","1,61","0,17",7,1
3,CL,17,,,,,,,,,,,,"6,17",6,"1,25","1,6","4,69","5,18","1,63","1,6","6,5",1,"6,5",7,6,1,1,1,6,"0,33",0,5,7,7,1,1,7,1,"6,5","6,5","6,75",5,"3,25",1,"4,93","1,61","0,17",7,1
3,CL,18,,,,,,,,,,,,"6,17",6,"1,25","1,6","4,69","5,18","1,63","1,6","6,5",1,"6,5",7,6,1,1,1,6,"0,33",0,5,7,7,1,1,7,1,"6,5","6,5","6,75",5,"3,25",1,"4,93","1,61","0,17",7,1
3,CL,19,,,,,,,,,,,,"6,17",6,"1,25","1,6","4,69","5,18","1,63","1,6","6,5",1,"6,5",7,6,1,1,1,6,"0,33",0,5,7,7,1,1,7,1,"6,5","6,5","6,75",5,"3,25",1,"4,93","1,61","0,17",7,1
3,CL,20,,,,,,,,,,,,"6,17",6,"1,25","1,6","4,69","5,18","1,63","1,6","6,5",1,"6,5",7,6,1,1,1,6,"0,33",0,5,7,7,1,1,7,1,"6,5","6,5","6,75",5,"3,25",1,"4,93","1,61","0,17",7,1
3,CL,21,,,,,,,,,,,,"6,17",6,"1,25","1,6","4,69","5,18","1,63","1,6","6,5",1,"6,5",7,6,1,1,1,6,"0,33",0,5,7,7,1,1,7,1,"6,5","6,5","6,75",5,"3,25",1,"4,93","1,61","0,17",7,1
3,CL,22,,,,,,,,,,,,"6,17",6,"1,25","1,6","4,69","5,18","1,63","1,6","6,5",1,"6,5",7,6,1,1,1,6,"0,33",0,5,7,7,1,1,7,1,"6,5","6,5","6,75",5,"3,25",1,"4,93","1,61","0,17",7,1
3,CL,23,,,,,,,,,,,,"6,17",6,"1,25","1,6","4,69","5,18","1,63","1,6","6,5",1,"6,5",7,6,1,1,1,6,"0,33",0,5,7,7,1,1,7,1,"6,5","6,5","6,75",5,"3,25",1,"4,93","1,61","0,17",7,1
3,CL,24,,,,,,,,,,,,"6,17",6,"1,25","1,6","4,69","5,18","1,63","1,6","6,5",1,"6,5",7,6,1,1,1,6,"0,33",0,5,7,7,1,1,7,1,"6,5","6,5","6,75",5,"3,25",1,"4,93","1,61","0,17",7,1
3,CL,25,,,,,,,,,,,,"6,17",6,"1,25","1,6","4,69","5,18","1,63","1,6","6,5",1,"6,5",7,6,1,1,1,6,"0,33",0,5,7,7,1,1,7,1,"6,5","6,5","6,75",5,"3,25",1,"4,93","1,61","0,17",7,1
3,CL,26,,,,,,,,,,,,"6,17",6,"1,25","1,6","4,69","5,18","1,63","1,6","6,5",1,"6,5",7,6,1,1,1,6,"0,33",0,5,7,7,1,1,7,1,"6,5","6,5","6,75",5,"3,25",1,"4,93","1,61","0,17",7,1
3,CL,27,,,,,,,,,,,,"6,17",6,"1,25","1,6","4,69","5,18","1,63","1,6","6,5",1,"6,5",7,6,1,1,1,6,"0,33",0,5,7,7,1,1,7,1,"6,5","6,5","6,75",5,"3,25",1,"4,93","1,61","0,17",7,1
3,CL,28,,,,,,,,,,,,"6,17",6,"1,25","1,6","4,69","5,18","1,63","1,6","6,5",1,"6,5",7,6,1,1,1,6,"0,33",0,5,7,7,1,1,7,1,"6,5","6,5","6,75",5,"3,25",1,"4,93","1,61","0,17",7,1
3,CL,29,,,,,,,,,,,,"6,17",6,"1,25","1,6","4,69","5,18","1,63","1,6","6,5",1,"6,5",7,6,1,1,1,6,"0,33",0,5,7,7,1,1,7,1,"6,5","6,5","6,75",5,"3,25",1,"4,93","1,61","0,17",7,1
3,CL,30,,,,,,,,,,,,"6,17",6,"1,25","1,6","4,69","5,18","1,63","1,6","6,5",1,"6,5",7,6,1,1,1,6,"0,33",0,5,7,7,1,1,7,1,"6,5","6,5","6,75",5,"3,25",1,"4,93","1,61","0,17",7,1
3,CL,31,,,,,,,,,,,,"6,17",6,"1,25","1,6","4,69","5,18","1,63","1,6","6,5",1,"6,5",7,6,1,1,1,6,"0,33",0,5,7,7,1,1,7,1,"6,5","6,5","6,75",5,"3,25",1,"4,93","1,61","0,17",7,1
3,CL,32,,,,,,,,,,,,"6,17",6,"1,25","1,6","4,69","5,18","1,63","1,6","6,5",1,"6,5",7,6,1,1,1,6,"0,33",0,5,7,7,1,1,7,1,"6,5","6,5","6,75",5,"3,25",1,"4,93","1,61","0,17",7,1
3,CL,33,,,,,,,,,,,,"6,17",6,"1,25","1,6","4,69","5,18","1,63","1,6","6,5",1,"6,5",7,6,1,1,1,6,"0,33",0,5,7,7,1,1,7,1,"6,5","6,5","6,75",5,"3,25",1,"4,93","1,61","0,17",7,1
3,CL,34,,,,,,,,,,,,"6,17",6,"1,25","1,6","4,69","5,18","1,63","1,6","6,5",1,"6,5",7,6,1,1,1,6,"0,33",0,5,7,7,1,1,7,1,"6,5","6,5","6,75",5,"3,25",1,"4,93","1,61","0,17",7,1
3,CL,35,,,,,,,,,,,,"6,17",6,"1,25","1,6","4,69","5,18","1,63","1,6","6,5",1,"6,5",7,6,1,1,1,6,"0,33",0,5,7,7,1,1,7,1,"6,5","6,5","6,75",5,"3,25",1,"4,93","1,61","0,17",7,1
3,CL,36,,,,,,,,,,,,"6,17",6,"1,25","1,6","4,69","5,18","1,63","1,6","6,5",1,"6,5",7,6,1,1,1,6,"0,33",0,5,7,7,1,1,7,1,"6,5","6,5","6,75",5,"3,25",1,"4,93","1,61","0,17",7,1
3,CL,37,,,,,,,,,,,,"6,17",6,"1,25","1,6","4,69","5,18","1,63","1,6","6,5",1,"6,5",7,6,1,1,1,6,"0,33",0,5,7,7,1,1,7,1,"6,5","6,5","6,75",5,"3,25",1,"4,93","1,61","0,17",7,1
3,CL,38,,,,,,,,,,,,"6,17",6,"1,25","1,6","4,69","5,18","1,63","1,6","6,5",1,"6,5",7,6,1,1,1,6,"0,33",0,5,7,7,1,1,7,1,"6,5","6,5","6,75",5,"3,25",1,"4,93","1,61","0,17",7,1
3,CL,39,,,,,,,,,,,,"6,17",6,"1,25","1,6","4,69","5,18","1,63","1,6","6,5",1,"6,5",7,6,1,1,1,6,"0,33",0,5,7,7,1,1,7,1,"6,5","6,5","6,75",5,"3,25",1,"4,93","1,61","0,17",7,1
3,CL,40,,,,,,,,,,,,"6,17",6,"1,25","1,6","4,69","5,18","1,63","1,6","6,5",1,"6,5",7,6,1,1,1,6,"0,33",0,5,7,7,1,1,7,1,"6,5","6,5","6,75",5,"3,25",1,"4,93","1,61","0,17",7,1
3,CL,41,,,,,,,,,,,,"6,17",6,"1,25","1,6","4,69","5,18","1,63","1,6","6,5",1,"6,5",7,6,1,1,1,6,"0,33",0,5,7,7,1,1,7,1,"6,5","6,5","6,75",5,"3,25",1,"4,93","1,61","0,17",7,1
3,CL,42,,,,,,,,,,,,"6,17",6,"1,25","1,6","4,69","5,18","1,63","1,6","6,5",1,"6,5",7,6,1,1,1,6,"0,33",0,5,7,7,1,1,7,1,"6,5","6,5","6,75",5,"3,25",1,"4,93","1,61","0,17",7,1
3,CL,43,,,,,,,,,,,,"6,17",6,"1,25","1,6","4,69","5,18","1,63","1,6","6,5",1,"6,5",7,6,1,1,1,6,"0,33",0,5,7,7,1,1,7,1,"6,5","6,5","6,75",5,"3,25",1,"4,93","1,61","0,17",7,1
3,CL,44,,,,,,,,,,,,"6,17",6,"1,25","1,6","4,69","5,18","1,63","1,6","6,5",1,"6,5",7,6,1,1,1,6,"0,33",0,5,7,7,1,1,7,1,"6,5","6,5","6,75",5,"3,25",1,"4,93","1,61","0,17",7,1
3,CL,45,,,,,,,,,,,,"6,17",6,"1,25","1,6","4,69","5,18","1,63","1,6","6,5",1,"6,5",7,6,1,1,1,6,"0,33",0,5,7,7,1,1,7,1,"6,5","6,5","6,75",5,"3,25",1,"4,93","1,61","0,17",7,1
3,CL,46,,,,,,,,,,,,"6,17",6,"1,25","1,6","4,69","5,18","1,63","1,6","6,5",1,"6,5",7,6,1,1,1,6,"0,33",0,5,7,7,1,1,7,1,"6,5","6,5","6,75",5,"3,25",1,"4,93","1,61","0,17",7,1
3,CL,47,,,,,,,,,,,,"6,17",6,"1,25","1,6","4,69","5,18","1,63","1,6","6,5",1,"6,5",7,6,1,1,1,6,"0,33",0,5,7,7,1,1,7,1,"6,5","6,5","6,75",5,"3,25",1,"4,93","1,61","0,17",7,1
3,CL,48,,,,,,,,,,,,"6,17",6,"1,25","1,6","4,69","5,18","1,63","1,6","6,5",1,"6,5",7,6,1,1,1,6,"0,33",0,5,7,7,1,1,7,1,"6,5","6,5","6,75",5,"3,25",1,"4,93","1,61","0,17",7,1
3,CL,49,,,,,,,,,,,,"6,17",6,"1,25","1,6","4,69","5,18","1,63","1,6","6,5",1,"6,5",7,6,1,1,1,6,"0,33",0,5,7,7,1,1,7,1,"6,5","6,5","6,75",5,"3,25",1,"4,93","1,61","0,17",7,1
3,CL,50,,,,,,,,,,,,"6,17",6,"1,25","1,6","4,69","5,18","1,63","1,6","6,5",1,"6,5",7,6,1,1,1,6,"0,33",0,5,7,7,1,1,7,1,"6,5","6,5","6,75",5,"3,25",1,"4,93","1,61","0,17",7,1
3,CL,51,,,,,,,,,,,,"6,17",6,"1,25","1,6","4,69","5,18","1,63","1,6","6,5",1,"6,5",7,6,1,1,1,6,"0,33",0,5,7,7,1,1,7,1,"6,5","6,5","6,75",5,"3,25",1,"4,93","1,61","0,17",7,1
3,CL,52,,,,,,,,,,,,"6,17",6,"1,25","1,6","4,69","5,18","1,63","1,6","6,5",1,"6,5",7,6,1,1,1,6,"0,33",0,5,7,7,1,1,7,1,"6,5","6,5","6,75",5,"3,25",1,"4,93","1,61","0,17",7,1
3,CL,53,,,,,,,,,,,,"6,17",6,"1,25","1,6","4,69","5,18","1,63","1,6","6,5",1,"6,5",7,6,1,1,1,6,"0,33",0,5,7,7,1,1,7,1,"6,5","6,5","6,75",5,"3,25",1,"4,93","1,61","0,17",7,1
3,CL,54,,,,,,,,,,,,"6,17",6,"1,25","1,6","4,69","5,18","1,63","1,6","6,5",1,"6,5",7,6,1,1,1,6,"0,33",0,5,7,7,1,1,7,1,"6,5","6,5","6,75",5,"3,25",1,"4,93","1,61","0,17",7,1
3,CL,55,,,,,,,,,,,,"6,17",6,"1,25","1,6","4,69","5,18","1,63","1,6","6,5",1,"6,5",7,6,1,1,1,6,"0,33",0,5,7,7,1,1,7,1,"6,5","6,5","6,75",5,"3,25",1,"4,93","1,61","0,17",7,1
3,CL,56,,,,,,,,,,,,"6,17",6,"1,25","1,6","4,69","5,18","1,63","1,6","6,5",1,"6,5",7,6,1,1,1,6,"0,33",0,5,7,7,1,1,7,1,"6,5","6,5","6,75",5,"3,25",1,"4,93","1,61","0,17",7,1
3,CL,57,,,,,,,,,,,,"6,17",6,"1,25","1,6","4,69","5,18","1,63","1,6","6,5",1,"6,5",7,6,1,1,1,6,"0,33",0,5,7,7,1,1,7,1,"6,5","6,5","6,75",5,"3,25",1,"4,93","1,61","0,17",7,1
3,CL,58,,,,,,,,,,,,"6,17",6,"1,25","1,6","4,69","5,18","1,63","1,6","6,5",1,"6,5",7,6,1,1,1,6,"0,33",0,5,7,7,1,1,7,1,"6,5","6,5","6,75",5,"3,25",1,"4,93","1,61","0,17",7,1
3,CL,59,,,,,,,,,,,,"6,17",6,"1,25","1,6","4,69","5,18","1,63","1,6","6,5",1,"6,5",7,6,1,1,1,6,"0,33",0,5,7,7,1,1,7,1,"6,5","6,5","6,75",5,"3,25",1,"4,93","1,61","0,17",7,1
3,CL,60,,,,,,,,,,,,"6,17",6,"1,25","1,6","4,69","5,18","1,63","1,6","6,5",1,"6,5",7,6,1,1,1,6,"0,33",0,5,7,7,1,1,7,1,"6,5","6,5","6,75",5,"3,25",1,"4,93","1,61","0,17",7,1
3,CL,61,,,,,,,,,,,,"6,17",6,"1,25","1,6","4,69","5,18","1,63","1,6","6,5",1,"6,5",7,6,1,1,1,6,"0,33",0,5,7,7,1,1,7,1,"6,5","6,5","6,75",5,"3,25",1,"4,93","1,61","0,17",7,1
3,CL,62,,,,,,,,,,,,"6,17",6,"1,25","1,6","4,69","5,18","1,63","1,6","6,5",1,"6,5",7,6,1,1,1,6,"0,33",0,5,7,7,1,1,7,1,"6,5","6,5","6,75",5,"3,25",1,"4,93","1,61","0,17",7,1
3,CL,63,,,,,,,,,,,,"6,17",6,"1,25","1,6","4,69","5,18","1,63","1,6","6,5",1,"6,5",7,6,1,1,1,6,"0,33",0,5,7,7,1,1,7,1,"6,5","6,5","6,75",5,"3,25",1,"4,93","1,61","0,17",7,1
3,CL,64,,,,,,,,,,,,"6,17",6,"1,25","1,6","4,69","5,18","1,63","1,6","6,5",1,"6,5",7,6,1,1,1,6,"0,33",0,5,7,7,1,1,7,1,"6,5","6,5","6,75",5,"3,25",1,"4,93","1,61","0,17",7,1
3,CL,65,,,,,,,,,,,,"6,17",6,"1,25","1,6","4,69","5,18","1,63","1,6","6,5",1,"6,5",7,6,1,1,1,6,"0,33",0,5,7,7,1,1,7,1,"6,5","6,5","6,75",5,"3,25",1,"4,93","1,61","0,17",7,1
3,CL,66,,,,,,,,,,,,"6,17",6,"1,25","1,6","4,69","5,18","1,63","1,6","6,5",1,"6,5",7,6,1,1,1,6,"0,33",0,5,7,7,1,1,7,1,"6,5","6,5","6,75",5,"3,25",1,"4,93","1,61","0,17",7,1
3,CL,67,,,,,,,,,,,,"6,17",6,"1,25","1,6","4,69","5,18","1,63","1,6","6,5",1,"6,5",7,6,1,1,1,6,"0,33",0,5,7,7,1,1,7,1,"6,5","6,5","6,75",5,"3,25",1,"4,93","1,61","0,17",7,1
3,CL,68,,,,,,,,,,,,"6,17",6,"1,25","1,6","4,69","5,18","1,63","1,6","6,5",1,"6,5",7,6,1,1,1,6,"0,33",0,5,7,7,1,1,7,1,"6,5","6,5","6,75",5,"3,25",1,"4,93","1,61","0,17",7,1
3,CL,69,,,,,,,,,,,,"6,17",6,"1,25","1,6","4,69","5,18","1,63","1,6","6,5",1,"6,5",7,6,1,1,1,6,"0,33",0,5,7,7,1,1,7,1,"6,5","6,5","6,75",5,"3,25",1,"4,93","1,61","0,17",7,1
3,CL,70,,,,,,,,,,,,"6,17",6,"1,25","1,6","4,69","5,18","1,63","1,6","6,5",1,"6,5",7,6,1,1,1,6,"0,33",0,5,7,7,1,1,7,1,"6,5","6,5","6,75",5,"3,25",1,"4,93","1,61","0,17",7,1
3,CL,71,,,,,,,,,,,,"6,17",6,"1,25","1,6","4,69","5,18","1,63","1,6","6,5",1,"6,5",7,6,1,1,1,6,"0,33",0,5,7,7,1,1,7,1,"6,5","6,5","6,75",5,"3,25",1,"4,93","1,61","0,17",7,1
3,CL,72,,,,,,,,,,,,"6,17",6,"1,25","1,6","4,69","5,18","1,63","1,6","6,5",1,"6,5",7,6,1,1,1,6,"0,33",0,5,7,7,1,1,7,1,"6,5","6,5","6,75",5,"3,25",1,"4,93","1,61","0,17",7,1
3,CL,73,,,,,,,,,,,,"6,17",6,"1,25","1,6","4,69","5,18","1,63","1,6","6,5",1,"6,5",7,6,1,1,1,6,"0,33",0,5,7,7,1,1,7,1,"6,5","6,5","6,75",5,"3,25",1,"4,93","1,61","0,17",7,1
3,CL,74,,,,,,,,,,,,"6,17",6,"1,25","1,6","4,69","5,18","1,63","1,6","6,5",1,"6,5",7,6,1,1,1,6,"0,33",0,5,7,7,1,1,7,1,"6,5","6,5","6,75",5,"3,25",1,"4,93","1,61","0,17",7,1
3,CL,75,,,,,,,,,,,,"6,17",6,"1,25","1,6","4,69","5,18","1,63","1,6","6,5",1,"6,5",7,6,1,1,1,6,"0,33",0,5,7,7,1,1,7,1,"6,5","6,5","6,75",5,"3,25",1,"4,93","1,61","0,17",7,1
3,CL,76,,,,,,,,,,,,"6,17",6,"1,25","1,6","4,69","5,18","1,63","1,6","6,5",1,"6,5",7,6,1,1,1,6,"0,33",0,5,7,7,1,1,7,1,"6,5","6,5","6,75",5,"3,25",1,"4,93","1,61","0,17",7,1
3,CL,77,,,,,,,,,,,,"6,17",6,"1,25","1,6","4,69","5,18","1,63","1,6","6,5",1,"6,5",7,6,1,1,1,6,"0,33",0,5,7,7,1,1,7,1,"6,5","6,5","6,75",5,"3,25",1,"4,93","1,61","0,17",7,1
3,CL,78,,,,,,,,,,,,"6,17",6,"1,25","1,6","4,69","5,18","1,63","1,6","6,5",1,"6,5",7,6,1,1,1,6,"0,33",0,5,7,7,1,1,7,1,"6,5","6,5","6,75",5,"3,25",1,"4,93","1,61","0,17",7,1
3,CL,79,,,,,,,,,,,,"6,17",6,"1,25","1,6","4,69","5,18","1,63","1,6","6,5",1,"6,5",7,6,1,1,1,6,"0,33",0,5,7,7,1,1,7,1,"6,5","6,5","6,75",5,"3,25",1,"4,93","1,61","0,17",7,1
3,CL,80,,,,,,,,,,,,"6,17",6,"1,25","1,6","4,69","5,18","1,63","1,6","6,5",1,"6,5",7,6,1,1,1,6,"0,33",0,5,7,7,1,1,7,1,"6,5","6,5","6,75",5,"3,25",1,"4,93","1,61","0,17",7,1
3,CL,81,,,,,,,,,,,,"6,17",6,"1,25","1,6","4,69","5,18","1,63","1,6","6,5",1,"6,5",7,6,1,1,1,6,"0,33",0,5,7,7,1,1,7,1,"6,5","6,5","6,75",5,"3,25",1,"4,93","1,61","0,17",7,1
3,CL,82,,,,,,,,,,,,"6,17",6,"1,25","1,6","4,69","5,18","1,63","1,6","6,5",1,"6,5",7,6,1,1,1,6,"0,33",0,5,7,7,1,1,7,1,"6,5","6,5","6,75",5,"3,25",1,"4,93","1,61","0,17",7,1
3,CL,83,,,,,,,,,,,,"6,17",6,"1,25","1,6","4,69","5,18","1,63","1,6","6,5",1,"6,5",7,6,1,1,1,6,"0,33",0,5,7,7,1,1,7,1,"6,5","6,5","6,75",5,"3,25",1,"4,93","1,61","0,17",7,1
3,CL,84,,,,,,,,,,,,"6,17",6,"1,25","1,6","4,69","5,18","1,63","1,6","6,5",1,"6,5",7,6,1,1,1,6,"0,33",0,5,7,7,1,1,7,1,"6,5","6,5","6,75",5,"3,25",1,"4,93","1,61","0,17",7,1
3,CL,85,,,,,,,,,,,,"6,17",6,"1,25","1,6","4,69","5,18","1,63","1,6","6,5",1,"6,5",7,6,1,1,1,6,"0,33",0,5,7,7,1,1,7,1,"6,5","6,5","6,75",5,"3,25",1,"4,93","1,61","0,17",7,1
3,CL,86,,,,,,,,,,,,"6,17",6,"1,25","1,6","4,69","5,18","1,63","1,6","6,5",1,"6,5",7,6,1,1,1,6,"0,33",0,5,7,7,1,1,7,1,"6,5","6,5","6,75",5,"3,25",1,"4,93","1,61","0,17",7,1
3,CL,87,,,,,,,,,,,,"6,17",6,"1,25","1,6","4,69","5,18","1,63","1,6","6,5",1,"6,5",7,6,1,1,1,6,"0,33",0,5,7,7,1,1,7,1,"6,5","6,5","6,75",5,"3,25",1,"4,93","1,61","0,17",7,1
3,CL,88,,,,,,,,,,,,"6,17",6,"1,25","1,6","4,69","5,18","1,63","1,6","6,5",1,"6,5",7,6,1,1,1,6,"0,33",0,5,7,7,1,1,7,1,"6,5","6,5","6,75",5,"3,25",1,"4,93","1,61","0,17",7,1
3,CL,89,,,,,,,,,,,,"6,17",6,"1,25","1,6","4,69","5,18","1,63","1,6","6,5",1,"6,5",7,6,1,1,1,6,"0,33",0,5,7,7,1,1,7,1,"6,5","6,5","6,75",5,"3,25",1,"4,93","1,61","0,17",7,1
3,CL,90,,,,,,,,,,,,"6,17",6,"1,25","1,6","4,69","5,18","1,63","1,6","6,5",1,"6,5",7,6,1,1,1,6,"0,33",0,5,7,7,1,1,7,1,"6,5","6,5","6,75",5,"3,25",1,"4,93","1,61","0,17",7,1
3,CL,91,,,,,,,,,,,,"6,17",6,"1,25","1,6","4,69","5,18","1,63","1,6","6,5",1,"6,5",7,6,1,1,1,6,"0,33",0,5,7,7,1,1,7,1,"6,5","6,5","6,75",5,"3,25",1,"4,93","1,61","0,17",7,1
3,CL,92,,,,,,,,,,,,"6,17",6,"1,25","1,6","4,69","5,18","1,63","1,6","6,5",1,"6,5",7,6,1,1,1,6,"0,33",0,5,7,7,1,1,7,1,"6,5","6,5","6,75",5,"3,25",1,"4,93","1,61","0,17",7,1
3,CL,93,,,,,,,,,,,,"6,17",6,"1,25","1,6","4,69","5,18","1,63","1,6","6,5",1,"6,5",7,6,1,1,1,6,"0,33",0,5,7,7,1,1,7,1,"6,5","6,5","6,75",5,"3,25",1,"4,93","1,61","0,17",7,1
3,CL,94,,,,,,,,,,,,"6,17",6,"1,25","1,6","4,69","5,18","1,63","1,6","6,5",1,"6,5",7,6,1,1,1,6,"0,33",0,5,7,7,1,1,7,1,"6,5","6,5","6,75",5,"3,25",1,"4,93","1,61","0,17",7,1
3,CL,95,,,,,,,,,,,,"6,17",6,"1,25","1,6","4,69","5,18","1,63","1,6","6,5",1,"6,5",7,6,1,1,1,6,"0,33",0,5,7,7,1,1,7,1,"6,5","6,5","6,75",5,"3,25",1,"4,93","1,61","0,17",7,1
3,CL,96,,,,,,,,,,,,"6,17",6,"1,25","1,6","4,69","5,18","1,63","1,6","6,5",1,"6,5",7,6,1,1,1,6,"0,33",0,5,7,7,1,1,7,1,"6,5","6,5","6,75",5,"3,25",1,"4,93","1,61","0,17",7,1
3,CL,97,,,,,,,,,,,,"6,17",6,"1,25","1,6","4,69","5,18","1,63","1,6","6,5",1,"6,5",7,6,1,1,1,6,"0,33",0,5,7,7,1,1,7,1,"6,5","6,5","6,75",5,"3,25",1,"4,93","1,61","0,17",7,1
3,CL,98,,,,,,,,,,,,"6,17",6,"1,25","1,6","4,69","5,18","1,63","1,6","6,5",1,"6,5",7,6,1,1,1,6,"0,33",0,5,7,7,1,1,7,1,"6,5","6,5","6,75",5,"3,25",1,"4,93","1,61","0,17",7,1
3,CL,99,,,,,,,,,,,,"6,17",6,"1,25","1,6","4,69","5,18","1,63","1,6","6,5",1,"6,5",7,6,1,1,1,6,"0,33",0,5,7,7,1,1,7,1,"6,5","6,5","6,75",5,"3,25",1,"4,93","1,61","0,17",7,1
3,CL,100,,,,,,,,,,,,"6,17",6,"1,25","1,6","4,69","5,18","1,63","1,6","6,5",1,"6,5",7,6,1,1,1,6,"0,33",0,5,7,7,1,1,7,1,"6,5","6,5","6,75",5,"3,25",1,"4,93","1,61","0,17",7,1
3,CL,101,,,,,,,,,,,,"6,17",6,"1,25","1,6","4,69","5,18","1,63","1,6","6,5",1,"6,5",7,6,1,1,1,6,"0,33",0,5,7,7,1,1,7,1,"6,5","6,5","6,75",5,"3,25",1,"4,93","1,61","0,17",7,1
3,CL,102,,,,,,,,,,,,"6,17",6,"1,25","1,6","4,69","5,18","1,63","1,6","6,5",1,"6,5",7,6,1,1,1,6,"0,33",0,5,7,7,1,1,7,1,"6,5","6,5","6,75",5,"3,25",1,"4,93","1,61","0,17",7,1
3,CL,103,,,,,,,,,,,,"6,17",6,"1,25","1,6","4,69","5,18","1,63","1,6","6,5",1,"6,5",7,6,1,1,1,6,"0,33",0,5,7,7,1,1,7,1,"6,5","6,5","6,75",5,"3,25",1,"4,93","1,61","0,17",7,1
3,CL,104,,,,,,,,,,,,"6,17",6,"1,25","1,6","4,69","5,18","1,63","1,6","6,5",1,"6,5",7,6,1,1,1,6,"0,33",0,5,7,7,1,1,7,1,"6,5","6,5","6,75",5,"3,25",1,"4,93","1,61","0,17",7,1
3,CL,105,,,,,,,,,,,,"6,17",6,"1,25","1,6","4,69","5,18","1,63","1,6","6,5",1,"6,5",7,6,1,1,1,6,"0,33",0,5,7,7,1,1,7,1,"6,5","6,5","6,75",5,"3,25",1,"4,93","1,61","0,17",7,1
3,CL,106,,,,,,,,,,,,"6,17",6,"1,25","1,6","4,69","5,18","1,63","1,6","6,5",1,"6,5",7,6,1,1,1,6,"0,33",0,5,7,7,1,1,7,1,"6,5","6,5","6,75",5,"3,25",1,"4,93","1,61","0,17",7,1
3,CL,107,,,,,,,,,,,,"6,17",6,"1,25","1,6","4,69","5,18","1,63","1,6","6,5",1,"6,5",7,6,1,1,1,6,"0,33",0,5,7,7,1,1,7,1,"6,5","6,5","6,75",5,"3,25",1,"4,93","1,61","0,17",7,1
3,CL,108,,,,,,,,,,,,"6,17",6,"1,25","1,6","4,69","5,18","1,63","1,6","6,5",1,"6,5",7,6,1,1,1,6,"0,33",0,5,7,7,1,1,7,1,"6,5","6,5","6,75",5,"3,25",1,"4,93","1,61","0,17",7,1
3,CL,109,,,,,,,,,,,,"6,17",6,"1,25","1,6","4,69","5,18","1,63","1,6","6,5",1,"6,5",7,6,1,1,1,6,"0,33",0,5,7,7,1,1,7,1,"6,5","6,5","6,75",5,"3,25",1,"4,93","1,61","0,17",7,1
3,CL,110,,,,,,,,,,,,"6,17",6,"1,25","1,6","4,69","5,18","1,63","1,6","6,5",1,"6,5",7,6,1,1,1,6,"0,33",0,5,7,7,1,1,7,1,"6,5","6,5","6,75",5,"3,25",1,"4,93","1,61","0,17",7,1
3,CL,111,,,,,,,,,,,,"6,17",6,"1,25","1,6","4,69","5,18","1,63","1,6","6,5",1,"6,5",7,6,1,1,1,6,"0,33",0,5,7,7,1,1,7,1,"6,5","6,5","6,75",5,"3,25",1,"4,93","1,61","0,17",7,1
3,CL,112,,,,,,,,,,,,"6,17",6,"1,25","1,6","4,69","5,18","1,63","1,6","6,5",1,"6,5",7,6,1,1,1,6,"0,33",0,5,7,7,1,1,7,1,"6,5","6,5","6,75",5,"3,25",1,"4,93","1,61","0,17",7,1
3,CL,113,,,,,,,,,,,,"6,17",6,"1,25","1,6","4,69","5,18","1,63","1,6","6,5",1,"6,5",7,6,1,1,1,6,"0,33",0,5,7,7,1,1,7,1,"6,5","6,5","6,75",5,"3,25",1,"4,93","1,61","0,17",7,1
3,CL,114,,,,,,,,,,,,"6,17",6,"1,25","1,6","4,69","5,18","1,63","1,6","6,5",1,"6,5",7,6,1,1,1,6,"0,33",0,5,7,7,1,1,7,1,"6,5","6,5","6,75",5,"3,25",1,"4,93","1,61","0,17",7,1
3,CL,115,,,,,,,,,,,,"6,17",6,"1,25","1,6","4,69","5,18","1,63","1,6","6,5",1,"6,5",7,6,1,1,1,6,"0,33",0,5,7,7,1,1,7,1,"6,5","6,5","6,75",5,"3,25",1,"4,93","1,61","0,17",7,1
3,CL,116,,,,,,,,,,,,"6,17",6,"1,25","1,6","4,69","5,18","1,63","1,6","6,5",1,"6,5",7,6,1,1,1,6,"0,33",0,5,7,7,1,1,7,1,"6,5","6,5","6,75",5,"3,25",1,"4,93","1,61","0,17",7,1
3,CL,117,,,,,,,,,,,,"6,17",6,"1,25","1,6","4,69","5,18","1,63","1,6","6,5",1,"6,5",7,6,1,1,1,6,"0,33",0,5,7,7,1,1,7,1,"6,5","6,5","6,75",5,"3,25",1,"4,93","1,61","0,17",7,1
3,CL,118,,,,,,,,,,,,"6,17",6,"1,25","1,6","4,69","5,18","1,63","1,6","6,5",1,"6,5",7,6,1,1,1,6,"0,33",0,5,7,7,1,1,7,1,"6,5","6,5","6,75",5,"3,25",1,"4,93","1,61","0,17",7,1
3,CL,119,,,,,,,,,,,,"6,17",6,"1,25","1,6","4,69","5,18","1,63","1,6","6,5",1,"6,5",7,6,1,1,1,6,"0,33",0,5,7,7,1,1,7,1,"6,5","6,5","6,75",5,"3,25",1,"4,93","1,61","0,17",7,1
3,CL,120,,,,,,,,,,,,"6,17",6,"1,25","1,6","4,69","5,18","1,63","1,6","6,5",1,"6,5",7,6,1,1,1,6,"0,33",0,5,7,7,1,1,7,1,"6,5","6,5","6,75",5,"3,25",1,"4,93","1,61","0,17",7,1
3,CL,121,,,,,,,,,,,,"6,17",6,"1,25","1,6","4,69","5,18","1,63","1,6","6,5",1,"6,5",7,6,1,1,1,6,"0,33",0,5,7,7,1,1,7,1,"6,5","6,5","6,75",5,"3,25",1,"4,93","1,61","0,17",7,1
3,CL,122,,,,,,,,,,,,"6,17",6,"1,25","1,6","4,69","5,18","1,63","1,6","6,5",1,"6,5",7,6,1,1,1,6,"0,33",0,5,7,7,1,1,7,1,"6,5","6,5","6,75",5,"3,25",1,"4,93","1,61","0,17",7,1
3,CL,123,,,,,,,,,,,,"6,17",6,"1,25","1,6","4,69","5,18","1,63","1,6","6,5",1,"6,5",7,6,1,1,1,6,"0,33",0,5,7,7,1,1,7,1,"6,5","6,5","6,75",5,"3,25",1,"4,93","1,61","0,17",7,1
3,CL,124,,,,,,,,,,,,"6,17",6,"1,25","1,6","4,69","5,18","1,63","1,6","6,5",1,"6,5",7,6,1,1,1,6,"0,33",0,5,7,7,1,1,7,1,"6,5","6,5","6,75",5,"3,25",1,"4,93","1,61","0,17",7,1
3,CL,125,,,,,,,,,,,,"6,17",6,"1,25","1,6","4,69","5,18","1,63","1,6","6,5",1,"6,5",7,6,1,1,1,6,"0,33",0,5,7,7,1,1,7,1,"6,5","6,5","6,75",5,"3,25",1,"4,93","1,61","0,17",7,1
3,CL,126,,,,,,,,,,,,"6,17",6,"1,25","1,6","4,69","5,18","1,63","1,6","6,5",1,"6,5",7,6,1,1,1,6,"0,33",0,5,7,7,1,1,7,1,"6,5","6,5","6,75",5,"3,25",1,"4,93","1,61","0,17",7,1
3,CL,127,,,,,,,,,,,,"6,17",6,"1,25","1,6","4,69","5,18","1,63","1,6","6,5",1,"6,5",7,6,1,1,1,6,"0,33",0,5,7,7,1,1,7,1,"6,5","6,5","6,75",5,"3,25",1,"4,93","1,61","0,17",7,1
3,CL,128,,,,,,,,,,,,"6,17",6,"1,25","1,6","4,69","5,18","1,63","1,6","6,5",1,"6,5",7,6,1,1,1,6,"0,33",0,5,7,7,1,1,7,1,"6,5","6,5","6,75",5,"3,25",1,"4,93","1,61","0,17",7,1
3,CL,129,,,,,,,,,,,,"6,17",6,"1,25","1,6","4,69","5,18","1,63","1,6","6,5",1,"6,5",7,6,1,1,1,6,"0,33",0,5,7,7,1,1,7,1,"6,5","6,5","6,75",5,"3,25",1,"4,93","1,61","0,17",7,1
3,CL,130,,,,,,,,,,,,"6,17",6,"1,25","1,6","4,69","5,18","1,63","1,6","6,5",1,"6,5",7,6,1,1,1,6,"0,33",0,5,7,7,1,1,7,1,"6,5","6,5","6,75",5,"3,25",1,"4,93","1,61","0,17",7,1
3,CL,131,,,,,,,,,,,,"6,17",6,"1,25","1,6","4,69","5,18","1,63","1,6","6,5",1,"6,5",7,6,1,1,1,6,"0,33",0,5,7,7,1,1,7,1,"6,5","6,5","6,75",5,"3,25",1,"4,93","1,61","0,17",7,1
3,CL,132,,,,,,,,,,,,"6,17",6,"1,25","1,6","4,69","5,18","1,63","1,6","6,5",1,"6,5",7,6,1,1,1,6,"0,33",0,5,7,7,1,1,7,1,"6,5","6,5","6,75",5,"3,25",1,"4,93","1,61","0,17",7,1
3,CL,133,,,,,,,,,,,,"6,17",6,"1,25","1,6","4,69","5,18","1,63","1,6","6,5",1,"6,5",7,6,1,1,1,6,"0,33",0,5,7,7,1,1,7,1,"6,5","6,5","6,75",5,"3,25",1,"4,93","1,61","0,17",7,1
3,CL,134,,,,,,,,,,,,"6,17",6,"1,25","1,6","4,69","5,18","1,63","1,6","6,5",1,"6,5",7,6,1,1,1,6,"0,33",0,5,7,7,1,1,7,1,"6,5","6,5","6,75",5,"3,25",1,"4,93","1,61","0,17",7,1
3,CL,135,,,,,,,,,,,,"6,17",6,"1,25","1,6","4,69","5,18","1,63","1,6","6,5",1,"6,5",7,6,1,1,1,6,"0,33",0,5,7,7,1,1,7,1,"6,5","6,5","6,75",5,"3,25",1,"4,93","1,61","0,17",7,1
3,CL,136,,,,,,,,,,,,"6,17",6,"1,25","1,6","4,69","5,18","1,63","1,6","6,5",1,"6,5",7,6,1,1,1,6,"0,33",0,5,7,7,1,1,7,1,"6,5","6,5","6,75",5,"3,25",1,"4,93","1,61","0,17",7,1
3,CL,137,,,,,,,,,,,,"6,17",6,"1,25","1,6","4,69","5,18","1,63","1,6","6,5",1,"6,5",7,6,1,1,1,6,"0,33",0,5,7,7,1,1,7,1,"6,5","6,5","6,75",5,"3,25",1,"4,93","1,61","0,17",7,1
3,CL,138,,,,,,,,,,,,"6,17",6,"1,25","1,6","4,69","5,18","1,63","1,6","6,5",1,"6,5",7,6,1,1,1,6,"0,33",0,5,7,7,1,1,7,1,"6,5","6,5","6,75",5,"3,25",1,"4,93","1,61","0,17",7,1
3,CL,139,,,,,,,,,,,,"6,17",6,"1,25","1,6","4,69","5,18","1,63","1,6","6,5",1,"6,5",7,6,1,1,1,6,"0,33",0,5,7,7,1,1,7,1,"6,5","6,5","6,75",5,"3,25",1,"4,93","1,61","0,17",7,1
3,CL,140,,,,,,,,,,,,"6,17",6,"1,25","1,6","4,69","5,18","1,63","1,6","6,5",1,"6,5",7,6,1,1,1,6,"0,33",0,5,7,7,1,1,7,1,"6,5","6,5","6,75",5,"3,25",1,"4,93","1,61","0,17",7,1
3,CL,141,,,,,,,,,,,,"6,17",6,"1,25","1,6","4,69","5,18","1,63","1,6","6,5",1,"6,5",7,6,1,1,1,6,"0,33",0,5,7,7,1,1,7,1,"6,5","6,5","6,75",5,"3,25",1,"4,93","1,61","0,17",7,1
3,CL,142,,,,,,,,,,,,"6,17",6,"1,25","1,6","4,69","5,18","1,63","1,6","6,5",1,"6,5",7,6,1,1,1,6,"0,33",0,5,7,7,1,1,7,1,"6,5","6,5","6,75",5,"3,25",1,"4,93","1,61","0,17",7,1
3,CL,143,,,,,,,,,,,,"6,17",6,"1,25","1,6","4,69","5,18","1,63","1,6","6,5",1,"6,5",7,6,1,1,1,6,"0,33",0,5,7,7,1,1,7,1,"6,5","6,5","6,75",5,"3,25",1,"4,93","1,61","0,17",7,1
3,CL,144,,,,,,,,,,,,"6,17",6,"1,25","1,6","4,69","5,18","1,63","1,6","6,5",1,"6,5",7,6,1,1,1,6,"0,33",0,5,7,7,1,1,7,1,"6,5","6,5","6,75",5,"3,25",1,"4,93","1,61","0,17",7,1
3,CL,145,,,,,,,,,,,,"6,17",6,"1,25","1,6","4,69","5,18","1,63","1,6","6,5",1,"6,5",7,6,1,1,1,6,"0,33",0,5,7,7,1,1,7,1,"6,5","6,5","6,75",5,"3,25",1,"4,93","1,61","0,17",7,1
3,CL,146,,,,,,,,,,,,"6,17",6,"1,25","1,6","4,69","5,18","1,63","1,6","6,5",1,"6,5",7,6,1,1,1,6,"0,33",0,5,7,7,1,1,7,1,"6,5","6,5","6,75",5,"3,25",1,"4,93","1,61","0,17",7,1
3,CL,147,,,,,,,,,,,,"6,17",6,"1,25","1,6","4,69","5,18","1,63","1,6","6,5",1,"6,5",7,6,1,1,1,6,"0,33",0,5,7,7,1,1,7,1,"6,5","6,5","6,75",5,"3,25",1,"4,93","1,61","0,17",7,1
3,CL,148,,,,,,,,,,,,"6,17",6,"1,25","1,6","4,69","5,18","1,63","1,6","6,5",1,"6,5",7,6,1,1,1,6,"0,33",0,5,7,7,1,1,7,1,"6,5","6,5","6,75",5,"3,25",1,"4,93","1,61","0,17",7,1
3,CL,149,,,,,,,,,,,,"6,17",6,"1,25","1,6","4,69","5,18","1,63","1,6","6,5",1,"6,5",7,6,1,1,1,6,"0,33",0,5,7,7,1,1,7,1,"6,5","6,5","6,75",5,"3,25",1,"4,93","1,61","0,17",7,1
3,CL,150,,,,,,,,,,,,"6,17",6,"1,25","1,6","4,69","5,18","1,63","1,6","6,5",1,"6,5",7,6,1,1,1,6,"0,33",0,5,7,7,1,1,7,1,"6,5","6,5","6,75",5,"3,25",1,"4,93","1,61","0,17",7,1
3,CL,151,,,,,,,,,,,,"6,17",6,"1,25","1,6","4,69","5,18","1,63","1,6","6,5",1,"6,5",7,6,1,1,1,6,"0,33",0,5,7,7,1,1,7,1,"6,5","6,5","6,75",5,"3,25",1,"4,93","1,61","0,17",7,1
3,CL,152,,,,,,,,,,,,"6,17",6,"1,25","1,6","4,69","5,18","1,63","1,6","6,5",1,"6,5",7,6,1,1,1,6,"0,33",0,5,7,7,1,1,7,1,"6,5","6,5","6,75",5,"3,25",1,"4,93","1,61","0,17",7,1
3,CL,153,,,,,,,,,,,,"6,17",6,"1,25","1,6","4,69","5,18","1,63","1,6","6,5",1,"6,5",7,6,1,1,1,6,"0,33",0,5,7,7,1,1,7,1,"6,5","6,5","6,75",5,"3,25",1,"4,93","1,61","0,17",7,1
3,CL,154,,,,,,,,,,,,"6,17",6,"1,25","1,6","4,69","5,18","1,63","1,6","6,5",1,"6,5",7,6,1,1,1,6,"0,33",0,5,7,7,1,1,7,1,"6,5","6,5","6,75",5,"3,25",1,"4,93","1,61","0,17",7,1
3,CL,155,,,,,,,,,,,,"6,17",6,"1,25","1,6","4,69","5,18","1,63","1,6","6,5",1,"6,5",7,6,1,1,1,6,"0,33",0,5,7,7,1,1,7,1,"6,5","6,5","6,75",5,"3,25",1,"4,93","1,61","0,17",7,1
3,CL,156,,,,,,,,,,,,"6,17",6,"1,25","1,6","4,69","5,18","1,63","1,6","6,5",1,"6,5",7,6,1,1,1,6,"0,33",0,5,7,7,1,1,7,1,"6,5","6,5","6,75",5,"3,25",1,"4,93","1,61","0,17",7,1
3,CL,157,,,,,,,,,,,,"6,17",6,"1,25","1,6","4,69","5,18","1,63","1,6","6,5",1,"6,5",7,6,1,1,1,6,"0,33",0,5,7,7,1,1,7,1,"6,5","6,5","6,75",5,"3,25",1,"4,93","1,61","0,17",7,1
3,CL,158,,,,,,,,,,,,"6,17",6,"1,25","1,6","4,69","5,18","1,63","1,6","6,5",1,"6,5",7,6,1,1,1,6,"0,33",0,5,7,7,1,1,7,1,"6,5","6,5","6,75",5,"3,25",1,"4,93","1,61","0,17",7,1
3,CL,159,,,,,,,,,,,,"6,17",6,"1,25","1,6","4,69","5,18","1,63","1,6","6,5",1,"6,5",7,6,1,1,1,6,"0,33",0,5,7,7,1,1,7,1,"6,5","6,5","6,75",5,"3,25",1,"4,93","1,61","0,17",7,1
3,CL,160,,,,,,,,,,,,"6,17",6,"1,25","1,6","4,69","5,18","1,63","1,6","6,5",1,"6,5",7,6,1,1,1,6,"0,33",0,5,7,7,1,1,7,1,"6,5","6,5","6,75",5,"3,25",1,"4,93","1,61","0,17",7,1
3,CL,161,,,,,,,,,,,,"6,17",6,"1,25","1,6","4,69","5,18","1,63","1,6","6,5",1,"6,5",7,6,1,1,1,6,"0,33",0,5,7,7,1,1,7,1,"6,5","6,5","6,75",5,"3,25",1,"4,93","1,61","0,17",7,1
3,CL,162,,,,,,,,,,,,"6,17",6,"1,25","1,6","4,69","5,18","1,63","1,6","6,5",1,"6,5",7,6,1,1,1,6,"0,33",0,5,7,7,1,1,7,1,"6,5","6,5","6,75",5,"3,25",1,"4,93","1,61","0,17",7,1
3,CL,163,,,,,,,,,,,,"6,17",6,"1,25","1,6","4,69","5,18","1,63","1,6","6,5",1,"6,5",7,6,1,1,1,6,"0,33",0,5,7,7,1,1,7,1,"6,5","6,5","6,75",5,"3,25",1,"4,93","1,61","0,17",7,1
3,CL,164,,,,,,,,,,,,"6,17",6,"1,25","1,6","4,69","5,18","1,63","1,6","6,5",1,"6,5",7,6,1,1,1,6,"0,33",0,5,7,7,1,1,7,1,"6,5","6,5","6,75",5,"3,25",1,"4,93","1,61","0,17",7,1
3,CL,165,,,,,,,,,,,,"6,17",6,"1,25","1,6","4,69","5,18","1,63","1,6","6,5",1,"6,5",7,6,1,1,1,6,"0,33",0,5,7,7,1,1,7,1,"6,5","6,5","6,75",5,"3,25",1,"4,93","1,61","0,17",7,1
3,CL,166,,,,,,,,,,,,"6,17",6,"1,25","1,6","4,69","5,18","1,63","1,6","6,5",1,"6,5",7,6,1,1,1,6,"0,33",0,5,7,7,1,1,7,1,"6,5","6,5","6,75",5,"3,25",1,"4,93","1,61","0,17",7,1
3,CL,167,,,,,,,,,,,,"6,17",6,"1,25","1,6","4,69","5,18","1,63","1,6","6,5",1,"6,5",7,6,1,1,1,6,"0,33",0,5,7,7,1,1,7,1,"6,5","6,5","6,75",5,"3,25",1,"4,93","1,61","0,17",7,1
3,CL,168,,,,,,,,,,,,"6,17",6,"1,25","1,6","4,69","5,18","1,63","1,6","6,5",1,"6,5",7,6,1,1,1,6,"0,33",0,5,7,7,1,1,7,1,"6,5","6,5","6,75",5,"3,25",1,"4,93","1,61","0,17",7,1
3,CL,169,,,,,,,,,,,,"6,17",6,"1,25","1,6","4,69","5,18","1,63","1,6","6,5",1,"6,5",7,6,1,1,1,6,"0,33",0,5,7,7,1,1,7,1,"6,5","6,5","6,75",5,"3,25",1,"4,93","1,61","0,17",7,1
3,CL,170,,,,,,,,,,,,"6,17",6,"1,25","1,6","4,69","5,18","1,63","1,6","6,5",1,"6,5",7,6,1,1,1,6,"0,33",0,5,7,7,1,1,7,1,"6,5","6,5","6,75",5,"3,25",1,"4,93","1,61","0,17",7,1
3,CL,171,,,,,,,,,,,,"6,17",6,"1,25","1,6","4,69","5,18","1,63","1,6","6,5",1,"6,5",7,6,1,1,1,6,"0,33",0,5,7,7,1,1,7,1,"6,5","6,5","6,75",5,"3,25",1,"4,93","1,61","0,17",7,1
3,CL,172,,,,,,,,,,,,"6,17",6,"1,25","1,6","4,69","5,18","1,63","1,6","6,5",1,"6,5",7,6,1,1,1,6,"0,33",0,5,7,7,1,1,7,1,"6,5","6,5","6,75",5,"3,25",1,"4,93","1,61","0,17",7,1
3,CL,173,,,,,,,,,,,,"6,17",6,"1,25","1,6","4,69","5,18","1,63","1,6","6,5",1,"6,5",7,6,1,1,1,6,"0,33",0,5,7,7,1,1,7,1,"6,5","6,5","6,75",5,"3,25",1,"4,93","1,61","0,17",7,1
3,CL,174,,,,,,,,,,,,"6,17",6,"1,25","1,6","4,69","5,18","1,63","1,6","6,5",1,"6,5",7,6,1,1,1,6,"0,33",0,5,7,7,1,1,7,1,"6,5","6,5","6,75",5,"3,25",1,"4,93","1,61","0,17",7,1
3,CL,175,,,,,,,,,,,,"6,17",6,"1,25","1,6","4,69","5,18","1,63","1,6","6,5",1,"6,5",7,6,1,1,1,6,"0,33",0,5,7,7,1,1,7,1,"6,5","6,5","6,75",5,"3,25",1,"4,93","1,61","0,17",7,1
3,CL,176,,,,,,,,,,,,"6,17",6,"1,25","1,6","4,69","5,18","1,63","1,6","6,5",1,"6,5",7,6,1,1,1,6,"0,33",0,5,7,7,1,1,7,1,"6,5","6,5","6,75",5,"3,25",1,"4,93","1,61","0,17",7,1
3,CL,177,,,,,,,,,,,,"6,17",6,"1,25","1,6","4,69","5,18","1,63","1,6","6,5",1,"6,5",7,6,1,1,1,6,"0,33",0,5,7,7,1,1,7,1,"6,5","6,5","6,75",5,"3,25",1,"4,93","1,61","0,17",7,1
3,CL,178,,,,,,,,,,,,"6,17",6,"1,25","1,6","4,69","5,18","1,63","1,6","6,5",1,"6,5",7,6,1,1,1,6,"0,33",0,5,7,7,1,1,7,1,"6,5","6,5","6,75",5,"3,25",1,"4,93","1,61","0,17",7,1
3,CL,179,,,,,,,,,,,,"6,17",6,"1,25","1,6","4,69","5,18","1,63","1,6","6,5",1,"6,5",7,6,1,1,1,6,"0,33",0,5,7,7,1,1,7,1,"6,5","6,5","6,75",5,"3,25",1,"4,93","1,61","0,17",7,1
3,CL,180,,,,,,,,,,,,"6,17",6,"1,25","1,6","4,69","5,18","1,63","1,6","6,5",1,"6,5",7,6,1,1,1,6,"0,33",0,5,7,7,1,1,7,1,"6,5","6,5","6,75",5,"3,25",1,"4,93","1,61","0,17",7,1
3,CL,181,,,,,,,,,,,,"6,17",6,"1,25","1,6","4,69","5,18","1,63","1,6","6,5",1,"6,5",7,6,1,1,1,6,"0,33",0,5,7,7,1,1,7,1,"6,5","6,5","6,75",5,"3,25",1,"4,93","1,61","0,17",7,1
4,FA,1,6,7,1,1,63,1,3,,9,,,6,6,1,3,"5,5","6,53","1,19","1,73","6,25","1,25","6,25",7,"5,5",1,1,"1,75",6,0,0,"5,33",7,7,1,"2,5",7,1,"6,5","6,75",7,"4,5","2,25","2,67","6,01","1,46",0,7,"1,75"
4,FA,2,6,7,1,1,59,1,3,,9,,,6,6,1,3,"5,5","6,53","1,19","1,73","6,25","1,25","6,25",7,"5,5",1,1,"1,75",6,0,0,"5,33",7,7,1,"2,5",7,1,"6,5","6,75",7,"4,5","2,25","2,67","6,01","1,46",0,7,"1,75"
4,FA,3,6,7,1,1,66,1,3,,9,,,6,6,1,3,"5,5","6,53","1,19","1,73","6,25","1,25","6,25",7,"5,5",1,1,"1,75",6,0,0,"5,33",7,7,1,"2,5",7,1,"6,5","6,75",7,"4,5","2,25","2,67","6,01","1,46",0,7,"1,75"
4,FA,4,6,7,1,1,54,1,3,,9,,,6,6,1,3,"5,5","6,53","1,19","1,73","6,25","1,25","6,25",7,"5,5",1,1,"1,75",6,0,0,"5,33",7,7,1,"2,5",7,1,"6,5","6,75",7,"4,5","2,25","2,67","6,01","1,46",0,7,"1,75"
4,FA,5,6,7,1,1,42,1,3,,9,,,6,6,1,3,"5,5","6,53","1,19","1,73","6,25","1,25","6,25",7,"5,5",1,1,"1,75",6,0,0,"5,33",7,7,1,"2,5",7,1,"6,5","6,75",7,"4,5","2,25","2,67","6,01","1,46",0,7,"1,75"
4,FA,6,6,7,1,1,34,6,,,9,,,6,6,1,3,"5,5","6,53","1,19","1,73","6,25","1,25","6,25",7,"5,5",1,1,"1,75",6,0,0,"5,33",7,7,1,"2,5",7,1,"6,5","6,75",7,"4,5","2,25","2,67","6,01","1,46",0,7,"1,75"
4,FA,7,6,7,1,1,29,6,,,9,,,6,6,1,3,"5,5","6,53","1,19","1,73","6,25","1,25","6,25",7,"5,5",1,1,"1,75",6,0,0,"5,33",7,7,1,"2,5",7,1,"6,5","6,75",7,"4,5","2,25","2,67","6,01","1,46",0,7,"1,75"
4,FA,8,6,7,1,1,26,6,,,9,,,6,6,1,3,"5,5","6,53","1,19","1,73","6,25","1,25","6,25",7,"5,5",1,1,"1,75",6,0,0,"5,33",7,7,1,"2,5",7,1,"6,5","6,75",7,"4,5","2,25","2,67","6,01","1,46",0,7,"1,75"
4,FA,9,6,7,1,1,21,6,,,9,,,6,6,1,3,"5,5","6,53","1,19","1,73","6,25","1,25","6,25",7,"5,5",1,1,"1,75",6,0,0,"5,33",7,7,1,"2,5",7,1,"6,5","6,75",7,"4,5","2,25","2,67","6,01","1,46",0,7,"1,75"
4,FA,10,6,7,1,1,20,6,,,9,,,6,6,1,3,"5,5","6,53","1,19","1,73","6,25","1,25","6,25",7,"5,5",1,1,"1,75",6,0,0,"5,33",7,7,1,"2,5",7,1,"6,5","6,75",7,"4,5","2,25","2,67","6,01","1,46",0,7,"1,75"
4,FA,11,6,7,1,1,19,6,,,,,,6,6,1,3,"5,5","6,53","1,19","1,73","6,25","1,25","6,25",7,"5,5",1,1,"1,75",6,0,0,"5,33",7,7,1,"2,5",7,1,"6,5","6,75",7,"4,5","2,25","2,67","6,01","1,46",0,7,"1,75"
4,FA,12,6,7,1,1,19,6,,,,,,6,6,1,3,"5,5","6,53","1,19","1,73","6,25","1,25","6,25",7,"5,5",1,1,"1,75",6,0,0,"5,33",7,7,1,"2,5",7,1,"6,5","6,75",7,"4,5","2,25","2,67","6,01","1,46",0,7,"1,75"
4,FA,13,6,7,1,1,27,6,,,,,,6,6,1,3,"5,5","6,53","1,19","1,73","6,25","1,25","6,25",7,"5,5",1,1,"1,75",6,0,0,"5,33",7,7,1,"2,5",7,1,"6,5","6,75",7,"4,5","2,25","2,67","6,01","1,46",0,7,"1,75"
4,FA,14,6,7,1,1,41,6,,,,,,6,6,1,3,"5,5","6,53","1,19","1,73","6,25","1,25","6,25",7,"5,5",1,1,"1,75",6,0,0,"5,33",7,7,1,"2,5",7,1,"6,5","6,75",7,"4,5","2,25","2,67","6,01","1,46",0,7,"1,75"
4,FA,15,6,7,1,1,61,6,,,,,,6,6,1,3,"5,5","6,53","1,19","1,73","6,25","1,25","6,25",7,"5,5",1,1,"1,75",6,0,0,"5,33",7,7,1,"2,5",7,1,"6,5","6,75",7,"4,5","2,25","2,67","6,01","1,46",0,7,"1,75"
4,FA,16,"6,333333333",7,1,1,68,7,,,,,,6,6,1,3,"5,5","6,53","1,19","1,73","6,25","1,25","6,25",7,"5,5",1,1,"1,75",6,0,0,"5,33",7,7,1,"2,5",7,1,"6,5","6,75",7,"4,5","2,25","2,67","6,01","1,46",0,7,"1,75"
4,FA,17,"6,333333333",7,1,1,98,7,,,,,,6,6,1,3,"5,5","6,53","1,19","1,73","6,25","1,25","6,25",7,"5,5",1,1,"1,75",6,0,0,"5,33",7,7,1,"2,5",7,1,"6,5","6,75",7,"4,5","2,25","2,67","6,01","1,46",0,7,"1,75"
4,FA,18,"6,333333333",7,1,1,69,7,,,,,,6,6,1,3,"5,5","6,53","1,19","1,73","6,25","1,25","6,25",7,"5,5",1,1,"1,75",6,0,0,"5,33",7,7,1,"2,5",7,1,"6,5","6,75",7,"4,5","2,25","2,67","6,01","1,46",0,7,"1,75"
4,FA,19,"6,333333333",7,1,1,66,7,,,,,,6,6,1,3,"5,5","6,53","1,19","1,73","6,25","1,25","6,25",7,"5,5",1,1,"1,75",6,0,0,"5,33",7,7,1,"2,5",7,1,"6,5","6,75",7,"4,5","2,25","2,67","6,01","1,46",0,7,"1,75"
4,FA,20,"6,333333333",7,1,1,58,7,,,,,,6,6,1,3,"5,5","6,53","1,19","1,73","6,25","1,25","6,25",7,"5,5",1,1,"1,75",6,0,0,"5,33",7,7,1,"2,5",7,1,"6,5","6,75",7,"4,5","2,25","2,67","6,01","1,46",0,7,"1,75"
4,FA,21,"6,5",7,1,1,57,5,,,,,,6,6,1,3,"5,5","6,53","1,19","1,73","6,25","1,25","6,25",7,"5,5",1,1,"1,75",6,0,0,"5,33",7,7,1,"2,5",7,1,"6,5","6,75",7,"4,5","2,25","2,67","6,01","1,46",0,7,"1,75"
4,FA,22,"6,5",7,1,1,41,5,,,,,,6,6,1,3,"5,5","6,53","1,19","1,73","6,25","1,25","6,25",7,"5,5",1,1,"1,75",6,0,0,"5,33",7,7,1,"2,5",7,1,"6,5","6,75",7,"4,5","2,25","2,67","6,01","1,46",0,7,"1,75"
4,FA,23,"6,5",7,1,1,36,5,,,,,,6,6,1,3,"5,5","6,53","1,19","1,73","6,25","1,25","6,25",7,"5,5",1,1,"1,75",6,0,0,"5,33",7,7,1,"2,5",7,1,"6,5","6,75",7,"4,5","2,25","2,67","6,01","1,46",0,7,"1,75"
4,FA,24,"6,5",7,1,1,57,5,,,,,,6,6,1,3,"5,5","6,53","1,19","1,73","6,25","1,25","6,25",7,"5,5",1,1,"1,75",6,0,0,"5,33",7,7,1,"2,5",7,1,"6,5","6,75",7,"4,5","2,25","2,67","6,01","1,46",0,7,"1,75"
4,FA,25,"6,5",7,1,1,49,5,,,,,,6,6,1,3,"5,5","6,53","1,19","1,73","6,25","1,25","6,25",7,"5,5",1,1,"1,75",6,0,0,"5,33",7,7,1,"2,5",7,1,"6,5","6,75",7,"4,5","2,25","2,67","6,01","1,46",0,7,"1,75"
4,FA,26,6,7,1,1,47,8,,,9,,,6,6,1,3,"5,5","6,53","1,19","1,73","6,25","1,25","6,25",7,"5,5",1,1,"1,75",6,0,0,"5,33",7,7,1,"2,5",7,1,"6,5","6,75",7,"4,5","2,25","2,67","6,01","1,46",0,7,"1,75"
4,FA,27,6,7,1,1,45,8,,,9,,,6,6,1,3,"5,5","6,53","1,19","1,73","6,25","1,25","6,25",7,"5,5",1,1,"1,75",6,0,0,"5,33",7,7,1,"2,5",7,1,"6,5","6,75",7,"4,5","2,25","2,67","6,01","1,46",0,7,"1,75"
4,FA,28,6,7,1,1,45,8,,,9,,,6,6,1,3,"5,5","6,53","1,19","1,73","6,25","1,25","6,25",7,"5,5",1,1,"1,75",6,0,0,"5,33",7,7,1,"2,5",7,1,"6,5","6,75",7,"4,5","2,25","2,67","6,01","1,46",0,7,"1,75"
4,FA,29,6,7,1,1,51,8,,,9,,,6,6,1,3,"5,5","6,53","1,19","1,73","6,25","1,25","6,25",7,"5,5",1,1,"1,75",6,0,0,"5,33",7,7,1,"2,5",7,1,"6,5","6,75",7,"4,5","2,25","2,67","6,01","1,46",0,7,"1,75"
4,FA,30,6,7,1,1,54,8,,,9,,,6,6,1,3,"5,5","6,53","1,19","1,73","6,25","1,25","6,25",7,"5,5",1,1,"1,75",6,0,0,"5,33",7,7,1,"2,5",7,1,"6,5","6,75",7,"4,5","2,25","2,67","6,01","1,46",0,7,"1,75"
4,FA,31,"6,5","6,666666667",1,1,44,8,,,6,,,6,6,1,3,"5,5","6,53","1,19","1,73","6,25","1,25","6,25",7,"5,5",1,1,"1,75",6,0,0,"5,33",7,7,1,"2,5",7,1,"6,5","6,75",7,"4,5","2,25","2,67","6,01","1,46",0,7,"1,75"
4,FA,32,"6,5","6,666666667",1,1,47,8,,,6,,,6,6,1,3,"5,5","6,53","1,19","1,73","6,25","1,25","6,25",7,"5,5",1,1,"1,75",6,0,0,"5,33",7,7,1,"2,5",7,1,"6,5","6,75",7,"4,5","2,25","2,67","6,01","1,46",0,7,"1,75"
4,FA,33,"6,5","6,666666667",1,1,40,8,,,6,,,6,6,1,3,"5,5","6,53","1,19","1,73","6,25","1,25","6,25",7,"5,5",1,1,"1,75",6,0,0,"5,33",7,7,1,"2,5",7,1,"6,5","6,75",7,"4,5","2,25","2,67","6,01","1,46",0,7,"1,75"
4,FA,34,"6,5","6,666666667",1,1,37,8,,,6,,,6,6,1,3,"5,5","6,53","1,19","1,73","6,25","1,25","6,25",7,"5,5",1,1,"1,75",6,0,0,"5,33",7,7,1,"2,5",7,1,"6,5","6,75",7,"4,5","2,25","2,67","6,01","1,46",0,7,"1,75"
4,FA,35,"6,5","6,666666667",1,1,29,8,,,6,,,6,6,1,3,"5,5","6,53","1,19","1,73","6,25","1,25","6,25",7,"5,5",1,1,"1,75",6,0,0,"5,33",7,7,1,"2,5",7,1,"6,5","6,75",7,"4,5","2,25","2,67","6,01","1,46",0,7,"1,75"
4,FA,36,"6,5","6,666666667",1,1,27,8,,,6,,,6,6,1,3,"5,5","6,53","1,19","1,73","6,25","1,25","6,25",7,"5,5",1,1,"1,75",6,0,0,"5,33",7,7,1,"2,5",7,1,"6,5","6,75",7,"4,5","2,25","2,67","6,01","1,46",0,7,"1,75"
4,FA,37,"6,5","6,666666667",1,1,26,8,,,6,,,6,6,1,3,"5,5","6,53","1,19","1,73","6,25","1,25","6,25",7,"5,5",1,1,"1,75",6,0,0,"5,33",7,7,1,"2,5",7,1,"6,5","6,75",7,"4,5","2,25","2,67","6,01","1,46",0,7,"1,75"
4,FA,38,"6,5","6,666666667",1,1,27,8,,,6,,,6,6,1,3,"5,5","6,53","1,19","1,73","6,25","1,25","6,25",7,"5,5",1,1,"1,75",6,0,0,"5,33",7,7,1,"2,5",7,1,"6,5","6,75",7,"4,5","2,25","2,67","6,01","1,46",0,7,"1,75"
4,FA,39,"6,5","6,666666667",1,1,21,8,,,6,,,6,6,1,3,"5,5","6,53","1,19","1,73","6,25","1,25","6,25",7,"5,5",1,1,"1,75",6,0,0,"5,33",7,7,1,"2,5",7,1,"6,5","6,75",7,"4,5","2,25","2,67","6,01","1,46",0,7,"1,75"
4,FA,40,"6,5","6,666666667",1,1,13,8,,,6,,,6,6,1,3,"5,5","6,53","1,19","1,73","6,25","1,25","6,25",7,"5,5",1,1,"1,75",6,0,0,"5,33",7,7,1,"2,5",7,1,"6,5","6,75",7,"4,5","2,25","2,67","6,01","1,46",0,7,"1,75"
4,FA,41,"6,5","6,5",1,1,30,8,,,6,,,6,6,1,3,"5,5","6,53","1,19","1,73","6,25","1,25","6,25",7,"5,5",1,1,"1,75",6,0,0,"5,33",7,7,1,"2,5",7,1,"6,5","6,75",7,"4,5","2,25","2,67","6,01","1,46",0,7,"1,75"
4,FA,42,"6,5","6,5",1,1,32,8,,,6,,,6,6,1,3,"5,5","6,53","1,19","1,73","6,25","1,25","6,25",7,"5,5",1,1,"1,75",6,0,0,"5,33",7,7,1,"2,5",7,1,"6,5","6,75",7,"4,5","2,25","2,67","6,01","1,46",0,7,"1,75"
4,FA,43,"6,5","6,5",1,1,39,8,,,6,,,6,6,1,3,"5,5","6,53","1,19","1,73","6,25","1,25","6,25",7,"5,5",1,1,"1,75",6,0,0,"5,33",7,7,1,"2,5",7,1,"6,5","6,75",7,"4,5","2,25","2,67","6,01","1,46",0,7,"1,75"
4,FA,44,"6,5","6,5",1,1,56,8,,,6,,,6,6,1,3,"5,5","6,53","1,19","1,73","6,25","1,25","6,25",7,"5,5",1,1,"1,75",6,0,0,"5,33",7,7,1,"2,5",7,1,"6,5","6,75",7,"4,5","2,25","2,67","6,01","1,46",0,7,"1,75"
4,FA,45,"6,5","6,5",1,1,58,8,,,6,,,6,6,1,3,"5,5","6,53","1,19","1,73","6,25","1,25","6,25",7,"5,5",1,1,"1,75",6,0,0,"5,33",7,7,1,"2,5",7,1,"6,5","6,75",7,"4,5","2,25","2,67","6,01","1,46",0,7,"1,75"
4,FA,46,"6,5","6,666666667",1,1,44,8,,,6,,,6,6,1,3,"5,5","6,53","1,19","1,73","6,25","1,25","6,25",7,"5,5",1,1,"1,75",6,0,0,"5,33",7,7,1,"2,5",7,1,"6,5","6,75",7,"4,5","2,25","2,67","6,01","1,46",0,7,"1,75"
4,FA,47,"6,5","6,666666667",1,1,37,8,,,6,,,6,6,1,3,"5,5","6,53","1,19","1,73","6,25","1,25","6,25",7,"5,5",1,1,"1,75",6,0,0,"5,33",7,7,1,"2,5",7,1,"6,5","6,75",7,"4,5","2,25","2,67","6,01","1,46",0,7,"1,75"
4,FA,48,"6,5","6,666666667",1,1,32,8,,,6,,,6,6,1,3,"5,5","6,53","1,19","1,73","6,25","1,25","6,25",7,"5,5",1,1,"1,75",6,0,0,"5,33",7,7,1,"2,5",7,1,"6,5","6,75",7,"4,5","2,25","2,67","6,01","1,46",0,7,"1,75"
4,FA,49,"6,5","6,666666667",1,1,29,8,,,6,,,6,6,1,3,"5,5","6,53","1,19","1,73","6,25","1,25","6,25",7,"5,5",1,1,"1,75",6,0,0,"5,33",7,7,1,"2,5",7,1,"6,5","6,75",7,"4,5","2,25","2,67","6,01","1,46",0,7,"1,75"
4,FA,50,"6,5","6,666666667",1,1,35,8,,,6,,,6,6,1,3,"5,5","6,53","1,19","1,73","6,25","1,25","6,25",7,"5,5",1,1,"1,75",6,0,0,"5,33",7,7,1,"2,5",7,1,"6,5","6,75",7,"4,5","2,25","2,67","6,01","1,46",0,7,"1,75"
4,FA,51,6,"6,666666667",1,1,29,8,,,9,,,6,6,1,3,"5,5","6,53","1,19","1,73","6,25","1,25","6,25",7,"5,5",1,1,"1,75",6,0,0,"5,33",7,7,1,"2,5",7,1,"6,5","6,75",7,"4,5","2,25","2,67","6,01","1,46",0,7,"1,75"
4,FA,52,6,"6,666666667",1,1,28,8,,,9,,,6,6,1,3,"5,5","6,53","1,19","1,73","6,25","1,25","6,25",7,"5,5",1,1,"1,75",6,0,0,"5,33",7,7,1,"2,5",7,1,"6,5","6,75",7,"4,5","2,25","2,67","6,01","1,46",0,7,"1,75"
4,FA,53,6,"6,666666667",1,1,29,8,,,9,,,6,6,1,3,"5,5","6,53","1,19","1,73","6,25","1,25","6,25",7,"5,5",1,1,"1,75",6,0,0,"5,33",7,7,1,"2,5",7,1,"6,5","6,75",7,"4,5","2,25","2,67","6,01","1,46",0,7,"1,75"
4,FA,54,6,"6,666666667",1,1,28,8,,,9,,,6,6,1,3,"5,5","6,53","1,19","1,73","6,25","1,25","6,25",7,"5,5",1,1,"1,75",6,0,0,"5,33",7,7,1,"2,5",7,1,"6,5","6,75",7,"4,5","2,25","2,67","6,01","1,46",0,7,"1,75"
4,FA,55,6,"6,666666667",1,1,24,8,,,9,,,6,6,1,3,"5,5","6,53","1,19","1,73","6,25","1,25","6,25",7,"5,5",1,1,"1,75",6,0,0,"5,33",7,7,1,"2,5",7,1,"6,5","6,75",7,"4,5","2,25","2,67","6,01","1,46",0,7,"1,75"
4,FA,56,6,"6,333333333",1,1,23,8,,,9,,,6,6,1,3,"5,5","6,53","1,19","1,73","6,25","1,25","6,25",7,"5,5",1,1,"1,75",6,0,0,"5,33",7,7,1,"2,5",7,1,"6,5","6,75",7,"4,5","2,25","2,67","6,01","1,46",0,7,"1,75"
4,FA,57,6,"6,333333333",1,1,22,8,,,9,,,6,6,1,3,"5,5","6,53","1,19","1,73","6,25","1,25","6,25",7,"5,5",1,1,"1,75",6,0,0,"5,33",7,7,1,"2,5",7,1,"6,5","6,75",7,"4,5","2,25","2,67","6,01","1,46",0,7,"1,75"
4,FA,58,6,"6,333333333",1,1,20,8,,,9,,,6,6,1,3,"5,5","6,53","1,19","1,73","6,25","1,25","6,25",7,"5,5",1,1,"1,75",6,0,0,"5,33",7,7,1,"2,5",7,1,"6,5","6,75",7,"4,5","2,25","2,67","6,01","1,46",0,7,"1,75"
4,FA,59,6,"6,333333333",1,1,21,8,,,9,,,6,6,1,3,"5,5","6,53","1,19","1,73","6,25","1,25","6,25",7,"5,5",1,1,"1,75",6,0,0,"5,33",7,7,1,"2,5",7,1,"6,5","6,75",7,"4,5","2,25","2,67","6,01","1,46",0,7,"1,75"
4,FA,60,6,"6,333333333",1,1,22,8,,,9,,,6,6,1,3,"5,5","6,53","1,19","1,73","6,25","1,25","6,25",7,"5,5",1,1,"1,75",6,0,0,"5,33",7,7,1,"2,5",7,1,"6,5","6,75",7,"4,5","2,25","2,67","6,01","1,46",0,7,"1,75"
4,FA,61,6,"6,333333333",1,1,18,8,,,9,,,6,6,1,3,"5,5","6,53","1,19","1,73","6,25","1,25","6,25",7,"5,5",1,1,"1,75",6,0,0,"5,33",7,7,1,"2,5",7,1,"6,5","6,75",7,"4,5","2,25","2,67","6,01","1,46",0,7,"1,75"
4,FA,62,6,"6,333333333",1,1,23,8,,,9,,,6,6,1,3,"5,5","6,53","1,19","1,73","6,25","1,25","6,25",7,"5,5",1,1,"1,75",6,0,0,"5,33",7,7,1,"2,5",7,1,"6,5","6,75",7,"4,5","2,25","2,67","6,01","1,46",0,7,"1,75"
4,FA,63,6,"6,333333333",1,1,26,8,,,9,,,6,6,1,3,"5,5","6,53","1,19","1,73","6,25","1,25","6,25",7,"5,5",1,1,"1,75",6,0,0,"5,33",7,7,1,"2,5",7,1,"6,5","6,75",7,"4,5","2,25","2,67","6,01","1,46",0,7,"1,75"
4,FA,64,6,"6,333333333",1,1,24,8,,,9,,,6,6,1,3,"5,5","6,53","1,19","1,73","6,25","1,25","6,25",7,"5,5",1,1,"1,75",6,0,0,"5,33",7,7,1,"2,5",7,1,"6,5","6,75",7,"4,5","2,25","2,67","6,01","1,46",0,7,"1,75"
4,FA,65,6,"6,333333333",1,1,31,8,,,9,,,6,6,1,3,"5,5","6,53","1,19","1,73","6,25","1,25","6,25",7,"5,5",1,1,"1,75",6,0,0,"5,33",7,7,1,"2,5",7,1,"6,5","6,75",7,"4,5","2,25","2,67","6,01","1,46",0,7,"1,75"
4,FA,66,6,"6,333333333",1,1,33,,,,9,,,6,6,1,3,"5,5","6,53","1,19","1,73","6,25","1,25","6,25",7,"5,5",1,1,"1,75",6,0,0,"5,33",7,7,1,"2,5",7,1,"6,5","6,75",7,"4,5","2,25","2,67","6,01","1,46",0,7,"1,75"
4,FA,67,6,"6,333333333",1,1,30,,,,9,,,6,6,1,3,"5,5","6,53","1,19","1,73","6,25","1,25","6,25",7,"5,5",1,1,"1,75",6,0,0,"5,33",7,7,1,"2,5",7,1,"6,5","6,75",7,"4,5","2,25","2,67","6,01","1,46",0,7,"1,75"
4,FA,68,6,"6,333333333",1,1,50,,,,9,,,6,6,1,3,"5,5","6,53","1,19","1,73","6,25","1,25","6,25",7,"5,5",1,1,"1,75",6,0,0,"5,33",7,7,1,"2,5",7,1,"6,5","6,75",7,"4,5","2,25","2,67","6,01","1,46",0,7,"1,75"
4,FA,69,6,"6,333333333",1,1,43,,,,9,,,6,6,1,3,"5,5","6,53","1,19","1,73","6,25","1,25","6,25",7,"5,5",1,1,"1,75",6,0,0,"5,33",7,7,1,"2,5",7,1,"6,5","6,75",7,"4,5","2,25","2,67","6,01","1,46",0,7,"1,75"
4,FA,70,6,"6,333333333",1,1,73,,,,9,,,6,6,1,3,"5,5","6,53","1,19","1,73","6,25","1,25","6,25",7,"5,5",1,1,"1,75",6,0,0,"5,33",7,7,1,"2,5",7,1,"6,5","6,75",7,"4,5","2,25","2,67","6,01","1,46",0,7,"1,75"
4,FA,71,6,,1,1,61,5,,,9,,,6,6,1,3,"5,5","6,53","1,19","1,73","6,25","1,25","6,25",7,"5,5",1,1,"1,75",6,0,0,"5,33",7,7,1,"2,5",7,1,"6,5","6,75",7,"4,5","2,25","2,67","6,01","1,46",0,7,"1,75"
4,FA,72,6,,1,1,74,5,,,9,,,6,6,1,3,"5,5","6,53","1,19","1,73","6,25","1,25","6,25",7,"5,5",1,1,"1,75",6,0,0,"5,33",7,7,1,"2,5",7,1,"6,5","6,75",7,"4,5","2,25","2,67","6,01","1,46",0,7,"1,75"
4,FA,73,6,,1,1,50,5,,,9,,,6,6,1,3,"5,5","6,53","1,19","1,73","6,25","1,25","6,25",7,"5,5",1,1,"1,75",6,0,0,"5,33",7,7,1,"2,5",7,1,"6,5","6,75",7,"4,5","2,25","2,67","6,01","1,46",0,7,"1,75"
4,FA,74,6,,1,1,42,5,,,9,,,6,6,1,3,"5,5","6,53","1,19","1,73","6,25","1,25","6,25",7,"5,5",1,1,"1,75",6,0,0,"5,33",7,7,1,"2,5",7,1,"6,5","6,75",7,"4,5","2,25","2,67","6,01","1,46",0,7,"1,75"
4,FA,75,6,,1,1,47,5,,,9,,,6,6,1,3,"5,5","6,53","1,19","1,73","6,25","1,25","6,25",7,"5,5",1,1,"1,75",6,0,0,"5,33",7,7,1,"2,5",7,1,"6,5","6,75",7,"4,5","2,25","2,67","6,01","1,46",0,7,"1,75"
4,FA,76,6,,1,1,54,5,,,9,,,6,6,1,3,"5,5","6,53","1,19","1,73","6,25","1,25","6,25",7,"5,5",1,1,"1,75",6,0,0,"5,33",7,7,1,"2,5",7,1,"6,5","6,75",7,"4,5","2,25","2,67","6,01","1,46",0,7,"1,75"
4,FA,77,6,,1,1,48,5,,,9,,,6,6,1,3,"5,5","6,53","1,19","1,73","6,25","1,25","6,25",7,"5,5",1,1,"1,75",6,0,0,"5,33",7,7,1,"2,5",7,1,"6,5","6,75",7,"4,5","2,25","2,67","6,01","1,46",0,7,"1,75"
4,FA,78,6,,1,1,42,5,,,9,,,6,6,1,3,"5,5","6,53","1,19","1,73","6,25","1,25","6,25",7,"5,5",1,1,"1,75",6,0,0,"5,33",7,7,1,"2,5",7,1,"6,5","6,75",7,"4,5","2,25","2,67","6,01","1,46",0,7,"1,75"
4,FA,79,6,,1,1,32,5,,,9,,,6,6,1,3,"5,5","6,53","1,19","1,73","6,25","1,25","6,25",7,"5,5",1,1,"1,75",6,0,0,"5,33",7,7,1,"2,5",7,1,"6,5","6,75",7,"4,5","2,25","2,67","6,01","1,46",0,7,"1,75"
4,FA,80,6,,1,1,38,5,,,9,,,6,6,1,3,"5,5","6,53","1,19","1,73","6,25","1,25","6,25",7,"5,5",1,1,"1,75",6,0,0,"5,33",7,7,1,"2,5",7,1,"6,5","6,75",7,"4,5","2,25","2,67","6,01","1,46",0,7,"1,75"
4,FA,81,6,,1,1,33,5,,,9,,,6,6,1,3,"5,5","6,53","1,19","1,73","6,25","1,25","6,25",7,"5,5",1,1,"1,75",6,0,0,"5,33",7,7,1,"2,5",7,1,"6,5","6,75",7,"4,5","2,25","2,67","6,01","1,46",0,7,"1,75"
4,FA,82,6,,1,1,84,5,,,9,,,6,6,1,3,"5,5","6,53","1,19","1,73","6,25","1,25","6,25",7,"5,5",1,1,"1,75",6,0,0,"5,33",7,7,1,"2,5",7,1,"6,5","6,75",7,"4,5","2,25","2,67","6,01","1,46",0,7,"1,75"
4,FA,83,6,,1,1,100,5,,,9,,,6,6,1,3,"5,5","6,53","1,19","1,73","6,25","1,25","6,25",7,"5,5",1,1,"1,75",6,0,0,"5,33",7,7,1,"2,5",7,1,"6,5","6,75",7,"4,5","2,25","2,67","6,01","1,46",0,7,"1,75"
4,FA,84,6,,1,1,90,5,,,9,,,6,6,1,3,"5,5","6,53","1,19","1,73","6,25","1,25","6,25",7,"5,5",1,1,"1,75",6,0,0,"5,33",7,7,1,"2,5",7,1,"6,5","6,75",7,"4,5","2,25","2,67","6,01","1,46",0,7,"1,75"
4,FA,85,6,,1,1,72,5,,,9,,,6,6,1,3,"5,5","6,53","1,19","1,73","6,25","1,25","6,25",7,"5,5",1,1,"1,75",6,0,0,"5,33",7,7,1,"2,5",7,1,"6,5","6,75",7,"4,5","2,25","2,67","6,01","1,46",0,7,"1,75"
4,FA,86,6,7,1,1,44,5,,,9,,,6,6,1,3,"5,5","6,53","1,19","1,73","6,25","1,25","6,25",7,"5,5",1,1,"1,75",6,0,0,"5,33",7,7,1,"2,5",7,1,"6,5","6,75",7,"4,5","2,25","2,67","6,01","1,46",0,7,"1,75"
4,FA,87,6,7,1,1,23,5,,,9,,,6,6,1,3,"5,5","6,53","1,19","1,73","6,25","1,25","6,25",7,"5,5",1,1,"1,75",6,0,0,"5,33",7,7,1,"2,5",7,1,"6,5","6,75",7,"4,5","2,25","2,67","6,01","1,46",0,7,"1,75"
4,FA,88,6,7,1,1,27,5,,,9,,,6,6,1,3,"5,5","6,53","1,19","1,73","6,25","1,25","6,25",7,"5,5",1,1,"1,75",6,0,0,"5,33",7,7,1,"2,5",7,1,"6,5","6,75",7,"4,5","2,25","2,67","6,01","1,46",0,7,"1,75"
4,FA,89,6,7,1,1,58,5,,,9,,,6,6,1,3,"5,5","6,53","1,19","1,73","6,25","1,25","6,25",7,"5,5",1,1,"1,75",6,0,0,"5,33",7,7,1,"2,5",7,1,"6,5","6,75",7,"4,5","2,25","2,67","6,01","1,46",0,7,"1,75"
4,FA,90,6,7,1,1,56,5,,,9,,,6,6,1,3,"5,5","6,53","1,19","1,73","6,25","1,25","6,25",7,"5,5",1,1,"1,75",6,0,0,"5,33",7,7,1,"2,5",7,1,"6,5","6,75",7,"4,5","2,25","2,67","6,01","1,46",0,7,"1,75"
4,FA,91,6,6,1,1,67,5,,,9,,,6,6,1,3,"5,5","6,53","1,19","1,73","6,25","1,25","6,25",7,"5,5",1,1,"1,75",6,0,0,"5,33",7,7,1,"2,5",7,1,"6,5","6,75",7,"4,5","2,25","2,67","6,01","1,46",0,7,"1,75"
4,FA,92,6,6,1,1,48,5,,,9,,,6,6,1,3,"5,5","6,53","1,19","1,73","6,25","1,25","6,25",7,"5,5",1,1,"1,75",6,0,0,"5,33",7,7,1,"2,5",7,1,"6,5","6,75",7,"4,5","2,25","2,67","6,01","1,46",0,7,"1,75"
4,FA,93,6,6,1,1,36,5,,,9,,,6,6,1,3,"5,5","6,53","1,19","1,73","6,25","1,25","6,25",7,"5,5",1,1,"1,75",6,0,0,"5,33",7,7,1,"2,5",7,1,"6,5","6,75",7,"4,5","2,25","2,67","6,01","1,46",0,7,"1,75"
4,FA,94,6,6,1,1,35,5,,,9,,,6,6,1,3,"5,5","6,53","1,19","1,73","6,25","1,25","6,25",7,"5,5",1,1,"1,75",6,0,0,"5,33",7,7,1,"2,5",7,1,"6,5","6,75",7,"4,5","2,25","2,67","6,01","1,46",0,7,"1,75"
4,FA,95,6,6,1,1,42,5,,,9,,,6,6,1,3,"5,5","6,53","1,19","1,73","6,25","1,25","6,25",7,"5,5",1,1,"1,75",6,0,0,"5,33",7,7,1,"2,5",7,1,"6,5","6,75",7,"4,5","2,25","2,67","6,01","1,46",0,7,"1,75"
4,FA,96,6,,1,1,44,5,,,9,,,6,6,1,3,"5,5","6,53","1,19","1,73","6,25","1,25","6,25",7,"5,5",1,1,"1,75",6,0,0,"5,33",7,7,1,"2,5",7,1,"6,5","6,75",7,"4,5","2,25","2,67","6,01","1,46",0,7,"1,75"
4,FA,97,6,,1,1,37,5,,,9,,,6,6,1,3,"5,5","6,53","1,19","1,73","6,25","1,25","6,25",7,"5,5",1,1,"1,75",6,0,0,"5,33",7,7,1,"2,5",7,1,"6,5","6,75",7,"4,5","2,25","2,67","6,01","1,46",0,7,"1,75"
4,FA,98,6,,1,1,26,5,,,9,,,6,6,1,3,"5,5","6,53","1,19","1,73","6,25","1,25","6,25",7,"5,5",1,1,"1,75",6,0,0,"5,33",7,7,1,"2,5",7,1,"6,5","6,75",7,"4,5","2,25","2,67","6,01","1,46",0,7,"1,75"
4,FA,99,6,,1,1,37,5,,,9,,,6,6,1,3,"5,5","6,53","1,19","1,73","6,25","1,25","6,25",7,"5,5",1,1,"1,75",6,0,0,"5,33",7,7,1,"2,5",7,1,"6,5","6,75",7,"4,5","2,25","2,67","6,01","1,46",0,7,"1,75"
4,FA,100,6,,1,1,53,5,,,9,,,6,6,1,3,"5,5","6,53","1,19","1,73","6,25","1,25","6,25",7,"5,5",1,1,"1,75",6,0,0,"5,33",7,7,1,"2,5",7,1,"6,5","6,75",7,"4,5","2,25","2,67","6,01","1,46",0,7,"1,75"
4,FA,101,6,,1,1,61,5,,,9,,,6,6,1,3,"5,5","6,53","1,19","1,73","6,25","1,25","6,25",7,"5,5",1,1,"1,75",6,0,0,"5,33",7,7,1,"2,5",7,1,"6,5","6,75",7,"4,5","2,25","2,67","6,01","1,46",0,7,"1,75"
4,FA,102,6,,1,1,73,5,,,9,,,6,6,1,3,"5,5","6,53","1,19","1,73","6,25","1,25","6,25",7,"5,5",1,1,"1,75",6,0,0,"5,33",7,7,1,"2,5",7,1,"6,5","6,75",7,"4,5","2,25","2,67","6,01","1,46",0,7,"1,75"
4,FA,103,6,,1,1,68,5,,,9,,,6,6,1,3,"5,5","6,53","1,19","1,73","6,25","1,25","6,25",7,"5,5",1,1,"1,75",6,0,0,"5,33",7,7,1,"2,5",7,1,"6,5","6,75",7,"4,5","2,25","2,67","6,01","1,46",0,7,"1,75"
4,FA,104,6,,1,1,53,5,,,9,,,6,6,1,3,"5,5","6,53","1,19","1,73","6,25","1,25","6,25",7,"5,5",1,1,"1,75",6,0,0,"5,33",7,7,1,"2,5",7,1,"6,5","6,75",7,"4,5","2,25","2,67","6,01","1,46",0,7,"1,75"
4,FA,105,6,,1,1,49,5,,,9,,,6,6,1,3,"5,5","6,53","1,19","1,73","6,25","1,25","6,25",7,"5,5",1,1,"1,75",6,0,0,"5,33",7,7,1,"2,5",7,1,"6,5","6,75",7,"4,5","2,25","2,67","6,01","1,46",0,7,"1,75"
4,FA,106,6,,1,1,56,5,,,9,,,6,6,1,3,"5,5","6,53","1,19","1,73","6,25","1,25","6,25",7,"5,5",1,1,"1,75",6,0,0,"5,33",7,7,1,"2,5",7,1,"6,5","6,75",7,"4,5","2,25","2,67","6,01","1,46",0,7,"1,75"
4,FA,107,6,,1,1,44,5,,,9,,,6,6,1,3,"5,5","6,53","1,19","1,73","6,25","1,25","6,25",7,"5,5",1,1,"1,75",6,0,0,"5,33",7,7,1,"2,5",7,1,"6,5","6,75",7,"4,5","2,25","2,67","6,01","1,46",0,7,"1,75"
4,FA,108,6,,1,1,36,5,,,9,,,6,6,1,3,"5,5","6,53","1,19","1,73","6,25","1,25","6,25",7,"5,5",1,1,"1,75",6,0,0,"5,33",7,7,1,"2,5",7,1,"6,5","6,75",7,"4,5","2,25","2,67","6,01","1,46",0,7,"1,75"
4,FA,109,6,,1,1,56,5,,,9,,,6,6,1,3,"5,5","6,53","1,19","1,73","6,25","1,25","6,25",7,"5,5",1,1,"1,75",6,0,0,"5,33",7,7,1,"2,5",7,1,"6,5","6,75",7,"4,5","2,25","2,67","6,01","1,46",0,7,"1,75"
4,FA,110,6,,1,1,36,5,,,9,,,6,6,1,3,"5,5","6,53","1,19","1,73","6,25","1,25","6,25",7,"5,5",1,1,"1,75",6,0,0,"5,33",7,7,1,"2,5",7,1,"6,5","6,75",7,"4,5","2,25","2,67","6,01","1,46",0,7,"1,75"
4,FA,111,6,,1,1,37,5,,,9,,,6,6,1,3,"5,5","6,53","1,19","1,73","6,25","1,25","6,25",7,"5,5",1,1,"1,75",6,0,0,"5,33",7,7,1,"2,5",7,1,"6,5","6,75",7,"4,5","2,25","2,67","6,01","1,46",0,7,"1,75"
4,FA,112,6,,1,1,33,5,,,9,,,6,6,1,3,"5,5","6,53","1,19","1,73","6,25","1,25","6,25",7,"5,5",1,1,"1,75",6,0,0,"5,33",7,7,1,"2,5",7,1,"6,5","6,75",7,"4,5","2,25","2,67","6,01","1,46",0,7,"1,75"
4,FA,113,6,,1,1,27,5,,,9,,,6,6,1,3,"5,5","6,53","1,19","1,73","6,25","1,25","6,25",7,"5,5",1,1,"1,75",6,0,0,"5,33",7,7,1,"2,5",7,1,"6,5","6,75",7,"4,5","2,25","2,67","6,01","1,46",0,7,"1,75"
4,FA,114,6,,1,1,26,5,,,9,,,6,6,1,3,"5,5","6,53","1,19","1,73","6,25","1,25","6,25",7,"5,5",1,1,"1,75",6,0,0,"5,33",7,7,1,"2,5",7,1,"6,5","6,75",7,"4,5","2,25","2,67","6,01","1,46",0,7,"1,75"
4,FA,115,6,,1,1,31,5,,,9,,,6,6,1,3,"5,5","6,53","1,19","1,73","6,25","1,25","6,25",7,"5,5",1,1,"1,75",6,0,0,"5,33",7,7,1,"2,5",7,1,"6,5","6,75",7,"4,5","2,25","2,67","6,01","1,46",0,7,"1,75"
4,FA,116,6,6,1,1,32,9,,,,,,6,6,1,3,"5,5","6,53","1,19","1,73","6,25","1,25","6,25",7,"5,5",1,1,"1,75",6,0,0,"5,33",7,7,1,"2,5",7,1,"6,5","6,75",7,"4,5","2,25","2,67","6,01","1,46",0,7,"1,75"
4,FA,117,6,6,1,1,26,9,,,,,,6,6,1,3,"5,5","6,53","1,19","1,73","6,25","1,25","6,25",7,"5,5",1,1,"1,75",6,0,0,"5,33",7,7,1,"2,5",7,1,"6,5","6,75",7,"4,5","2,25","2,67","6,01","1,46",0,7,"1,75"
4,FA,118,6,6,1,1,32,9,,,,,,6,6,1,3,"5,5","6,53","1,19","1,73","6,25","1,25","6,25",7,"5,5",1,1,"1,75",6,0,0,"5,33",7,7,1,"2,5",7,1,"6,5","6,75",7,"4,5","2,25","2,67","6,01","1,46",0,7,"1,75"
4,FA,119,6,6,1,1,28,9,,,,,,6,6,1,3,"5,5","6,53","1,19","1,73","6,25","1,25","6,25",7,"5,5",1,1,"1,75",6,0,0,"5,33",7,7,1,"2,5",7,1,"6,5","6,75",7,"4,5","2,25","2,67","6,01","1,46",0,7,"1,75"
4,FA,120,6,6,1,1,28,9,,,,,,6,6,1,3,"5,5","6,53","1,19","1,73","6,25","1,25","6,25",7,"5,5",1,1,"1,75",6,0,0,"5,33",7,7,1,"2,5",7,1,"6,5","6,75",7,"4,5","2,25","2,67","6,01","1,46",0,7,"1,75"
5,RR,1,4,5,1,1,24,1,,,,,,"5,17","5,8","4,5","1,6","4,19","4,59","2,69","1,53","6,08","1,75","5,75","6,5",6,"2,5","1,25","1,5",6,"0,33",0,6,"6,6","6,75",2,"1,75","6,25",1,"6,25",5,"6,5","3,25",3,"1,33","4,39","2,11","0,17","6,5","1,88"
5,RR,2,4,5,1,1,23,1,,,,,,"5,17","5,8","4,5","1,6","4,19","4,59","2,69","1,53","6,08","1,75","5,75","6,5",6,"2,5","1,25","1,5",6,"0,33",0,6,"6,6","6,75",2,"1,75","6,25",1,"6,25",5,"6,5","3,25",3,"1,33","4,39","2,11","0,17","6,5","1,88"
5,RR,3,4,5,1,1,23,1,,,,,,"5,17","5,8","4,5","1,6","4,19","4,59","2,69","1,53","6,08","1,75","5,75","6,5",6,"2,5","1,25","1,5",6,"0,33",0,6,"6,6","6,75",2,"1,75","6,25",1,"6,25",5,"6,5","3,25",3,"1,33","4,39","2,11","0,17","6,5","1,88"
5,RR,4,4,5,1,1,22,1,,,,,,"5,17","5,8","4,5","1,6","4,19","4,59","2,69","1,53","6,08","1,75","5,75","6,5",6,"2,5","1,25","1,5",6,"0,33",0,6,"6,6","6,75",2,"1,75","6,25",1,"6,25",5,"6,5","3,25",3,"1,33","4,39","2,11","0,17","6,5","1,88"
5,RR,5,4,5,1,1,24,1,,,,,,"5,17","5,8","4,5","1,6","4,19","4,59","2,69","1,53","6,08","1,75","5,75","6,5",6,"2,5","1,25","1,5",6,"0,33",0,6,"6,6","6,75",2,"1,75","6,25",1,"6,25",5,"6,5","3,25",3,"1,33","4,39","2,11","0,17","6,5","1,88"
5,RR,6,"4,5",7,1,1,28,1,,,,,,"5,17","5,8","4,5","1,6","4,19","4,59","2,69","1,53","6,08","1,75","5,75","6,5",6,"2,5","1,25","1,5",6,"0,33",0,6,"6,6","6,75",2,"1,75","6,25",1,"6,25",5,"6,5","3,25",3,"1,33","4,39","2,11","0,17","6,5","1,88"
5,RR,7,"4,5",7,1,1,33,1,,,,,,"5,17","5,8","4,5","1,6","4,19","4,59","2,69","1,53","6,08","1,75","5,75","6,5",6,"2,5","1,25","1,5",6,"0,33",0,6,"6,6","6,75",2,"1,75","6,25",1,"6,25",5,"6,5","3,25",3,"1,33","4,39","2,11","0,17","6,5","1,88"
5,RR,8,"4,5",7,1,1,44,1,,,,,,"5,17","5,8","4,5","1,6","4,19","4,59","2,69","1,53","6,08","1,75","5,75","6,5",6,"2,5","1,25","1,5",6,"0,33",0,6,"6,6","6,75",2,"1,75","6,25",1,"6,25",5,"6,5","3,25",3,"1,33","4,39","2,11","0,17","6,5","1,88"
5,RR,9,"4,5",7,1,1,52,1,,,,,,"5,17","5,8","4,5","1,6","4,19","4,59","2,69","1,53","6,08","1,75","5,75","6,5",6,"2,5","1,25","1,5",6,"0,33",0,6,"6,6","6,75",2,"1,75","6,25",1,"6,25",5,"6,5","3,25",3,"1,33","4,39","2,11","0,17","6,5","1,88"
5,RR,10,"4,5",7,1,1,53,1,,,,,,"5,17","5,8","4,5","1,6","4,19","4,59","2,69","1,53","6,08","1,75","5,75","6,5",6,"2,5","1,25","1,5",6,"0,33",0,6,"6,6","6,75",2,"1,75","6,25",1,"6,25",5,"6,5","3,25",3,"1,33","4,39","2,11","0,17","6,5","1,88"
5,RR,11,5,7,1,1,50,1,,,,,,"5,17","5,8","4,5","1,6","4,19","4,59","2,69","1,53","6,08","1,75","5,75","6,5",6,"2,5","1,25","1,5",6,"0,33",0,6,"6,6","6,75",2,"1,75","6,25",1,"6,25",5,"6,5","3,25",3,"1,33","4,39","2,11","0,17","6,5","1,88"
5,RR,12,5,7,1,1,48,1,,,,,,"5,17","5,8","4,5","1,6","4,19","4,59","2,69","1,53","6,08","1,75","5,75","6,5",6,"2,5","1,25","1,5",6,"0,33",0,6,"6,6","6,75",2,"1,75","6,25",1,"6,25",5,"6,5","3,25",3,"1,33","4,39","2,11","0,17","6,5","1,88"
5,RR,13,5,7,1,1,45,1,,,,,,"5,17","5,8","4,5","1,6","4,19","4,59","2,69","1,53","6,08","1,75","5,75","6,5",6,"2,5","1,25","1,5",6,"0,33",0,6,"6,6","6,75",2,"1,75","6,25",1,"6,25",5,"6,5","3,25",3,"1,33","4,39","2,11","0,17","6,5","1,88"
5,RR,14,5,7,1,1,46,1,,,,,,"5,17","5,8","4,5","1,6","4,19","4,59","2,69","1,53","6,08","1,75","5,75","6,5",6,"2,5","1,25","1,5",6,"0,33",0,6,"6,6","6,75",2,"1,75","6,25",1,"6,25",5,"6,5","3,25",3,"1,33","4,39","2,11","0,17","6,5","1,88"
5,RR,15,5,7,1,1,60,1,,,,,,"5,17","5,8","4,5","1,6","4,19","4,59","2,69","1,53","6,08","1,75","5,75","6,5",6,"2,5","1,25","1,5",6,"0,33",0,6,"6,6","6,75",2,"1,75","6,25",1,"6,25",5,"6,5","3,25",3,"1,33","4,39","2,11","0,17","6,5","1,88"
5,RR,16,4,7,1,1,68,4,5,,,,,"5,17","5,8","4,5","1,6","4,19","4,59","2,69","1,53","6,08","1,75","5,75","6,5",6,"2,5","1,25","1,5",6,"0,33",0,6,"6,6","6,75",2,"1,75","6,25",1,"6,25",5,"6,5","3,25",3,"1,33","4,39","2,11","0,17","6,5","1,88"
5,RR,17,4,7,1,1,59,4,5,,,,,"5,17","5,8","4,5","1,6","4,19","4,59","2,69","1,53","6,08","1,75","5,75","6,5",6,"2,5","1,25","1,5",6,"0,33",0,6,"6,6","6,75",2,"1,75","6,25",1,"6,25",5,"6,5","3,25",3,"1,33","4,39","2,11","0,17","6,5","1,88"
5,RR,18,4,7,1,1,60,4,5,,,,,"5,17","5,8","4,5","1,6","4,19","4,59","2,69","1,53","6,08","1,75","5,75","6,5",6,"2,5","1,25","1,5",6,"0,33",0,6,"6,6","6,75",2,"1,75","6,25",1,"6,25",5,"6,5","3,25",3,"1,33","4,39","2,11","0,17","6,5","1,88"
5,RR,19,4,7,1,1,57,4,5,,,,,"5,17","5,8","4,5","1,6","4,19","4,59","2,69","1,53","6,08","1,75","5,75","6,5",6,"2,5","1,25","1,5",6,"0,33",0,6,"6,6","6,75",2,"1,75","6,25",1,"6,25",5,"6,5","3,25",3,"1,33","4,39","2,11","0,17","6,5","1,88"
5,RR,20,4,7,1,1,41,4,5,,,,,"5,17","5,8","4,5","1,6","4,19","4,59","2,69","1,53","6,08","1,75","5,75","6,5",6,"2,5","1,25","1,5",6,"0,33",0,6,"6,6","6,75",2,"1,75","6,25",1,"6,25",5,"6,5","3,25",3,"1,33","4,39","2,11","0,17","6,5","1,88"
5,RR,21,4,7,1,1,47,5,,,,,,"5,17","5,8","4,5","1,6","4,19","4,59","2,69","1,53","6,08","1,75","5,75","6,5",6,"2,5","1,25","1,5",6,"0,33",0,6,"6,6","6,75",2,"1,75","6,25",1,"6,25",5,"6,5","3,25",3,"1,33","4,39","2,11","0,17","6,5","1,88"
5,RR,22,4,7,1,1,51,5,,,,,,"5,17","5,8","4,5","1,6","4,19","4,59","2,69","1,53","6,08","1,75","5,75","6,5",6,"2,5","1,25","1,5",6,"0,33",0,6,"6,6","6,75",2,"1,75","6,25",1,"6,25",5,"6,5","3,25",3,"1,33","4,39","2,11","0,17","6,5","1,88"
5,RR,23,4,7,1,1,53,5,,,,,,"5,17","5,8","4,5","1,6","4,19","4,59","2,69","1,53","6,08","1,75","5,75","6,5",6,"2,5","1,25","1,5",6,"0,33",0,6,"6,6","6,75",2,"1,75","6,25",1,"6,25",5,"6,5","3,25",3,"1,33","4,39","2,11","0,17","6,5","1,88"
5,RR,24,4,7,1,1,58,5,,,,,,"5,17","5,8","4,5","1,6","4,19","4,59","2,69","1,53","6,08","1,75","5,75","6,5",6,"2,5","1,25","1,5",6,"0,33",0,6,"6,6","6,75",2,"1,75","6,25",1,"6,25",5,"6,5","3,25",3,"1,33","4,39","2,11","0,17","6,5","1,88"
5,RR,25,4,7,1,1,45,5,,,,,,"5,17","5,8","4,5","1,6","4,19","4,59","2,69","1,53","6,08","1,75","5,75","6,5",6,"2,5","1,25","1,5",6,"0,33",0,6,"6,6","6,75",2,"1,75","6,25",1,"6,25",5,"6,5","3,25",3,"1,33","4,39","2,11","0,17","6,5","1,88"
5,RR,26,"4,666666667",7,1,1,40,5,,,,,,"5,17","5,8","4,5","1,6","4,19","4,59","2,69","1,53","6,08","1,75","5,75","6,5",6,"2,5","1,25","1,5",6,"0,33",0,6,"6,6","6,75",2,"1,75","6,25",1,"6,25",5,"6,5","3,25",3,"1,33","4,39","2,11","0,17","6,5","1,88"
5,RR,27,"4,666666667",7,1,1,42,5,,,,,,"5,17","5,8","4,5","1,6","4,19","4,59","2,69","1,53","6,08","1,75","5,75","6,5",6,"2,5","1,25","1,5",6,"0,33",0,6,"6,6","6,75",2,"1,75","6,25",1,"6,25",5,"6,5","3,25",3,"1,33","4,39","2,11","0,17","6,5","1,88"
5,RR,28,"4,666666667",7,1,1,48,5,,,,,,"5,17","5,8","4,5","1,6","4,19","4,59","2,69","1,53","6,08","1,75","5,75","6,5",6,"2,5","1,25","1,5",6,"0,33",0,6,"6,6","6,75",2,"1,75","6,25",1,"6,25",5,"6,5","3,25",3,"1,33","4,39","2,11","0,17","6,5","1,88"
5,RR,29,"4,666666667",7,1,1,46,5,,,,,,"5,17","5,8","4,5","1,6","4,19","4,59","2,69","1,53","6,08","1,75","5,75","6,5",6,"2,5","1,25","1,5",6,"0,33",0,6,"6,6","6,75",2,"1,75","6,25",1,"6,25",5,"6,5","3,25",3,"1,33","4,39","2,11","0,17","6,5","1,88"
5,RR,30,"4,666666667",7,1,1,43,5,,,,,,"5,17","5,8","4,5","1,6","4,19","4,59","2,69","1,53","6,08","1,75","5,75","6,5",6,"2,5","1,25","1,5",6,"0,33",0,6,"6,6","6,75",2,"1,75","6,25",1,"6,25",5,"6,5","3,25",3,"1,33","4,39","2,11","0,17","6,5","1,88"
5,RR,31,4,7,1,1,63,5,,,9,,,"5,17","5,8","4,5","1,6","4,19","4,59","2,69","1,53","6,08","1,75","5,75","6,5",6,"2,5","1,25","1,5",6,"0,33",0,6,"6,6","6,75",2,"1,75","6,25",1,"6,25",5,"6,5","3,25",3,"1,33","4,39","2,11","0,17","6,5","1,88"
5,RR,32,4,7,1,1,71,5,,,9,,,"5,17","5,8","4,5","1,6","4,19","4,59","2,69","1,53","6,08","1,75","5,75","6,5",6,"2,5","1,25","1,5",6,"0,33",0,6,"6,6","6,75",2,"1,75","6,25",1,"6,25",5,"6,5","3,25",3,"1,33","4,39","2,11","0,17","6,5","1,88"
5,RR,33,4,7,1,1,72,5,,,9,,,"5,17","5,8","4,5","1,6","4,19","4,59","2,69","1,53","6,08","1,75","5,75","6,5",6,"2,5","1,25","1,5",6,"0,33",0,6,"6,6","6,75",2,"1,75","6,25",1,"6,25",5,"6,5","3,25",3,"1,33","4,39","2,11","0,17","6,5","1,88"
5,RR,34,4,7,1,1,65,5,,,9,,,"5,17","5,8","4,5","1,6","4,19","4,59","2,69","1,53","6,08","1,75","5,75","6,5",6,"2,5","1,25","1,5",6,"0,33",0,6,"6,6","6,75",2,"1,75","6,25",1,"6,25",5,"6,5","3,25",3,"1,33","4,39","2,11","0,17","6,5","1,88"
5,RR,35,4,7,1,1,66,5,,,9,,,"5,17","5,8","4,5","1,6","4,19","4,59","2,69","1,53","6,08","1,75","5,75","6,5",6,"2,5","1,25","1,5",6,"0,33",0,6,"6,6","6,75",2,"1,75","6,25",1,"6,25",5,"6,5","3,25",3,"1,33","4,39","2,11","0,17","6,5","1,88"
5,RR,36,4,7,1,1,72,5,,,9,,,"5,17","5,8","4,5","1,6","4,19","4,59","2,69","1,53","6,08","1,75","5,75","6,5",6,"2,5","1,25","1,5",6,"0,33",0,6,"6,6","6,75",2,"1,75","6,25",1,"6,25",5,"6,5","3,25",3,"1,33","4,39","2,11","0,17","6,5","1,88"
5,RR,37,4,7,1,1,66,5,,,9,,,"5,17","5,8","4,5","1,6","4,19","4,59","2,69","1,53","6,08","1,75","5,75","6,5",6,"2,5","1,25","1,5",6,"0,33",0,6,"6,6","6,75",2,"1,75","6,25",1,"6,25",5,"6,5","3,25",3,"1,33","4,39","2,11","0,17","6,5","1,88"
5,RR,38,4,7,1,1,59,5,,,9,,,"5,17","5,8","4,5","1,6","4,19","4,59","2,69","1,53","6,08","1,75","5,75","6,5",6,"2,5","1,25","1,5",6,"0,33",0,6,"6,6","6,75",2,"1,75","6,25",1,"6,25",5,"6,5","3,25",3,"1,33","4,39","2,11","0,17","6,5","1,88"
5,RR,39,4,7,1,1,58,5,,,9,,,"5,17","5,8","4,5","1,6","4,19","4,59","2,69","1,53","6,08","1,75","5,75","6,5",6,"2,5","1,25","1,5",6,"0,33",0,6,"6,6","6,75",2,"1,75","6,25",1,"6,25",5,"6,5","3,25",3,"1,33","4,39","2,11","0,17","6,5","1,88"
5,RR,40,4,7,1,1,56,5,,,9,,,"5,17","5,8","4,5","1,6","4,19","4,59","2,69","1,53","6,08","1,75","5,75","6,5",6,"2,5","1,25","1,5",6,"0,33",0,6,"6,6","6,75",2,"1,75","6,25",1,"6,25",5,"6,5","3,25",3,"1,33","4,39","2,11","0,17","6,5","1,88"
5,RR,41,4,7,1,1,55,5,,,,,,"5,17","5,8","4,5","1,6","4,19","4,59","2,69","1,53","6,08","1,75","5,75","6,5",6,"2,5","1,25","1,5",6,"0,33",0,6,"6,6","6,75",2,"1,75","6,25",1,"6,25",5,"6,5","3,25",3,"1,33","4,39","2,11","0,17","6,5","1,88"
5,RR,42,4,7,1,1,57,5,,,,,,"5,17","5,8","4,5","1,6","4,19","4,59","2,69","1,53","6,08","1,75","5,75","6,5",6,"2,5","1,25","1,5",6,"0,33",0,6,"6,6","6,75",2,"1,75","6,25",1,"6,25",5,"6,5","3,25",3,"1,33","4,39","2,11","0,17","6,5","1,88"
5,RR,43,4,7,1,1,56,5,,,,,,"5,17","5,8","4,5","1,6","4,19","4,59","2,69","1,53","6,08","1,75","5,75","6,5",6,"2,5","1,25","1,5",6,"0,33",0,6,"6,6","6,75",2,"1,75","6,25",1,"6,25",5,"6,5","3,25",3,"1,33","4,39","2,11","0,17","6,5","1,88"
5,RR,44,4,7,1,1,74,5,,,,,,"5,17","5,8","4,5","1,6","4,19","4,59","2,69","1,53","6,08","1,75","5,75","6,5",6,"2,5","1,25","1,5",6,"0,33",0,6,"6,6","6,75",2,"1,75","6,25",1,"6,25",5,"6,5","3,25",3,"1,33","4,39","2,11","0,17","6,5","1,88"
5,RR,45,4,7,1,1,73,5,,,,,,"5,17","5,8","4,5","1,6","4,19","4,59","2,69","1,53","6,08","1,75","5,75","6,5",6,"2,5","1,25","1,5",6,"0,33",0,6,"6,6","6,75",2,"1,75","6,25",1,"6,25",5,"6,5","3,25",3,"1,33","4,39","2,11","0,17","6,5","1,88"
5,RR,46,4,7,1,1,78,5,,,,,,"5,17","5,8","4,5","1,6","4,19","4,59","2,69","1,53","6,08","1,75","5,75","6,5",6,"2,5","1,25","1,5",6,"0,33",0,6,"6,6","6,75",2,"1,75","6,25",1,"6,25",5,"6,5","3,25",3,"1,33","4,39","2,11","0,17","6,5","1,88"
5,RR,47,4,7,1,1,86,5,,,,,,"5,17","5,8","4,5","1,6","4,19","4,59","2,69","1,53","6,08","1,75","5,75","6,5",6,"2,5","1,25","1,5",6,"0,33",0,6,"6,6","6,75",2,"1,75","6,25",1,"6,25",5,"6,5","3,25",3,"1,33","4,39","2,11","0,17","6,5","1,88"
5,RR,48,4,7,1,1,70,5,,,,,,"5,17","5,8","4,5","1,6","4,19","4,59","2,69","1,53","6,08","1,75","5,75","6,5",6,"2,5","1,25","1,5",6,"0,33",0,6,"6,6","6,75",2,"1,75","6,25",1,"6,25",5,"6,5","3,25",3,"1,33","4,39","2,11","0,17","6,5","1,88"
5,RR,49,4,7,1,1,65,5,,,,,,"5,17","5,8","4,5","1,6","4,19","4,59","2,69","1,53","6,08","1,75","5,75","6,5",6,"2,5","1,25","1,5",6,"0,33",0,6,"6,6","6,75",2,"1,75","6,25",1,"6,25",5,"6,5","3,25",3,"1,33","4,39","2,11","0,17","6,5","1,88"
5,RR,50,4,7,1,1,73,5,,,,,,"5,17","5,8","4,5","1,6","4,19","4,59","2,69","1,53","6,08","1,75","5,75","6,5",6,"2,5","1,25","1,5",6,"0,33",0,6,"6,6","6,75",2,"1,75","6,25",1,"6,25",5,"6,5","3,25",3,"1,33","4,39","2,11","0,17","6,5","1,88"
5,RR,51,5,7,1,1,67,5,,,,,,"5,17","5,8","4,5","1,6","4,19","4,59","2,69","1,53","6,08","1,75","5,75","6,5",6,"2,5","1,25","1,5",6,"0,33",0,6,"6,6","6,75",2,"1,75","6,25",1,"6,25",5,"6,5","3,25",3,"1,33","4,39","2,11","0,17","6,5","1,88"
5,RR,52,5,7,1,1,59,5,,,,,,"5,17","5,8","4,5","1,6","4,19","4,59","2,69","1,53","6,08","1,75","5,75","6,5",6,"2,5","1,25","1,5",6,"0,33",0,6,"6,6","6,75",2,"1,75","6,25",1,"6,25",5,"6,5","3,25",3,"1,33","4,39","2,11","0,17","6,5","1,88"
5,RR,53,5,7,1,1,83,5,,,,,,"5,17","5,8","4,5","1,6","4,19","4,59","2,69","1,53","6,08","1,75","5,75","6,5",6,"2,5","1,25","1,5",6,"0,33",0,6,"6,6","6,75",2,"1,75","6,25",1,"6,25",5,"6,5","3,25",3,"1,33","4,39","2,11","0,17","6,5","1,88"
5,RR,54,5,7,1,1,68,5,,,,,,"5,17","5,8","4,5","1,6","4,19","4,59","2,69","1,53","6,08","1,75","5,75","6,5",6,"2,5","1,25","1,5",6,"0,33",0,6,"6,6","6,75",2,"1,75","6,25",1,"6,25",5,"6,5","3,25",3,"1,33","4,39","2,11","0,17","6,5","1,88"
5,RR,55,5,7,1,1,70,5,,,,,,"5,17","5,8","4,5","1,6","4,19","4,59","2,69","1,53","6,08","1,75","5,75","6,5",6,"2,5","1,25","1,5",6,"0,33",0,6,"6,6","6,75",2,"1,75","6,25",1,"6,25",5,"6,5","3,25",3,"1,33","4,39","2,11","0,17","6,5","1,88"
5,RR,56,5,7,1,1,72,5,,,,,,"5,17","5,8","4,5","1,6","4,19","4,59","2,69","1,53","6,08","1,75","5,75","6,5",6,"2,5","1,25","1,5",6,"0,33",0,6,"6,6","6,75",2,"1,75","6,25",1,"6,25",5,"6,5","3,25",3,"1,33","4,39","2,11","0,17","6,5","1,88"
5,RR,57,5,7,1,1,91,5,,,,,,"5,17","5,8","4,5","1,6","4,19","4,59","2,69","1,53","6,08","1,75","5,75","6,5",6,"2,5","1,25","1,5",6,"0,33",0,6,"6,6","6,75",2,"1,75","6,25",1,"6,25",5,"6,5","3,25",3,"1,33","4,39","2,11","0,17","6,5","1,88"
5,RR,58,5,7,1,1,80,5,,,,,,"5,17","5,8","4,5","1,6","4,19","4,59","2,69","1,53","6,08","1,75","5,75","6,5",6,"2,5","1,25","1,5",6,"0,33",0,6,"6,6","6,75",2,"1,75","6,25",1,"6,25",5,"6,5","3,25",3,"1,33","4,39","2,11","0,17","6,5","1,88"
5,RR,59,5,7,1,1,76,5,,,,,,"5,17","5,8","4,5","1,6","4,19","4,59","2,69","1,53","6,08","1,75","5,75","6,5",6,"2,5","1,25","1,5",6,"0,33",0,6,"6,6","6,75",2,"1,75","6,25",1,"6,25",5,"6,5","3,25",3,"1,33","4,39","2,11","0,17","6,5","1,88"
5,RR,60,5,7,1,1,76,5,,,,,,"5,17","5,8","4,5","1,6","4,19","4,59","2,69","1,53","6,08","1,75","5,75","6,5",6,"2,5","1,25","1,5",6,"0,33",0,6,"6,6","6,75",2,"1,75","6,25",1,"6,25",5,"6,5","3,25",3,"1,33","4,39","2,11","0,17","6,5","1,88"
5,RR,61,3,7,1,1,64,5,,,,,,"5,17","5,8","4,5","1,6","4,19","4,59","2,69","1,53","6,08","1,75","5,75","6,5",6,"2,5","1,25","1,5",6,"0,33",0,6,"6,6","6,75",2,"1,75","6,25",1,"6,25",5,"6,5","3,25",3,"1,33","4,39","2,11","0,17","6,5","1,88"
5,RR,62,3,7,1,1,70,5,,,,,,"5,17","5,8","4,5","1,6","4,19","4,59","2,69","1,53","6,08","1,75","5,75","6,5",6,"2,5","1,25","1,5",6,"0,33",0,6,"6,6","6,75",2,"1,75","6,25",1,"6,25",5,"6,5","3,25",3,"1,33","4,39","2,11","0,17","6,5","1,88"
5,RR,63,3,7,1,1,75,5,,,,,,"5,17","5,8","4,5","1,6","4,19","4,59","2,69","1,53","6,08","1,75","5,75","6,5",6,"2,5","1,25","1,5",6,"0,33",0,6,"6,6","6,75",2,"1,75","6,25",1,"6,25",5,"6,5","3,25",3,"1,33","4,39","2,11","0,17","6,5","1,88"
5,RR,64,3,7,1,1,73,5,,,,,,"5,17","5,8","4,5","1,6","4,19","4,59","2,69","1,53","6,08","1,75","5,75","6,5",6,"2,5","1,25","1,5",6,"0,33",0,6,"6,6","6,75",2,"1,75","6,25",1,"6,25",5,"6,5","3,25",3,"1,33","4,39","2,11","0,17","6,5","1,88"
5,RR,65,3,7,1,1,62,5,,,,,,"5,17","5,8","4,5","1,6","4,19","4,59","2,69","1,53","6,08","1,75","5,75","6,5",6,"2,5","1,25","1,5",6,"0,33",0,6,"6,6","6,75",2,"1,75","6,25",1,"6,25",5,"6,5","3,25",3,"1,33","4,39","2,11","0,17","6,5","1,88"
5,RR,66,3,7,1,1,63,6,,,,,,"5,17","5,8","4,5","1,6","4,19","4,59","2,69","1,53","6,08","1,75","5,75","6,5",6,"2,5","1,25","1,5",6,"0,33",0,6,"6,6","6,75",2,"1,75","6,25",1,"6,25",5,"6,5","3,25",3,"1,33","4,39","2,11","0,17","6,5","1,88"
5,RR,67,3,7,1,1,75,6,,,,,,"5,17","5,8","4,5","1,6","4,19","4,59","2,69","1,53","6,08","1,75","5,75","6,5",6,"2,5","1,25","1,5",6,"0,33",0,6,"6,6","6,75",2,"1,75","6,25",1,"6,25",5,"6,5","3,25",3,"1,33","4,39","2,11","0,17","6,5","1,88"
5,RR,68,3,7,1,1,65,6,,,,,,"5,17","5,8","4,5","1,6","4,19","4,59","2,69","1,53","6,08","1,75","5,75","6,5",6,"2,5","1,25","1,5",6,"0,33",0,6,"6,6","6,75",2,"1,75","6,25",1,"6,25",5,"6,5","3,25",3,"1,33","4,39","2,11","0,17","6,5","1,88"
5,RR,69,5,7,1,1,80,6,,,,,,"5,17","5,8","4,5","1,6","4,19","4,59","2,69","1,53","6,08","1,75","5,75","6,5",6,"2,5","1,25","1,5",6,"0,33",0,6,"6,6","6,75",2,"1,75","6,25",1,"6,25",5,"6,5","3,25",3,"1,33","4,39","2,11","0,17","6,5","1,88"
5,RR,70,5,7,1,1,78,6,,,5,,,"5,17","5,8","4,5","1,6","4,19","4,59","2,69","1,53","6,08","1,75","5,75","6,5",6,"2,5","1,25","1,5",6,"0,33",0,6,"6,6","6,75",2,"1,75","6,25",1,"6,25",5,"6,5","3,25",3,"1,33","4,39","2,11","0,17","6,5","1,88"
5,RR,71,3,7,5,1,79,6,,,5,,,"5,17","5,8","4,5","1,6","4,19","4,59","2,69","1,53","6,08","1,75","5,75","6,5",6,"2,5","1,25","1,5",6,"0,33",0,6,"6,6","6,75",2,"1,75","6,25",1,"6,25",5,"6,5","3,25",3,"1,33","4,39","2,11","0,17","6,5","1,88"
5,RR,72,3,7,5,1,82,6,,,5,,,"5,17","5,8","4,5","1,6","4,19","4,59","2,69","1,53","6,08","1,75","5,75","6,5",6,"2,5","1,25","1,5",6,"0,33",0,6,"6,6","6,75",2,"1,75","6,25",1,"6,25",5,"6,5","3,25",3,"1,33","4,39","2,11","0,17","6,5","1,88"
5,RR,73,3,7,5,1,91,6,,,5,,,"5,17","5,8","4,5","1,6","4,19","4,59","2,69","1,53","6,08","1,75","5,75","6,5",6,"2,5","1,25","1,5",6,"0,33",0,6,"6,6","6,75",2,"1,75","6,25",1,"6,25",5,"6,5","3,25",3,"1,33","4,39","2,11","0,17","6,5","1,88"
5,RR,74,3,7,5,1,98,6,,,5,,,"5,17","5,8","4,5","1,6","4,19","4,59","2,69","1,53","6,08","1,75","5,75","6,5",6,"2,5","1,25","1,5",6,"0,33",0,6,"6,6","6,75",2,"1,75","6,25",1,"6,25",5,"6,5","3,25",3,"1,33","4,39","2,11","0,17","6,5","1,88"
5,RR,75,3,7,5,1,100,6,,,,,,"5,17","5,8","4,5","1,6","4,19","4,59","2,69","1,53","6,08","1,75","5,75","6,5",6,"2,5","1,25","1,5",6,"0,33",0,6,"6,6","6,75",2,"1,75","6,25",1,"6,25",5,"6,5","3,25",3,"1,33","4,39","2,11","0,17","6,5","1,88"
5,RR,76,6,7,1,1,100,6,,,,,,"5,17","5,8","4,5","1,6","4,19","4,59","2,69","1,53","6,08","1,75","5,75","6,5",6,"2,5","1,25","1,5",6,"0,33",0,6,"6,6","6,75",2,"1,75","6,25",1,"6,25",5,"6,5","3,25",3,"1,33","4,39","2,11","0,17","6,5","1,88"
5,RR,77,6,7,1,1,100,6,,,,,,"5,17","5,8","4,5","1,6","4,19","4,59","2,69","1,53","6,08","1,75","5,75","6,5",6,"2,5","1,25","1,5",6,"0,33",0,6,"6,6","6,75",2,"1,75","6,25",1,"6,25",5,"6,5","3,25",3,"1,33","4,39","2,11","0,17","6,5","1,88"
5,RR,78,6,7,1,1,100,6,,,,,,"5,17","5,8","4,5","1,6","4,19","4,59","2,69","1,53","6,08","1,75","5,75","6,5",6,"2,5","1,25","1,5",6,"0,33",0,6,"6,6","6,75",2,"1,75","6,25",1,"6,25",5,"6,5","3,25",3,"1,33","4,39","2,11","0,17","6,5","1,88"
5,RR,79,6,7,1,1,100,6,,,,,,"5,17","5,8","4,5","1,6","4,19","4,59","2,69","1,53","6,08","1,75","5,75","6,5",6,"2,5","1,25","1,5",6,"0,33",0,6,"6,6","6,75",2,"1,75","6,25",1,"6,25",5,"6,5","3,25",3,"1,33","4,39","2,11","0,17","6,5","1,88"
5,RR,80,6,7,1,1,100,6,,,,,,"5,17","5,8","4,5","1,6","4,19","4,59","2,69","1,53","6,08","1,75","5,75","6,5",6,"2,5","1,25","1,5",6,"0,33",0,6,"6,6","6,75",2,"1,75","6,25",1,"6,25",5,"6,5","3,25",3,"1,33","4,39","2,11","0,17","6,5","1,88"
5,RR,81,6,7,1,1,100,6,,,,,,"5,17","5,8","4,5","1,6","4,19","4,59","2,69","1,53","6,08","1,75","5,75","6,5",6,"2,5","1,25","1,5",6,"0,33",0,6,"6,6","6,75",2,"1,75","6,25",1,"6,25",5,"6,5","3,25",3,"1,33","4,39","2,11","0,17","6,5","1,88"
5,RR,82,6,7,1,1,100,6,,,,,,"5,17","5,8","4,5","1,6","4,19","4,59","2,69","1,53","6,08","1,75","5,75","6,5",6,"2,5","1,25","1,5",6,"0,33",0,6,"6,6","6,75",2,"1,75","6,25",1,"6,25",5,"6,5","3,25",3,"1,33","4,39","2,11","0,17","6,5","1,88"
5,RR,83,6,7,1,1,100,6,,,,,,"5,17","5,8","4,5","1,6","4,19","4,59","2,69","1,53","6,08","1,75","5,75","6,5",6,"2,5","1,25","1,5",6,"0,33",0,6,"6,6","6,75",2,"1,75","6,25",1,"6,25",5,"6,5","3,25",3,"1,33","4,39","2,11","0,17","6,5","1,88"
5,RR,84,6,7,1,1,100,6,,,,,,"5,17","5,8","4,5","1,6","4,19","4,59","2,69","1,53","6,08","1,75","5,75","6,5",6,"2,5","1,25","1,5",6,"0,33",0,6,"6,6","6,75",2,"1,75","6,25",1,"6,25",5,"6,5","3,25",3,"1,33","4,39","2,11","0,17","6,5","1,88"
5,RR,85,6,7,1,1,100,6,,,,,,"5,17","5,8","4,5","1,6","4,19","4,59","2,69","1,53","6,08","1,75","5,75","6,5",6,"2,5","1,25","1,5",6,"0,33",0,6,"6,6","6,75",2,"1,75","6,25",1,"6,25",5,"6,5","3,25",3,"1,33","4,39","2,11","0,17","6,5","1,88"
5,RR,86,6,7,1,1,100,6,,,,,,"5,17","5,8","4,5","1,6","4,19","4,59","2,69","1,53","6,08","1,75","5,75","6,5",6,"2,5","1,25","1,5",6,"0,33",0,6,"6,6","6,75",2,"1,75","6,25",1,"6,25",5,"6,5","3,25",3,"1,33","4,39","2,11","0,17","6,5","1,88"
5,RR,87,6,7,1,1,100,6,,,,,,"5,17","5,8","4,5","1,6","4,19","4,59","2,69","1,53","6,08","1,75","5,75","6,5",6,"2,5","1,25","1,5",6,"0,33",0,6,"6,6","6,75",2,"1,75","6,25",1,"6,25",5,"6,5","3,25",3,"1,33","4,39","2,11","0,17","6,5","1,88"
5,RR,88,6,7,1,1,100,6,,,,,,"5,17","5,8","4,5","1,6","4,19","4,59","2,69","1,53","6,08","1,75","5,75","6,5",6,"2,5","1,25","1,5",6,"0,33",0,6,"6,6","6,75",2,"1,75","6,25",1,"6,25",5,"6,5","3,25",3,"1,33","4,39","2,11","0,17","6,5","1,88"
5,RR,89,6,7,1,1,100,6,,,,,,"5,17","5,8","4,5","1,6","4,19","4,59","2,69","1,53","6,08","1,75","5,75","6,5",6,"2,5","1,25","1,5",6,"0,33",0,6,"6,6","6,75",2,"1,75","6,25",1,"6,25",5,"6,5","3,25",3,"1,33","4,39","2,11","0,17","6,5","1,88"
5,RR,90,6,7,1,1,100,6,,,,,,"5,17","5,8","4,5","1,6","4,19","4,59","2,69","1,53","6,08","1,75","5,75","6,5",6,"2,5","1,25","1,5",6,"0,33",0,6,"6,6","6,75",2,"1,75","6,25",1,"6,25",5,"6,5","3,25",3,"1,33","4,39","2,11","0,17","6,5","1,88"
5,RR,91,,,,,100,,,,1,,,"5,17","5,8","4,5","1,6","4,19","4,59","2,69","1,53","6,08","1,75","5,75","6,5",6,"2,5","1,25","1,5",6,"0,33",0,6,"6,6","6,75",2,"1,75","6,25",1,"6,25",5,"6,5","3,25",3,"1,33","4,39","2,11","0,17","6,5","1,88"
5,RR,92,,,,,100,,,,1,,,"5,17","5,8","4,5","1,6","4,19","4,59","2,69","1,53","6,08","1,75","5,75","6,5",6,"2,5","1,25","1,5",6,"0,33",0,6,"6,6","6,75",2,"1,75","6,25",1,"6,25",5,"6,5","3,25",3,"1,33","4,39","2,11","0,17","6,5","1,88"
5,RR,93,,,,,100,,,,1,,,"5,17","5,8","4,5","1,6","4,19","4,59","2,69","1,53","6,08","1,75","5,75","6,5",6,"2,5","1,25","1,5",6,"0,33",0,6,"6,6","6,75",2,"1,75","6,25",1,"6,25",5,"6,5","3,25",3,"1,33","4,39","2,11","0,17","6,5","1,88"
5,RR,94,,,,,100,,,,1,,,"5,17","5,8","4,5","1,6","4,19","4,59","2,69","1,53","6,08","1,75","5,75","6,5",6,"2,5","1,25","1,5",6,"0,33",0,6,"6,6","6,75",2,"1,75","6,25",1,"6,25",5,"6,5","3,25",3,"1,33","4,39","2,11","0,17","6,5","1,88"
5,RR,95,,,,,100,,,,1,,,"5,17","5,8","4,5","1,6","4,19","4,59","2,69","1,53","6,08","1,75","5,75","6,5",6,"2,5","1,25","1,5",6,"0,33",0,6,"6,6","6,75",2,"1,75","6,25",1,"6,25",5,"6,5","3,25",3,"1,33","4,39","2,11","0,17","6,5","1,88"
5,RR,96,,,,,100,,,,1,,,"5,17","5,8","4,5","1,6","4,19","4,59","2,69","1,53","6,08","1,75","5,75","6,5",6,"2,5","1,25","1,5",6,"0,33",0,6,"6,6","6,75",2,"1,75","6,25",1,"6,25",5,"6,5","3,25",3,"1,33","4,39","2,11","0,17","6,5","1,88"
5,RR,97,,,,,100,,,,1,,,"5,17","5,8","4,5","1,6","4,19","4,59","2,69","1,53","6,08","1,75","5,75","6,5",6,"2,5","1,25","1,5",6,"0,33",0,6,"6,6","6,75",2,"1,75","6,25",1,"6,25",5,"6,5","3,25",3,"1,33","4,39","2,11","0,17","6,5","1,88"
5,RR,98,,,,,100,,,,1,,,"5,17","5,8","4,5","1,6","4,19","4,59","2,69","1,53","6,08","1,75","5,75","6,5",6,"2,5","1,25","1,5",6,"0,33",0,6,"6,6","6,75",2,"1,75","6,25",1,"6,25",5,"6,5","3,25",3,"1,33","4,39","2,11","0,17","6,5","1,88"
5,RR,99,,,,,100,,,,1,,,"5,17","5,8","4,5","1,6","4,19","4,59","2,69","1,53","6,08","1,75","5,75","6,5",6,"2,5","1,25","1,5",6,"0,33",0,6,"6,6","6,75",2,"1,75","6,25",1,"6,25",5,"6,5","3,25",3,"1,33","4,39","2,11","0,17","6,5","1,88"
5,RR,100,,,,,100,,,,1,,,"5,17","5,8","4,5","1,6","4,19","4,59","2,69","1,53","6,08","1,75","5,75","6,5",6,"2,5","1,25","1,5",6,"0,33",0,6,"6,6","6,75",2,"1,75","6,25",1,"6,25",5,"6,5","3,25",3,"1,33","4,39","2,11","0,17","6,5","1,88"
5,RR,101,,,,,100,,,,1,,,"5,17","5,8","4,5","1,6","4,19","4,59","2,69","1,53","6,08","1,75","5,75","6,5",6,"2,5","1,25","1,5",6,"0,33",0,6,"6,6","6,75",2,"1,75","6,25",1,"6,25",5,"6,5","3,25",3,"1,33","4,39","2,11","0,17","6,5","1,88"
5,RR,102,,,,,100,,,,1,,,"5,17","5,8","4,5","1,6","4,19","4,59","2,69","1,53","6,08","1,75","5,75","6,5",6,"2,5","1,25","1,5",6,"0,33",0,6,"6,6","6,75",2,"1,75","6,25",1,"6,25",5,"6,5","3,25",3,"1,33","4,39","2,11","0,17","6,5","1,88"
5,RR,103,,,,,100,,,,1,,,"5,17","5,8","4,5","1,6","4,19","4,59","2,69","1,53","6,08","1,75","5,75","6,5",6,"2,5","1,25","1,5",6,"0,33",0,6,"6,6","6,75",2,"1,75","6,25",1,"6,25",5,"6,5","3,25",3,"1,33","4,39","2,11","0,17","6,5","1,88"
5,RR,104,,,,,100,,,,1,,,"5,17","5,8","4,5","1,6","4,19","4,59","2,69","1,53","6,08","1,75","5,75","6,5",6,"2,5","1,25","1,5",6,"0,33",0,6,"6,6","6,75",2,"1,75","6,25",1,"6,25",5,"6,5","3,25",3,"1,33","4,39","2,11","0,17","6,5","1,88"
5,RR,105,,,,,100,,,,1,,,"5,17","5,8","4,5","1,6","4,19","4,59","2,69","1,53","6,08","1,75","5,75","6,5",6,"2,5","1,25","1,5",6,"0,33",0,6,"6,6","6,75",2,"1,75","6,25",1,"6,25",5,"6,5","3,25",3,"1,33","4,39","2,11","0,17","6,5","1,88"
6,JM,1,,,1,,89,1,,,,,,7,7,"1,5",1,"6,06","6,29","1,38",2,7,1,7,7,7,1,1,1,"6,8",0,0,6,7,7,1,1,7,1,7,7,7,"6,75","4,75",1,"6,18","1,69",0,7,1
6,JM,2,,,1,,88,1,,,,,,7,7,"1,5",1,"6,06","6,29","1,38",2,7,1,7,7,7,1,1,1,"6,8",0,0,6,7,7,1,1,7,1,7,7,7,"6,75","4,75",1,"6,18","1,69",0,7,1
6,JM,3,,,1,,100,1,,,,,,7,7,"1,5",1,"6,06","6,29","1,38",2,7,1,7,7,7,1,1,1,"6,8",0,0,6,7,7,1,1,7,1,7,7,7,"6,75","4,75",1,"6,18","1,69",0,7,1
6,JM,4,,,1,,100,1,,,,,,7,7,"1,5",1,"6,06","6,29","1,38",2,7,1,7,7,7,1,1,1,"6,8",0,0,6,7,7,1,1,7,1,7,7,7,"6,75","4,75",1,"6,18","1,69",0,7,1
6,JM,5,,,1,,100,1,,,,,,7,7,"1,5",1,"6,06","6,29","1,38",2,7,1,7,7,7,1,1,1,"6,8",0,0,6,7,7,1,1,7,1,7,7,7,"6,75","4,75",1,"6,18","1,69",0,7,1
6,JM,6,7,"5,5",1,1,100,1,,,,,,7,7,"1,5",1,"6,06","6,29","1,38",2,7,1,7,7,7,1,1,1,"6,8",0,0,6,7,7,1,1,7,1,7,7,7,"6,75","4,75",1,"6,18","1,69",0,7,1
6,JM,7,7,"5,5",1,1,91,1,,,,,,7,7,"1,5",1,"6,06","6,29","1,38",2,7,1,7,7,7,1,1,1,"6,8",0,0,6,7,7,1,1,7,1,7,7,7,"6,75","4,75",1,"6,18","1,69",0,7,1
6,JM,8,7,"5,5",1,1,99,1,,,,,,7,7,"1,5",1,"6,06","6,29","1,38",2,7,1,7,7,7,1,1,1,"6,8",0,0,6,7,7,1,1,7,1,7,7,7,"6,75","4,75",1,"6,18","1,69",0,7,1
6,JM,9,7,"5,5",1,1,86,1,,,,,,7,7,"1,5",1,"6,06","6,29","1,38",2,7,1,7,7,7,1,1,1,"6,8",0,0,6,7,7,1,1,7,1,7,7,7,"6,75","4,75",1,"6,18","1,69",0,7,1
6,JM,10,7,"5,5",1,1,100,1,,,,,,7,7,"1,5",1,"6,06","6,29","1,38",2,7,1,7,7,7,1,1,1,"6,8",0,0,6,7,7,1,1,7,1,7,7,7,"6,75","4,75",1,"6,18","1,69",0,7,1
6,JM,11,6,,1,1,99,4,,,9,,,7,7,"1,5",1,"6,06","6,29","1,38",2,7,1,7,7,7,1,1,1,"6,8",0,0,6,7,7,1,1,7,1,7,7,7,"6,75","4,75",1,"6,18","1,69",0,7,1
6,JM,12,6,,1,1,86,4,,,9,,,7,7,"1,5",1,"6,06","6,29","1,38",2,7,1,7,7,7,1,1,1,"6,8",0,0,6,7,7,1,1,7,1,7,7,7,"6,75","4,75",1,"6,18","1,69",0,7,1
6,JM,13,6,,1,1,88,4,,,9,,,7,7,"1,5",1,"6,06","6,29","1,38",2,7,1,7,7,7,1,1,1,"6,8",0,0,6,7,7,1,1,7,1,7,7,7,"6,75","4,75",1,"6,18","1,69",0,7,1
6,JM,14,6,,1,1,92,4,,,9,,,7,7,"1,5",1,"6,06","6,29","1,38",2,7,1,7,7,7,1,1,1,"6,8",0,0,6,7,7,1,1,7,1,7,7,7,"6,75","4,75",1,"6,18","1,69",0,7,1
6,JM,15,6,,1,1,96,4,,,9,,,7,7,"1,5",1,"6,06","6,29","1,38",2,7,1,7,7,7,1,1,1,"6,8",0,0,6,7,7,1,1,7,1,7,7,7,"6,75","4,75",1,"6,18","1,69",0,7,1
6,JM,16,6,2,1,1,94,5,,,9,,,7,7,"1,5",1,"6,06","6,29","1,38",2,7,1,7,7,7,1,1,1,"6,8",0,0,6,7,7,1,1,7,1,7,7,7,"6,75","4,75",1,"6,18","1,69",0,7,1
6,JM,17,6,2,1,1,100,5,,,9,,,7,7,"1,5",1,"6,06","6,29","1,38",2,7,1,7,7,7,1,1,1,"6,8",0,0,6,7,7,1,1,7,1,7,7,7,"6,75","4,75",1,"6,18","1,69",0,7,1
6,JM,18,6,2,1,1,98,5,,,9,,,7,7,"1,5",1,"6,06","6,29","1,38",2,7,1,7,7,7,1,1,1,"6,8",0,0,6,7,7,1,1,7,1,7,7,7,"6,75","4,75",1,"6,18","1,69",0,7,1
6,JM,19,6,2,1,1,92,5,,,9,,,7,7,"1,5",1,"6,06","6,29","1,38",2,7,1,7,7,7,1,1,1,"6,8",0,0,6,7,7,1,1,7,1,7,7,7,"6,75","4,75",1,"6,18","1,69",0,7,1
6,JM,20,6,2,1,1,82,5,,,9,,,7,7,"1,5",1,"6,06","6,29","1,38",2,7,1,7,7,7,1,1,1,"6,8",0,0,6,7,7,1,1,7,1,7,7,7,"6,75","4,75",1,"6,18","1,69",0,7,1
6,JM,21,6,2,3,1,100,5,,,,,,7,7,"1,5",1,"6,06","6,29","1,38",2,7,1,7,7,7,1,1,1,"6,8",0,0,6,7,7,1,1,7,1,7,7,7,"6,75","4,75",1,"6,18","1,69",0,7,1
6,JM,22,6,2,3,1,96,5,,,,,,7,7,"1,5",1,"6,06","6,29","1,38",2,7,1,7,7,7,1,1,1,"6,8",0,0,6,7,7,1,1,7,1,7,7,7,"6,75","4,75",1,"6,18","1,69",0,7,1
6,JM,23,6,2,3,1,89,5,,,,,,7,7,"1,5",1,"6,06","6,29","1,38",2,7,1,7,7,7,1,1,1,"6,8",0,0,6,7,7,1,1,7,1,7,7,7,"6,75","4,75",1,"6,18","1,69",0,7,1
6,JM,24,6,2,3,1,91,5,,,,,,7,7,"1,5",1,"6,06","6,29","1,38",2,7,1,7,7,7,1,1,1,"6,8",0,0,6,7,7,1,1,7,1,7,7,7,"6,75","4,75",1,"6,18","1,69",0,7,1
6,JM,25,6,2,3,1,88,5,,,,,,7,7,"1,5",1,"6,06","6,29","1,38",2,7,1,7,7,7,1,1,1,"6,8",0,0,6,7,7,1,1,7,1,7,7,7,"6,75","4,75",1,"6,18","1,69",0,7,1
6,JM,26,6,,1,1,73,5,,,9,,,7,7,"1,5",1,"6,06","6,29","1,38",2,7,1,7,7,7,1,1,1,"6,8",0,0,6,7,7,1,1,7,1,7,7,7,"6,75","4,75",1,"6,18","1,69",0,7,1
6,JM,27,6,,1,1,83,5,,,9,,,7,7,"1,5",1,"6,06","6,29","1,38",2,7,1,7,7,7,1,1,1,"6,8",0,0,6,7,7,1,1,7,1,7,7,7,"6,75","4,75",1,"6,18","1,69",0,7,1
6,JM,28,6,,1,1,86,5,,,9,,,7,7,"1,5",1,"6,06","6,29","1,38",2,7,1,7,7,7,1,1,1,"6,8",0,0,6,7,7,1,1,7,1,7,7,7,"6,75","4,75",1,"6,18","1,69",0,7,1
6,JM,29,6,,1,1,90,5,,,9,,,7,7,"1,5",1,"6,06","6,29","1,38",2,7,1,7,7,7,1,1,1,"6,8",0,0,6,7,7,1,1,7,1,7,7,7,"6,75","4,75",1,"6,18","1,69",0,7,1
6,JM,30,6,,1,1,85,5,,,9,,,7,7,"1,5",1,"6,06","6,29","1,38",2,7,1,7,7,7,1,1,1,"6,8",0,0,6,7,7,1,1,7,1,7,7,7,"6,75","4,75",1,"6,18","1,69",0,7,1
6,JM,31,6,3,1,1,84,5,,,9,,,7,7,"1,5",1,"6,06","6,29","1,38",2,7,1,7,7,7,1,1,1,"6,8",0,0,6,7,7,1,1,7,1,7,7,7,"6,75","4,75",1,"6,18","1,69",0,7,1
6,JM,32,6,3,1,1,84,5,,,9,,,7,7,"1,5",1,"6,06","6,29","1,38",2,7,1,7,7,7,1,1,1,"6,8",0,0,6,7,7,1,1,7,1,7,7,7,"6,75","4,75",1,"6,18","1,69",0,7,1
6,JM,33,6,3,1,1,84,5,,,9,,,7,7,"1,5",1,"6,06","6,29","1,38",2,7,1,7,7,7,1,1,1,"6,8",0,0,6,7,7,1,1,7,1,7,7,7,"6,75","4,75",1,"6,18","1,69",0,7,1
6,JM,34,6,3,1,1,100,5,,,9,,,7,7,"1,5",1,"6,06","6,29","1,38",2,7,1,7,7,7,1,1,1,"6,8",0,0,6,7,7,1,1,7,1,7,7,7,"6,75","4,75",1,"6,18","1,69",0,7,1
6,JM,35,6,3,1,1,100,5,,,9,,,7,7,"1,5",1,"6,06","6,29","1,38",2,7,1,7,7,7,1,1,1,"6,8",0,0,6,7,7,1,1,7,1,7,7,7,"6,75","4,75",1,"6,18","1,69",0,7,1
6,JM,36,"5,5",2,1,1,100,5,,,9,,,7,7,"1,5",1,"6,06","6,29","1,38",2,7,1,7,7,7,1,1,1,"6,8",0,0,6,7,7,1,1,7,1,7,7,7,"6,75","4,75",1,"6,18","1,69",0,7,1
6,JM,37,"5,5",2,1,1,97,5,,,9,,,7,7,"1,5",1,"6,06","6,29","1,38",2,7,1,7,7,7,1,1,1,"6,8",0,0,6,7,7,1,1,7,1,7,7,7,"6,75","4,75",1,"6,18","1,69",0,7,1
6,JM,38,"5,5",2,1,1,94,5,,,9,,,7,7,"1,5",1,"6,06","6,29","1,38",2,7,1,7,7,7,1,1,1,"6,8",0,0,6,7,7,1,1,7,1,7,7,7,"6,75","4,75",1,"6,18","1,69",0,7,1
6,JM,39,"5,5",2,1,1,100,5,,,9,,,7,7,"1,5",1,"6,06","6,29","1,38",2,7,1,7,7,7,1,1,1,"6,8",0,0,6,7,7,1,1,7,1,7,7,7,"6,75","4,75",1,"6,18","1,69",0,7,1
6,JM,40,"5,5",2,1,1,100,5,,,9,,,7,7,"1,5",1,"6,06","6,29","1,38",2,7,1,7,7,7,1,1,1,"6,8",0,0,6,7,7,1,1,7,1,7,7,7,"6,75","4,75",1,"6,18","1,69",0,7,1
6,JM,41,"4,666666667",3,"2,333333333",1,100,5,,,9,,,7,7,"1,5",1,"6,06","6,29","1,38",2,7,1,7,7,7,1,1,1,"6,8",0,0,6,7,7,1,1,7,1,7,7,7,"6,75","4,75",1,"6,18","1,69",0,7,1
6,JM,42,"4,666666667",3,"2,333333333",1,100,5,,,9,,,7,7,"1,5",1,"6,06","6,29","1,38",2,7,1,7,7,7,1,1,1,"6,8",0,0,6,7,7,1,1,7,1,7,7,7,"6,75","4,75",1,"6,18","1,69",0,7,1
6,JM,43,"4,666666667",3,"2,333333333",1,100,5,,,9,,,7,7,"1,5",1,"6,06","6,29","1,38",2,7,1,7,7,7,1,1,1,"6,8",0,0,6,7,7,1,1,7,1,7,7,7,"6,75","4,75",1,"6,18","1,69",0,7,1
6,JM,44,"4,666666667",3,"2,333333333",1,91,5,,,9,,,7,7,"1,5",1,"6,06","6,29","1,38",2,7,1,7,7,7,1,1,1,"6,8",0,0,6,7,7,1,1,7,1,7,7,7,"6,75","4,75",1,"6,18","1,69",0,7,1
6,JM,45,"4,666666667",3,"2,333333333",1,87,5,,,9,,,7,7,"1,5",1,"6,06","6,29","1,38",2,7,1,7,7,7,1,1,1,"6,8",0,0,6,7,7,1,1,7,1,7,7,7,"6,75","4,75",1,"6,18","1,69",0,7,1
6,JM,46,"3,333333333",2,1,1,100,5,,,9,,,7,7,"1,5",1,"6,06","6,29","1,38",2,7,1,7,7,7,1,1,1,"6,8",0,0,6,7,7,1,1,7,1,7,7,7,"6,75","4,75",1,"6,18","1,69",0,7,1
6,JM,47,"3,333333333",2,1,1,100,5,,,9,,,7,7,"1,5",1,"6,06","6,29","1,38",2,7,1,7,7,7,1,1,1,"6,8",0,0,6,7,7,1,1,7,1,7,7,7,"6,75","4,75",1,"6,18","1,69",0,7,1
6,JM,48,"3,333333333",2,1,1,100,5,,,9,,,7,7,"1,5",1,"6,06","6,29","1,38",2,7,1,7,7,7,1,1,1,"6,8",0,0,6,7,7,1,1,7,1,7,7,7,"6,75","4,75",1,"6,18","1,69",0,7,1
6,JM,49,"3,333333333",2,1,1,84,5,,,9,,,7,7,"1,5",1,"6,06","6,29","1,38",2,7,1,7,7,7,1,1,1,"6,8",0,0,6,7,7,1,1,7,1,7,7,7,"6,75","4,75",1,"6,18","1,69",0,7,1
6,JM,50,"3,333333333",2,1,1,88,5,,,9,,,7,7,"1,5",1,"6,06","6,29","1,38",2,7,1,7,7,7,1,1,1,"6,8",0,0,6,7,7,1,1,7,1,7,7,7,"6,75","4,75",1,"6,18","1,69",0,7,1
6,JM,51,4,3,2,1,89,5,,,9,,,7,7,"1,5",1,"6,06","6,29","1,38",2,7,1,7,7,7,1,1,1,"6,8",0,0,6,7,7,1,1,7,1,7,7,7,"6,75","4,75",1,"6,18","1,69",0,7,1
6,JM,52,4,3,2,1,92,5,,,9,,,7,7,"1,5",1,"6,06","6,29","1,38",2,7,1,7,7,7,1,1,1,"6,8",0,0,6,7,7,1,1,7,1,7,7,7,"6,75","4,75",1,"6,18","1,69",0,7,1
6,JM,53,4,3,2,1,84,5,,,9,,,7,7,"1,5",1,"6,06","6,29","1,38",2,7,1,7,7,7,1,1,1,"6,8",0,0,6,7,7,1,1,7,1,7,7,7,"6,75","4,75",1,"6,18","1,69",0,7,1
6,JM,54,4,3,2,1,70,5,,,9,,,7,7,"1,5",1,"6,06","6,29","1,38",2,7,1,7,7,7,1,1,1,"6,8",0,0,6,7,7,1,1,7,1,7,7,7,"6,75","4,75",1,"6,18","1,69",0,7,1
6,JM,55,4,3,2,1,69,5,,,9,,,7,7,"1,5",1,"6,06","6,29","1,38",2,7,1,7,7,7,1,1,1,"6,8",0,0,6,7,7,1,1,7,1,7,7,7,"6,75","4,75",1,"6,18","1,69",0,7,1
6,JM,56,4,"2,5",1,1,65,5,,,9,,,7,7,"1,5",1,"6,06","6,29","1,38",2,7,1,7,7,7,1,1,1,"6,8",0,0,6,7,7,1,1,7,1,7,7,7,"6,75","4,75",1,"6,18","1,69",0,7,1
6,JM,57,4,"2,5",1,1,59,5,,,9,,,7,7,"1,5",1,"6,06","6,29","1,38",2,7,1,7,7,7,1,1,1,"6,8",0,0,6,7,7,1,1,7,1,7,7,7,"6,75","4,75",1,"6,18","1,69",0,7,1
6,JM,58,4,"2,5",1,1,71,5,,,9,,,7,7,"1,5",1,"6,06","6,29","1,38",2,7,1,7,7,7,1,1,1,"6,8",0,0,6,7,7,1,1,7,1,7,7,7,"6,75","4,75",1,"6,18","1,69",0,7,1
6,JM,59,4,"2,5",1,1,92,5,,,9,,,7,7,"1,5",1,"6,06","6,29","1,38",2,7,1,7,7,7,1,1,1,"6,8",0,0,6,7,7,1,1,7,1,7,7,7,"6,75","4,75",1,"6,18","1,69",0,7,1
6,JM,60,4,"2,5",1,1,100,5,,,9,,,7,7,"1,5",1,"6,06","6,29","1,38",2,7,1,7,7,7,1,1,1,"6,8",0,0,6,7,7,1,1,7,1,7,7,7,"6,75","4,75",1,"6,18","1,69",0,7,1
6,JM,61,6,,3,1,100,5,,,,,,7,7,"1,5",1,"6,06","6,29","1,38",2,7,1,7,7,7,1,1,1,"6,8",0,0,6,7,7,1,1,7,1,7,7,7,"6,75","4,75",1,"6,18","1,69",0,7,1
6,JM,62,6,,3,1,87,5,,,,,,7,7,"1,5",1,"6,06","6,29","1,38",2,7,1,7,7,7,1,1,1,"6,8",0,0,6,7,7,1,1,7,1,7,7,7,"6,75","4,75",1,"6,18","1,69",0,7,1
6,JM,63,6,,3,1,92,5,,,,,,7,7,"1,5",1,"6,06","6,29","1,38",2,7,1,7,7,7,1,1,1,"6,8",0,0,6,7,7,1,1,7,1,7,7,7,"6,75","4,75",1,"6,18","1,69",0,7,1
6,JM,64,6,,3,1,93,5,,,,,,7,7,"1,5",1,"6,06","6,29","1,38",2,7,1,7,7,7,1,1,1,"6,8",0,0,6,7,7,1,1,7,1,7,7,7,"6,75","4,75",1,"6,18","1,69",0,7,1
6,JM,65,6,,3,1,71,5,,,,,,7,7,"1,5",1,"6,06","6,29","1,38",2,7,1,7,7,7,1,1,1,"6,8",0,0,6,7,7,1,1,7,1,7,7,7,"6,75","4,75",1,"6,18","1,69",0,7,1
6,JM,66,6,6,1,1,83,5,,,,,,7,7,"1,5",1,"6,06","6,29","1,38",2,7,1,7,7,7,1,1,1,"6,8",0,0,6,7,7,1,1,7,1,7,7,7,"6,75","4,75",1,"6,18","1,69",0,7,1
6,JM,67,6,6,1,1,88,5,,,,,,7,7,"1,5",1,"6,06","6,29","1,38",2,7,1,7,7,7,1,1,1,"6,8",0,0,6,7,7,1,1,7,1,7,7,7,"6,75","4,75",1,"6,18","1,69",0,7,1
6,JM,68,6,6,1,1,86,5,,,,,,7,7,"1,5",1,"6,06","6,29","1,38",2,7,1,7,7,7,1,1,1,"6,8",0,0,6,7,7,1,1,7,1,7,7,7,"6,75","4,75",1,"6,18","1,69",0,7,1
6,JM,69,6,6,1,1,73,5,,,,,,7,7,"1,5",1,"6,06","6,29","1,38",2,7,1,7,7,7,1,1,1,"6,8",0,0,6,7,7,1,1,7,1,7,7,7,"6,75","4,75",1,"6,18","1,69",0,7,1
6,JM,70,6,6,1,1,81,5,,,,,,7,7,"1,5",1,"6,06","6,29","1,38",2,7,1,7,7,7,1,1,1,"6,8",0,0,6,7,7,1,1,7,1,7,7,7,"6,75","4,75",1,"6,18","1,69",0,7,1
6,JM,71,6,,1,1,80,5,,,9,,,7,7,"1,5",1,"6,06","6,29","1,38",2,7,1,7,7,7,1,1,1,"6,8",0,0,6,7,7,1,1,7,1,7,7,7,"6,75","4,75",1,"6,18","1,69",0,7,1
6,JM,72,6,,1,1,88,5,,,9,,,7,7,"1,5",1,"6,06","6,29","1,38",2,7,1,7,7,7,1,1,1,"6,8",0,0,6,7,7,1,1,7,1,7,7,7,"6,75","4,75",1,"6,18","1,69",0,7,1
6,JM,73,6,,1,1,100,5,,,9,,,7,7,"1,5",1,"6,06","6,29","1,38",2,7,1,7,7,7,1,1,1,"6,8",0,0,6,7,7,1,1,7,1,7,7,7,"6,75","4,75",1,"6,18","1,69",0,7,1
6,JM,74,6,,1,1,100,5,,,9,,,7,7,"1,5",1,"6,06","6,29","1,38",2,7,1,7,7,7,1,1,1,"6,8",0,0,6,7,7,1,1,7,1,7,7,7,"6,75","4,75",1,"6,18","1,69",0,7,1
6,JM,75,6,,1,1,100,5,,,9,,,7,7,"1,5",1,"6,06","6,29","1,38",2,7,1,7,7,7,1,1,1,"6,8",0,0,6,7,7,1,1,7,1,7,7,7,"6,75","4,75",1,"6,18","1,69",0,7,1
6,JM,76,5,,1,1,100,5,,,,,,7,7,"1,5",1,"6,06","6,29","1,38",2,7,1,7,7,7,1,1,1,"6,8",0,0,6,7,7,1,1,7,1,7,7,7,"6,75","4,75",1,"6,18","1,69",0,7,1
6,JM,77,5,,1,1,97,5,,,,,,7,7,"1,5",1,"6,06","6,29","1,38",2,7,1,7,7,7,1,1,1,"6,8",0,0,6,7,7,1,1,7,1,7,7,7,"6,75","4,75",1,"6,18","1,69",0,7,1
6,JM,78,5,,1,1,100,5,,,,,,7,7,"1,5",1,"6,06","6,29","1,38",2,7,1,7,7,7,1,1,1,"6,8",0,0,6,7,7,1,1,7,1,7,7,7,"6,75","4,75",1,"6,18","1,69",0,7,1
6,JM,79,5,,1,1,91,5,,,,,,7,7,"1,5",1,"6,06","6,29","1,38",2,7,1,7,7,7,1,1,1,"6,8",0,0,6,7,7,1,1,7,1,7,7,7,"6,75","4,75",1,"6,18","1,69",0,7,1
6,JM,80,5,,1,1,77,5,,,,,,7,7,"1,5",1,"6,06","6,29","1,38",2,7,1,7,7,7,1,1,1,"6,8",0,0,6,7,7,1,1,7,1,7,7,7,"6,75","4,75",1,"6,18","1,69",0,7,1
6,JM,81,5,,1,1,86,,,,,,,7,7,"1,5",1,"6,06","6,29","1,38",2,7,1,7,7,7,1,1,1,"6,8",0,0,6,7,7,1,1,7,1,7,7,7,"6,75","4,75",1,"6,18","1,69",0,7,1
6,JM,82,5,,1,1,87,,,,,,,7,7,"1,5",1,"6,06","6,29","1,38",2,7,1,7,7,7,1,1,1,"6,8",0,0,6,7,7,1,1,7,1,7,7,7,"6,75","4,75",1,"6,18","1,69",0,7,1
6,JM,83,5,,1,1,100,,,,,,,7,7,"1,5",1,"6,06","6,29","1,38",2,7,1,7,7,7,1,1,1,"6,8",0,0,6,7,7,1,1,7,1,7,7,7,"6,75","4,75",1,"6,18","1,69",0,7,1
6,JM,84,5,,1,1,99,,,,,,,7,7,"1,5",1,"6,06","6,29","1,38",2,7,1,7,7,7,1,1,1,"6,8",0,0,6,7,7,1,1,7,1,7,7,7,"6,75","4,75",1,"6,18","1,69",0,7,1
6,JM,85,5,,1,1,88,,,,,,,7,7,"1,5",1,"6,06","6,29","1,38",2,7,1,7,7,7,1,1,1,"6,8",0,0,6,7,7,1,1,7,1,7,7,7,"6,75","4,75",1,"6,18","1,69",0,7,1
6,JM,86,5,,1,1,84,5,,,,,,7,7,"1,5",1,"6,06","6,29","1,38",2,7,1,7,7,7,1,1,1,"6,8",0,0,6,7,7,1,1,7,1,7,7,7,"6,75","4,75",1,"6,18","1,69",0,7,1
6,JM,87,5,,1,1,100,5,,,,,,7,7,"1,5",1,"6,06","6,29","1,38",2,7,1,7,7,7,1,1,1,"6,8",0,0,6,7,7,1,1,7,1,7,7,7,"6,75","4,75",1,"6,18","1,69",0,7,1
6,JM,88,5,,1,1,92,5,,,,,,7,7,"1,5",1,"6,06","6,29","1,38",2,7,1,7,7,7,1,1,1,"6,8",0,0,6,7,7,1,1,7,1,7,7,7,"6,75","4,75",1,"6,18","1,69",0,7,1
6,JM,89,5,,1,1,89,5,,,,,,7,7,"1,5",1,"6,06","6,29","1,38",2,7,1,7,7,7,1,1,1,"6,8",0,0,6,7,7,1,1,7,1,7,7,7,"6,75","4,75",1,"6,18","1,69",0,7,1
6,JM,90,5,,1,1,86,5,,,,,,7,7,"1,5",1,"6,06","6,29","1,38",2,7,1,7,7,7,1,1,1,"6,8",0,0,6,7,7,1,1,7,1,7,7,7,"6,75","4,75",1,"6,18","1,69",0,7,1
6,JM,91,"4,5",,1,1,80,5,,,6,,,7,7,"1,5",1,"6,06","6,29","1,38",2,7,1,7,7,7,1,1,1,"6,8",0,0,6,7,7,1,1,7,1,7,7,7,"6,75","4,75",1,"6,18","1,69",0,7,1
6,JM,92,"4,5",,1,1,75,5,,,6,,,7,7,"1,5",1,"6,06","6,29","1,38",2,7,1,7,7,7,1,1,1,"6,8",0,0,6,7,7,1,1,7,1,7,7,7,"6,75","4,75",1,"6,18","1,69",0,7,1
6,JM,93,"4,5",,1,1,68,5,,,6,,,7,7,"1,5",1,"6,06","6,29","1,38",2,7,1,7,7,7,1,1,1,"6,8",0,0,6,7,7,1,1,7,1,7,7,7,"6,75","4,75",1,"6,18","1,69",0,7,1
6,JM,94,"4,5",,1,1,71,5,,,6,,,7,7,"1,5",1,"6,06","6,29","1,38",2,7,1,7,7,7,1,1,1,"6,8",0,0,6,7,7,1,1,7,1,7,7,7,"6,75","4,75",1,"6,18","1,69",0,7,1
6,JM,95,"4,5",,1,1,78,5,,,6,,,7,7,"1,5",1,"6,06","6,29","1,38",2,7,1,7,7,7,1,1,1,"6,8",0,0,6,7,7,1,1,7,1,7,7,7,"6,75","4,75",1,"6,18","1,69",0,7,1
6,JM,96,"5,333333333",,1,1,75,5,,,,,,7,7,"1,5",1,"6,06","6,29","1,38",2,7,1,7,7,7,1,1,1,"6,8",0,0,6,7,7,1,1,7,1,7,7,7,"6,75","4,75",1,"6,18","1,69",0,7,1
6,JM,97,"5,333333333",,1,1,74,5,,,,,,7,7,"1,5",1,"6,06","6,29","1,38",2,7,1,7,7,7,1,1,1,"6,8",0,0,6,7,7,1,1,7,1,7,7,7,"6,75","4,75",1,"6,18","1,69",0,7,1
6,JM,98,"5,333333333",,1,1,77,5,,,,,,7,7,"1,5",1,"6,06","6,29","1,38",2,7,1,7,7,7,1,1,1,"6,8",0,0,6,7,7,1,1,7,1,7,7,7,"6,75","4,75",1,"6,18","1,69",0,7,1
6,JM,99,"5,333333333",,1,1,76,5,,,,,,7,7,"1,5",1,"6,06","6,29","1,38",2,7,1,7,7,7,1,1,1,"6,8",0,0,6,7,7,1,1,7,1,7,7,7,"6,75","4,75",1,"6,18","1,69",0,7,1
6,JM,100,"5,333333333",,1,1,84,5,,,,,,7,7,"1,5",1,"6,06","6,29","1,38",2,7,1,7,7,7,1,1,1,"6,8",0,0,6,7,7,1,1,7,1,7,7,7,"6,75","4,75",1,"6,18","1,69",0,7,1
6,JM,101,"5,333333333",,1,1,83,5,,,,,,7,7,"1,5",1,"6,06","6,29","1,38",2,7,1,7,7,7,1,1,1,"6,8",0,0,6,7,7,1,1,7,1,7,7,7,"6,75","4,75",1,"6,18","1,69",0,7,1
6,JM,102,"5,333333333",,1,1,78,5,,,,,,7,7,"1,5",1,"6,06","6,29","1,38",2,7,1,7,7,7,1,1,1,"6,8",0,0,6,7,7,1,1,7,1,7,7,7,"6,75","4,75",1,"6,18","1,69",0,7,1
6,JM,103,"5,333333333",,1,1,73,5,,,,,,7,7,"1,5",1,"6,06","6,29","1,38",2,7,1,7,7,7,1,1,1,"6,8",0,0,6,7,7,1,1,7,1,7,7,7,"6,75","4,75",1,"6,18","1,69",0,7,1
6,JM,104,"5,333333333",,1,1,77,5,,,,,,7,7,"1,5",1,"6,06","6,29","1,38",2,7,1,7,7,7,1,1,1,"6,8",0,0,6,7,7,1,1,7,1,7,7,7,"6,75","4,75",1,"6,18","1,69",0,7,1
6,JM,105,"5,333333333",,1,1,74,5,,,,,,7,7,"1,5",1,"6,06","6,29","1,38",2,7,1,7,7,7,1,1,1,"6,8",0,0,6,7,7,1,1,7,1,7,7,7,"6,75","4,75",1,"6,18","1,69",0,7,1
6,JM,106,"5,333333333",6,1,1,77,5,,,1,,,7,7,"1,5",1,"6,06","6,29","1,38",2,7,1,7,7,7,1,1,1,"6,8",0,0,6,7,7,1,1,7,1,7,7,7,"6,75","4,75",1,"6,18","1,69",0,7,1
6,JM,107,"5,333333333",6,1,1,71,5,,,1,,,7,7,"1,5",1,"6,06","6,29","1,38",2,7,1,7,7,7,1,1,1,"6,8",0,0,6,7,7,1,1,7,1,7,7,7,"6,75","4,75",1,"6,18","1,69",0,7,1
6,JM,108,"5,333333333",6,1,1,73,5,,,1,,,7,7,"1,5",1,"6,06","6,29","1,38",2,7,1,7,7,7,1,1,1,"6,8",0,0,6,7,7,1,1,7,1,7,7,7,"6,75","4,75",1,"6,18","1,69",0,7,1
6,JM,109,"5,333333333",6,1,1,75,5,,,1,,,7,7,"1,5",1,"6,06","6,29","1,38",2,7,1,7,7,7,1,1,1,"6,8",0,0,6,7,7,1,1,7,1,7,7,7,"6,75","4,75",1,"6,18","1,69",0,7,1
6,JM,110,"5,333333333",6,1,1,76,5,,,1,,,7,7,"1,5",1,"6,06","6,29","1,38",2,7,1,7,7,7,1,1,1,"6,8",0,0,6,7,7,1,1,7,1,7,7,7,"6,75","4,75",1,"6,18","1,69",0,7,1
6,JM,111,6,,1,1,82,5,,,9,,,7,7,"1,5",1,"6,06","6,29","1,38",2,7,1,7,7,7,1,1,1,"6,8",0,0,6,7,7,1,1,7,1,7,7,7,"6,75","4,75",1,"6,18","1,69",0,7,1
6,JM,112,6,,1,1,79,5,,,9,,,7,7,"1,5",1,"6,06","6,29","1,38",2,7,1,7,7,7,1,1,1,"6,8",0,0,6,7,7,1,1,7,1,7,7,7,"6,75","4,75",1,"6,18","1,69",0,7,1
6,JM,113,6,,1,1,81,5,,,9,,,7,7,"1,5",1,"6,06","6,29","1,38",2,7,1,7,7,7,1,1,1,"6,8",0,0,6,7,7,1,1,7,1,7,7,7,"6,75","4,75",1,"6,18","1,69",0,7,1
6,JM,114,6,,1,1,76,5,,,9,,,7,7,"1,5",1,"6,06","6,29","1,38",2,7,1,7,7,7,1,1,1,"6,8",0,0,6,7,7,1,1,7,1,7,7,7,"6,75","4,75",1,"6,18","1,69",0,7,1
6,JM,115,6,,1,1,74,5,,,9,,,7,7,"1,5",1,"6,06","6,29","1,38",2,7,1,7,7,7,1,1,1,"6,8",0,0,6,7,7,1,1,7,1,7,7,7,"6,75","4,75",1,"6,18","1,69",0,7,1
6,JM,116,6,,1,1,66,5,,,,,,7,7,"1,5",1,"6,06","6,29","1,38",2,7,1,7,7,7,1,1,1,"6,8",0,0,6,7,7,1,1,7,1,7,7,7,"6,75","4,75",1,"6,18","1,69",0,7,1
6,JM,117,6,,1,1,80,5,,,,,,7,7,"1,5",1,"6,06","6,29","1,38",2,7,1,7,7,7,1,1,1,"6,8",0,0,6,7,7,1,1,7,1,7,7,7,"6,75","4,75",1,"6,18","1,69",0,7,1
6,JM,118,6,,1,1,78,5,,,,,,7,7,"1,5",1,"6,06","6,29","1,38",2,7,1,7,7,7,1,1,1,"6,8",0,0,6,7,7,1,1,7,1,7,7,7,"6,75","4,75",1,"6,18","1,69",0,7,1
6,JM,119,6,,1,1,98,5,,,,,,7,7,"1,5",1,"6,06","6,29","1,38",2,7,1,7,7,7,1,1,1,"6,8",0,0,6,7,7,1,1,7,1,7,7,7,"6,75","4,75",1,"6,18","1,69",0,7,1
6,JM,120,6,,1,1,98,5,,,,,,7,7,"1,5",1,"6,06","6,29","1,38",2,7,1,7,7,7,1,1,1,"6,8",0,0,6,7,7,1,1,7,1,7,7,7,"6,75","4,75",1,"6,18","1,69",0,7,1
6,JM,121,6,,1,1,76,5,,,,,,7,7,"1,5",1,"6,06","6,29","1,38",2,7,1,7,7,7,1,1,1,"6,8",0,0,6,7,7,1,1,7,1,7,7,7,"6,75","4,75",1,"6,18","1,69",0,7,1
6,JM,122,6,,1,1,77,5,,,,,,7,7,"1,5",1,"6,06","6,29","1,38",2,7,1,7,7,7,1,1,1,"6,8",0,0,6,7,7,1,1,7,1,7,7,7,"6,75","4,75",1,"6,18","1,69",0,7,1
6,JM,123,6,,1,1,85,5,,,,,,7,7,"1,5",1,"6,06","6,29","1,38",2,7,1,7,7,7,1,1,1,"6,8",0,0,6,7,7,1,1,7,1,7,7,7,"6,75","4,75",1,"6,18","1,69",0,7,1
6,JM,124,6,,1,1,81,5,,,,,,7,7,"1,5",1,"6,06","6,29","1,38",2,7,1,7,7,7,1,1,1,"6,8",0,0,6,7,7,1,1,7,1,7,7,7,"6,75","4,75",1,"6,18","1,69",0,7,1
6,JM,125,6,,1,1,75,5,,,,,,7,7,"1,5",1,"6,06","6,29","1,38",2,7,1,7,7,7,1,1,1,"6,8",0,0,6,7,7,1,1,7,1,7,7,7,"6,75","4,75",1,"6,18","1,69",0,7,1
6,JM,126,6,,1,1,71,5,,,9,,,7,7,"1,5",1,"6,06","6,29","1,38",2,7,1,7,7,7,1,1,1,"6,8",0,0,6,7,7,1,1,7,1,7,7,7,"6,75","4,75",1,"6,18","1,69",0,7,1
6,JM,127,6,,1,1,100,5,,,9,,,7,7,"1,5",1,"6,06","6,29","1,38",2,7,1,7,7,7,1,1,1,"6,8",0,0,6,7,7,1,1,7,1,7,7,7,"6,75","4,75",1,"6,18","1,69",0,7,1
6,JM,128,6,,1,1,100,5,,,9,,,7,7,"1,5",1,"6,06","6,29","1,38",2,7,1,7,7,7,1,1,1,"6,8",0,0,6,7,7,1,1,7,1,7,7,7,"6,75","4,75",1,"6,18","1,69",0,7,1
6,JM,129,6,,1,1,80,5,,,9,,,7,7,"1,5",1,"6,06","6,29","1,38",2,7,1,7,7,7,1,1,1,"6,8",0,0,6,7,7,1,1,7,1,7,7,7,"6,75","4,75",1,"6,18","1,69",0,7,1
6,JM,130,6,,1,1,73,5,,,9,,,7,7,"1,5",1,"6,06","6,29","1,38",2,7,1,7,7,7,1,1,1,"6,8",0,0,6,7,7,1,1,7,1,7,7,7,"6,75","4,75",1,"6,18","1,69",0,7,1
6,JM,131,6,,1,1,75,5,,,9,,,7,7,"1,5",1,"6,06","6,29","1,38",2,7,1,7,7,7,1,1,1,"6,8",0,0,6,7,7,1,1,7,1,7,7,7,"6,75","4,75",1,"6,18","1,69",0,7,1
6,JM,132,6,,1,1,66,5,,,9,,,7,7,"1,5",1,"6,06","6,29","1,38",2,7,1,7,7,7,1,1,1,"6,8",0,0,6,7,7,1,1,7,1,7,7,7,"6,75","4,75",1,"6,18","1,69",0,7,1
6,JM,133,6,,1,1,75,5,,,9,,,7,7,"1,5",1,"6,06","6,29","1,38",2,7,1,7,7,7,1,1,1,"6,8",0,0,6,7,7,1,1,7,1,7,7,7,"6,75","4,75",1,"6,18","1,69",0,7,1
6,JM,134,6,,1,1,78,5,,,9,,,7,7,"1,5",1,"6,06","6,29","1,38",2,7,1,7,7,7,1,1,1,"6,8",0,0,6,7,7,1,1,7,1,7,7,7,"6,75","4,75",1,"6,18","1,69",0,7,1
6,JM,135,6,,1,1,64,5,,,9,,,7,7,"1,5",1,"6,06","6,29","1,38",2,7,1,7,7,7,1,1,1,"6,8",0,0,6,7,7,1,1,7,1,7,7,7,"6,75","4,75",1,"6,18","1,69",0,7,1
6,JM,136,6,,1,1,58,5,,,9,,,7,7,"1,5",1,"6,06","6,29","1,38",2,7,1,7,7,7,1,1,1,"6,8",0,0,6,7,7,1,1,7,1,7,7,7,"6,75","4,75",1,"6,18","1,69",0,7,1
6,JM,137,6,,1,1,70,5,,,9,,,7,7,"1,5",1,"6,06","6,29","1,38",2,7,1,7,7,7,1,1,1,"6,8",0,0,6,7,7,1,1,7,1,7,7,7,"6,75","4,75",1,"6,18","1,69",0,7,1
6,JM,138,6,,1,1,77,5,,,9,,,7,7,"1,5",1,"6,06","6,29","1,38",2,7,1,7,7,7,1,1,1,"6,8",0,0,6,7,7,1,1,7,1,7,7,7,"6,75","4,75",1,"6,18","1,69",0,7,1
6,JM,139,6,,1,1,63,5,,,9,,,7,7,"1,5",1,"6,06","6,29","1,38",2,7,1,7,7,7,1,1,1,"6,8",0,0,6,7,7,1,1,7,1,7,7,7,"6,75","4,75",1,"6,18","1,69",0,7,1
6,JM,140,6,,1,1,63,5,,,9,,,7,7,"1,5",1,"6,06","6,29","1,38",2,7,1,7,7,7,1,1,1,"6,8",0,0,6,7,7,1,1,7,1,7,7,7,"6,75","4,75",1,"6,18","1,69",0,7,1
6,JM,141,6,,1,1,64,5,,,9,,,7,7,"1,5",1,"6,06","6,29","1,38",2,7,1,7,7,7,1,1,1,"6,8",0,0,6,7,7,1,1,7,1,7,7,7,"6,75","4,75",1,"6,18","1,69",0,7,1
6,JM,142,6,,1,1,82,5,,,9,,,7,7,"1,5",1,"6,06","6,29","1,38",2,7,1,7,7,7,1,1,1,"6,8",0,0,6,7,7,1,1,7,1,7,7,7,"6,75","4,75",1,"6,18","1,69",0,7,1
6,JM,143,6,,1,1,94,5,,,9,,,7,7,"1,5",1,"6,06","6,29","1,38",2,7,1,7,7,7,1,1,1,"6,8",0,0,6,7,7,1,1,7,1,7,7,7,"6,75","4,75",1,"6,18","1,69",0,7,1
6,JM,144,6,,1,1,89,5,,,9,,,7,7,"1,5",1,"6,06","6,29","1,38",2,7,1,7,7,7,1,1,1,"6,8",0,0,6,7,7,1,1,7,1,7,7,7,"6,75","4,75",1,"6,18","1,69",0,7,1
6,JM,145,6,,1,1,87,5,,,9,,,7,7,"1,5",1,"6,06","6,29","1,38",2,7,1,7,7,7,1,1,1,"6,8",0,0,6,7,7,1,1,7,1,7,7,7,"6,75","4,75",1,"6,18","1,69",0,7,1
6,JM,146,6,,1,1,81,5,,,9,,,7,7,"1,5",1,"6,06","6,29","1,38",2,7,1,7,7,7,1,1,1,"6,8",0,0,6,7,7,1,1,7,1,7,7,7,"6,75","4,75",1,"6,18","1,69",0,7,1
6,JM,147,6,,1,1,90,5,,,9,,,7,7,"1,5",1,"6,06","6,29","1,38",2,7,1,7,7,7,1,1,1,"6,8",0,0,6,7,7,1,1,7,1,7,7,7,"6,75","4,75",1,"6,18","1,69",0,7,1
6,JM,148,6,,1,1,74,5,,,9,,,7,7,"1,5",1,"6,06","6,29","1,38",2,7,1,7,7,7,1,1,1,"6,8",0,0,6,7,7,1,1,7,1,7,7,7,"6,75","4,75",1,"6,18","1,69",0,7,1
6,JM,149,6,,1,1,78,5,,,9,,,7,7,"1,5",1,"6,06","6,29","1,38",2,7,1,7,7,7,1,1,1,"6,8",0,0,6,7,7,1,1,7,1,7,7,7,"6,75","4,75",1,"6,18","1,69",0,7,1
6,JM,150,6,,1,1,95,5,,,9,,,7,7,"1,5",1,"6,06","6,29","1,38",2,7,1,7,7,7,1,1,1,"6,8",0,0,6,7,7,1,1,7,1,7,7,7,"6,75","4,75",1,"6,18","1,69",0,7,1
6,JM,151,6,,1,1,79,5,,,9,,,7,7,"1,5",1,"6,06","6,29","1,38",2,7,1,7,7,7,1,1,1,"6,8",0,0,6,7,7,1,1,7,1,7,7,7,"6,75","4,75",1,"6,18","1,69",0,7,1
6,JM,152,6,,1,1,71,5,,,9,,,7,7,"1,5",1,"6,06","6,29","1,38",2,7,1,7,7,7,1,1,1,"6,8",0,0,6,7,7,1,1,7,1,7,7,7,"6,75","4,75",1,"6,18","1,69",0,7,1
6,JM,153,6,,1,1,64,5,,,9,,,7,7,"1,5",1,"6,06","6,29","1,38",2,7,1,7,7,7,1,1,1,"6,8",0,0,6,7,7,1,1,7,1,7,7,7,"6,75","4,75",1,"6,18","1,69",0,7,1
6,JM,154,6,,1,1,88,5,,,9,,,7,7,"1,5",1,"6,06","6,29","1,38",2,7,1,7,7,7,1,1,1,"6,8",0,0,6,7,7,1,1,7,1,7,7,7,"6,75","4,75",1,"6,18","1,69",0,7,1
6,JM,155,6,,1,1,80,5,,,9,,,7,7,"1,5",1,"6,06","6,29","1,38",2,7,1,7,7,7,1,1,1,"6,8",0,0,6,7,7,1,1,7,1,7,7,7,"6,75","4,75",1,"6,18","1,69",0,7,1
6,JM,156,6,,1,1,70,5,,,9,,,7,7,"1,5",1,"6,06","6,29","1,38",2,7,1,7,7,7,1,1,1,"6,8",0,0,6,7,7,1,1,7,1,7,7,7,"6,75","4,75",1,"6,18","1,69",0,7,1
6,JM,157,6,,1,1,62,5,,,9,,,7,7,"1,5",1,"6,06","6,29","1,38",2,7,1,7,7,7,1,1,1,"6,8",0,0,6,7,7,1,1,7,1,7,7,7,"6,75","4,75",1,"6,18","1,69",0,7,1
6,JM,158,6,,1,1,52,5,,,9,,,7,7,"1,5",1,"6,06","6,29","1,38",2,7,1,7,7,7,1,1,1,"6,8",0,0,6,7,7,1,1,7,1,7,7,7,"6,75","4,75",1,"6,18","1,69",0,7,1
6,JM,159,6,,1,1,61,5,,,9,,,7,7,"1,5",1,"6,06","6,29","1,38",2,7,1,7,7,7,1,1,1,"6,8",0,0,6,7,7,1,1,7,1,7,7,7,"6,75","4,75",1,"6,18","1,69",0,7,1
6,JM,160,6,,1,1,73,5,,,9,,,7,7,"1,5",1,"6,06","6,29","1,38",2,7,1,7,7,7,1,1,1,"6,8",0,0,6,7,7,1,1,7,1,7,7,7,"6,75","4,75",1,"6,18","1,69",0,7,1
6,JM,161,6,,1,1,75,5,,,,,,7,7,"1,5",1,"6,06","6,29","1,38",2,7,1,7,7,7,1,1,1,"6,8",0,0,6,7,7,1,1,7,1,7,7,7,"6,75","4,75",1,"6,18","1,69",0,7,1
6,JM,162,6,,1,1,65,5,,,,,,7,7,"1,5",1,"6,06","6,29","1,38",2,7,1,7,7,7,1,1,1,"6,8",0,0,6,7,7,1,1,7,1,7,7,7,"6,75","4,75",1,"6,18","1,69",0,7,1
6,JM,163,6,,1,1,74,5,,,,,,7,7,"1,5",1,"6,06","6,29","1,38",2,7,1,7,7,7,1,1,1,"6,8",0,0,6,7,7,1,1,7,1,7,7,7,"6,75","4,75",1,"6,18","1,69",0,7,1
6,JM,164,6,,1,1,69,5,,,,,,7,7,"1,5",1,"6,06","6,29","1,38",2,7,1,7,7,7,1,1,1,"6,8",0,0,6,7,7,1,1,7,1,7,7,7,"6,75","4,75",1,"6,18","1,69",0,7,1
6,JM,165,6,,1,1,76,5,,,,,,7,7,"1,5",1,"6,06","6,29","1,38",2,7,1,7,7,7,1,1,1,"6,8",0,0,6,7,7,1,1,7,1,7,7,7,"6,75","4,75",1,"6,18","1,69",0,7,1
6,JM,166,6,,1,1,96,5,,,,,,7,7,"1,5",1,"6,06","6,29","1,38",2,7,1,7,7,7,1,1,1,"6,8",0,0,6,7,7,1,1,7,1,7,7,7,"6,75","4,75",1,"6,18","1,69",0,7,1
6,JM,167,6,,1,1,83,5,,,,,,7,7,"1,5",1,"6,06","6,29","1,38",2,7,1,7,7,7,1,1,1,"6,8",0,0,6,7,7,1,1,7,1,7,7,7,"6,75","4,75",1,"6,18","1,69",0,7,1
6,JM,168,6,,1,1,75,5,,,,,,7,7,"1,5",1,"6,06","6,29","1,38",2,7,1,7,7,7,1,1,1,"6,8",0,0,6,7,7,1,1,7,1,7,7,7,"6,75","4,75",1,"6,18","1,69",0,7,1
6,JM,169,6,,1,1,67,5,,,,,,7,7,"1,5",1,"6,06","6,29","1,38",2,7,1,7,7,7,1,1,1,"6,8",0,0,6,7,7,1,1,7,1,7,7,7,"6,75","4,75",1,"6,18","1,69",0,7,1
6,JM,170,6,,1,1,61,5,,,,,,7,7,"1,5",1,"6,06","6,29","1,38",2,7,1,7,7,7,1,1,1,"6,8",0,0,6,7,7,1,1,7,1,7,7,7,"6,75","4,75",1,"6,18","1,69",0,7,1
6,JM,171,6,,1,1,65,5,,,9,,,7,7,"1,5",1,"6,06","6,29","1,38",2,7,1,7,7,7,1,1,1,"6,8",0,0,6,7,7,1,1,7,1,7,7,7,"6,75","4,75",1,"6,18","1,69",0,7,1
6,JM,172,6,,1,1,64,5,,,9,,,7,7,"1,5",1,"6,06","6,29","1,38",2,7,1,7,7,7,1,1,1,"6,8",0,0,6,7,7,1,1,7,1,7,7,7,"6,75","4,75",1,"6,18","1,69",0,7,1
6,JM,173,6,,1,1,60,5,,,9,,,7,7,"1,5",1,"6,06","6,29","1,38",2,7,1,7,7,7,1,1,1,"6,8",0,0,6,7,7,1,1,7,1,7,7,7,"6,75","4,75",1,"6,18","1,69",0,7,1
6,JM,174,6,,1,1,63,5,,,9,,,7,7,"1,5",1,"6,06","6,29","1,38",2,7,1,7,7,7,1,1,1,"6,8",0,0,6,7,7,1,1,7,1,7,7,7,"6,75","4,75",1,"6,18","1,69",0,7,1
6,JM,175,6,,1,1,84,5,,,9,,,7,7,"1,5",1,"6,06","6,29","1,38",2,7,1,7,7,7,1,1,1,"6,8",0,0,6,7,7,1,1,7,1,7,7,7,"6,75","4,75",1,"6,18","1,69",0,7,1
6,JM,176,,,,,76,,,,,,,7,7,"1,5",1,"6,06","6,29","1,38",2,7,1,7,7,7,1,1,1,"6,8",0,0,6,7,7,1,1,7,1,7,7,7,"6,75","4,75",1,"6,18","1,69",0,7,1
6,JM,177,,,,,77,,,,,,,7,7,"1,5",1,"6,06","6,29","1,38",2,7,1,7,7,7,1,1,1,"6,8",0,0,6,7,7,1,1,7,1,7,7,7,"6,75","4,75",1,"6,18","1,69",0,7,1
6,JM,178,,,,,97,,,,,,,7,7,"1,5",1,"6,06","6,29","1,38",2,7,1,7,7,7,1,1,1,"6,8",0,0,6,7,7,1,1,7,1,7,7,7,"6,75","4,75",1,"6,18","1,69",0,7,1
6,JM,179,,,,,100,,,,,,,7,7,"1,5",1,"6,06","6,29","1,38",2,7,1,7,7,7,1,1,1,"6,8",0,0,6,7,7,1,1,7,1,7,7,7,"6,75","4,75",1,"6,18","1,69",0,7,1
6,JM,180,,,,,99,,,,,,,7,7,"1,5",1,"6,06","6,29","1,38",2,7,1,7,7,7,1,1,1,"6,8",0,0,6,7,7,1,1,7,1,7,7,7,"6,75","4,75",1,"6,18","1,69",0,7,1
6,JM,181,6,,,,86,9,,,,,,7,7,"1,5",1,"6,06","6,29","1,38",2,7,1,7,7,7,1,1,1,"6,8",0,0,6,7,7,1,1,7,1,7,7,7,"6,75","4,75",1,"6,18","1,69",0,7,1
6,JM,182,6,,,,87,9,,,,,,7,7,"1,5",1,"6,06","6,29","1,38",2,7,1,7,7,7,1,1,1,"6,8",0,0,6,7,7,1,1,7,1,7,7,7,"6,75","4,75",1,"6,18","1,69",0,7,1
6,JM,183,6,,,,82,9,,,,,,7,7,"1,5",1,"6,06","6,29","1,38",2,7,1,7,7,7,1,1,1,"6,8",0,0,6,7,7,1,1,7,1,7,7,7,"6,75","4,75",1,"6,18","1,69",0,7,1
6,JM,184,6,,,,68,9,,,,,,7,7,"1,5",1,"6,06","6,29","1,38",2,7,1,7,7,7,1,1,1,"6,8",0,0,6,7,7,1,1,7,1,7,7,7,"6,75","4,75",1,"6,18","1,69",0,7,1
6,JM,185,6,,,,75,9,,,,,,7,7,"1,5",1,"6,06","6,29","1,38",2,7,1,7,7,7,1,1,1,"6,8",0,0,6,7,7,1,1,7,1,7,7,7,"6,75","4,75",1,"6,18","1,69",0,7,1
7,MPA,1,7,6,1,1,53,1,,,,,,"6,17",6,1,"1,2","4,31","6,12","1,25","2,2","6,83","1,25","6,5",7,7,"1,5","1,25",1,"4,4",4,0,"3,33","6,2","6,25",1,"1,75","6,75","1,75","6,75","6,75",7,2,"2,5",1,"5,22","1,73",2,"6,5","1,38"
7,MPA,2,7,6,1,1,69,1,,,,,,"6,17",6,1,"1,2","4,31","6,12","1,25","2,2","6,83","1,25","6,5",7,7,"1,5","1,25",1,"4,4",4,0,"3,33","6,2","6,25",1,"1,75","6,75","1,75","6,75","6,75",7,2,"2,5",1,"5,22","1,73",2,"6,5","1,38"
7,MPA,3,7,6,1,1,66,1,,,,,,"6,17",6,1,"1,2","4,31","6,12","1,25","2,2","6,83","1,25","6,5",7,7,"1,5","1,25",1,"4,4",4,0,"3,33","6,2","6,25",1,"1,75","6,75","1,75","6,75","6,75",7,2,"2,5",1,"5,22","1,73",2,"6,5","1,38"
7,MPA,4,7,6,1,1,69,1,,,,,,"6,17",6,1,"1,2","4,31","6,12","1,25","2,2","6,83","1,25","6,5",7,7,"1,5","1,25",1,"4,4",4,0,"3,33","6,2","6,25",1,"1,75","6,75","1,75","6,75","6,75",7,2,"2,5",1,"5,22","1,73",2,"6,5","1,38"
7,MPA,5,7,6,1,1,73,1,,,,,,"6,17",6,1,"1,2","4,31","6,12","1,25","2,2","6,83","1,25","6,5",7,7,"1,5","1,25",1,"4,4",4,0,"3,33","6,2","6,25",1,"1,75","6,75","1,75","6,75","6,75",7,2,"2,5",1,"5,22","1,73",2,"6,5","1,38"
7,MPA,6,7,6,1,1,58,5,,,,,,"6,17",6,1,"1,2","4,31","6,12","1,25","2,2","6,83","1,25","6,5",7,7,"1,5","1,25",1,"4,4",4,0,"3,33","6,2","6,25",1,"1,75","6,75","1,75","6,75","6,75",7,2,"2,5",1,"5,22","1,73",2,"6,5","1,38"
7,MPA,7,7,6,1,1,57,5,,,,,,"6,17",6,1,"1,2","4,31","6,12","1,25","2,2","6,83","1,25","6,5",7,7,"1,5","1,25",1,"4,4",4,0,"3,33","6,2","6,25",1,"1,75","6,75","1,75","6,75","6,75",7,2,"2,5",1,"5,22","1,73",2,"6,5","1,38"
7,MPA,8,7,6,1,1,61,5,,,,,,"6,17",6,1,"1,2","4,31","6,12","1,25","2,2","6,83","1,25","6,5",7,7,"1,5","1,25",1,"4,4",4,0,"3,33","6,2","6,25",1,"1,75","6,75","1,75","6,75","6,75",7,2,"2,5",1,"5,22","1,73",2,"6,5","1,38"
7,MPA,9,7,6,1,1,59,5,,,,,,"6,17",6,1,"1,2","4,31","6,12","1,25","2,2","6,83","1,25","6,5",7,7,"1,5","1,25",1,"4,4",4,0,"3,33","6,2","6,25",1,"1,75","6,75","1,75","6,75","6,75",7,2,"2,5",1,"5,22","1,73",2,"6,5","1,38"
7,MPA,10,7,6,1,1,55,5,,,,,,"6,17",6,1,"1,2","4,31","6,12","1,25","2,2","6,83","1,25","6,5",7,7,"1,5","1,25",1,"4,4",4,0,"3,33","6,2","6,25",1,"1,75","6,75","1,75","6,75","6,75",7,2,"2,5",1,"5,22","1,73",2,"6,5","1,38"
7,MPA,11,7,6,1,1,66,5,,,,,,"6,17",6,1,"1,2","4,31","6,12","1,25","2,2","6,83","1,25","6,5",7,7,"1,5","1,25",1,"4,4",4,0,"3,33","6,2","6,25",1,"1,75","6,75","1,75","6,75","6,75",7,2,"2,5",1,"5,22","1,73",2,"6,5","1,38"
7,MPA,12,7,6,1,1,64,5,,,,,,"6,17",6,1,"1,2","4,31","6,12","1,25","2,2","6,83","1,25","6,5",7,7,"1,5","1,25",1,"4,4",4,0,"3,33","6,2","6,25",1,"1,75","6,75","1,75","6,75","6,75",7,2,"2,5",1,"5,22","1,73",2,"6,5","1,38"
7,MPA,13,7,6,1,1,61,5,,,,,,"6,17",6,1,"1,2","4,31","6,12","1,25","2,2","6,83","1,25","6,5",7,7,"1,5","1,25",1,"4,4",4,0,"3,33","6,2","6,25",1,"1,75","6,75","1,75","6,75","6,75",7,2,"2,5",1,"5,22","1,73",2,"6,5","1,38"
7,MPA,14,7,6,1,1,57,5,,,,,,"6,17",6,1,"1,2","4,31","6,12","1,25","2,2","6,83","1,25","6,5",7,7,"1,5","1,25",1,"4,4",4,0,"3,33","6,2","6,25",1,"1,75","6,75","1,75","6,75","6,75",7,2,"2,5",1,"5,22","1,73",2,"6,5","1,38"
7,MPA,15,7,6,1,1,53,5,,,,,,"6,17",6,1,"1,2","4,31","6,12","1,25","2,2","6,83","1,25","6,5",7,7,"1,5","1,25",1,"4,4",4,0,"3,33","6,2","6,25",1,"1,75","6,75","1,75","6,75","6,75",7,2,"2,5",1,"5,22","1,73",2,"6,5","1,38"
7,MPA,16,7,6,1,1,57,5,,,,,,"6,17",6,1,"1,2","4,31","6,12","1,25","2,2","6,83","1,25","6,5",7,7,"1,5","1,25",1,"4,4",4,0,"3,33","6,2","6,25",1,"1,75","6,75","1,75","6,75","6,75",7,2,"2,5",1,"5,22","1,73",2,"6,5","1,38"
7,MPA,17,7,6,1,1,57,5,,,,,,"6,17",6,1,"1,2","4,31","6,12","1,25","2,2","6,83","1,25","6,5",7,7,"1,5","1,25",1,"4,4",4,0,"3,33","6,2","6,25",1,"1,75","6,75","1,75","6,75","6,75",7,2,"2,5",1,"5,22","1,73",2,"6,5","1,38"
7,MPA,18,7,6,1,1,69,5,,,,,,"6,17",6,1,"1,2","4,31","6,12","1,25","2,2","6,83","1,25","6,5",7,7,"1,5","1,25",1,"4,4",4,0,"3,33","6,2","6,25",1,"1,75","6,75","1,75","6,75","6,75",7,2,"2,5",1,"5,22","1,73",2,"6,5","1,38"
7,MPA,19,7,6,1,1,64,5,,,,,,"6,17",6,1,"1,2","4,31","6,12","1,25","2,2","6,83","1,25","6,5",7,7,"1,5","1,25",1,"4,4",4,0,"3,33","6,2","6,25",1,"1,75","6,75","1,75","6,75","6,75",7,2,"2,5",1,"5,22","1,73",2,"6,5","1,38"
7,MPA,20,7,6,1,1,60,5,,,,,,"6,17",6,1,"1,2","4,31","6,12","1,25","2,2","6,83","1,25","6,5",7,7,"1,5","1,25",1,"4,4",4,0,"3,33","6,2","6,25",1,"1,75","6,75","1,75","6,75","6,75",7,2,"2,5",1,"5,22","1,73",2,"6,5","1,38"
7,MPA,21,7,6,1,1,59,5,,,,,,"6,17",6,1,"1,2","4,31","6,12","1,25","2,2","6,83","1,25","6,5",7,7,"1,5","1,25",1,"4,4",4,0,"3,33","6,2","6,25",1,"1,75","6,75","1,75","6,75","6,75",7,2,"2,5",1,"5,22","1,73",2,"6,5","1,38"
7,MPA,22,7,6,1,1,52,5,,,,,,"6,17",6,1,"1,2","4,31","6,12","1,25","2,2","6,83","1,25","6,5",7,7,"1,5","1,25",1,"4,4",4,0,"3,33","6,2","6,25",1,"1,75","6,75","1,75","6,75","6,75",7,2,"2,5",1,"5,22","1,73",2,"6,5","1,38"
7,MPA,23,7,6,1,1,39,5,,,,,,"6,17",6,1,"1,2","4,31","6,12","1,25","2,2","6,83","1,25","6,5",7,7,"1,5","1,25",1,"4,4",4,0,"3,33","6,2","6,25",1,"1,75","6,75","1,75","6,75","6,75",7,2,"2,5",1,"5,22","1,73",2,"6,5","1,38"
7,MPA,24,7,6,1,1,48,5,,,,,,"6,17",6,1,"1,2","4,31","6,12","1,25","2,2","6,83","1,25","6,5",7,7,"1,5","1,25",1,"4,4",4,0,"3,33","6,2","6,25",1,"1,75","6,75","1,75","6,75","6,75",7,2,"2,5",1,"5,22","1,73",2,"6,5","1,38"
7,MPA,25,7,6,1,1,43,5,,,,,,"6,17",6,1,"1,2","4,31","6,12","1,25","2,2","6,83","1,25","6,5",7,7,"1,5","1,25",1,"4,4",4,0,"3,33","6,2","6,25",1,"1,75","6,75","1,75","6,75","6,75",7,2,"2,5",1,"5,22","1,73",2,"6,5","1,38"
7,MPA,26,7,6,1,1,42,,,,,,,"6,17",6,1,"1,2","4,31","6,12","1,25","2,2","6,83","1,25","6,5",7,7,"1,5","1,25",1,"4,4",4,0,"3,33","6,2","6,25",1,"1,75","6,75","1,75","6,75","6,75",7,2,"2,5",1,"5,22","1,73",2,"6,5","1,38"
7,MPA,27,7,6,1,1,39,,,,,,,"6,17",6,1,"1,2","4,31","6,12","1,25","2,2","6,83","1,25","6,5",7,7,"1,5","1,25",1,"4,4",4,0,"3,33","6,2","6,25",1,"1,75","6,75","1,75","6,75","6,75",7,2,"2,5",1,"5,22","1,73",2,"6,5","1,38"
7,MPA,28,7,6,1,1,45,,,,,,,"6,17",6,1,"1,2","4,31","6,12","1,25","2,2","6,83","1,25","6,5",7,7,"1,5","1,25",1,"4,4",4,0,"3,33","6,2","6,25",1,"1,75","6,75","1,75","6,75","6,75",7,2,"2,5",1,"5,22","1,73",2,"6,5","1,38"
7,MPA,29,7,6,1,1,52,,,,,,,"6,17",6,1,"1,2","4,31","6,12","1,25","2,2","6,83","1,25","6,5",7,7,"1,5","1,25",1,"4,4",4,0,"3,33","6,2","6,25",1,"1,75","6,75","1,75","6,75","6,75",7,2,"2,5",1,"5,22","1,73",2,"6,5","1,38"
7,MPA,30,7,6,1,1,57,,,,,,,"6,17",6,1,"1,2","4,31","6,12","1,25","2,2","6,83","1,25","6,5",7,7,"1,5","1,25",1,"4,4",4,0,"3,33","6,2","6,25",1,"1,75","6,75","1,75","6,75","6,75",7,2,"2,5",1,"5,22","1,73",2,"6,5","1,38"
7,MPA,31,7,6,1,1,48,,,,,,,"6,17",6,1,"1,2","4,31","6,12","1,25","2,2","6,83","1,25","6,5",7,7,"1,5","1,25",1,"4,4",4,0,"3,33","6,2","6,25",1,"1,75","6,75","1,75","6,75","6,75",7,2,"2,5",1,"5,22","1,73",2,"6,5","1,38"
7,MPA,32,7,6,1,1,58,,,,,,,"6,17",6,1,"1,2","4,31","6,12","1,25","2,2","6,83","1,25","6,5",7,7,"1,5","1,25",1,"4,4",4,0,"3,33","6,2","6,25",1,"1,75","6,75","1,75","6,75","6,75",7,2,"2,5",1,"5,22","1,73",2,"6,5","1,38"
7,MPA,33,7,6,1,1,66,,,,,,,"6,17",6,1,"1,2","4,31","6,12","1,25","2,2","6,83","1,25","6,5",7,7,"1,5","1,25",1,"4,4",4,0,"3,33","6,2","6,25",1,"1,75","6,75","1,75","6,75","6,75",7,2,"2,5",1,"5,22","1,73",2,"6,5","1,38"
7,MPA,34,7,6,1,1,51,,,,,,,"6,17",6,1,"1,2","4,31","6,12","1,25","2,2","6,83","1,25","6,5",7,7,"1,5","1,25",1,"4,4",4,0,"3,33","6,2","6,25",1,"1,75","6,75","1,75","6,75","6,75",7,2,"2,5",1,"5,22","1,73",2,"6,5","1,38"
7,MPA,35,7,6,1,1,51,,,,,,,"6,17",6,1,"1,2","4,31","6,12","1,25","2,2","6,83","1,25","6,5",7,7,"1,5","1,25",1,"4,4",4,0,"3,33","6,2","6,25",1,"1,75","6,75","1,75","6,75","6,75",7,2,"2,5",1,"5,22","1,73",2,"6,5","1,38"
7,MPA,36,"6,5",6,1,1,48,5,,,,,,"6,17",6,1,"1,2","4,31","6,12","1,25","2,2","6,83","1,25","6,5",7,7,"1,5","1,25",1,"4,4",4,0,"3,33","6,2","6,25",1,"1,75","6,75","1,75","6,75","6,75",7,2,"2,5",1,"5,22","1,73",2,"6,5","1,38"
7,MPA,37,"6,5",6,1,1,45,5,,,,,,"6,17",6,1,"1,2","4,31","6,12","1,25","2,2","6,83","1,25","6,5",7,7,"1,5","1,25",1,"4,4",4,0,"3,33","6,2","6,25",1,"1,75","6,75","1,75","6,75","6,75",7,2,"2,5",1,"5,22","1,73",2,"6,5","1,38"
7,MPA,38,"6,5",6,1,1,50,5,,,,,,"6,17",6,1,"1,2","4,31","6,12","1,25","2,2","6,83","1,25","6,5",7,7,"1,5","1,25",1,"4,4",4,0,"3,33","6,2","6,25",1,"1,75","6,75","1,75","6,75","6,75",7,2,"2,5",1,"5,22","1,73",2,"6,5","1,38"
7,MPA,39,"6,5",6,1,1,59,5,,,,,,"6,17",6,1,"1,2","4,31","6,12","1,25","2,2","6,83","1,25","6,5",7,7,"1,5","1,25",1,"4,4",4,0,"3,33","6,2","6,25",1,"1,75","6,75","1,75","6,75","6,75",7,2,"2,5",1,"5,22","1,73",2,"6,5","1,38"
7,MPA,40,"6,5",6,1,1,71,5,,,,,,"6,17",6,1,"1,2","4,31","6,12","1,25","2,2","6,83","1,25","6,5",7,7,"1,5","1,25",1,"4,4",4,0,"3,33","6,2","6,25",1,"1,75","6,75","1,75","6,75","6,75",7,2,"2,5",1,"5,22","1,73",2,"6,5","1,38"
7,MPA,41,"6,666666667","6,666666667",1,1,70,7,,,,,,"6,17",6,1,"1,2","4,31","6,12","1,25","2,2","6,83","1,25","6,5",7,7,"1,5","1,25",1,"4,4",4,0,"3,33","6,2","6,25",1,"1,75","6,75","1,75","6,75","6,75",7,2,"2,5",1,"5,22","1,73",2,"6,5","1,38"
7,MPA,42,"6,666666667","6,666666667",1,1,49,7,,,,,,"6,17",6,1,"1,2","4,31","6,12","1,25","2,2","6,83","1,25","6,5",7,7,"1,5","1,25",1,"4,4",4,0,"3,33","6,2","6,25",1,"1,75","6,75","1,75","6,75","6,75",7,2,"2,5",1,"5,22","1,73",2,"6,5","1,38"
7,MPA,43,"6,666666667","6,666666667",1,1,39,7,,,,,,"6,17",6,1,"1,2","4,31","6,12","1,25","2,2","6,83","1,25","6,5",7,7,"1,5","1,25",1,"4,4",4,0,"3,33","6,2","6,25",1,"1,75","6,75","1,75","6,75","6,75",7,2,"2,5",1,"5,22","1,73",2,"6,5","1,38"
7,MPA,44,"6,666666667","6,666666667",1,1,49,7,,,,,,"6,17",6,1,"1,2","4,31","6,12","1,25","2,2","6,83","1,25","6,5",7,7,"1,5","1,25",1,"4,4",4,0,"3,33","6,2","6,25",1,"1,75","6,75","1,75","6,75","6,75",7,2,"2,5",1,"5,22","1,73",2,"6,5","1,38"
7,MPA,45,"6,666666667","6,666666667",1,1,48,7,,,,,,"6,17",6,1,"1,2","4,31","6,12","1,25","2,2","6,83","1,25","6,5",7,7,"1,5","1,25",1,"4,4",4,0,"3,33","6,2","6,25",1,"1,75","6,75","1,75","6,75","6,75",7,2,"2,5",1,"5,22","1,73",2,"6,5","1,38"
7,MPA,46,7,6,1,1,50,5,,,,,,"6,17",6,1,"1,2","4,31","6,12","1,25","2,2","6,83","1,25","6,5",7,7,"1,5","1,25",1,"4,4",4,0,"3,33","6,2","6,25",1,"1,75","6,75","1,75","6,75","6,75",7,2,"2,5",1,"5,22","1,73",2,"6,5","1,38"
7,MPA,47,7,6,1,1,87,5,,,,,,"6,17",6,1,"1,2","4,31","6,12","1,25","2,2","6,83","1,25","6,5",7,7,"1,5","1,25",1,"4,4",4,0,"3,33","6,2","6,25",1,"1,75","6,75","1,75","6,75","6,75",7,2,"2,5",1,"5,22","1,73",2,"6,5","1,38"
7,MPA,48,7,6,1,1,89,5,,,,,,"6,17",6,1,"1,2","4,31","6,12","1,25","2,2","6,83","1,25","6,5",7,7,"1,5","1,25",1,"4,4",4,0,"3,33","6,2","6,25",1,"1,75","6,75","1,75","6,75","6,75",7,2,"2,5",1,"5,22","1,73",2,"6,5","1,38"
7,MPA,49,7,6,1,1,76,5,,,,,,"6,17",6,1,"1,2","4,31","6,12","1,25","2,2","6,83","1,25","6,5",7,7,"1,5","1,25",1,"4,4",4,0,"3,33","6,2","6,25",1,"1,75","6,75","1,75","6,75","6,75",7,2,"2,5",1,"5,22","1,73",2,"6,5","1,38"
7,MPA,50,7,6,1,1,55,5,,,,,,"6,17",6,1,"1,2","4,31","6,12","1,25","2,2","6,83","1,25","6,5",7,7,"1,5","1,25",1,"4,4",4,0,"3,33","6,2","6,25",1,"1,75","6,75","1,75","6,75","6,75",7,2,"2,5",1,"5,22","1,73",2,"6,5","1,38"
7,MPA,51,7,6,1,1,42,5,,,,,,"6,17",6,1,"1,2","4,31","6,12","1,25","2,2","6,83","1,25","6,5",7,7,"1,5","1,25",1,"4,4",4,0,"3,33","6,2","6,25",1,"1,75","6,75","1,75","6,75","6,75",7,2,"2,5",1,"5,22","1,73",2,"6,5","1,38"
7,MPA,52,7,6,1,1,52,5,,,,,,"6,17",6,1,"1,2","4,31","6,12","1,25","2,2","6,83","1,25","6,5",7,7,"1,5","1,25",1,"4,4",4,0,"3,33","6,2","6,25",1,"1,75","6,75","1,75","6,75","6,75",7,2,"2,5",1,"5,22","1,73",2,"6,5","1,38"
7,MPA,53,7,6,1,1,61,5,,,,,,"6,17",6,1,"1,2","4,31","6,12","1,25","2,2","6,83","1,25","6,5",7,7,"1,5","1,25",1,"4,4",4,0,"3,33","6,2","6,25",1,"1,75","6,75","1,75","6,75","6,75",7,2,"2,5",1,"5,22","1,73",2,"6,5","1,38"
7,MPA,54,7,6,1,1,57,5,,,,,,"6,17",6,1,"1,2","4,31","6,12","1,25","2,2","6,83","1,25","6,5",7,7,"1,5","1,25",1,"4,4",4,0,"3,33","6,2","6,25",1,"1,75","6,75","1,75","6,75","6,75",7,2,"2,5",1,"5,22","1,73",2,"6,5","1,38"
7,MPA,55,7,6,1,1,59,5,,,,,,"6,17",6,1,"1,2","4,31","6,12","1,25","2,2","6,83","1,25","6,5",7,7,"1,5","1,25",1,"4,4",4,0,"3,33","6,2","6,25",1,"1,75","6,75","1,75","6,75","6,75",7,2,"2,5",1,"5,22","1,73",2,"6,5","1,38"
7,MPA,56,,,,,61,,,,,,,"6,17",6,1,"1,2","4,31","6,12","1,25","2,2","6,83","1,25","6,5",7,7,"1,5","1,25",1,"4,4",4,0,"3,33","6,2","6,25",1,"1,75","6,75","1,75","6,75","6,75",7,2,"2,5",1,"5,22","1,73",2,"6,5","1,38"
7,MPA,57,,,,,46,,,,,,,"6,17",6,1,"1,2","4,31","6,12","1,25","2,2","6,83","1,25","6,5",7,7,"1,5","1,25",1,"4,4",4,0,"3,33","6,2","6,25",1,"1,75","6,75","1,75","6,75","6,75",7,2,"2,5",1,"5,22","1,73",2,"6,5","1,38"
7,MPA,58,,,,,38,,,,,,,"6,17",6,1,"1,2","4,31","6,12","1,25","2,2","6,83","1,25","6,5",7,7,"1,5","1,25",1,"4,4",4,0,"3,33","6,2","6,25",1,"1,75","6,75","1,75","6,75","6,75",7,2,"2,5",1,"5,22","1,73",2,"6,5","1,38"
7,MPA,59,,,,,40,,,,,,,"6,17",6,1,"1,2","4,31","6,12","1,25","2,2","6,83","1,25","6,5",7,7,"1,5","1,25",1,"4,4",4,0,"3,33","6,2","6,25",1,"1,75","6,75","1,75","6,75","6,75",7,2,"2,5",1,"5,22","1,73",2,"6,5","1,38"
7,MPA,60,,,,,45,,,,,,,"6,17",6,1,"1,2","4,31","6,12","1,25","2,2","6,83","1,25","6,5",7,7,"1,5","1,25",1,"4,4",4,0,"3,33","6,2","6,25",1,"1,75","6,75","1,75","6,75","6,75",7,2,"2,5",1,"5,22","1,73",2,"6,5","1,38"
7,MPA,61,,,,,50,,,,,,,"6,17",6,1,"1,2","4,31","6,12","1,25","2,2","6,83","1,25","6,5",7,7,"1,5","1,25",1,"4,4",4,0,"3,33","6,2","6,25",1,"1,75","6,75","1,75","6,75","6,75",7,2,"2,5",1,"5,22","1,73",2,"6,5","1,38"
7,MPA,62,,,,,60,,,,,,,"6,17",6,1,"1,2","4,31","6,12","1,25","2,2","6,83","1,25","6,5",7,7,"1,5","1,25",1,"4,4",4,0,"3,33","6,2","6,25",1,"1,75","6,75","1,75","6,75","6,75",7,2,"2,5",1,"5,22","1,73",2,"6,5","1,38"
7,MPA,63,,,,,54,,,,,,,"6,17",6,1,"1,2","4,31","6,12","1,25","2,2","6,83","1,25","6,5",7,7,"1,5","1,25",1,"4,4",4,0,"3,33","6,2","6,25",1,"1,75","6,75","1,75","6,75","6,75",7,2,"2,5",1,"5,22","1,73",2,"6,5","1,38"
7,MPA,64,,,,,65,,,,,,,"6,17",6,1,"1,2","4,31","6,12","1,25","2,2","6,83","1,25","6,5",7,7,"1,5","1,25",1,"4,4",4,0,"3,33","6,2","6,25",1,"1,75","6,75","1,75","6,75","6,75",7,2,"2,5",1,"5,22","1,73",2,"6,5","1,38"
7,MPA,65,,,,,83,,,,,,,"6,17",6,1,"1,2","4,31","6,12","1,25","2,2","6,83","1,25","6,5",7,7,"1,5","1,25",1,"4,4",4,0,"3,33","6,2","6,25",1,"1,75","6,75","1,75","6,75","6,75",7,2,"2,5",1,"5,22","1,73",2,"6,5","1,38"
7,MPA,66,,,,,87,,,,,,,"6,17",6,1,"1,2","4,31","6,12","1,25","2,2","6,83","1,25","6,5",7,7,"1,5","1,25",1,"4,4",4,0,"3,33","6,2","6,25",1,"1,75","6,75","1,75","6,75","6,75",7,2,"2,5",1,"5,22","1,73",2,"6,5","1,38"
7,MPA,67,,,,,80,,,,,,,"6,17",6,1,"1,2","4,31","6,12","1,25","2,2","6,83","1,25","6,5",7,7,"1,5","1,25",1,"4,4",4,0,"3,33","6,2","6,25",1,"1,75","6,75","1,75","6,75","6,75",7,2,"2,5",1,"5,22","1,73",2,"6,5","1,38"
7,MPA,68,,,,,73,,,,,,,"6,17",6,1,"1,2","4,31","6,12","1,25","2,2","6,83","1,25","6,5",7,7,"1,5","1,25",1,"4,4",4,0,"3,33","6,2","6,25",1,"1,75","6,75","1,75","6,75","6,75",7,2,"2,5",1,"5,22","1,73",2,"6,5","1,38"
7,MPA,69,,,,,69,,,,,,,"6,17",6,1,"1,2","4,31","6,12","1,25","2,2","6,83","1,25","6,5",7,7,"1,5","1,25",1,"4,4",4,0,"3,33","6,2","6,25",1,"1,75","6,75","1,75","6,75","6,75",7,2,"2,5",1,"5,22","1,73",2,"6,5","1,38"
7,MPA,70,,,,,61,,,,,,,"6,17",6,1,"1,2","4,31","6,12","1,25","2,2","6,83","1,25","6,5",7,7,"1,5","1,25",1,"4,4",4,0,"3,33","6,2","6,25",1,"1,75","6,75","1,75","6,75","6,75",7,2,"2,5",1,"5,22","1,73",2,"6,5","1,38"
7,MPA,71,,,,,55,,,,,,,"6,17",6,1,"1,2","4,31","6,12","1,25","2,2","6,83","1,25","6,5",7,7,"1,5","1,25",1,"4,4",4,0,"3,33","6,2","6,25",1,"1,75","6,75","1,75","6,75","6,75",7,2,"2,5",1,"5,22","1,73",2,"6,5","1,38"
7,MPA,72,,,,,55,,,,,,,"6,17",6,1,"1,2","4,31","6,12","1,25","2,2","6,83","1,25","6,5",7,7,"1,5","1,25",1,"4,4",4,0,"3,33","6,2","6,25",1,"1,75","6,75","1,75","6,75","6,75",7,2,"2,5",1,"5,22","1,73",2,"6,5","1,38"
7,MPA,73,,,,,71,,,,,,,"6,17",6,1,"1,2","4,31","6,12","1,25","2,2","6,83","1,25","6,5",7,7,"1,5","1,25",1,"4,4",4,0,"3,33","6,2","6,25",1,"1,75","6,75","1,75","6,75","6,75",7,2,"2,5",1,"5,22","1,73",2,"6,5","1,38"
7,MPA,74,,,,,97,,,,,,,"6,17",6,1,"1,2","4,31","6,12","1,25","2,2","6,83","1,25","6,5",7,7,"1,5","1,25",1,"4,4",4,0,"3,33","6,2","6,25",1,"1,75","6,75","1,75","6,75","6,75",7,2,"2,5",1,"5,22","1,73",2,"6,5","1,38"
7,MPA,75,,,,,70,,,,,,,"6,17",6,1,"1,2","4,31","6,12","1,25","2,2","6,83","1,25","6,5",7,7,"1,5","1,25",1,"4,4",4,0,"3,33","6,2","6,25",1,"1,75","6,75","1,75","6,75","6,75",7,2,"2,5",1,"5,22","1,73",2,"6,5","1,38"
7,MPA,76,7,6,1,1,53,5,,,,,,"6,17",6,1,"1,2","4,31","6,12","1,25","2,2","6,83","1,25","6,5",7,7,"1,5","1,25",1,"4,4",4,0,"3,33","6,2","6,25",1,"1,75","6,75","1,75","6,75","6,75",7,2,"2,5",1,"5,22","1,73",2,"6,5","1,38"
7,MPA,77,7,6,1,1,46,5,,,,,,"6,17",6,1,"1,2","4,31","6,12","1,25","2,2","6,83","1,25","6,5",7,7,"1,5","1,25",1,"4,4",4,0,"3,33","6,2","6,25",1,"1,75","6,75","1,75","6,75","6,75",7,2,"2,5",1,"5,22","1,73",2,"6,5","1,38"
7,MPA,78,7,6,1,1,64,5,,,,,,"6,17",6,1,"1,2","4,31","6,12","1,25","2,2","6,83","1,25","6,5",7,7,"1,5","1,25",1,"4,4",4,0,"3,33","6,2","6,25",1,"1,75","6,75","1,75","6,75","6,75",7,2,"2,5",1,"5,22","1,73",2,"6,5","1,38"
7,MPA,79,7,6,1,1,69,5,,,,,,"6,17",6,1,"1,2","4,31","6,12","1,25","2,2","6,83","1,25","6,5",7,7,"1,5","1,25",1,"4,4",4,0,"3,33","6,2","6,25",1,"1,75","6,75","1,75","6,75","6,75",7,2,"2,5",1,"5,22","1,73",2,"6,5","1,38"
7,MPA,80,7,6,1,1,54,5,,,,,,"6,17",6,1,"1,2","4,31","6,12","1,25","2,2","6,83","1,25","6,5",7,7,"1,5","1,25",1,"4,4",4,0,"3,33","6,2","6,25",1,"1,75","6,75","1,75","6,75","6,75",7,2,"2,5",1,"5,22","1,73",2,"6,5","1,38"
7,MPA,81,6,6,1,1,60,5,,,,,,"6,17",6,1,"1,2","4,31","6,12","1,25","2,2","6,83","1,25","6,5",7,7,"1,5","1,25",1,"4,4",4,0,"3,33","6,2","6,25",1,"1,75","6,75","1,75","6,75","6,75",7,2,"2,5",1,"5,22","1,73",2,"6,5","1,38"
7,MPA,82,6,6,1,1,60,5,,,,,,"6,17",6,1,"1,2","4,31","6,12","1,25","2,2","6,83","1,25","6,5",7,7,"1,5","1,25",1,"4,4",4,0,"3,33","6,2","6,25",1,"1,75","6,75","1,75","6,75","6,75",7,2,"2,5",1,"5,22","1,73",2,"6,5","1,38"
7,MPA,83,6,6,1,1,49,5,,,,,,"6,17",6,1,"1,2","4,31","6,12","1,25","2,2","6,83","1,25","6,5",7,7,"1,5","1,25",1,"4,4",4,0,"3,33","6,2","6,25",1,"1,75","6,75","1,75","6,75","6,75",7,2,"2,5",1,"5,22","1,73",2,"6,5","1,38"
7,MPA,84,6,6,1,1,76,5,,,,,,"6,17",6,1,"1,2","4,31","6,12","1,25","2,2","6,83","1,25","6,5",7,7,"1,5","1,25",1,"4,4",4,0,"3,33","6,2","6,25",1,"1,75","6,75","1,75","6,75","6,75",7,2,"2,5",1,"5,22","1,73",2,"6,5","1,38"
7,MPA,85,6,6,1,1,75,5,,,,,,"6,17",6,1,"1,2","4,31","6,12","1,25","2,2","6,83","1,25","6,5",7,7,"1,5","1,25",1,"4,4",4,0,"3,33","6,2","6,25",1,"1,75","6,75","1,75","6,75","6,75",7,2,"2,5",1,"5,22","1,73",2,"6,5","1,38"
7,MPA,86,6,6,1,1,84,,,,,,,"6,17",6,1,"1,2","4,31","6,12","1,25","2,2","6,83","1,25","6,5",7,7,"1,5","1,25",1,"4,4",4,0,"3,33","6,2","6,25",1,"1,75","6,75","1,75","6,75","6,75",7,2,"2,5",1,"5,22","1,73",2,"6,5","1,38"
7,MPA,87,6,6,1,1,75,,,,,,,"6,17",6,1,"1,2","4,31","6,12","1,25","2,2","6,83","1,25","6,5",7,7,"1,5","1,25",1,"4,4",4,0,"3,33","6,2","6,25",1,"1,75","6,75","1,75","6,75","6,75",7,2,"2,5",1,"5,22","1,73",2,"6,5","1,38"
7,MPA,88,6,6,1,1,54,,,,,,,"6,17",6,1,"1,2","4,31","6,12","1,25","2,2","6,83","1,25","6,5",7,7,"1,5","1,25",1,"4,4",4,0,"3,33","6,2","6,25",1,"1,75","6,75","1,75","6,75","6,75",7,2,"2,5",1,"5,22","1,73",2,"6,5","1,38"
7,MPA,89,6,6,1,1,65,,,,,,,"6,17",6,1,"1,2","4,31","6,12","1,25","2,2","6,83","1,25","6,5",7,7,"1,5","1,25",1,"4,4",4,0,"3,33","6,2","6,25",1,"1,75","6,75","1,75","6,75","6,75",7,2,"2,5",1,"5,22","1,73",2,"6,5","1,38"
7,MPA,90,6,6,1,1,64,,,,,,,"6,17",6,1,"1,2","4,31","6,12","1,25","2,2","6,83","1,25","6,5",7,7,"1,5","1,25",1,"4,4",4,0,"3,33","6,2","6,25",1,"1,75","6,75","1,75","6,75","6,75",7,2,"2,5",1,"5,22","1,73",2,"6,5","1,38"
7,MPA,91,6,6,1,1,67,5,,,,,,"6,17",6,1,"1,2","4,31","6,12","1,25","2,2","6,83","1,25","6,5",7,7,"1,5","1,25",1,"4,4",4,0,"3,33","6,2","6,25",1,"1,75","6,75","1,75","6,75","6,75",7,2,"2,5",1,"5,22","1,73",2,"6,5","1,38"
7,MPA,92,6,6,1,1,60,5,,,,,,"6,17",6,1,"1,2","4,31","6,12","1,25","2,2","6,83","1,25","6,5",7,7,"1,5","1,25",1,"4,4",4,0,"3,33","6,2","6,25",1,"1,75","6,75","1,75","6,75","6,75",7,2,"2,5",1,"5,22","1,73",2,"6,5","1,38"
7,MPA,93,6,6,1,1,65,5,,,,,,"6,17",6,1,"1,2","4,31","6,12","1,25","2,2","6,83","1,25","6,5",7,7,"1,5","1,25",1,"4,4",4,0,"3,33","6,2","6,25",1,"1,75","6,75","1,75","6,75","6,75",7,2,"2,5",1,"5,22","1,73",2,"6,5","1,38"
7,MPA,94,6,6,1,1,81,5,,,,,,"6,17",6,1,"1,2","4,31","6,12","1,25","2,2","6,83","1,25","6,5",7,7,"1,5","1,25",1,"4,4",4,0,"3,33","6,2","6,25",1,"1,75","6,75","1,75","6,75","6,75",7,2,"2,5",1,"5,22","1,73",2,"6,5","1,38"
7,MPA,95,6,6,1,1,73,5,,,,,,"6,17",6,1,"1,2","4,31","6,12","1,25","2,2","6,83","1,25","6,5",7,7,"1,5","1,25",1,"4,4",4,0,"3,33","6,2","6,25",1,"1,75","6,75","1,75","6,75","6,75",7,2,"2,5",1,"5,22","1,73",2,"6,5","1,38"
7,MPA,96,6,6,1,1,57,5,,,,,,"6,17",6,1,"1,2","4,31","6,12","1,25","2,2","6,83","1,25","6,5",7,7,"1,5","1,25",1,"4,4",4,0,"3,33","6,2","6,25",1,"1,75","6,75","1,75","6,75","6,75",7,2,"2,5",1,"5,22","1,73",2,"6,5","1,38"
7,MPA,97,6,6,1,1,60,5,,,,,,"6,17",6,1,"1,2","4,31","6,12","1,25","2,2","6,83","1,25","6,5",7,7,"1,5","1,25",1,"4,4",4,0,"3,33","6,2","6,25",1,"1,75","6,75","1,75","6,75","6,75",7,2,"2,5",1,"5,22","1,73",2,"6,5","1,38"
7,MPA,98,6,6,1,1,79,5,,,,,,"6,17",6,1,"1,2","4,31","6,12","1,25","2,2","6,83","1,25","6,5",7,7,"1,5","1,25",1,"4,4",4,0,"3,33","6,2","6,25",1,"1,75","6,75","1,75","6,75","6,75",7,2,"2,5",1,"5,22","1,73",2,"6,5","1,38"
7,MPA,99,6,6,1,1,83,5,,,,,,"6,17",6,1,"1,2","4,31","6,12","1,25","2,2","6,83","1,25","6,5",7,7,"1,5","1,25",1,"4,4",4,0,"3,33","6,2","6,25",1,"1,75","6,75","1,75","6,75","6,75",7,2,"2,5",1,"5,22","1,73",2,"6,5","1,38"
7,MPA,100,6,6,1,1,77,5,,,,,,"6,17",6,1,"1,2","4,31","6,12","1,25","2,2","6,83","1,25","6,5",7,7,"1,5","1,25",1,"4,4",4,0,"3,33","6,2","6,25",1,"1,75","6,75","1,75","6,75","6,75",7,2,"2,5",1,"5,22","1,73",2,"6,5","1,38"
7,MPA,101,6,6,1,1,57,5,,,,,,"6,17",6,1,"1,2","4,31","6,12","1,25","2,2","6,83","1,25","6,5",7,7,"1,5","1,25",1,"4,4",4,0,"3,33","6,2","6,25",1,"1,75","6,75","1,75","6,75","6,75",7,2,"2,5",1,"5,22","1,73",2,"6,5","1,38"
7,MPA,102,6,6,1,1,63,5,,,,,,"6,17",6,1,"1,2","4,31","6,12","1,25","2,2","6,83","1,25","6,5",7,7,"1,5","1,25",1,"4,4",4,0,"3,33","6,2","6,25",1,"1,75","6,75","1,75","6,75","6,75",7,2,"2,5",1,"5,22","1,73",2,"6,5","1,38"
7,MPA,103,6,6,1,1,70,5,,,,,,"6,17",6,1,"1,2","4,31","6,12","1,25","2,2","6,83","1,25","6,5",7,7,"1,5","1,25",1,"4,4",4,0,"3,33","6,2","6,25",1,"1,75","6,75","1,75","6,75","6,75",7,2,"2,5",1,"5,22","1,73",2,"6,5","1,38"
7,MPA,104,6,6,1,1,72,5,,,,,,"6,17",6,1,"1,2","4,31","6,12","1,25","2,2","6,83","1,25","6,5",7,7,"1,5","1,25",1,"4,4",4,0,"3,33","6,2","6,25",1,"1,75","6,75","1,75","6,75","6,75",7,2,"2,5",1,"5,22","1,73",2,"6,5","1,38"
7,MPA,105,6,6,1,1,72,5,,,,,,"6,17",6,1,"1,2","4,31","6,12","1,25","2,2","6,83","1,25","6,5",7,7,"1,5","1,25",1,"4,4",4,0,"3,33","6,2","6,25",1,"1,75","6,75","1,75","6,75","6,75",7,2,"2,5",1,"5,22","1,73",2,"6,5","1,38"
7,MPA,106,6,6,1,1,70,5,,,1,,,"6,17",6,1,"1,2","4,31","6,12","1,25","2,2","6,83","1,25","6,5",7,7,"1,5","1,25",1,"4,4",4,0,"3,33","6,2","6,25",1,"1,75","6,75","1,75","6,75","6,75",7,2,"2,5",1,"5,22","1,73",2,"6,5","1,38"
7,MPA,107,6,6,1,1,77,5,,,1,,,"6,17",6,1,"1,2","4,31","6,12","1,25","2,2","6,83","1,25","6,5",7,7,"1,5","1,25",1,"4,4",4,0,"3,33","6,2","6,25",1,"1,75","6,75","1,75","6,75","6,75",7,2,"2,5",1,"5,22","1,73",2,"6,5","1,38"
7,MPA,108,6,6,1,1,93,5,,,1,,,"6,17",6,1,"1,2","4,31","6,12","1,25","2,2","6,83","1,25","6,5",7,7,"1,5","1,25",1,"4,4",4,0,"3,33","6,2","6,25",1,"1,75","6,75","1,75","6,75","6,75",7,2,"2,5",1,"5,22","1,73",2,"6,5","1,38"
7,MPA,109,6,6,1,1,79,5,,,1,,,"6,17",6,1,"1,2","4,31","6,12","1,25","2,2","6,83","1,25","6,5",7,7,"1,5","1,25",1,"4,4",4,0,"3,33","6,2","6,25",1,"1,75","6,75","1,75","6,75","6,75",7,2,"2,5",1,"5,22","1,73",2,"6,5","1,38"
7,MPA,110,6,6,1,1,78,5,,,1,,,"6,17",6,1,"1,2","4,31","6,12","1,25","2,2","6,83","1,25","6,5",7,7,"1,5","1,25",1,"4,4",4,0,"3,33","6,2","6,25",1,"1,75","6,75","1,75","6,75","6,75",7,2,"2,5",1,"5,22","1,73",2,"6,5","1,38"
7,MPA,111,6,7,1,1,75,2,,,,,,"6,17",6,1,"1,2","4,31","6,12","1,25","2,2","6,83","1,25","6,5",7,7,"1,5","1,25",1,"4,4",4,0,"3,33","6,2","6,25",1,"1,75","6,75","1,75","6,75","6,75",7,2,"2,5",1,"5,22","1,73",2,"6,5","1,38"
7,MPA,112,6,7,1,1,76,2,,,,,,"6,17",6,1,"1,2","4,31","6,12","1,25","2,2","6,83","1,25","6,5",7,7,"1,5","1,25",1,"4,4",4,0,"3,33","6,2","6,25",1,"1,75","6,75","1,75","6,75","6,75",7,2,"2,5",1,"5,22","1,73",2,"6,5","1,38"
7,MPA,113,6,7,1,1,70,2,,,,,,"6,17",6,1,"1,2","4,31","6,12","1,25","2,2","6,83","1,25","6,5",7,7,"1,5","1,25",1,"4,4",4,0,"3,33","6,2","6,25",1,"1,75","6,75","1,75","6,75","6,75",7,2,"2,5",1,"5,22","1,73",2,"6,5","1,38"
7,MPA,114,6,7,1,1,67,2,,,,,,"6,17",6,1,"1,2","4,31","6,12","1,25","2,2","6,83","1,25","6,5",7,7,"1,5","1,25",1,"4,4",4,0,"3,33","6,2","6,25",1,"1,75","6,75","1,75","6,75","6,75",7,2,"2,5",1,"5,22","1,73",2,"6,5","1,38"
7,MPA,115,6,7,1,1,78,2,,,,,,"6,17",6,1,"1,2","4,31","6,12","1,25","2,2","6,83","1,25","6,5",7,7,"1,5","1,25",1,"4,4",4,0,"3,33","6,2","6,25",1,"1,75","6,75","1,75","6,75","6,75",7,2,"2,5",1,"5,22","1,73",2,"6,5","1,38"
7,MPA,116,6,7,1,1,74,2,,,,,,"6,17",6,1,"1,2","4,31","6,12","1,25","2,2","6,83","1,25","6,5",7,7,"1,5","1,25",1,"4,4",4,0,"3,33","6,2","6,25",1,"1,75","6,75","1,75","6,75","6,75",7,2,"2,5",1,"5,22","1,73",2,"6,5","1,38"
7,MPA,117,6,7,1,1,67,2,,,,,,"6,17",6,1,"1,2","4,31","6,12","1,25","2,2","6,83","1,25","6,5",7,7,"1,5","1,25",1,"4,4",4,0,"3,33","6,2","6,25",1,"1,75","6,75","1,75","6,75","6,75",7,2,"2,5",1,"5,22","1,73",2,"6,5","1,38"
7,MPA,118,6,7,1,1,76,2,,,,,,"6,17",6,1,"1,2","4,31","6,12","1,25","2,2","6,83","1,25","6,5",7,7,"1,5","1,25",1,"4,4",4,0,"3,33","6,2","6,25",1,"1,75","6,75","1,75","6,75","6,75",7,2,"2,5",1,"5,22","1,73",2,"6,5","1,38"
7,MPA,119,6,7,1,1,82,2,,,,,,"6,17",6,1,"1,2","4,31","6,12","1,25","2,2","6,83","1,25","6,5",7,7,"1,5","1,25",1,"4,4",4,0,"3,33","6,2","6,25",1,"1,75","6,75","1,75","6,75","6,75",7,2,"2,5",1,"5,22","1,73",2,"6,5","1,38"
7,MPA,120,6,7,1,1,94,2,,,,,,"6,17",6,1,"1,2","4,31","6,12","1,25","2,2","6,83","1,25","6,5",7,7,"1,5","1,25",1,"4,4",4,0,"3,33","6,2","6,25",1,"1,75","6,75","1,75","6,75","6,75",7,2,"2,5",1,"5,22","1,73",2,"6,5","1,38"
7,MPA,121,6,7,1,1,88,2,,,,,,"6,17",6,1,"1,2","4,31","6,12","1,25","2,2","6,83","1,25","6,5",7,7,"1,5","1,25",1,"4,4",4,0,"3,33","6,2","6,25",1,"1,75","6,75","1,75","6,75","6,75",7,2,"2,5",1,"5,22","1,73",2,"6,5","1,38"
7,MPA,122,6,7,1,1,85,2,,,,,,"6,17",6,1,"1,2","4,31","6,12","1,25","2,2","6,83","1,25","6,5",7,7,"1,5","1,25",1,"4,4",4,0,"3,33","6,2","6,25",1,"1,75","6,75","1,75","6,75","6,75",7,2,"2,5",1,"5,22","1,73",2,"6,5","1,38"
7,MPA,123,6,7,1,1,89,2,,,,,,"6,17",6,1,"1,2","4,31","6,12","1,25","2,2","6,83","1,25","6,5",7,7,"1,5","1,25",1,"4,4",4,0,"3,33","6,2","6,25",1,"1,75","6,75","1,75","6,75","6,75",7,2,"2,5",1,"5,22","1,73",2,"6,5","1,38"
7,MPA,124,6,7,1,1,100,2,,,,,,"6,17",6,1,"1,2","4,31","6,12","1,25","2,2","6,83","1,25","6,5",7,7,"1,5","1,25",1,"4,4",4,0,"3,33","6,2","6,25",1,"1,75","6,75","1,75","6,75","6,75",7,2,"2,5",1,"5,22","1,73",2,"6,5","1,38"
7,MPA,125,6,7,1,1,100,2,,,,,,"6,17",6,1,"1,2","4,31","6,12","1,25","2,2","6,83","1,25","6,5",7,7,"1,5","1,25",1,"4,4",4,0,"3,33","6,2","6,25",1,"1,75","6,75","1,75","6,75","6,75",7,2,"2,5",1,"5,22","1,73",2,"6,5","1,38"
7,MPA,126,6,7,1,1,88,5,,,,,,"6,17",6,1,"1,2","4,31","6,12","1,25","2,2","6,83","1,25","6,5",7,7,"1,5","1,25",1,"4,4",4,0,"3,33","6,2","6,25",1,"1,75","6,75","1,75","6,75","6,75",7,2,"2,5",1,"5,22","1,73",2,"6,5","1,38"
7,MPA,127,6,7,1,1,55,5,,,,,,"6,17",6,1,"1,2","4,31","6,12","1,25","2,2","6,83","1,25","6,5",7,7,"1,5","1,25",1,"4,4",4,0,"3,33","6,2","6,25",1,"1,75","6,75","1,75","6,75","6,75",7,2,"2,5",1,"5,22","1,73",2,"6,5","1,38"
7,MPA,128,6,7,1,1,49,5,,,,,,"6,17",6,1,"1,2","4,31","6,12","1,25","2,2","6,83","1,25","6,5",7,7,"1,5","1,25",1,"4,4",4,0,"3,33","6,2","6,25",1,"1,75","6,75","1,75","6,75","6,75",7,2,"2,5",1,"5,22","1,73",2,"6,5","1,38"
7,MPA,129,6,7,1,1,48,5,,,,,,"6,17",6,1,"1,2","4,31","6,12","1,25","2,2","6,83","1,25","6,5",7,7,"1,5","1,25",1,"4,4",4,0,"3,33","6,2","6,25",1,"1,75","6,75","1,75","6,75","6,75",7,2,"2,5",1,"5,22","1,73",2,"6,5","1,38"
7,MPA,130,6,7,1,1,67,5,,,,,,"6,17",6,1,"1,2","4,31","6,12","1,25","2,2","6,83","1,25","6,5",7,7,"1,5","1,25",1,"4,4",4,0,"3,33","6,2","6,25",1,"1,75","6,75","1,75","6,75","6,75",7,2,"2,5",1,"5,22","1,73",2,"6,5","1,38"
7,MPA,131,6,7,1,1,79,5,,,,,,"6,17",6,1,"1,2","4,31","6,12","1,25","2,2","6,83","1,25","6,5",7,7,"1,5","1,25",1,"4,4",4,0,"3,33","6,2","6,25",1,"1,75","6,75","1,75","6,75","6,75",7,2,"2,5",1,"5,22","1,73",2,"6,5","1,38"
7,MPA,132,6,7,1,1,74,5,,,,,,"6,17",6,1,"1,2","4,31","6,12","1,25","2,2","6,83","1,25","6,5",7,7,"1,5","1,25",1,"4,4",4,0,"3,33","6,2","6,25",1,"1,75","6,75","1,75","6,75","6,75",7,2,"2,5",1,"5,22","1,73",2,"6,5","1,38"
7,MPA,133,6,7,1,1,79,5,,,,,,"6,17",6,1,"1,2","4,31","6,12","1,25","2,2","6,83","1,25","6,5",7,7,"1,5","1,25",1,"4,4",4,0,"3,33","6,2","6,25",1,"1,75","6,75","1,75","6,75","6,75",7,2,"2,5",1,"5,22","1,73",2,"6,5","1,38"
7,MPA,134,6,7,1,1,100,5,,,,,,"6,17",6,1,"1,2","4,31","6,12","1,25","2,2","6,83","1,25","6,5",7,7,"1,5","1,25",1,"4,4",4,0,"3,33","6,2","6,25",1,"1,75","6,75","1,75","6,75","6,75",7,2,"2,5",1,"5,22","1,73",2,"6,5","1,38"
7,MPA,135,6,7,1,1,66,5,,,,,,"6,17",6,1,"1,2","4,31","6,12","1,25","2,2","6,83","1,25","6,5",7,7,"1,5","1,25",1,"4,4",4,0,"3,33","6,2","6,25",1,"1,75","6,75","1,75","6,75","6,75",7,2,"2,5",1,"5,22","1,73",2,"6,5","1,38"
7,MPA,136,6,7,1,1,61,5,,,,,,"6,17",6,1,"1,2","4,31","6,12","1,25","2,2","6,83","1,25","6,5",7,7,"1,5","1,25",1,"4,4",4,0,"3,33","6,2","6,25",1,"1,75","6,75","1,75","6,75","6,75",7,2,"2,5",1,"5,22","1,73",2,"6,5","1,38"
7,MPA,137,6,7,1,1,59,5,,,,,,"6,17",6,1,"1,2","4,31","6,12","1,25","2,2","6,83","1,25","6,5",7,7,"1,5","1,25",1,"4,4",4,0,"3,33","6,2","6,25",1,"1,75","6,75","1,75","6,75","6,75",7,2,"2,5",1,"5,22","1,73",2,"6,5","1,38"
7,MPA,138,6,7,1,1,78,5,,,,,,"6,17",6,1,"1,2","4,31","6,12","1,25","2,2","6,83","1,25","6,5",7,7,"1,5","1,25",1,"4,4",4,0,"3,33","6,2","6,25",1,"1,75","6,75","1,75","6,75","6,75",7,2,"2,5",1,"5,22","1,73",2,"6,5","1,38"
7,MPA,139,6,7,1,1,86,5,,,,,,"6,17",6,1,"1,2","4,31","6,12","1,25","2,2","6,83","1,25","6,5",7,7,"1,5","1,25",1,"4,4",4,0,"3,33","6,2","6,25",1,"1,75","6,75","1,75","6,75","6,75",7,2,"2,5",1,"5,22","1,73",2,"6,5","1,38"
7,MPA,140,6,7,1,1,100,5,,,,,,"6,17",6,1,"1,2","4,31","6,12","1,25","2,2","6,83","1,25","6,5",7,7,"1,5","1,25",1,"4,4",4,0,"3,33","6,2","6,25",1,"1,75","6,75","1,75","6,75","6,75",7,2,"2,5",1,"5,22","1,73",2,"6,5","1,38"
7,MPA,141,6,,1,1,93,5,,,,,,"6,17",6,1,"1,2","4,31","6,12","1,25","2,2","6,83","1,25","6,5",7,7,"1,5","1,25",1,"4,4",4,0,"3,33","6,2","6,25",1,"1,75","6,75","1,75","6,75","6,75",7,2,"2,5",1,"5,22","1,73",2,"6,5","1,38"
7,MPA,142,6,,1,1,93,5,,,,,,"6,17",6,1,"1,2","4,31","6,12","1,25","2,2","6,83","1,25","6,5",7,7,"1,5","1,25",1,"4,4",4,0,"3,33","6,2","6,25",1,"1,75","6,75","1,75","6,75","6,75",7,2,"2,5",1,"5,22","1,73",2,"6,5","1,38"
7,MPA,143,6,,1,1,82,5,,,,,,"6,17",6,1,"1,2","4,31","6,12","1,25","2,2","6,83","1,25","6,5",7,7,"1,5","1,25",1,"4,4",4,0,"3,33","6,2","6,25",1,"1,75","6,75","1,75","6,75","6,75",7,2,"2,5",1,"5,22","1,73",2,"6,5","1,38"
7,MPA,144,6,,1,1,74,5,,,,,,"6,17",6,1,"1,2","4,31","6,12","1,25","2,2","6,83","1,25","6,5",7,7,"1,5","1,25",1,"4,4",4,0,"3,33","6,2","6,25",1,"1,75","6,75","1,75","6,75","6,75",7,2,"2,5",1,"5,22","1,73",2,"6,5","1,38"
7,MPA,145,6,,1,1,54,5,,,,,,"6,17",6,1,"1,2","4,31","6,12","1,25","2,2","6,83","1,25","6,5",7,7,"1,5","1,25",1,"4,4",4,0,"3,33","6,2","6,25",1,"1,75","6,75","1,75","6,75","6,75",7,2,"2,5",1,"5,22","1,73",2,"6,5","1,38"
7,MPA,146,6,7,1,,52,5,,,,,,"6,17",6,1,"1,2","4,31","6,12","1,25","2,2","6,83","1,25","6,5",7,7,"1,5","1,25",1,"4,4",4,0,"3,33","6,2","6,25",1,"1,75","6,75","1,75","6,75","6,75",7,2,"2,5",1,"5,22","1,73",2,"6,5","1,38"
7,MPA,147,6,7,1,,64,5,,,,,,"6,17",6,1,"1,2","4,31","6,12","1,25","2,2","6,83","1,25","6,5",7,7,"1,5","1,25",1,"4,4",4,0,"3,33","6,2","6,25",1,"1,75","6,75","1,75","6,75","6,75",7,2,"2,5",1,"5,22","1,73",2,"6,5","1,38"
7,MPA,148,6,7,1,,82,5,,,,,,"6,17",6,1,"1,2","4,31","6,12","1,25","2,2","6,83","1,25","6,5",7,7,"1,5","1,25",1,"4,4",4,0,"3,33","6,2","6,25",1,"1,75","6,75","1,75","6,75","6,75",7,2,"2,5",1,"5,22","1,73",2,"6,5","1,38"
7,MPA,149,6,7,1,,72,5,,,,,,"6,17",6,1,"1,2","4,31","6,12","1,25","2,2","6,83","1,25","6,5",7,7,"1,5","1,25",1,"4,4",4,0,"3,33","6,2","6,25",1,"1,75","6,75","1,75","6,75","6,75",7,2,"2,5",1,"5,22","1,73",2,"6,5","1,38"
7,MPA,150,6,7,1,,76,5,,,,,,"6,17",6,1,"1,2","4,31","6,12","1,25","2,2","6,83","1,25","6,5",7,7,"1,5","1,25",1,"4,4",4,0,"3,33","6,2","6,25",1,"1,75","6,75","1,75","6,75","6,75",7,2,"2,5",1,"5,22","1,73",2,"6,5","1,38"
7,MPA,151,6,6,1,,80,5,,,,,,"6,17",6,1,"1,2","4,31","6,12","1,25","2,2","6,83","1,25","6,5",7,7,"1,5","1,25",1,"4,4",4,0,"3,33","6,2","6,25",1,"1,75","6,75","1,75","6,75","6,75",7,2,"2,5",1,"5,22","1,73",2,"6,5","1,38"
7,MPA,152,6,6,1,,76,5,,,,,,"6,17",6,1,"1,2","4,31","6,12","1,25","2,2","6,83","1,25","6,5",7,7,"1,5","1,25",1,"4,4",4,0,"3,33","6,2","6,25",1,"1,75","6,75","1,75","6,75","6,75",7,2,"2,5",1,"5,22","1,73",2,"6,5","1,38"
7,MPA,153,6,6,1,,74,5,,,,,,"6,17",6,1,"1,2","4,31","6,12","1,25","2,2","6,83","1,25","6,5",7,7,"1,5","1,25",1,"4,4",4,0,"3,33","6,2","6,25",1,"1,75","6,75","1,75","6,75","6,75",7,2,"2,5",1,"5,22","1,73",2,"6,5","1,38"
7,MPA,154,6,6,1,,60,5,,,,,,"6,17",6,1,"1,2","4,31","6,12","1,25","2,2","6,83","1,25","6,5",7,7,"1,5","1,25",1,"4,4",4,0,"3,33","6,2","6,25",1,"1,75","6,75","1,75","6,75","6,75",7,2,"2,5",1,"5,22","1,73",2,"6,5","1,38"
7,MPA,155,6,6,1,,70,5,,,,,,"6,17",6,1,"1,2","4,31","6,12","1,25","2,2","6,83","1,25","6,5",7,7,"1,5","1,25",1,"4,4",4,0,"3,33","6,2","6,25",1,"1,75","6,75","1,75","6,75","6,75",7,2,"2,5",1,"5,22","1,73",2,"6,5","1,38"
7,MPA,156,6,6,1,,88,5,,,,,,"6,17",6,1,"1,2","4,31","6,12","1,25","2,2","6,83","1,25","6,5",7,7,"1,5","1,25",1,"4,4",4,0,"3,33","6,2","6,25",1,"1,75","6,75","1,75","6,75","6,75",7,2,"2,5",1,"5,22","1,73",2,"6,5","1,38"
7,MPA,157,6,6,1,,59,5,,,,,,"6,17",6,1,"1,2","4,31","6,12","1,25","2,2","6,83","1,25","6,5",7,7,"1,5","1,25",1,"4,4",4,0,"3,33","6,2","6,25",1,"1,75","6,75","1,75","6,75","6,75",7,2,"2,5",1,"5,22","1,73",2,"6,5","1,38"
7,MPA,158,6,6,1,,86,5,,,,,,"6,17",6,1,"1,2","4,31","6,12","1,25","2,2","6,83","1,25","6,5",7,7,"1,5","1,25",1,"4,4",4,0,"3,33","6,2","6,25",1,"1,75","6,75","1,75","6,75","6,75",7,2,"2,5",1,"5,22","1,73",2,"6,5","1,38"
8,GR,1,,,,1,81,1,,,,,,"5,83","6,2","3,75",2,"4,44","5,65","1,44","1,8","6,92","1,58","6,75",7,7,"2,75",1,1,6,2,0,5,"6,6",7,1,"2,5",7,1,7,7,7,"4,75",3,3,"5,04","1,62",1,7,"1,75"
8,GR,2,,,,1,74,1,,,,,,"5,83","6,2","3,75",2,"4,44","5,65","1,44","1,8","6,92","1,58","6,75",7,7,"2,75",1,1,6,2,0,5,"6,6",7,1,"2,5",7,1,7,7,7,"4,75",3,3,"5,04","1,62",1,7,"1,75"
8,GR,3,,,,1,55,1,,,,,,"5,83","6,2","3,75",2,"4,44","5,65","1,44","1,8","6,92","1,58","6,75",7,7,"2,75",1,1,6,2,0,5,"6,6",7,1,"2,5",7,1,7,7,7,"4,75",3,3,"5,04","1,62",1,7,"1,75"
8,GR,4,,,,1,41,1,,,,,,"5,83","6,2","3,75",2,"4,44","5,65","1,44","1,8","6,92","1,58","6,75",7,7,"2,75",1,1,6,2,0,5,"6,6",7,1,"2,5",7,1,7,7,7,"4,75",3,3,"5,04","1,62",1,7,"1,75"
8,GR,5,,,,1,38,1,,,,,,"5,83","6,2","3,75",2,"4,44","5,65","1,44","1,8","6,92","1,58","6,75",7,7,"2,75",1,1,6,2,0,5,"6,6",7,1,"2,5",7,1,7,7,7,"4,75",3,3,"5,04","1,62",1,7,"1,75"
8,GR,6,,,,1,29,1,,,,,,"5,83","6,2","3,75",2,"4,44","5,65","1,44","1,8","6,92","1,58","6,75",7,7,"2,75",1,1,6,2,0,5,"6,6",7,1,"2,5",7,1,7,7,7,"4,75",3,3,"5,04","1,62",1,7,"1,75"
8,GR,7,,,,1,30,1,,,,,,"5,83","6,2","3,75",2,"4,44","5,65","1,44","1,8","6,92","1,58","6,75",7,7,"2,75",1,1,6,2,0,5,"6,6",7,1,"2,5",7,1,7,7,7,"4,75",3,3,"5,04","1,62",1,7,"1,75"
8,GR,8,,,,1,39,1,,,,,,"5,83","6,2","3,75",2,"4,44","5,65","1,44","1,8","6,92","1,58","6,75",7,7,"2,75",1,1,6,2,0,5,"6,6",7,1,"2,5",7,1,7,7,7,"4,75",3,3,"5,04","1,62",1,7,"1,75"
8,GR,9,,,,1,41,1,,,,,,"5,83","6,2","3,75",2,"4,44","5,65","1,44","1,8","6,92","1,58","6,75",7,7,"2,75",1,1,6,2,0,5,"6,6",7,1,"2,5",7,1,7,7,7,"4,75",3,3,"5,04","1,62",1,7,"1,75"
8,GR,10,,,,1,36,1,,,,,,"5,83","6,2","3,75",2,"4,44","5,65","1,44","1,8","6,92","1,58","6,75",7,7,"2,75",1,1,6,2,0,5,"6,6",7,1,"2,5",7,1,7,7,7,"4,75",3,3,"5,04","1,62",1,7,"1,75"
8,GR,11,,,,1,46,1,,,,,,"5,83","6,2","3,75",2,"4,44","5,65","1,44","1,8","6,92","1,58","6,75",7,7,"2,75",1,1,6,2,0,5,"6,6",7,1,"2,5",7,1,7,7,7,"4,75",3,3,"5,04","1,62",1,7,"1,75"
8,GR,12,,,,1,48,1,,,,,,"5,83","6,2","3,75",2,"4,44","5,65","1,44","1,8","6,92","1,58","6,75",7,7,"2,75",1,1,6,2,0,5,"6,6",7,1,"2,5",7,1,7,7,7,"4,75",3,3,"5,04","1,62",1,7,"1,75"
8,GR,13,,,,1,51,1,,,,,,"5,83","6,2","3,75",2,"4,44","5,65","1,44","1,8","6,92","1,58","6,75",7,7,"2,75",1,1,6,2,0,5,"6,6",7,1,"2,5",7,1,7,7,7,"4,75",3,3,"5,04","1,62",1,7,"1,75"
8,GR,14,,,,1,57,1,,,,,,"5,83","6,2","3,75",2,"4,44","5,65","1,44","1,8","6,92","1,58","6,75",7,7,"2,75",1,1,6,2,0,5,"6,6",7,1,"2,5",7,1,7,7,7,"4,75",3,3,"5,04","1,62",1,7,"1,75"
8,GR,15,,,,1,93,1,,,,,,"5,83","6,2","3,75",2,"4,44","5,65","1,44","1,8","6,92","1,58","6,75",7,7,"2,75",1,1,6,2,0,5,"6,6",7,1,"2,5",7,1,7,7,7,"4,75",3,3,"5,04","1,62",1,7,"1,75"
8,GR,16,,,,1,79,1,,,,,,"5,83","6,2","3,75",2,"4,44","5,65","1,44","1,8","6,92","1,58","6,75",7,7,"2,75",1,1,6,2,0,5,"6,6",7,1,"2,5",7,1,7,7,7,"4,75",3,3,"5,04","1,62",1,7,"1,75"
8,GR,17,,,,1,71,1,,,,,,"5,83","6,2","3,75",2,"4,44","5,65","1,44","1,8","6,92","1,58","6,75",7,7,"2,75",1,1,6,2,0,5,"6,6",7,1,"2,5",7,1,7,7,7,"4,75",3,3,"5,04","1,62",1,7,"1,75"
8,GR,18,,,,1,73,1,,,,,,"5,83","6,2","3,75",2,"4,44","5,65","1,44","1,8","6,92","1,58","6,75",7,7,"2,75",1,1,6,2,0,5,"6,6",7,1,"2,5",7,1,7,7,7,"4,75",3,3,"5,04","1,62",1,7,"1,75"
8,GR,19,,,,1,97,1,,,,,,"5,83","6,2","3,75",2,"4,44","5,65","1,44","1,8","6,92","1,58","6,75",7,7,"2,75",1,1,6,2,0,5,"6,6",7,1,"2,5",7,1,7,7,7,"4,75",3,3,"5,04","1,62",1,7,"1,75"
8,GR,20,,,,1,92,1,,,,,,"5,83","6,2","3,75",2,"4,44","5,65","1,44","1,8","6,92","1,58","6,75",7,7,"2,75",1,1,6,2,0,5,"6,6",7,1,"2,5",7,1,7,7,7,"4,75",3,3,"5,04","1,62",1,7,"1,75"
8,GR,21,,,,1,75,1,,,,,,"5,83","6,2","3,75",2,"4,44","5,65","1,44","1,8","6,92","1,58","6,75",7,7,"2,75",1,1,6,2,0,5,"6,6",7,1,"2,5",7,1,7,7,7,"4,75",3,3,"5,04","1,62",1,7,"1,75"
8,GR,22,,,,1,100,1,,,,,,"5,83","6,2","3,75",2,"4,44","5,65","1,44","1,8","6,92","1,58","6,75",7,7,"2,75",1,1,6,2,0,5,"6,6",7,1,"2,5",7,1,7,7,7,"4,75",3,3,"5,04","1,62",1,7,"1,75"
8,GR,23,,,,1,97,1,,,,,,"5,83","6,2","3,75",2,"4,44","5,65","1,44","1,8","6,92","1,58","6,75",7,7,"2,75",1,1,6,2,0,5,"6,6",7,1,"2,5",7,1,7,7,7,"4,75",3,3,"5,04","1,62",1,7,"1,75"
8,GR,24,,,,1,59,1,,,,,,"5,83","6,2","3,75",2,"4,44","5,65","1,44","1,8","6,92","1,58","6,75",7,7,"2,75",1,1,6,2,0,5,"6,6",7,1,"2,5",7,1,7,7,7,"4,75",3,3,"5,04","1,62",1,7,"1,75"
8,GR,25,,,,1,62,1,,,,,,"5,83","6,2","3,75",2,"4,44","5,65","1,44","1,8","6,92","1,58","6,75",7,7,"2,75",1,1,6,2,0,5,"6,6",7,1,"2,5",7,1,7,7,7,"4,75",3,3,"5,04","1,62",1,7,"1,75"
8,GR,26,5,6,1,1,68,1,,,1,,,"5,83","6,2","3,75",2,"4,44","5,65","1,44","1,8","6,92","1,58","6,75",7,7,"2,75",1,1,6,2,0,5,"6,6",7,1,"2,5",7,1,7,7,7,"4,75",3,3,"5,04","1,62",1,7,"1,75"
8,GR,27,5,6,1,1,84,1,,,1,,,"5,83","6,2","3,75",2,"4,44","5,65","1,44","1,8","6,92","1,58","6,75",7,7,"2,75",1,1,6,2,0,5,"6,6",7,1,"2,5",7,1,7,7,7,"4,75",3,3,"5,04","1,62",1,7,"1,75"
8,GR,28,5,6,1,1,82,1,,,1,,,"5,83","6,2","3,75",2,"4,44","5,65","1,44","1,8","6,92","1,58","6,75",7,7,"2,75",1,1,6,2,0,5,"6,6",7,1,"2,5",7,1,7,7,7,"4,75",3,3,"5,04","1,62",1,7,"1,75"
8,GR,29,5,6,1,1,100,1,,,1,,,"5,83","6,2","3,75",2,"4,44","5,65","1,44","1,8","6,92","1,58","6,75",7,7,"2,75",1,1,6,2,0,5,"6,6",7,1,"2,5",7,1,7,7,7,"4,75",3,3,"5,04","1,62",1,7,"1,75"
8,GR,30,5,6,1,1,76,1,,,1,,,"5,83","6,2","3,75",2,"4,44","5,65","1,44","1,8","6,92","1,58","6,75",7,7,"2,75",1,1,6,2,0,5,"6,6",7,1,"2,5",7,1,7,7,7,"4,75",3,3,"5,04","1,62",1,7,"1,75"
8,GR,31,"5,5",7,1,1,60,5,,,,,,"5,83","6,2","3,75",2,"4,44","5,65","1,44","1,8","6,92","1,58","6,75",7,7,"2,75",1,1,6,2,0,5,"6,6",7,1,"2,5",7,1,7,7,7,"4,75",3,3,"5,04","1,62",1,7,"1,75"
8,GR,32,"5,5",7,1,1,63,5,,,,,,"5,83","6,2","3,75",2,"4,44","5,65","1,44","1,8","6,92","1,58","6,75",7,7,"2,75",1,1,6,2,0,5,"6,6",7,1,"2,5",7,1,7,7,7,"4,75",3,3,"5,04","1,62",1,7,"1,75"
8,GR,33,"5,5",7,1,1,56,5,,,,,,"5,83","6,2","3,75",2,"4,44","5,65","1,44","1,8","6,92","1,58","6,75",7,7,"2,75",1,1,6,2,0,5,"6,6",7,1,"2,5",7,1,7,7,7,"4,75",3,3,"5,04","1,62",1,7,"1,75"
8,GR,34,"5,5",7,1,1,100,5,,,,,,"5,83","6,2","3,75",2,"4,44","5,65","1,44","1,8","6,92","1,58","6,75",7,7,"2,75",1,1,6,2,0,5,"6,6",7,1,"2,5",7,1,7,7,7,"4,75",3,3,"5,04","1,62",1,7,"1,75"
8,GR,35,"5,5",7,1,1,100,5,,,,,,"5,83","6,2","3,75",2,"4,44","5,65","1,44","1,8","6,92","1,58","6,75",7,7,"2,75",1,1,6,2,0,5,"6,6",7,1,"2,5",7,1,7,7,7,"4,75",3,3,"5,04","1,62",1,7,"1,75"
8,GR,36,"5,5",7,1,1,100,5,,,1,,,"5,83","6,2","3,75",2,"4,44","5,65","1,44","1,8","6,92","1,58","6,75",7,7,"2,75",1,1,6,2,0,5,"6,6",7,1,"2,5",7,1,7,7,7,"4,75",3,3,"5,04","1,62",1,7,"1,75"
8,GR,37,"5,5",7,1,1,93,5,,,1,,,"5,83","6,2","3,75",2,"4,44","5,65","1,44","1,8","6,92","1,58","6,75",7,7,"2,75",1,1,6,2,0,5,"6,6",7,1,"2,5",7,1,7,7,7,"4,75",3,3,"5,04","1,62",1,7,"1,75"
8,GR,38,"5,5",7,1,1,83,5,,,1,,,"5,83","6,2","3,75",2,"4,44","5,65","1,44","1,8","6,92","1,58","6,75",7,7,"2,75",1,1,6,2,0,5,"6,6",7,1,"2,5",7,1,7,7,7,"4,75",3,3,"5,04","1,62",1,7,"1,75"
8,GR,39,"5,5",7,1,1,86,5,,,1,,,"5,83","6,2","3,75",2,"4,44","5,65","1,44","1,8","6,92","1,58","6,75",7,7,"2,75",1,1,6,2,0,5,"6,6",7,1,"2,5",7,1,7,7,7,"4,75",3,3,"5,04","1,62",1,7,"1,75"
8,GR,40,"5,5",7,1,1,83,5,,,1,,,"5,83","6,2","3,75",2,"4,44","5,65","1,44","1,8","6,92","1,58","6,75",7,7,"2,75",1,1,6,2,0,5,"6,6",7,1,"2,5",7,1,7,7,7,"4,75",3,3,"5,04","1,62",1,7,"1,75"
8,GR,41,"5,5",,,1,90,5,,,,,,"5,83","6,2","3,75",2,"4,44","5,65","1,44","1,8","6,92","1,58","6,75",7,7,"2,75",1,1,6,2,0,5,"6,6",7,1,"2,5",7,1,7,7,7,"4,75",3,3,"5,04","1,62",1,7,"1,75"
8,GR,42,"5,5",,,1,88,5,,,,,,"5,83","6,2","3,75",2,"4,44","5,65","1,44","1,8","6,92","1,58","6,75",7,7,"2,75",1,1,6,2,0,5,"6,6",7,1,"2,5",7,1,7,7,7,"4,75",3,3,"5,04","1,62",1,7,"1,75"
8,GR,43,"5,5",,,1,75,5,,,,,,"5,83","6,2","3,75",2,"4,44","5,65","1,44","1,8","6,92","1,58","6,75",7,7,"2,75",1,1,6,2,0,5,"6,6",7,1,"2,5",7,1,7,7,7,"4,75",3,3,"5,04","1,62",1,7,"1,75"
8,GR,44,"5,5",,,1,64,5,,,,,,"5,83","6,2","3,75",2,"4,44","5,65","1,44","1,8","6,92","1,58","6,75",7,7,"2,75",1,1,6,2,0,5,"6,6",7,1,"2,5",7,1,7,7,7,"4,75",3,3,"5,04","1,62",1,7,"1,75"
8,GR,45,"5,5",,,1,60,5,,,,,,"5,83","6,2","3,75",2,"4,44","5,65","1,44","1,8","6,92","1,58","6,75",7,7,"2,75",1,1,6,2,0,5,"6,6",7,1,"2,5",7,1,7,7,7,"4,75",3,3,"5,04","1,62",1,7,"1,75"
8,GR,46,,,1,1,84,5,,,,,,"5,83","6,2","3,75",2,"4,44","5,65","1,44","1,8","6,92","1,58","6,75",7,7,"2,75",1,1,6,2,0,5,"6,6",7,1,"2,5",7,1,7,7,7,"4,75",3,3,"5,04","1,62",1,7,"1,75"
8,GR,47,,,1,1,81,5,,,,,,"5,83","6,2","3,75",2,"4,44","5,65","1,44","1,8","6,92","1,58","6,75",7,7,"2,75",1,1,6,2,0,5,"6,6",7,1,"2,5",7,1,7,7,7,"4,75",3,3,"5,04","1,62",1,7,"1,75"
8,GR,48,,,1,1,66,5,,,,,,"5,83","6,2","3,75",2,"4,44","5,65","1,44","1,8","6,92","1,58","6,75",7,7,"2,75",1,1,6,2,0,5,"6,6",7,1,"2,5",7,1,7,7,7,"4,75",3,3,"5,04","1,62",1,7,"1,75"
8,GR,49,,,1,1,59,5,,,,,,"5,83","6,2","3,75",2,"4,44","5,65","1,44","1,8","6,92","1,58","6,75",7,7,"2,75",1,1,6,2,0,5,"6,6",7,1,"2,5",7,1,7,7,7,"4,75",3,3,"5,04","1,62",1,7,"1,75"
8,GR,50,,,1,1,47,5,,,,,,"5,83","6,2","3,75",2,"4,44","5,65","1,44","1,8","6,92","1,58","6,75",7,7,"2,75",1,1,6,2,0,5,"6,6",7,1,"2,5",7,1,7,7,7,"4,75",3,3,"5,04","1,62",1,7,"1,75"
8,GR,51,"6,666666667",7,1,1,45,7,,,,,,"5,83","6,2","3,75",2,"4,44","5,65","1,44","1,8","6,92","1,58","6,75",7,7,"2,75",1,1,6,2,0,5,"6,6",7,1,"2,5",7,1,7,7,7,"4,75",3,3,"5,04","1,62",1,7,"1,75"
8,GR,52,"6,666666667",7,1,1,46,7,,,,,,"5,83","6,2","3,75",2,"4,44","5,65","1,44","1,8","6,92","1,58","6,75",7,7,"2,75",1,1,6,2,0,5,"6,6",7,1,"2,5",7,1,7,7,7,"4,75",3,3,"5,04","1,62",1,7,"1,75"
8,GR,53,"6,666666667",7,1,1,94,7,,,,,,"5,83","6,2","3,75",2,"4,44","5,65","1,44","1,8","6,92","1,58","6,75",7,7,"2,75",1,1,6,2,0,5,"6,6",7,1,"2,5",7,1,7,7,7,"4,75",3,3,"5,04","1,62",1,7,"1,75"
8,GR,54,"6,666666667",7,1,1,94,7,,,,,,"5,83","6,2","3,75",2,"4,44","5,65","1,44","1,8","6,92","1,58","6,75",7,7,"2,75",1,1,6,2,0,5,"6,6",7,1,"2,5",7,1,7,7,7,"4,75",3,3,"5,04","1,62",1,7,"1,75"
8,GR,55,"6,666666667",7,1,1,76,7,,,,,,"5,83","6,2","3,75",2,"4,44","5,65","1,44","1,8","6,92","1,58","6,75",7,7,"2,75",1,1,6,2,0,5,"6,6",7,1,"2,5",7,1,7,7,7,"4,75",3,3,"5,04","1,62",1,7,"1,75"
8,GR,56,"6,666666667",7,1,1,100,7,,,,,,"5,83","6,2","3,75",2,"4,44","5,65","1,44","1,8","6,92","1,58","6,75",7,7,"2,75",1,1,6,2,0,5,"6,6",7,1,"2,5",7,1,7,7,7,"4,75",3,3,"5,04","1,62",1,7,"1,75"
8,GR,57,"6,666666667",7,1,1,100,7,,,,,,"5,83","6,2","3,75",2,"4,44","5,65","1,44","1,8","6,92","1,58","6,75",7,7,"2,75",1,1,6,2,0,5,"6,6",7,1,"2,5",7,1,7,7,7,"4,75",3,3,"5,04","1,62",1,7,"1,75"
8,GR,58,"6,666666667",7,1,1,89,7,,,,,,"5,83","6,2","3,75",2,"4,44","5,65","1,44","1,8","6,92","1,58","6,75",7,7,"2,75",1,1,6,2,0,5,"6,6",7,1,"2,5",7,1,7,7,7,"4,75",3,3,"5,04","1,62",1,7,"1,75"
8,GR,59,"6,666666667",7,1,1,64,7,,,,,,"5,83","6,2","3,75",2,"4,44","5,65","1,44","1,8","6,92","1,58","6,75",7,7,"2,75",1,1,6,2,0,5,"6,6",7,1,"2,5",7,1,7,7,7,"4,75",3,3,"5,04","1,62",1,7,"1,75"
8,GR,60,"6,666666667",7,1,1,57,7,,,,,,"5,83","6,2","3,75",2,"4,44","5,65","1,44","1,8","6,92","1,58","6,75",7,7,"2,75",1,1,6,2,0,5,"6,6",7,1,"2,5",7,1,7,7,7,"4,75",3,3,"5,04","1,62",1,7,"1,75"
8,GR,61,"6,666666667",7,1,1,58,5,,,,,,"5,83","6,2","3,75",2,"4,44","5,65","1,44","1,8","6,92","1,58","6,75",7,7,"2,75",1,1,6,2,0,5,"6,6",7,1,"2,5",7,1,7,7,7,"4,75",3,3,"5,04","1,62",1,7,"1,75"
8,GR,62,"6,666666667",7,1,1,54,5,,,,,,"5,83","6,2","3,75",2,"4,44","5,65","1,44","1,8","6,92","1,58","6,75",7,7,"2,75",1,1,6,2,0,5,"6,6",7,1,"2,5",7,1,7,7,7,"4,75",3,3,"5,04","1,62",1,7,"1,75"
8,GR,63,"6,666666667",7,1,1,54,5,,,,,,"5,83","6,2","3,75",2,"4,44","5,65","1,44","1,8","6,92","1,58","6,75",7,7,"2,75",1,1,6,2,0,5,"6,6",7,1,"2,5",7,1,7,7,7,"4,75",3,3,"5,04","1,62",1,7,"1,75"
8,GR,64,"6,666666667",7,1,1,60,5,,,,,,"5,83","6,2","3,75",2,"4,44","5,65","1,44","1,8","6,92","1,58","6,75",7,7,"2,75",1,1,6,2,0,5,"6,6",7,1,"2,5",7,1,7,7,7,"4,75",3,3,"5,04","1,62",1,7,"1,75"
8,GR,65,"6,666666667",7,1,1,61,5,,,,,,"5,83","6,2","3,75",2,"4,44","5,65","1,44","1,8","6,92","1,58","6,75",7,7,"2,75",1,1,6,2,0,5,"6,6",7,1,"2,5",7,1,7,7,7,"4,75",3,3,"5,04","1,62",1,7,"1,75"
8,GR,66,"6,666666667",7,1,1,55,5,,,,,,"5,83","6,2","3,75",2,"4,44","5,65","1,44","1,8","6,92","1,58","6,75",7,7,"2,75",1,1,6,2,0,5,"6,6",7,1,"2,5",7,1,7,7,7,"4,75",3,3,"5,04","1,62",1,7,"1,75"
8,GR,67,"6,666666667",7,1,1,77,5,,,,,,"5,83","6,2","3,75",2,"4,44","5,65","1,44","1,8","6,92","1,58","6,75",7,7,"2,75",1,1,6,2,0,5,"6,6",7,1,"2,5",7,1,7,7,7,"4,75",3,3,"5,04","1,62",1,7,"1,75"
8,GR,68,"6,666666667",7,1,1,73,5,,,,,,"5,83","6,2","3,75",2,"4,44","5,65","1,44","1,8","6,92","1,58","6,75",7,7,"2,75",1,1,6,2,0,5,"6,6",7,1,"2,5",7,1,7,7,7,"4,75",3,3,"5,04","1,62",1,7,"1,75"
8,GR,69,"6,666666667",7,1,1,67,5,,,,,,"5,83","6,2","3,75",2,"4,44","5,65","1,44","1,8","6,92","1,58","6,75",7,7,"2,75",1,1,6,2,0,5,"6,6",7,1,"2,5",7,1,7,7,7,"4,75",3,3,"5,04","1,62",1,7,"1,75"
8,GR,70,"6,666666667",7,1,1,67,5,,,,,,"5,83","6,2","3,75",2,"4,44","5,65","1,44","1,8","6,92","1,58","6,75",7,7,"2,75",1,1,6,2,0,5,"6,6",7,1,"2,5",7,1,7,7,7,"4,75",3,3,"5,04","1,62",1,7,"1,75"
8,GR,71,"5,25","5,666666667",1,1,58,5,,,,,,"5,83","6,2","3,75",2,"4,44","5,65","1,44","1,8","6,92","1,58","6,75",7,7,"2,75",1,1,6,2,0,5,"6,6",7,1,"2,5",7,1,7,7,7,"4,75",3,3,"5,04","1,62",1,7,"1,75"
8,GR,72,"5,25","5,666666667",1,1,60,5,,,,,,"5,83","6,2","3,75",2,"4,44","5,65","1,44","1,8","6,92","1,58","6,75",7,7,"2,75",1,1,6,2,0,5,"6,6",7,1,"2,5",7,1,7,7,7,"4,75",3,3,"5,04","1,62",1,7,"1,75"
8,GR,73,"5,25","5,666666667",1,1,73,5,,,,,,"5,83","6,2","3,75",2,"4,44","5,65","1,44","1,8","6,92","1,58","6,75",7,7,"2,75",1,1,6,2,0,5,"6,6",7,1,"2,5",7,1,7,7,7,"4,75",3,3,"5,04","1,62",1,7,"1,75"
8,GR,74,"5,25","5,666666667",1,1,59,5,,,,,,"5,83","6,2","3,75",2,"4,44","5,65","1,44","1,8","6,92","1,58","6,75",7,7,"2,75",1,1,6,2,0,5,"6,6",7,1,"2,5",7,1,7,7,7,"4,75",3,3,"5,04","1,62",1,7,"1,75"
8,GR,75,"5,25","5,666666667",1,1,67,5,,,,,,"5,83","6,2","3,75",2,"4,44","5,65","1,44","1,8","6,92","1,58","6,75",7,7,"2,75",1,1,6,2,0,5,"6,6",7,1,"2,5",7,1,7,7,7,"4,75",3,3,"5,04","1,62",1,7,"1,75"
8,GR,76,,,5,1,60,7,,,3,,,"5,83","6,2","3,75",2,"4,44","5,65","1,44","1,8","6,92","1,58","6,75",7,7,"2,75",1,1,6,2,0,5,"6,6",7,1,"2,5",7,1,7,7,7,"4,75",3,3,"5,04","1,62",1,7,"1,75"
8,GR,77,,,5,1,41,7,,,3,,,"5,83","6,2","3,75",2,"4,44","5,65","1,44","1,8","6,92","1,58","6,75",7,7,"2,75",1,1,6,2,0,5,"6,6",7,1,"2,5",7,1,7,7,7,"4,75",3,3,"5,04","1,62",1,7,"1,75"
8,GR,78,,,5,1,42,7,,,3,,,"5,83","6,2","3,75",2,"4,44","5,65","1,44","1,8","6,92","1,58","6,75",7,7,"2,75",1,1,6,2,0,5,"6,6",7,1,"2,5",7,1,7,7,7,"4,75",3,3,"5,04","1,62",1,7,"1,75"
8,GR,79,,,5,1,41,7,,,3,,,"5,83","6,2","3,75",2,"4,44","5,65","1,44","1,8","6,92","1,58","6,75",7,7,"2,75",1,1,6,2,0,5,"6,6",7,1,"2,5",7,1,7,7,7,"4,75",3,3,"5,04","1,62",1,7,"1,75"
8,GR,80,,,5,1,37,7,,,3,,,"5,83","6,2","3,75",2,"4,44","5,65","1,44","1,8","6,92","1,58","6,75",7,7,"2,75",1,1,6,2,0,5,"6,6",7,1,"2,5",7,1,7,7,7,"4,75",3,3,"5,04","1,62",1,7,"1,75"
8,GR,81,2,1,5,1,49,,,,3,,,"5,83","6,2","3,75",2,"4,44","5,65","1,44","1,8","6,92","1,58","6,75",7,7,"2,75",1,1,6,2,0,5,"6,6",7,1,"2,5",7,1,7,7,7,"4,75",3,3,"5,04","1,62",1,7,"1,75"
8,GR,82,2,1,5,1,40,,,,3,,,"5,83","6,2","3,75",2,"4,44","5,65","1,44","1,8","6,92","1,58","6,75",7,7,"2,75",1,1,6,2,0,5,"6,6",7,1,"2,5",7,1,7,7,7,"4,75",3,3,"5,04","1,62",1,7,"1,75"
8,GR,83,2,1,5,1,51,,,,3,,,"5,83","6,2","3,75",2,"4,44","5,65","1,44","1,8","6,92","1,58","6,75",7,7,"2,75",1,1,6,2,0,5,"6,6",7,1,"2,5",7,1,7,7,7,"4,75",3,3,"5,04","1,62",1,7,"1,75"
8,GR,84,2,1,5,1,44,,,,3,,,"5,83","6,2","3,75",2,"4,44","5,65","1,44","1,8","6,92","1,58","6,75",7,7,"2,75",1,1,6,2,0,5,"6,6",7,1,"2,5",7,1,7,7,7,"4,75",3,3,"5,04","1,62",1,7,"1,75"
8,GR,85,2,1,5,1,40,,,,3,,,"5,83","6,2","3,75",2,"4,44","5,65","1,44","1,8","6,92","1,58","6,75",7,7,"2,75",1,1,6,2,0,5,"6,6",7,1,"2,5",7,1,7,7,7,"4,75",3,3,"5,04","1,62",1,7,"1,75"
8,GR,86,"3,5",2,5,1,37,5,,,,,,"5,83","6,2","3,75",2,"4,44","5,65","1,44","1,8","6,92","1,58","6,75",7,7,"2,75",1,1,6,2,0,5,"6,6",7,1,"2,5",7,1,7,7,7,"4,75",3,3,"5,04","1,62",1,7,"1,75"
8,GR,87,"3,5",2,5,1,37,5,,,,,,"5,83","6,2","3,75",2,"4,44","5,65","1,44","1,8","6,92","1,58","6,75",7,7,"2,75",1,1,6,2,0,5,"6,6",7,1,"2,5",7,1,7,7,7,"4,75",3,3,"5,04","1,62",1,7,"1,75"
8,GR,88,"3,5",2,5,1,52,5,,,,,,"5,83","6,2","3,75",2,"4,44","5,65","1,44","1,8","6,92","1,58","6,75",7,7,"2,75",1,1,6,2,0,5,"6,6",7,1,"2,5",7,1,7,7,7,"4,75",3,3,"5,04","1,62",1,7,"1,75"
8,GR,89,"3,5",2,5,1,82,5,,,,,,"5,83","6,2","3,75",2,"4,44","5,65","1,44","1,8","6,92","1,58","6,75",7,7,"2,75",1,1,6,2,0,5,"6,6",7,1,"2,5",7,1,7,7,7,"4,75",3,3,"5,04","1,62",1,7,"1,75"
8,GR,90,"3,5",2,5,1,89,5,,,,,,"5,83","6,2","3,75",2,"4,44","5,65","1,44","1,8","6,92","1,58","6,75",7,7,"2,75",1,1,6,2,0,5,"6,6",7,1,"2,5",7,1,7,7,7,"4,75",3,3,"5,04","1,62",1,7,"1,75"
8,GR,91,5,1,1,1,69,5,,,,,,"5,83","6,2","3,75",2,"4,44","5,65","1,44","1,8","6,92","1,58","6,75",7,7,"2,75",1,1,6,2,0,5,"6,6",7,1,"2,5",7,1,7,7,7,"4,75",3,3,"5,04","1,62",1,7,"1,75"
8,GR,92,5,1,1,1,65,5,,,,,,"5,83","6,2","3,75",2,"4,44","5,65","1,44","1,8","6,92","1,58","6,75",7,7,"2,75",1,1,6,2,0,5,"6,6",7,1,"2,5",7,1,7,7,7,"4,75",3,3,"5,04","1,62",1,7,"1,75"
8,GR,93,5,1,1,1,70,5,,,,,,"5,83","6,2","3,75",2,"4,44","5,65","1,44","1,8","6,92","1,58","6,75",7,7,"2,75",1,1,6,2,0,5,"6,6",7,1,"2,5",7,1,7,7,7,"4,75",3,3,"5,04","1,62",1,7,"1,75"
8,GR,94,5,1,1,1,70,5,,,,,,"5,83","6,2","3,75",2,"4,44","5,65","1,44","1,8","6,92","1,58","6,75",7,7,"2,75",1,1,6,2,0,5,"6,6",7,1,"2,5",7,1,7,7,7,"4,75",3,3,"5,04","1,62",1,7,"1,75"
8,GR,95,5,1,1,1,81,5,,,,,,"5,83","6,2","3,75",2,"4,44","5,65","1,44","1,8","6,92","1,58","6,75",7,7,"2,75",1,1,6,2,0,5,"6,6",7,1,"2,5",7,1,7,7,7,"4,75",3,3,"5,04","1,62",1,7,"1,75"
8,GR,96,"5,5",1,1,1,56,5,,,,,,"5,83","6,2","3,75",2,"4,44","5,65","1,44","1,8","6,92","1,58","6,75",7,7,"2,75",1,1,6,2,0,5,"6,6",7,1,"2,5",7,1,7,7,7,"4,75",3,3,"5,04","1,62",1,7,"1,75"
8,GR,97,"5,5",1,1,1,70,5,,,,,,"5,83","6,2","3,75",2,"4,44","5,65","1,44","1,8","6,92","1,58","6,75",7,7,"2,75",1,1,6,2,0,5,"6,6",7,1,"2,5",7,1,7,7,7,"4,75",3,3,"5,04","1,62",1,7,"1,75"
8,GR,98,"5,5",1,1,1,65,5,,,,,,"5,83","6,2","3,75",2,"4,44","5,65","1,44","1,8","6,92","1,58","6,75",7,7,"2,75",1,1,6,2,0,5,"6,6",7,1,"2,5",7,1,7,7,7,"4,75",3,3,"5,04","1,62",1,7,"1,75"
8,GR,99,"5,5",1,1,1,65,5,,,,,,"5,83","6,2","3,75",2,"4,44","5,65","1,44","1,8","6,92","1,58","6,75",7,7,"2,75",1,1,6,2,0,5,"6,6",7,1,"2,5",7,1,7,7,7,"4,75",3,3,"5,04","1,62",1,7,"1,75"
8,GR,100,"5,5",1,1,1,87,5,,,,,,"5,83","6,2","3,75",2,"4,44","5,65","1,44","1,8","6,92","1,58","6,75",7,7,"2,75",1,1,6,2,0,5,"6,6",7,1,"2,5",7,1,7,7,7,"4,75",3,3,"5,04","1,62",1,7,"1,75"
8,GR,101,5,1,1,1,80,5,,,9,,,"5,83","6,2","3,75",2,"4,44","5,65","1,44","1,8","6,92","1,58","6,75",7,7,"2,75",1,1,6,2,0,5,"6,6",7,1,"2,5",7,1,7,7,7,"4,75",3,3,"5,04","1,62",1,7,"1,75"
8,GR,102,5,1,1,1,68,5,,,9,,,"5,83","6,2","3,75",2,"4,44","5,65","1,44","1,8","6,92","1,58","6,75",7,7,"2,75",1,1,6,2,0,5,"6,6",7,1,"2,5",7,1,7,7,7,"4,75",3,3,"5,04","1,62",1,7,"1,75"
8,GR,103,5,1,1,1,62,5,,,9,,,"5,83","6,2","3,75",2,"4,44","5,65","1,44","1,8","6,92","1,58","6,75",7,7,"2,75",1,1,6,2,0,5,"6,6",7,1,"2,5",7,1,7,7,7,"4,75",3,3,"5,04","1,62",1,7,"1,75"
8,GR,104,5,1,1,1,56,5,,,9,,,"5,83","6,2","3,75",2,"4,44","5,65","1,44","1,8","6,92","1,58","6,75",7,7,"2,75",1,1,6,2,0,5,"6,6",7,1,"2,5",7,1,7,7,7,"4,75",3,3,"5,04","1,62",1,7,"1,75"
8,GR,105,5,1,1,1,54,5,,,9,,,"5,83","6,2","3,75",2,"4,44","5,65","1,44","1,8","6,92","1,58","6,75",7,7,"2,75",1,1,6,2,0,5,"6,6",7,1,"2,5",7,1,7,7,7,"4,75",3,3,"5,04","1,62",1,7,"1,75"
8,GR,106,5,1,1,1,74,5,,,,,,"5,83","6,2","3,75",2,"4,44","5,65","1,44","1,8","6,92","1,58","6,75",7,7,"2,75",1,1,6,2,0,5,"6,6",7,1,"2,5",7,1,7,7,7,"4,75",3,3,"5,04","1,62",1,7,"1,75"
8,GR,107,5,1,1,1,79,5,,,,,,"5,83","6,2","3,75",2,"4,44","5,65","1,44","1,8","6,92","1,58","6,75",7,7,"2,75",1,1,6,2,0,5,"6,6",7,1,"2,5",7,1,7,7,7,"4,75",3,3,"5,04","1,62",1,7,"1,75"
8,GR,108,5,1,1,1,64,5,,,,,,"5,83","6,2","3,75",2,"4,44","5,65","1,44","1,8","6,92","1,58","6,75",7,7,"2,75",1,1,6,2,0,5,"6,6",7,1,"2,5",7,1,7,7,7,"4,75",3,3,"5,04","1,62",1,7,"1,75"
8,GR,109,5,1,1,1,55,5,,,,,,"5,83","6,2","3,75",2,"4,44","5,65","1,44","1,8","6,92","1,58","6,75",7,7,"2,75",1,1,6,2,0,5,"6,6",7,1,"2,5",7,1,7,7,7,"4,75",3,3,"5,04","1,62",1,7,"1,75"
8,GR,110,5,1,1,1,58,5,,,,,,"5,83","6,2","3,75",2,"4,44","5,65","1,44","1,8","6,92","1,58","6,75",7,7,"2,75",1,1,6,2,0,5,"6,6",7,1,"2,5",7,1,7,7,7,"4,75",3,3,"5,04","1,62",1,7,"1,75"
8,GR,111,5,1,1,1,61,5,,,,,,"5,83","6,2","3,75",2,"4,44","5,65","1,44","1,8","6,92","1,58","6,75",7,7,"2,75",1,1,6,2,0,5,"6,6",7,1,"2,5",7,1,7,7,7,"4,75",3,3,"5,04","1,62",1,7,"1,75"
8,GR,112,5,1,1,1,61,5,,,,,,"5,83","6,2","3,75",2,"4,44","5,65","1,44","1,8","6,92","1,58","6,75",7,7,"2,75",1,1,6,2,0,5,"6,6",7,1,"2,5",7,1,7,7,7,"4,75",3,3,"5,04","1,62",1,7,"1,75"
8,GR,113,5,1,1,1,58,5,,,,,,"5,83","6,2","3,75",2,"4,44","5,65","1,44","1,8","6,92","1,58","6,75",7,7,"2,75",1,1,6,2,0,5,"6,6",7,1,"2,5",7,1,7,7,7,"4,75",3,3,"5,04","1,62",1,7,"1,75"
8,GR,114,5,1,1,1,56,5,,,,,,"5,83","6,2","3,75",2,"4,44","5,65","1,44","1,8","6,92","1,58","6,75",7,7,"2,75",1,1,6,2,0,5,"6,6",7,1,"2,5",7,1,7,7,7,"4,75",3,3,"5,04","1,62",1,7,"1,75"
8,GR,115,5,1,1,1,68,5,,,,,,"5,83","6,2","3,75",2,"4,44","5,65","1,44","1,8","6,92","1,58","6,75",7,7,"2,75",1,1,6,2,0,5,"6,6",7,1,"2,5",7,1,7,7,7,"4,75",3,3,"5,04","1,62",1,7,"1,75"
8,GR,116,5,1,1,1,64,5,,,,,,"5,83","6,2","3,75",2,"4,44","5,65","1,44","1,8","6,92","1,58","6,75",7,7,"2,75",1,1,6,2,0,5,"6,6",7,1,"2,5",7,1,7,7,7,"4,75",3,3,"5,04","1,62",1,7,"1,75"
8,GR,117,5,1,1,1,68,5,,,,,,"5,83","6,2","3,75",2,"4,44","5,65","1,44","1,8","6,92","1,58","6,75",7,7,"2,75",1,1,6,2,0,5,"6,6",7,1,"2,5",7,1,7,7,7,"4,75",3,3,"5,04","1,62",1,7,"1,75"
8,GR,118,5,1,1,1,75,5,,,,,,"5,83","6,2","3,75",2,"4,44","5,65","1,44","1,8","6,92","1,58","6,75",7,7,"2,75",1,1,6,2,0,5,"6,6",7,1,"2,5",7,1,7,7,7,"4,75",3,3,"5,04","1,62",1,7,"1,75"
8,GR,119,5,1,1,1,66,5,,,,,,"5,83","6,2","3,75",2,"4,44","5,65","1,44","1,8","6,92","1,58","6,75",7,7,"2,75",1,1,6,2,0,5,"6,6",7,1,"2,5",7,1,7,7,7,"4,75",3,3,"5,04","1,62",1,7,"1,75"
8,GR,120,5,1,1,1,61,5,,,,,,"5,83","6,2","3,75",2,"4,44","5,65","1,44","1,8","6,92","1,58","6,75",7,7,"2,75",1,1,6,2,0,5,"6,6",7,1,"2,5",7,1,7,7,7,"4,75",3,3,"5,04","1,62",1,7,"1,75"
8,GR,121,5,1,1,1,65,5,,,,,,"5,83","6,2","3,75",2,"4,44","5,65","1,44","1,8","6,92","1,58","6,75",7,7,"2,75",1,1,6,2,0,5,"6,6",7,1,"2,5",7,1,7,7,7,"4,75",3,3,"5,04","1,62",1,7,"1,75"
8,GR,122,5,1,1,1,59,5,,,,,,"5,83","6,2","3,75",2,"4,44","5,65","1,44","1,8","6,92","1,58","6,75",7,7,"2,75",1,1,6,2,0,5,"6,6",7,1,"2,5",7,1,7,7,7,"4,75",3,3,"5,04","1,62",1,7,"1,75"
8,GR,123,5,1,1,1,58,5,,,,,,"5,83","6,2","3,75",2,"4,44","5,65","1,44","1,8","6,92","1,58","6,75",7,7,"2,75",1,1,6,2,0,5,"6,6",7,1,"2,5",7,1,7,7,7,"4,75",3,3,"5,04","1,62",1,7,"1,75"
8,GR,124,5,1,1,1,64,5,,,,,,"5,83","6,2","3,75",2,"4,44","5,65","1,44","1,8","6,92","1,58","6,75",7,7,"2,75",1,1,6,2,0,5,"6,6",7,1,"2,5",7,1,7,7,7,"4,75",3,3,"5,04","1,62",1,7,"1,75"
8,GR,125,5,1,1,1,61,5,,,,,,"5,83","6,2","3,75",2,"4,44","5,65","1,44","1,8","6,92","1,58","6,75",7,7,"2,75",1,1,6,2,0,5,"6,6",7,1,"2,5",7,1,7,7,7,"4,75",3,3,"5,04","1,62",1,7,"1,75"
8,GR,126,5,1,1,1,61,5,,,9,,,"5,83","6,2","3,75",2,"4,44","5,65","1,44","1,8","6,92","1,58","6,75",7,7,"2,75",1,1,6,2,0,5,"6,6",7,1,"2,5",7,1,7,7,7,"4,75",3,3,"5,04","1,62",1,7,"1,75"
8,GR,127,5,1,1,1,63,5,,,9,,,"5,83","6,2","3,75",2,"4,44","5,65","1,44","1,8","6,92","1,58","6,75",7,7,"2,75",1,1,6,2,0,5,"6,6",7,1,"2,5",7,1,7,7,7,"4,75",3,3,"5,04","1,62",1,7,"1,75"
8,GR,128,5,1,1,1,65,5,,,9,,,"5,83","6,2","3,75",2,"4,44","5,65","1,44","1,8","6,92","1,58","6,75",7,7,"2,75",1,1,6,2,0,5,"6,6",7,1,"2,5",7,1,7,7,7,"4,75",3,3,"5,04","1,62",1,7,"1,75"
8,GR,129,5,1,1,1,59,5,,,9,,,"5,83","6,2","3,75",2,"4,44","5,65","1,44","1,8","6,92","1,58","6,75",7,7,"2,75",1,1,6,2,0,5,"6,6",7,1,"2,5",7,1,7,7,7,"4,75",3,3,"5,04","1,62",1,7,"1,75"
8,GR,130,5,1,1,1,54,5,,,9,,,"5,83","6,2","3,75",2,"4,44","5,65","1,44","1,8","6,92","1,58","6,75",7,7,"2,75",1,1,6,2,0,5,"6,6",7,1,"2,5",7,1,7,7,7,"4,75",3,3,"5,04","1,62",1,7,"1,75"
8,GR,131,"5,5",1,1,1,59,5,,,,,,"5,83","6,2","3,75",2,"4,44","5,65","1,44","1,8","6,92","1,58","6,75",7,7,"2,75",1,1,6,2,0,5,"6,6",7,1,"2,5",7,1,7,7,7,"4,75",3,3,"5,04","1,62",1,7,"1,75"
8,GR,132,"5,5",1,1,1,60,5,,,,,,"5,83","6,2","3,75",2,"4,44","5,65","1,44","1,8","6,92","1,58","6,75",7,7,"2,75",1,1,6,2,0,5,"6,6",7,1,"2,5",7,1,7,7,7,"4,75",3,3,"5,04","1,62",1,7,"1,75"
8,GR,133,"5,5",1,1,1,63,5,,,,,,"5,83","6,2","3,75",2,"4,44","5,65","1,44","1,8","6,92","1,58","6,75",7,7,"2,75",1,1,6,2,0,5,"6,6",7,1,"2,5",7,1,7,7,7,"4,75",3,3,"5,04","1,62",1,7,"1,75"
8,GR,134,"5,5",1,1,1,72,5,,,,,,"5,83","6,2","3,75",2,"4,44","5,65","1,44","1,8","6,92","1,58","6,75",7,7,"2,75",1,1,6,2,0,5,"6,6",7,1,"2,5",7,1,7,7,7,"4,75",3,3,"5,04","1,62",1,7,"1,75"
8,GR,135,"5,5",1,1,1,83,5,,,,,,"5,83","6,2","3,75",2,"4,44","5,65","1,44","1,8","6,92","1,58","6,75",7,7,"2,75",1,1,6,2,0,5,"6,6",7,1,"2,5",7,1,7,7,7,"4,75",3,3,"5,04","1,62",1,7,"1,75"
8,GR,136,"5,5",1,1,1,68,9,,,,,,"5,83","6,2","3,75",2,"4,44","5,65","1,44","1,8","6,92","1,58","6,75",7,7,"2,75",1,1,6,2,0,5,"6,6",7,1,"2,5",7,1,7,7,7,"4,75",3,3,"5,04","1,62",1,7,"1,75"
8,GR,137,"5,5",1,1,1,54,9,,,,,,"5,83","6,2","3,75",2,"4,44","5,65","1,44","1,8","6,92","1,58","6,75",7,7,"2,75",1,1,6,2,0,5,"6,6",7,1,"2,5",7,1,7,7,7,"4,75",3,3,"5,04","1,62",1,7,"1,75"
8,GR,138,"5,5",1,1,1,57,9,,,,,,"5,83","6,2","3,75",2,"4,44","5,65","1,44","1,8","6,92","1,58","6,75",7,7,"2,75",1,1,6,2,0,5,"6,6",7,1,"2,5",7,1,7,7,7,"4,75",3,3,"5,04","1,62",1,7,"1,75"
8,GR,139,"5,5",1,1,1,58,9,,,,,,"5,83","6,2","3,75",2,"4,44","5,65","1,44","1,8","6,92","1,58","6,75",7,7,"2,75",1,1,6,2,0,5,"6,6",7,1,"2,5",7,1,7,7,7,"4,75",3,3,"5,04","1,62",1,7,"1,75"
8,GR,140,"5,5",1,1,1,71,9,,,,,,"5,83","6,2","3,75",2,"4,44","5,65","1,44","1,8","6,92","1,58","6,75",7,7,"2,75",1,1,6,2,0,5,"6,6",7,1,"2,5",7,1,7,7,7,"4,75",3,3,"5,04","1,62",1,7,"1,75"
8,GR,141,,,,1,61,5,,,,,,"5,83","6,2","3,75",2,"4,44","5,65","1,44","1,8","6,92","1,58","6,75",7,7,"2,75",1,1,6,2,0,5,"6,6",7,1,"2,5",7,1,7,7,7,"4,75",3,3,"5,04","1,62",1,7,"1,75"
8,GR,142,,,,1,63,5,,,,,,"5,83","6,2","3,75",2,"4,44","5,65","1,44","1,8","6,92","1,58","6,75",7,7,"2,75",1,1,6,2,0,5,"6,6",7,1,"2,5",7,1,7,7,7,"4,75",3,3,"5,04","1,62",1,7,"1,75"
9,PM,1,6,6,3,1,100,2,,,,,,"6,17",6,3,"2,2","5,19","5,59","2,5","1,8","6,83","2,08",7,"6,75","6,75","2,5",1,"2,75","5,2","3,67",1,5,"6,4",7,1,"3,75","6,75",1,"6,25","5,75","6,25","3,25","2,5",1,"5,39","2,15","2,33","6,88","2,38"
9,PM,2,6,6,3,1,100,2,,,,,,"6,17",6,3,"2,2","5,19","5,59","2,5","1,8","6,83","2,08",7,"6,75","6,75","2,5",1,"2,75","5,2","3,67",1,5,"6,4",7,1,"3,75","6,75",1,"6,25","5,75","6,25","3,25","2,5",1,"5,39","2,15","2,33","6,88","2,38"
9,PM,3,6,6,3,1,100,2,,,,,,"6,17",6,3,"2,2","5,19","5,59","2,5","1,8","6,83","2,08",7,"6,75","6,75","2,5",1,"2,75","5,2","3,67",1,5,"6,4",7,1,"3,75","6,75",1,"6,25","5,75","6,25","3,25","2,5",1,"5,39","2,15","2,33","6,88","2,38"
9,PM,4,6,6,3,1,100,2,,,,,,"6,17",6,3,"2,2","5,19","5,59","2,5","1,8","6,83","2,08",7,"6,75","6,75","2,5",1,"2,75","5,2","3,67",1,5,"6,4",7,1,"3,75","6,75",1,"6,25","5,75","6,25","3,25","2,5",1,"5,39","2,15","2,33","6,88","2,38"
9,PM,5,6,6,3,1,100,2,,,,,,"6,17",6,3,"2,2","5,19","5,59","2,5","1,8","6,83","2,08",7,"6,75","6,75","2,5",1,"2,75","5,2","3,67",1,5,"6,4",7,1,"3,75","6,75",1,"6,25","5,75","6,25","3,25","2,5",1,"5,39","2,15","2,33","6,88","2,38"
9,PM,6,6,1,3,1,,2,,,,,,"6,17",6,3,"2,2","5,19","5,59","2,5","1,8","6,83","2,08",7,"6,75","6,75","2,5",1,"2,75","5,2","3,67",1,5,"6,4",7,1,"3,75","6,75",1,"6,25","5,75","6,25","3,25","2,5",1,"5,39","2,15","2,33","6,88","2,38"
9,PM,7,6,1,3,1,,2,,,,,,"6,17",6,3,"2,2","5,19","5,59","2,5","1,8","6,83","2,08",7,"6,75","6,75","2,5",1,"2,75","5,2","3,67",1,5,"6,4",7,1,"3,75","6,75",1,"6,25","5,75","6,25","3,25","2,5",1,"5,39","2,15","2,33","6,88","2,38"
9,PM,8,6,1,3,1,,2,,,,,,"6,17",6,3,"2,2","5,19","5,59","2,5","1,8","6,83","2,08",7,"6,75","6,75","2,5",1,"2,75","5,2","3,67",1,5,"6,4",7,1,"3,75","6,75",1,"6,25","5,75","6,25","3,25","2,5",1,"5,39","2,15","2,33","6,88","2,38"
9,PM,9,6,1,3,1,,2,,,,,,"6,17",6,3,"2,2","5,19","5,59","2,5","1,8","6,83","2,08",7,"6,75","6,75","2,5",1,"2,75","5,2","3,67",1,5,"6,4",7,1,"3,75","6,75",1,"6,25","5,75","6,25","3,25","2,5",1,"5,39","2,15","2,33","6,88","2,38"
9,PM,10,6,1,3,1,,2,,,,,,"6,17",6,3,"2,2","5,19","5,59","2,5","1,8","6,83","2,08",7,"6,75","6,75","2,5",1,"2,75","5,2","3,67",1,5,"6,4",7,1,"3,75","6,75",1,"6,25","5,75","6,25","3,25","2,5",1,"5,39","2,15","2,33","6,88","2,38"
9,PM,11,,,,,,,,,,,,"6,17",6,3,"2,2","5,19","5,59","2,5","1,8","6,83","2,08",7,"6,75","6,75","2,5",1,"2,75","5,2","3,67",1,5,"6,4",7,1,"3,75","6,75",1,"6,25","5,75","6,25","3,25","2,5",1,"5,39","2,15","2,33","6,88","2,38"
9,PM,12,,,,,,,,,,,,"6,17",6,3,"2,2","5,19","5,59","2,5","1,8","6,83","2,08",7,"6,75","6,75","2,5",1,"2,75","5,2","3,67",1,5,"6,4",7,1,"3,75","6,75",1,"6,25","5,75","6,25","3,25","2,5",1,"5,39","2,15","2,33","6,88","2,38"
9,PM,13,,,,,,,,,,,,"6,17",6,3,"2,2","5,19","5,59","2,5","1,8","6,83","2,08",7,"6,75","6,75","2,5",1,"2,75","5,2","3,67",1,5,"6,4",7,1,"3,75","6,75",1,"6,25","5,75","6,25","3,25","2,5",1,"5,39","2,15","2,33","6,88","2,38"
9,PM,14,,,,,100,,,,,,,"6,17",6,3,"2,2","5,19","5,59","2,5","1,8","6,83","2,08",7,"6,75","6,75","2,5",1,"2,75","5,2","3,67",1,5,"6,4",7,1,"3,75","6,75",1,"6,25","5,75","6,25","3,25","2,5",1,"5,39","2,15","2,33","6,88","2,38"
9,PM,15,,,,,100,,,,,,,"6,17",6,3,"2,2","5,19","5,59","2,5","1,8","6,83","2,08",7,"6,75","6,75","2,5",1,"2,75","5,2","3,67",1,5,"6,4",7,1,"3,75","6,75",1,"6,25","5,75","6,25","3,25","2,5",1,"5,39","2,15","2,33","6,88","2,38"
9,PM,16,,,,,100,,,,,,,"6,17",6,3,"2,2","5,19","5,59","2,5","1,8","6,83","2,08",7,"6,75","6,75","2,5",1,"2,75","5,2","3,67",1,5,"6,4",7,1,"3,75","6,75",1,"6,25","5,75","6,25","3,25","2,5",1,"5,39","2,15","2,33","6,88","2,38"
9,PM,17,,,,,100,,,,,,,"6,17",6,3,"2,2","5,19","5,59","2,5","1,8","6,83","2,08",7,"6,75","6,75","2,5",1,"2,75","5,2","3,67",1,5,"6,4",7,1,"3,75","6,75",1,"6,25","5,75","6,25","3,25","2,5",1,"5,39","2,15","2,33","6,88","2,38"
9,PM,18,,,,,100,,,,,,,"6,17",6,3,"2,2","5,19","5,59","2,5","1,8","6,83","2,08",7,"6,75","6,75","2,5",1,"2,75","5,2","3,67",1,5,"6,4",7,1,"3,75","6,75",1,"6,25","5,75","6,25","3,25","2,5",1,"5,39","2,15","2,33","6,88","2,38"
9,PM,19,,,,,100,,,,,,,"6,17",6,3,"2,2","5,19","5,59","2,5","1,8","6,83","2,08",7,"6,75","6,75","2,5",1,"2,75","5,2","3,67",1,5,"6,4",7,1,"3,75","6,75",1,"6,25","5,75","6,25","3,25","2,5",1,"5,39","2,15","2,33","6,88","2,38"
9,PM,20,,,,,100,,,,,,,"6,17",6,3,"2,2","5,19","5,59","2,5","1,8","6,83","2,08",7,"6,75","6,75","2,5",1,"2,75","5,2","3,67",1,5,"6,4",7,1,"3,75","6,75",1,"6,25","5,75","6,25","3,25","2,5",1,"5,39","2,15","2,33","6,88","2,38"
9,PM,21,,,,,100,,,,,,,"6,17",6,3,"2,2","5,19","5,59","2,5","1,8","6,83","2,08",7,"6,75","6,75","2,5",1,"2,75","5,2","3,67",1,5,"6,4",7,1,"3,75","6,75",1,"6,25","5,75","6,25","3,25","2,5",1,"5,39","2,15","2,33","6,88","2,38"
9,PM,22,,,,,100,,,,,,,"6,17",6,3,"2,2","5,19","5,59","2,5","1,8","6,83","2,08",7,"6,75","6,75","2,5",1,"2,75","5,2","3,67",1,5,"6,4",7,1,"3,75","6,75",1,"6,25","5,75","6,25","3,25","2,5",1,"5,39","2,15","2,33","6,88","2,38"
9,PM,23,,,,,100,,,,,,,"6,17",6,3,"2,2","5,19","5,59","2,5","1,8","6,83","2,08",7,"6,75","6,75","2,5",1,"2,75","5,2","3,67",1,5,"6,4",7,1,"3,75","6,75",1,"6,25","5,75","6,25","3,25","2,5",1,"5,39","2,15","2,33","6,88","2,38"
9,PM,24,,,,,90,,,,,,,"6,17",6,3,"2,2","5,19","5,59","2,5","1,8","6,83","2,08",7,"6,75","6,75","2,5",1,"2,75","5,2","3,67",1,5,"6,4",7,1,"3,75","6,75",1,"6,25","5,75","6,25","3,25","2,5",1,"5,39","2,15","2,33","6,88","2,38"
9,PM,25,,,,,82,,,,,,,"6,17",6,3,"2,2","5,19","5,59","2,5","1,8","6,83","2,08",7,"6,75","6,75","2,5",1,"2,75","5,2","3,67",1,5,"6,4",7,1,"3,75","6,75",1,"6,25","5,75","6,25","3,25","2,5",1,"5,39","2,15","2,33","6,88","2,38"
9,PM,26,,,,,100,,,,,,,"6,17",6,3,"2,2","5,19","5,59","2,5","1,8","6,83","2,08",7,"6,75","6,75","2,5",1,"2,75","5,2","3,67",1,5,"6,4",7,1,"3,75","6,75",1,"6,25","5,75","6,25","3,25","2,5",1,"5,39","2,15","2,33","6,88","2,38"
9,PM,27,,,,,100,,,,,,,"6,17",6,3,"2,2","5,19","5,59","2,5","1,8","6,83","2,08",7,"6,75","6,75","2,5",1,"2,75","5,2","3,67",1,5,"6,4",7,1,"3,75","6,75",1,"6,25","5,75","6,25","3,25","2,5",1,"5,39","2,15","2,33","6,88","2,38"
9,PM,28,,,,,100,,,,,,,"6,17",6,3,"2,2","5,19","5,59","2,5","1,8","6,83","2,08",7,"6,75","6,75","2,5",1,"2,75","5,2","3,67",1,5,"6,4",7,1,"3,75","6,75",1,"6,25","5,75","6,25","3,25","2,5",1,"5,39","2,15","2,33","6,88","2,38"
9,PM,29,,,,,100,,,,,,,"6,17",6,3,"2,2","5,19","5,59","2,5","1,8","6,83","2,08",7,"6,75","6,75","2,5",1,"2,75","5,2","3,67",1,5,"6,4",7,1,"3,75","6,75",1,"6,25","5,75","6,25","3,25","2,5",1,"5,39","2,15","2,33","6,88","2,38"
9,PM,30,,,,,100,,,,,,,"6,17",6,3,"2,2","5,19","5,59","2,5","1,8","6,83","2,08",7,"6,75","6,75","2,5",1,"2,75","5,2","3,67",1,5,"6,4",7,1,"3,75","6,75",1,"6,25","5,75","6,25","3,25","2,5",1,"5,39","2,15","2,33","6,88","2,38"
9,PM,31,6,5,1,1,100,1,,,,,,"6,17",6,3,"2,2","5,19","5,59","2,5","1,8","6,83","2,08",7,"6,75","6,75","2,5",1,"2,75","5,2","3,67",1,5,"6,4",7,1,"3,75","6,75",1,"6,25","5,75","6,25","3,25","2,5",1,"5,39","2,15","2,33","6,88","2,38"
9,PM,32,6,5,1,1,100,1,,,,,,"6,17",6,3,"2,2","5,19","5,59","2,5","1,8","6,83","2,08",7,"6,75","6,75","2,5",1,"2,75","5,2","3,67",1,5,"6,4",7,1,"3,75","6,75",1,"6,25","5,75","6,25","3,25","2,5",1,"5,39","2,15","2,33","6,88","2,38"
9,PM,33,6,5,1,1,100,1,,,,,,"6,17",6,3,"2,2","5,19","5,59","2,5","1,8","6,83","2,08",7,"6,75","6,75","2,5",1,"2,75","5,2","3,67",1,5,"6,4",7,1,"3,75","6,75",1,"6,25","5,75","6,25","3,25","2,5",1,"5,39","2,15","2,33","6,88","2,38"
9,PM,34,6,5,1,1,100,1,,,,,,"6,17",6,3,"2,2","5,19","5,59","2,5","1,8","6,83","2,08",7,"6,75","6,75","2,5",1,"2,75","5,2","3,67",1,5,"6,4",7,1,"3,75","6,75",1,"6,25","5,75","6,25","3,25","2,5",1,"5,39","2,15","2,33","6,88","2,38"
9,PM,35,6,5,1,1,100,1,,,,,,"6,17",6,3,"2,2","5,19","5,59","2,5","1,8","6,83","2,08",7,"6,75","6,75","2,5",1,"2,75","5,2","3,67",1,5,"6,4",7,1,"3,75","6,75",1,"6,25","5,75","6,25","3,25","2,5",1,"5,39","2,15","2,33","6,88","2,38"
9,PM,36,6,5,1,1,100,5,,,,,,"6,17",6,3,"2,2","5,19","5,59","2,5","1,8","6,83","2,08",7,"6,75","6,75","2,5",1,"2,75","5,2","3,67",1,5,"6,4",7,1,"3,75","6,75",1,"6,25","5,75","6,25","3,25","2,5",1,"5,39","2,15","2,33","6,88","2,38"
9,PM,37,6,5,1,1,100,5,,,,,,"6,17",6,3,"2,2","5,19","5,59","2,5","1,8","6,83","2,08",7,"6,75","6,75","2,5",1,"2,75","5,2","3,67",1,5,"6,4",7,1,"3,75","6,75",1,"6,25","5,75","6,25","3,25","2,5",1,"5,39","2,15","2,33","6,88","2,38"
9,PM,38,6,5,1,1,100,5,,,,,,"6,17",6,3,"2,2","5,19","5,59","2,5","1,8","6,83","2,08",7,"6,75","6,75","2,5",1,"2,75","5,2","3,67",1,5,"6,4",7,1,"3,75","6,75",1,"6,25","5,75","6,25","3,25","2,5",1,"5,39","2,15","2,33","6,88","2,38"
9,PM,39,6,5,1,1,90,5,,,,,,"6,17",6,3,"2,2","5,19","5,59","2,5","1,8","6,83","2,08",7,"6,75","6,75","2,5",1,"2,75","5,2","3,67",1,5,"6,4",7,1,"3,75","6,75",1,"6,25","5,75","6,25","3,25","2,5",1,"5,39","2,15","2,33","6,88","2,38"
9,PM,40,6,5,1,1,79,5,,,,,,"6,17",6,3,"2,2","5,19","5,59","2,5","1,8","6,83","2,08",7,"6,75","6,75","2,5",1,"2,75","5,2","3,67",1,5,"6,4",7,1,"3,75","6,75",1,"6,25","5,75","6,25","3,25","2,5",1,"5,39","2,15","2,33","6,88","2,38"
9,PM,41,6,6,1,1,100,5,,,,,,"6,17",6,3,"2,2","5,19","5,59","2,5","1,8","6,83","2,08",7,"6,75","6,75","2,5",1,"2,75","5,2","3,67",1,5,"6,4",7,1,"3,75","6,75",1,"6,25","5,75","6,25","3,25","2,5",1,"5,39","2,15","2,33","6,88","2,38"
9,PM,42,6,6,1,1,100,5,,,,,,"6,17",6,3,"2,2","5,19","5,59","2,5","1,8","6,83","2,08",7,"6,75","6,75","2,5",1,"2,75","5,2","3,67",1,5,"6,4",7,1,"3,75","6,75",1,"6,25","5,75","6,25","3,25","2,5",1,"5,39","2,15","2,33","6,88","2,38"
9,PM,43,6,6,1,1,100,5,,,,,,"6,17",6,3,"2,2","5,19","5,59","2,5","1,8","6,83","2,08",7,"6,75","6,75","2,5",1,"2,75","5,2","3,67",1,5,"6,4",7,1,"3,75","6,75",1,"6,25","5,75","6,25","3,25","2,5",1,"5,39","2,15","2,33","6,88","2,38"
9,PM,44,6,6,1,1,100,5,,,,,,"6,17",6,3,"2,2","5,19","5,59","2,5","1,8","6,83","2,08",7,"6,75","6,75","2,5",1,"2,75","5,2","3,67",1,5,"6,4",7,1,"3,75","6,75",1,"6,25","5,75","6,25","3,25","2,5",1,"5,39","2,15","2,33","6,88","2,38"
9,PM,45,6,6,1,1,100,5,,,,,,"6,17",6,3,"2,2","5,19","5,59","2,5","1,8","6,83","2,08",7,"6,75","6,75","2,5",1,"2,75","5,2","3,67",1,5,"6,4",7,1,"3,75","6,75",1,"6,25","5,75","6,25","3,25","2,5",1,"5,39","2,15","2,33","6,88","2,38"
9,PM,46,6,6,1,1,100,5,,,,,,"6,17",6,3,"2,2","5,19","5,59","2,5","1,8","6,83","2,08",7,"6,75","6,75","2,5",1,"2,75","5,2","3,67",1,5,"6,4",7,1,"3,75","6,75",1,"6,25","5,75","6,25","3,25","2,5",1,"5,39","2,15","2,33","6,88","2,38"
9,PM,47,6,6,1,1,100,5,,,,,,"6,17",6,3,"2,2","5,19","5,59","2,5","1,8","6,83","2,08",7,"6,75","6,75","2,5",1,"2,75","5,2","3,67",1,5,"6,4",7,1,"3,75","6,75",1,"6,25","5,75","6,25","3,25","2,5",1,"5,39","2,15","2,33","6,88","2,38"
9,PM,48,6,6,1,1,100,5,,,,,,"6,17",6,3,"2,2","5,19","5,59","2,5","1,8","6,83","2,08",7,"6,75","6,75","2,5",1,"2,75","5,2","3,67",1,5,"6,4",7,1,"3,75","6,75",1,"6,25","5,75","6,25","3,25","2,5",1,"5,39","2,15","2,33","6,88","2,38"
9,PM,49,6,6,1,1,100,5,,,,,,"6,17",6,3,"2,2","5,19","5,59","2,5","1,8","6,83","2,08",7,"6,75","6,75","2,5",1,"2,75","5,2","3,67",1,5,"6,4",7,1,"3,75","6,75",1,"6,25","5,75","6,25","3,25","2,5",1,"5,39","2,15","2,33","6,88","2,38"
9,PM,50,6,6,1,1,100,5,,,,,,"6,17",6,3,"2,2","5,19","5,59","2,5","1,8","6,83","2,08",7,"6,75","6,75","2,5",1,"2,75","5,2","3,67",1,5,"6,4",7,1,"3,75","6,75",1,"6,25","5,75","6,25","3,25","2,5",1,"5,39","2,15","2,33","6,88","2,38"
9,PM,51,6,6,"2,333333333",1,100,5,,,,,,"6,17",6,3,"2,2","5,19","5,59","2,5","1,8","6,83","2,08",7,"6,75","6,75","2,5",1,"2,75","5,2","3,67",1,5,"6,4",7,1,"3,75","6,75",1,"6,25","5,75","6,25","3,25","2,5",1,"5,39","2,15","2,33","6,88","2,38"
9,PM,52,6,6,"2,333333333",1,100,5,,,,,,"6,17",6,3,"2,2","5,19","5,59","2,5","1,8","6,83","2,08",7,"6,75","6,75","2,5",1,"2,75","5,2","3,67",1,5,"6,4",7,1,"3,75","6,75",1,"6,25","5,75","6,25","3,25","2,5",1,"5,39","2,15","2,33","6,88","2,38"
9,PM,53,6,6,"2,333333333",1,100,5,,,,,,"6,17",6,3,"2,2","5,19","5,59","2,5","1,8","6,83","2,08",7,"6,75","6,75","2,5",1,"2,75","5,2","3,67",1,5,"6,4",7,1,"3,75","6,75",1,"6,25","5,75","6,25","3,25","2,5",1,"5,39","2,15","2,33","6,88","2,38"
9,PM,54,6,6,"2,333333333",1,100,5,,,,,,"6,17",6,3,"2,2","5,19","5,59","2,5","1,8","6,83","2,08",7,"6,75","6,75","2,5",1,"2,75","5,2","3,67",1,5,"6,4",7,1,"3,75","6,75",1,"6,25","5,75","6,25","3,25","2,5",1,"5,39","2,15","2,33","6,88","2,38"
9,PM,55,6,6,"2,333333333",1,100,5,,,,,,"6,17",6,3,"2,2","5,19","5,59","2,5","1,8","6,83","2,08",7,"6,75","6,75","2,5",1,"2,75","5,2","3,67",1,5,"6,4",7,1,"3,75","6,75",1,"6,25","5,75","6,25","3,25","2,5",1,"5,39","2,15","2,33","6,88","2,38"
9,PM,56,6,6,"2,333333333",1,100,5,,,,,,"6,17",6,3,"2,2","5,19","5,59","2,5","1,8","6,83","2,08",7,"6,75","6,75","2,5",1,"2,75","5,2","3,67",1,5,"6,4",7,1,"3,75","6,75",1,"6,25","5,75","6,25","3,25","2,5",1,"5,39","2,15","2,33","6,88","2,38"
9,PM,57,6,6,"2,333333333",1,100,5,,,,,,"6,17",6,3,"2,2","5,19","5,59","2,5","1,8","6,83","2,08",7,"6,75","6,75","2,5",1,"2,75","5,2","3,67",1,5,"6,4",7,1,"3,75","6,75",1,"6,25","5,75","6,25","3,25","2,5",1,"5,39","2,15","2,33","6,88","2,38"
9,PM,58,6,6,"2,333333333",1,100,5,,,,,,"6,17",6,3,"2,2","5,19","5,59","2,5","1,8","6,83","2,08",7,"6,75","6,75","2,5",1,"2,75","5,2","3,67",1,5,"6,4",7,1,"3,75","6,75",1,"6,25","5,75","6,25","3,25","2,5",1,"5,39","2,15","2,33","6,88","2,38"
9,PM,59,6,6,"2,333333333",1,100,5,,,,,,"6,17",6,3,"2,2","5,19","5,59","2,5","1,8","6,83","2,08",7,"6,75","6,75","2,5",1,"2,75","5,2","3,67",1,5,"6,4",7,1,"3,75","6,75",1,"6,25","5,75","6,25","3,25","2,5",1,"5,39","2,15","2,33","6,88","2,38"
9,PM,60,6,6,"2,333333333",1,100,5,,,,,,"6,17",6,3,"2,2","5,19","5,59","2,5","1,8","6,83","2,08",7,"6,75","6,75","2,5",1,"2,75","5,2","3,67",1,5,"6,4",7,1,"3,75","6,75",1,"6,25","5,75","6,25","3,25","2,5",1,"5,39","2,15","2,33","6,88","2,38"
9,PM,61,6,6,"2,333333333",1,100,5,,,,,,"6,17",6,3,"2,2","5,19","5,59","2,5","1,8","6,83","2,08",7,"6,75","6,75","2,5",1,"2,75","5,2","3,67",1,5,"6,4",7,1,"3,75","6,75",1,"6,25","5,75","6,25","3,25","2,5",1,"5,39","2,15","2,33","6,88","2,38"
9,PM,62,6,6,"2,333333333",1,100,5,,,,,,"6,17",6,3,"2,2","5,19","5,59","2,5","1,8","6,83","2,08",7,"6,75","6,75","2,5",1,"2,75","5,2","3,67",1,5,"6,4",7,1,"3,75","6,75",1,"6,25","5,75","6,25","3,25","2,5",1,"5,39","2,15","2,33","6,88","2,38"
9,PM,63,6,6,"2,333333333",1,100,5,,,,,,"6,17",6,3,"2,2","5,19","5,59","2,5","1,8","6,83","2,08",7,"6,75","6,75","2,5",1,"2,75","5,2","3,67",1,5,"6,4",7,1,"3,75","6,75",1,"6,25","5,75","6,25","3,25","2,5",1,"5,39","2,15","2,33","6,88","2,38"
9,PM,64,6,6,"2,333333333",1,83,5,,,,,,"6,17",6,3,"2,2","5,19","5,59","2,5","1,8","6,83","2,08",7,"6,75","6,75","2,5",1,"2,75","5,2","3,67",1,5,"6,4",7,1,"3,75","6,75",1,"6,25","5,75","6,25","3,25","2,5",1,"5,39","2,15","2,33","6,88","2,38"
9,PM,65,6,6,"2,333333333",1,78,5,,,,,,"6,17",6,3,"2,2","5,19","5,59","2,5","1,8","6,83","2,08",7,"6,75","6,75","2,5",1,"2,75","5,2","3,67",1,5,"6,4",7,1,"3,75","6,75",1,"6,25","5,75","6,25","3,25","2,5",1,"5,39","2,15","2,33","6,88","2,38"
9,PM,66,6,"5,666666667","2,333333333",1,85,5,,,,,,"6,17",6,3,"2,2","5,19","5,59","2,5","1,8","6,83","2,08",7,"6,75","6,75","2,5",1,"2,75","5,2","3,67",1,5,"6,4",7,1,"3,75","6,75",1,"6,25","5,75","6,25","3,25","2,5",1,"5,39","2,15","2,33","6,88","2,38"
9,PM,67,6,"5,666666667","2,333333333",1,93,5,,,,,,"6,17",6,3,"2,2","5,19","5,59","2,5","1,8","6,83","2,08",7,"6,75","6,75","2,5",1,"2,75","5,2","3,67",1,5,"6,4",7,1,"3,75","6,75",1,"6,25","5,75","6,25","3,25","2,5",1,"5,39","2,15","2,33","6,88","2,38"
9,PM,68,6,"5,666666667","2,333333333",1,88,5,,,,,,"6,17",6,3,"2,2","5,19","5,59","2,5","1,8","6,83","2,08",7,"6,75","6,75","2,5",1,"2,75","5,2","3,67",1,5,"6,4",7,1,"3,75","6,75",1,"6,25","5,75","6,25","3,25","2,5",1,"5,39","2,15","2,33","6,88","2,38"
9,PM,69,6,"5,666666667","2,333333333",1,83,5,,,,,,"6,17",6,3,"2,2","5,19","5,59","2,5","1,8","6,83","2,08",7,"6,75","6,75","2,5",1,"2,75","5,2","3,67",1,5,"6,4",7,1,"3,75","6,75",1,"6,25","5,75","6,25","3,25","2,5",1,"5,39","2,15","2,33","6,88","2,38"
9,PM,70,6,"5,666666667","2,333333333",1,100,5,,,,,,"6,17",6,3,"2,2","5,19","5,59","2,5","1,8","6,83","2,08",7,"6,75","6,75","2,5",1,"2,75","5,2","3,67",1,5,"6,4",7,1,"3,75","6,75",1,"6,25","5,75","6,25","3,25","2,5",1,"5,39","2,15","2,33","6,88","2,38"
9,PM,71,6,"5,666666667","2,333333333",1,100,5,,,,,,"6,17",6,3,"2,2","5,19","5,59","2,5","1,8","6,83","2,08",7,"6,75","6,75","2,5",1,"2,75","5,2","3,67",1,5,"6,4",7,1,"3,75","6,75",1,"6,25","5,75","6,25","3,25","2,5",1,"5,39","2,15","2,33","6,88","2,38"
9,PM,72,6,"5,666666667","2,333333333",1,93,5,,,,,,"6,17",6,3,"2,2","5,19","5,59","2,5","1,8","6,83","2,08",7,"6,75","6,75","2,5",1,"2,75","5,2","3,67",1,5,"6,4",7,1,"3,75","6,75",1,"6,25","5,75","6,25","3,25","2,5",1,"5,39","2,15","2,33","6,88","2,38"
9,PM,73,6,"5,666666667","2,333333333",1,80,5,,,,,,"6,17",6,3,"2,2","5,19","5,59","2,5","1,8","6,83","2,08",7,"6,75","6,75","2,5",1,"2,75","5,2","3,67",1,5,"6,4",7,1,"3,75","6,75",1,"6,25","5,75","6,25","3,25","2,5",1,"5,39","2,15","2,33","6,88","2,38"
9,PM,74,6,"5,666666667","2,333333333",1,77,5,,,,,,"6,17",6,3,"2,2","5,19","5,59","2,5","1,8","6,83","2,08",7,"6,75","6,75","2,5",1,"2,75","5,2","3,67",1,5,"6,4",7,1,"3,75","6,75",1,"6,25","5,75","6,25","3,25","2,5",1,"5,39","2,15","2,33","6,88","2,38"
9,PM,75,6,"5,666666667","2,333333333",1,74,5,,,,,,"6,17",6,3,"2,2","5,19","5,59","2,5","1,8","6,83","2,08",7,"6,75","6,75","2,5",1,"2,75","5,2","3,67",1,5,"6,4",7,1,"3,75","6,75",1,"6,25","5,75","6,25","3,25","2,5",1,"5,39","2,15","2,33","6,88","2,38"
9,PM,76,6,"5,666666667","2,333333333",1,79,5,,,,,,"6,17",6,3,"2,2","5,19","5,59","2,5","1,8","6,83","2,08",7,"6,75","6,75","2,5",1,"2,75","5,2","3,67",1,5,"6,4",7,1,"3,75","6,75",1,"6,25","5,75","6,25","3,25","2,5",1,"5,39","2,15","2,33","6,88","2,38"
9,PM,77,6,"5,666666667","2,333333333",1,79,5,,,,,,"6,17",6,3,"2,2","5,19","5,59","2,5","1,8","6,83","2,08",7,"6,75","6,75","2,5",1,"2,75","5,2","3,67",1,5,"6,4",7,1,"3,75","6,75",1,"6,25","5,75","6,25","3,25","2,5",1,"5,39","2,15","2,33","6,88","2,38"
9,PM,78,6,"5,666666667","2,333333333",1,70,5,,,,,,"6,17",6,3,"2,2","5,19","5,59","2,5","1,8","6,83","2,08",7,"6,75","6,75","2,5",1,"2,75","5,2","3,67",1,5,"6,4",7,1,"3,75","6,75",1,"6,25","5,75","6,25","3,25","2,5",1,"5,39","2,15","2,33","6,88","2,38"
9,PM,79,6,"5,666666667","2,333333333",1,64,5,,,,,,"6,17",6,3,"2,2","5,19","5,59","2,5","1,8","6,83","2,08",7,"6,75","6,75","2,5",1,"2,75","5,2","3,67",1,5,"6,4",7,1,"3,75","6,75",1,"6,25","5,75","6,25","3,25","2,5",1,"5,39","2,15","2,33","6,88","2,38"
9,PM,80,6,"5,666666667","2,333333333",1,70,5,,,,,,"6,17",6,3,"2,2","5,19","5,59","2,5","1,8","6,83","2,08",7,"6,75","6,75","2,5",1,"2,75","5,2","3,67",1,5,"6,4",7,1,"3,75","6,75",1,"6,25","5,75","6,25","3,25","2,5",1,"5,39","2,15","2,33","6,88","2,38"
9,PM,81,,"5,666666667",,1,87,5,,,1,,,"6,17",6,3,"2,2","5,19","5,59","2,5","1,8","6,83","2,08",7,"6,75","6,75","2,5",1,"2,75","5,2","3,67",1,5,"6,4",7,1,"3,75","6,75",1,"6,25","5,75","6,25","3,25","2,5",1,"5,39","2,15","2,33","6,88","2,38"
9,PM,82,,"5,666666667",,1,81,5,,,1,,,"6,17",6,3,"2,2","5,19","5,59","2,5","1,8","6,83","2,08",7,"6,75","6,75","2,5",1,"2,75","5,2","3,67",1,5,"6,4",7,1,"3,75","6,75",1,"6,25","5,75","6,25","3,25","2,5",1,"5,39","2,15","2,33","6,88","2,38"
9,PM,83,,"5,666666667",,1,81,5,,,1,,,"6,17",6,3,"2,2","5,19","5,59","2,5","1,8","6,83","2,08",7,"6,75","6,75","2,5",1,"2,75","5,2","3,67",1,5,"6,4",7,1,"3,75","6,75",1,"6,25","5,75","6,25","3,25","2,5",1,"5,39","2,15","2,33","6,88","2,38"
9,PM,84,,"5,666666667",,1,80,5,,,1,,,"6,17",6,3,"2,2","5,19","5,59","2,5","1,8","6,83","2,08",7,"6,75","6,75","2,5",1,"2,75","5,2","3,67",1,5,"6,4",7,1,"3,75","6,75",1,"6,25","5,75","6,25","3,25","2,5",1,"5,39","2,15","2,33","6,88","2,38"
9,PM,85,,"5,666666667",,1,82,5,,,1,,,"6,17",6,3,"2,2","5,19","5,59","2,5","1,8","6,83","2,08",7,"6,75","6,75","2,5",1,"2,75","5,2","3,67",1,5,"6,4",7,1,"3,75","6,75",1,"6,25","5,75","6,25","3,25","2,5",1,"5,39","2,15","2,33","6,88","2,38"
9,PM,86,6,,"2,333333333",1,97,5,,,,,,"6,17",6,3,"2,2","5,19","5,59","2,5","1,8","6,83","2,08",7,"6,75","6,75","2,5",1,"2,75","5,2","3,67",1,5,"6,4",7,1,"3,75","6,75",1,"6,25","5,75","6,25","3,25","2,5",1,"5,39","2,15","2,33","6,88","2,38"
9,PM,87,6,,"2,333333333",1,74,5,,,,,,"6,17",6,3,"2,2","5,19","5,59","2,5","1,8","6,83","2,08",7,"6,75","6,75","2,5",1,"2,75","5,2","3,67",1,5,"6,4",7,1,"3,75","6,75",1,"6,25","5,75","6,25","3,25","2,5",1,"5,39","2,15","2,33","6,88","2,38"
9,PM,88,6,,"2,333333333",1,99,5,,,,,,"6,17",6,3,"2,2","5,19","5,59","2,5","1,8","6,83","2,08",7,"6,75","6,75","2,5",1,"2,75","5,2","3,67",1,5,"6,4",7,1,"3,75","6,75",1,"6,25","5,75","6,25","3,25","2,5",1,"5,39","2,15","2,33","6,88","2,38"
9,PM,89,6,,"2,333333333",1,100,5,,,,,,"6,17",6,3,"2,2","5,19","5,59","2,5","1,8","6,83","2,08",7,"6,75","6,75","2,5",1,"2,75","5,2","3,67",1,5,"6,4",7,1,"3,75","6,75",1,"6,25","5,75","6,25","3,25","2,5",1,"5,39","2,15","2,33","6,88","2,38"
9,PM,90,6,,"2,333333333",1,100,5,,,,,,"6,17",6,3,"2,2","5,19","5,59","2,5","1,8","6,83","2,08",7,"6,75","6,75","2,5",1,"2,75","5,2","3,67",1,5,"6,4",7,1,"3,75","6,75",1,"6,25","5,75","6,25","3,25","2,5",1,"5,39","2,15","2,33","6,88","2,38"
9,PM,91,6,,"2,333333333",1,100,5,,,,,,"6,17",6,3,"2,2","5,19","5,59","2,5","1,8","6,83","2,08",7,"6,75","6,75","2,5",1,"2,75","5,2","3,67",1,5,"6,4",7,1,"3,75","6,75",1,"6,25","5,75","6,25","3,25","2,5",1,"5,39","2,15","2,33","6,88","2,38"
9,PM,92,6,,"2,333333333",1,100,5,,,,,,"6,17",6,3,"2,2","5,19","5,59","2,5","1,8","6,83","2,08",7,"6,75","6,75","2,5",1,"2,75","5,2","3,67",1,5,"6,4",7,1,"3,75","6,75",1,"6,25","5,75","6,25","3,25","2,5",1,"5,39","2,15","2,33","6,88","2,38"
9,PM,93,6,,"2,333333333",1,85,5,,,,,,"6,17",6,3,"2,2","5,19","5,59","2,5","1,8","6,83","2,08",7,"6,75","6,75","2,5",1,"2,75","5,2","3,67",1,5,"6,4",7,1,"3,75","6,75",1,"6,25","5,75","6,25","3,25","2,5",1,"5,39","2,15","2,33","6,88","2,38"
9,PM,94,6,,"2,333333333",1,100,5,,,,,,"6,17",6,3,"2,2","5,19","5,59","2,5","1,8","6,83","2,08",7,"6,75","6,75","2,5",1,"2,75","5,2","3,67",1,5,"6,4",7,1,"3,75","6,75",1,"6,25","5,75","6,25","3,25","2,5",1,"5,39","2,15","2,33","6,88","2,38"
9,PM,95,6,,"2,333333333",1,93,5,,,,,,"6,17",6,3,"2,2","5,19","5,59","2,5","1,8","6,83","2,08",7,"6,75","6,75","2,5",1,"2,75","5,2","3,67",1,5,"6,4",7,1,"3,75","6,75",1,"6,25","5,75","6,25","3,25","2,5",1,"5,39","2,15","2,33","6,88","2,38"
9,PM,96,6,,"2,333333333",1,100,5,,,,,,"6,17",6,3,"2,2","5,19","5,59","2,5","1,8","6,83","2,08",7,"6,75","6,75","2,5",1,"2,75","5,2","3,67",1,5,"6,4",7,1,"3,75","6,75",1,"6,25","5,75","6,25","3,25","2,5",1,"5,39","2,15","2,33","6,88","2,38"
9,PM,97,6,,"2,333333333",1,100,5,,,,,,"6,17",6,3,"2,2","5,19","5,59","2,5","1,8","6,83","2,08",7,"6,75","6,75","2,5",1,"2,75","5,2","3,67",1,5,"6,4",7,1,"3,75","6,75",1,"6,25","5,75","6,25","3,25","2,5",1,"5,39","2,15","2,33","6,88","2,38"
9,PM,98,6,,"2,333333333",1,100,5,,,,,,"6,17",6,3,"2,2","5,19","5,59","2,5","1,8","6,83","2,08",7,"6,75","6,75","2,5",1,"2,75","5,2","3,67",1,5,"6,4",7,1,"3,75","6,75",1,"6,25","5,75","6,25","3,25","2,5",1,"5,39","2,15","2,33","6,88","2,38"
9,PM,99,6,,"2,333333333",1,99,5,,,,,,"6,17",6,3,"2,2","5,19","5,59","2,5","1,8","6,83","2,08",7,"6,75","6,75","2,5",1,"2,75","5,2","3,67",1,5,"6,4",7,1,"3,75","6,75",1,"6,25","5,75","6,25","3,25","2,5",1,"5,39","2,15","2,33","6,88","2,38"
9,PM,100,6,,"2,333333333",1,100,5,,,,,,"6,17",6,3,"2,2","5,19","5,59","2,5","1,8","6,83","2,08",7,"6,75","6,75","2,5",1,"2,75","5,2","3,67",1,5,"6,4",7,1,"3,75","6,75",1,"6,25","5,75","6,25","3,25","2,5",1,"5,39","2,15","2,33","6,88","2,38"
9,PM,101,6,,1,1,100,5,,,,,,"6,17",6,3,"2,2","5,19","5,59","2,5","1,8","6,83","2,08",7,"6,75","6,75","2,5",1,"2,75","5,2","3,67",1,5,"6,4",7,1,"3,75","6,75",1,"6,25","5,75","6,25","3,25","2,5",1,"5,39","2,15","2,33","6,88","2,38"
9,PM,102,6,,1,1,100,5,,,,,,"6,17",6,3,"2,2","5,19","5,59","2,5","1,8","6,83","2,08",7,"6,75","6,75","2,5",1,"2,75","5,2","3,67",1,5,"6,4",7,1,"3,75","6,75",1,"6,25","5,75","6,25","3,25","2,5",1,"5,39","2,15","2,33","6,88","2,38"
9,PM,103,6,,1,1,100,5,,,,,,"6,17",6,3,"2,2","5,19","5,59","2,5","1,8","6,83","2,08",7,"6,75","6,75","2,5",1,"2,75","5,2","3,67",1,5,"6,4",7,1,"3,75","6,75",1,"6,25","5,75","6,25","3,25","2,5",1,"5,39","2,15","2,33","6,88","2,38"
9,PM,104,6,,1,1,100,5,,,,,,"6,17",6,3,"2,2","5,19","5,59","2,5","1,8","6,83","2,08",7,"6,75","6,75","2,5",1,"2,75","5,2","3,67",1,5,"6,4",7,1,"3,75","6,75",1,"6,25","5,75","6,25","3,25","2,5",1,"5,39","2,15","2,33","6,88","2,38"
9,PM,105,6,,1,1,100,5,,,,,,"6,17",6,3,"2,2","5,19","5,59","2,5","1,8","6,83","2,08",7,"6,75","6,75","2,5",1,"2,75","5,2","3,67",1,5,"6,4",7,1,"3,75","6,75",1,"6,25","5,75","6,25","3,25","2,5",1,"5,39","2,15","2,33","6,88","2,38"
9,PM,106,6,,1,1,93,6,,,,,,"6,17",6,3,"2,2","5,19","5,59","2,5","1,8","6,83","2,08",7,"6,75","6,75","2,5",1,"2,75","5,2","3,67",1,5,"6,4",7,1,"3,75","6,75",1,"6,25","5,75","6,25","3,25","2,5",1,"5,39","2,15","2,33","6,88","2,38"
9,PM,107,6,,1,1,91,6,,,,,,"6,17",6,3,"2,2","5,19","5,59","2,5","1,8","6,83","2,08",7,"6,75","6,75","2,5",1,"2,75","5,2","3,67",1,5,"6,4",7,1,"3,75","6,75",1,"6,25","5,75","6,25","3,25","2,5",1,"5,39","2,15","2,33","6,88","2,38"
9,PM,108,6,,1,1,95,6,,,,,,"6,17",6,3,"2,2","5,19","5,59","2,5","1,8","6,83","2,08",7,"6,75","6,75","2,5",1,"2,75","5,2","3,67",1,5,"6,4",7,1,"3,75","6,75",1,"6,25","5,75","6,25","3,25","2,5",1,"5,39","2,15","2,33","6,88","2,38"
9,PM,109,6,,1,1,79,6,,,,,,"6,17",6,3,"2,2","5,19","5,59","2,5","1,8","6,83","2,08",7,"6,75","6,75","2,5",1,"2,75","5,2","3,67",1,5,"6,4",7,1,"3,75","6,75",1,"6,25","5,75","6,25","3,25","2,5",1,"5,39","2,15","2,33","6,88","2,38"
9,PM,110,6,,1,1,,6,,,,,,"6,17",6,3,"2,2","5,19","5,59","2,5","1,8","6,83","2,08",7,"6,75","6,75","2,5",1,"2,75","5,2","3,67",1,5,"6,4",7,1,"3,75","6,75",1,"6,25","5,75","6,25","3,25","2,5",1,"5,39","2,15","2,33","6,88","2,38"
9,PM,111,6,,1,1,,5,,,,,,"6,17",6,3,"2,2","5,19","5,59","2,5","1,8","6,83","2,08",7,"6,75","6,75","2,5",1,"2,75","5,2","3,67",1,5,"6,4",7,1,"3,75","6,75",1,"6,25","5,75","6,25","3,25","2,5",1,"5,39","2,15","2,33","6,88","2,38"
9,PM,112,6,,1,1,,5,,,,,,"6,17",6,3,"2,2","5,19","5,59","2,5","1,8","6,83","2,08",7,"6,75","6,75","2,5",1,"2,75","5,2","3,67",1,5,"6,4",7,1,"3,75","6,75",1,"6,25","5,75","6,25","3,25","2,5",1,"5,39","2,15","2,33","6,88","2,38"
9,PM,113,6,,1,1,,5,,,,,,"6,17",6,3,"2,2","5,19","5,59","2,5","1,8","6,83","2,08",7,"6,75","6,75","2,5",1,"2,75","5,2","3,67",1,5,"6,4",7,1,"3,75","6,75",1,"6,25","5,75","6,25","3,25","2,5",1,"5,39","2,15","2,33","6,88","2,38"
9,PM,114,6,,1,1,,5,,,,,,"6,17",6,3,"2,2","5,19","5,59","2,5","1,8","6,83","2,08",7,"6,75","6,75","2,5",1,"2,75","5,2","3,67",1,5,"6,4",7,1,"3,75","6,75",1,"6,25","5,75","6,25","3,25","2,5",1,"5,39","2,15","2,33","6,88","2,38"
9,PM,115,6,,1,1,,5,,,,,,"6,17",6,3,"2,2","5,19","5,59","2,5","1,8","6,83","2,08",7,"6,75","6,75","2,5",1,"2,75","5,2","3,67",1,5,"6,4",7,1,"3,75","6,75",1,"6,25","5,75","6,25","3,25","2,5",1,"5,39","2,15","2,33","6,88","2,38"
9,PM,116,6,,"2,666666667",1,,5,,,,,,"6,17",6,3,"2,2","5,19","5,59","2,5","1,8","6,83","2,08",7,"6,75","6,75","2,5",1,"2,75","5,2","3,67",1,5,"6,4",7,1,"3,75","6,75",1,"6,25","5,75","6,25","3,25","2,5",1,"5,39","2,15","2,33","6,88","2,38"
9,PM,117,6,,"2,666666667",1,,5,,,,,,"6,17",6,3,"2,2","5,19","5,59","2,5","1,8","6,83","2,08",7,"6,75","6,75","2,5",1,"2,75","5,2","3,67",1,5,"6,4",7,1,"3,75","6,75",1,"6,25","5,75","6,25","3,25","2,5",1,"5,39","2,15","2,33","6,88","2,38"
9,PM,118,6,,"2,666666667",1,,5,,,,,,"6,17",6,3,"2,2","5,19","5,59","2,5","1,8","6,83","2,08",7,"6,75","6,75","2,5",1,"2,75","5,2","3,67",1,5,"6,4",7,1,"3,75","6,75",1,"6,25","5,75","6,25","3,25","2,5",1,"5,39","2,15","2,33","6,88","2,38"
9,PM,119,6,,"2,666666667",1,,5,,,,,,"6,17",6,3,"2,2","5,19","5,59","2,5","1,8","6,83","2,08",7,"6,75","6,75","2,5",1,"2,75","5,2","3,67",1,5,"6,4",7,1,"3,75","6,75",1,"6,25","5,75","6,25","3,25","2,5",1,"5,39","2,15","2,33","6,88","2,38"
9,PM,120,6,,"2,666666667",1,,5,,,,,,"6,17",6,3,"2,2","5,19","5,59","2,5","1,8","6,83","2,08",7,"6,75","6,75","2,5",1,"2,75","5,2","3,67",1,5,"6,4",7,1,"3,75","6,75",1,"6,25","5,75","6,25","3,25","2,5",1,"5,39","2,15","2,33","6,88","2,38"
9,PM,121,6,,"2,666666667",1,,5,,,,,,"6,17",6,3,"2,2","5,19","5,59","2,5","1,8","6,83","2,08",7,"6,75","6,75","2,5",1,"2,75","5,2","3,67",1,5,"6,4",7,1,"3,75","6,75",1,"6,25","5,75","6,25","3,25","2,5",1,"5,39","2,15","2,33","6,88","2,38"
9,PM,122,6,,"2,666666667",1,,5,,,,,,"6,17",6,3,"2,2","5,19","5,59","2,5","1,8","6,83","2,08",7,"6,75","6,75","2,5",1,"2,75","5,2","3,67",1,5,"6,4",7,1,"3,75","6,75",1,"6,25","5,75","6,25","3,25","2,5",1,"5,39","2,15","2,33","6,88","2,38"
9,PM,123,6,,"2,666666667",1,,5,,,,,,"6,17",6,3,"2,2","5,19","5,59","2,5","1,8","6,83","2,08",7,"6,75","6,75","2,5",1,"2,75","5,2","3,67",1,5,"6,4",7,1,"3,75","6,75",1,"6,25","5,75","6,25","3,25","2,5",1,"5,39","2,15","2,33","6,88","2,38"
9,PM,124,6,,"2,666666667",1,,5,,,,,,"6,17",6,3,"2,2","5,19","5,59","2,5","1,8","6,83","2,08",7,"6,75","6,75","2,5",1,"2,75","5,2","3,67",1,5,"6,4",7,1,"3,75","6,75",1,"6,25","5,75","6,25","3,25","2,5",1,"5,39","2,15","2,33","6,88","2,38"
9,PM,125,6,,"2,666666667",1,,5,,,,,,"6,17",6,3,"2,2","5,19","5,59","2,5","1,8","6,83","2,08",7,"6,75","6,75","2,5",1,"2,75","5,2","3,67",1,5,"6,4",7,1,"3,75","6,75",1,"6,25","5,75","6,25","3,25","2,5",1,"5,39","2,15","2,33","6,88","2,38"
9,PM,126,,,"2,666666667",1,,5,,,,,,"6,17",6,3,"2,2","5,19","5,59","2,5","1,8","6,83","2,08",7,"6,75","6,75","2,5",1,"2,75","5,2","3,67",1,5,"6,4",7,1,"3,75","6,75",1,"6,25","5,75","6,25","3,25","2,5",1,"5,39","2,15","2,33","6,88","2,38"
9,PM,127,,,"2,666666667",1,,5,,,,,,"6,17",6,3,"2,2","5,19","5,59","2,5","1,8","6,83","2,08",7,"6,75","6,75","2,5",1,"2,75","5,2","3,67",1,5,"6,4",7,1,"3,75","6,75",1,"6,25","5,75","6,25","3,25","2,5",1,"5,39","2,15","2,33","6,88","2,38"
9,PM,128,,,"2,666666667",1,,5,,,,,,"6,17",6,3,"2,2","5,19","5,59","2,5","1,8","6,83","2,08",7,"6,75","6,75","2,5",1,"2,75","5,2","3,67",1,5,"6,4",7,1,"3,75","6,75",1,"6,25","5,75","6,25","3,25","2,5",1,"5,39","2,15","2,33","6,88","2,38"
9,PM,129,,,"2,666666667",1,,5,,,,,,"6,17",6,3,"2,2","5,19","5,59","2,5","1,8","6,83","2,08",7,"6,75","6,75","2,5",1,"2,75","5,2","3,67",1,5,"6,4",7,1,"3,75","6,75",1,"6,25","5,75","6,25","3,25","2,5",1,"5,39","2,15","2,33","6,88","2,38"
9,PM,130,,,"2,666666667",1,,5,,,,,,"6,17",6,3,"2,2","5,19","5,59","2,5","1,8","6,83","2,08",7,"6,75","6,75","2,5",1,"2,75","5,2","3,67",1,5,"6,4",7,1,"3,75","6,75",1,"6,25","5,75","6,25","3,25","2,5",1,"5,39","2,15","2,33","6,88","2,38"
9,PM,131,6,,,,,5,,,,,,"6,17",6,3,"2,2","5,19","5,59","2,5","1,8","6,83","2,08",7,"6,75","6,75","2,5",1,"2,75","5,2","3,67",1,5,"6,4",7,1,"3,75","6,75",1,"6,25","5,75","6,25","3,25","2,5",1,"5,39","2,15","2,33","6,88","2,38"
9,PM,132,6,,,,,5,,,,,,"6,17",6,3,"2,2","5,19","5,59","2,5","1,8","6,83","2,08",7,"6,75","6,75","2,5",1,"2,75","5,2","3,67",1,5,"6,4",7,1,"3,75","6,75",1,"6,25","5,75","6,25","3,25","2,5",1,"5,39","2,15","2,33","6,88","2,38"
9,PM,133,6,,,,,5,,,,,,"6,17",6,3,"2,2","5,19","5,59","2,5","1,8","6,83","2,08",7,"6,75","6,75","2,5",1,"2,75","5,2","3,67",1,5,"6,4",7,1,"3,75","6,75",1,"6,25","5,75","6,25","3,25","2,5",1,"5,39","2,15","2,33","6,88","2,38"
9,PM,134,6,,,,,5,,,,,,"6,17",6,3,"2,2","5,19","5,59","2,5","1,8","6,83","2,08",7,"6,75","6,75","2,5",1,"2,75","5,2","3,67",1,5,"6,4",7,1,"3,75","6,75",1,"6,25","5,75","6,25","3,25","2,5",1,"5,39","2,15","2,33","6,88","2,38"
9,PM,135,6,,,,,5,,,,,,"6,17",6,3,"2,2","5,19","5,59","2,5","1,8","6,83","2,08",7,"6,75","6,75","2,5",1,"2,75","5,2","3,67",1,5,"6,4",7,1,"3,75","6,75",1,"6,25","5,75","6,25","3,25","2,5",1,"5,39","2,15","2,33","6,88","2,38"
10,HL,1,"5,333333333",7,1,1,52,1,,,1,,,"5,67","5,8","1,75","1,2","5,06","5,59","1,5","2,33",6,"2,08",6,"6,25","5,75","2,75",1,"2,5","6,2","0,33",0,"4,67","6,6",6,1,"1,75","5,75",1,"6,5",6,"6,5","3,75","3,25","2,33","5,33","1,92","0,17","5,88","1,38"
10,HL,2,"5,333333333",7,1,1,47,1,,,1,,,"5,67","5,8","1,75","1,2","5,06","5,59","1,5","2,33",6,"2,08",6,"6,25","5,75","2,75",1,"2,5","6,2","0,33",0,"4,67","6,6",6,1,"1,75","5,75",1,"6,5",6,"6,5","3,75","3,25","2,33","5,33","1,92","0,17","5,88","1,38"
10,HL,3,"5,333333333",7,1,1,46,1,,,1,,,"5,67","5,8","1,75","1,2","5,06","5,59","1,5","2,33",6,"2,08",6,"6,25","5,75","2,75",1,"2,5","6,2","0,33",0,"4,67","6,6",6,1,"1,75","5,75",1,"6,5",6,"6,5","3,75","3,25","2,33","5,33","1,92","0,17","5,88","1,38"
10,HL,4,"5,333333333",7,1,1,76,1,,,1,,,"5,67","5,8","1,75","1,2","5,06","5,59","1,5","2,33",6,"2,08",6,"6,25","5,75","2,75",1,"2,5","6,2","0,33",0,"4,67","6,6",6,1,"1,75","5,75",1,"6,5",6,"6,5","3,75","3,25","2,33","5,33","1,92","0,17","5,88","1,38"
10,HL,5,"5,333333333",7,1,1,85,1,,,1,,,"5,67","5,8","1,75","1,2","5,06","5,59","1,5","2,33",6,"2,08",6,"6,25","5,75","2,75",1,"2,5","6,2","0,33",0,"4,67","6,6",6,1,"1,75","5,75",1,"6,5",6,"6,5","3,75","3,25","2,33","5,33","1,92","0,17","5,88","1,38"
10,HL,6,6,7,1,1,85,1,,,1,,,"5,67","5,8","1,75","1,2","5,06","5,59","1,5","2,33",6,"2,08",6,"6,25","5,75","2,75",1,"2,5","6,2","0,33",0,"4,67","6,6",6,1,"1,75","5,75",1,"6,5",6,"6,5","3,75","3,25","2,33","5,33","1,92","0,17","5,88","1,38"
10,HL,7,6,7,1,1,74,1,,,1,,,"5,67","5,8","1,75","1,2","5,06","5,59","1,5","2,33",6,"2,08",6,"6,25","5,75","2,75",1,"2,5","6,2","0,33",0,"4,67","6,6",6,1,"1,75","5,75",1,"6,5",6,"6,5","3,75","3,25","2,33","5,33","1,92","0,17","5,88","1,38"
10,HL,8,6,7,1,1,58,1,,,1,,,"5,67","5,8","1,75","1,2","5,06","5,59","1,5","2,33",6,"2,08",6,"6,25","5,75","2,75",1,"2,5","6,2","0,33",0,"4,67","6,6",6,1,"1,75","5,75",1,"6,5",6,"6,5","3,75","3,25","2,33","5,33","1,92","0,17","5,88","1,38"
10,HL,9,6,7,1,1,63,1,,,1,,,"5,67","5,8","1,75","1,2","5,06","5,59","1,5","2,33",6,"2,08",6,"6,25","5,75","2,75",1,"2,5","6,2","0,33",0,"4,67","6,6",6,1,"1,75","5,75",1,"6,5",6,"6,5","3,75","3,25","2,33","5,33","1,92","0,17","5,88","1,38"
10,HL,10,6,7,1,1,61,1,,,1,,,"5,67","5,8","1,75","1,2","5,06","5,59","1,5","2,33",6,"2,08",6,"6,25","5,75","2,75",1,"2,5","6,2","0,33",0,"4,67","6,6",6,1,"1,75","5,75",1,"6,5",6,"6,5","3,75","3,25","2,33","5,33","1,92","0,17","5,88","1,38"
10,HL,11,6,7,1,1,60,1,,,1,,,"5,67","5,8","1,75","1,2","5,06","5,59","1,5","2,33",6,"2,08",6,"6,25","5,75","2,75",1,"2,5","6,2","0,33",0,"4,67","6,6",6,1,"1,75","5,75",1,"6,5",6,"6,5","3,75","3,25","2,33","5,33","1,92","0,17","5,88","1,38"
10,HL,12,6,7,1,1,72,1,,,1,,,"5,67","5,8","1,75","1,2","5,06","5,59","1,5","2,33",6,"2,08",6,"6,25","5,75","2,75",1,"2,5","6,2","0,33",0,"4,67","6,6",6,1,"1,75","5,75",1,"6,5",6,"6,5","3,75","3,25","2,33","5,33","1,92","0,17","5,88","1,38"
10,HL,13,6,7,1,1,69,1,,,1,,,"5,67","5,8","1,75","1,2","5,06","5,59","1,5","2,33",6,"2,08",6,"6,25","5,75","2,75",1,"2,5","6,2","0,33",0,"4,67","6,6",6,1,"1,75","5,75",1,"6,5",6,"6,5","3,75","3,25","2,33","5,33","1,92","0,17","5,88","1,38"
10,HL,14,6,7,1,1,63,1,,,1,,,"5,67","5,8","1,75","1,2","5,06","5,59","1,5","2,33",6,"2,08",6,"6,25","5,75","2,75",1,"2,5","6,2","0,33",0,"4,67","6,6",6,1,"1,75","5,75",1,"6,5",6,"6,5","3,75","3,25","2,33","5,33","1,92","0,17","5,88","1,38"
10,HL,15,6,7,1,1,66,1,,,1,,,"5,67","5,8","1,75","1,2","5,06","5,59","1,5","2,33",6,"2,08",6,"6,25","5,75","2,75",1,"2,5","6,2","0,33",0,"4,67","6,6",6,1,"1,75","5,75",1,"6,5",6,"6,5","3,75","3,25","2,33","5,33","1,92","0,17","5,88","1,38"
10,HL,16,6,7,1,1,100,1,5,,1,,,"5,67","5,8","1,75","1,2","5,06","5,59","1,5","2,33",6,"2,08",6,"6,25","5,75","2,75",1,"2,5","6,2","0,33",0,"4,67","6,6",6,1,"1,75","5,75",1,"6,5",6,"6,5","3,75","3,25","2,33","5,33","1,92","0,17","5,88","1,38"
10,HL,17,6,7,1,1,100,1,5,,1,,,"5,67","5,8","1,75","1,2","5,06","5,59","1,5","2,33",6,"2,08",6,"6,25","5,75","2,75",1,"2,5","6,2","0,33",0,"4,67","6,6",6,1,"1,75","5,75",1,"6,5",6,"6,5","3,75","3,25","2,33","5,33","1,92","0,17","5,88","1,38"
10,HL,18,6,7,1,1,100,1,5,,1,,,"5,67","5,8","1,75","1,2","5,06","5,59","1,5","2,33",6,"2,08",6,"6,25","5,75","2,75",1,"2,5","6,2","0,33",0,"4,67","6,6",6,1,"1,75","5,75",1,"6,5",6,"6,5","3,75","3,25","2,33","5,33","1,92","0,17","5,88","1,38"
10,HL,19,6,7,1,1,97,1,5,,1,,,"5,67","5,8","1,75","1,2","5,06","5,59","1,5","2,33",6,"2,08",6,"6,25","5,75","2,75",1,"2,5","6,2","0,33",0,"4,67","6,6",6,1,"1,75","5,75",1,"6,5",6,"6,5","3,75","3,25","2,33","5,33","1,92","0,17","5,88","1,38"
10,HL,20,6,7,1,1,91,1,5,,1,,,"5,67","5,8","1,75","1,2","5,06","5,59","1,5","2,33",6,"2,08",6,"6,25","5,75","2,75",1,"2,5","6,2","0,33",0,"4,67","6,6",6,1,"1,75","5,75",1,"6,5",6,"6,5","3,75","3,25","2,33","5,33","1,92","0,17","5,88","1,38"
10,HL,21,6,7,1,1,100,5,,,9,,,"5,67","5,8","1,75","1,2","5,06","5,59","1,5","2,33",6,"2,08",6,"6,25","5,75","2,75",1,"2,5","6,2","0,33",0,"4,67","6,6",6,1,"1,75","5,75",1,"6,5",6,"6,5","3,75","3,25","2,33","5,33","1,92","0,17","5,88","1,38"
10,HL,22,6,7,1,1,100,5,,,9,,,"5,67","5,8","1,75","1,2","5,06","5,59","1,5","2,33",6,"2,08",6,"6,25","5,75","2,75",1,"2,5","6,2","0,33",0,"4,67","6,6",6,1,"1,75","5,75",1,"6,5",6,"6,5","3,75","3,25","2,33","5,33","1,92","0,17","5,88","1,38"
10,HL,23,6,7,1,1,100,5,,,9,,,"5,67","5,8","1,75","1,2","5,06","5,59","1,5","2,33",6,"2,08",6,"6,25","5,75","2,75",1,"2,5","6,2","0,33",0,"4,67","6,6",6,1,"1,75","5,75",1,"6,5",6,"6,5","3,75","3,25","2,33","5,33","1,92","0,17","5,88","1,38"
10,HL,24,6,7,1,1,100,5,,,9,,,"5,67","5,8","1,75","1,2","5,06","5,59","1,5","2,33",6,"2,08",6,"6,25","5,75","2,75",1,"2,5","6,2","0,33",0,"4,67","6,6",6,1,"1,75","5,75",1,"6,5",6,"6,5","3,75","3,25","2,33","5,33","1,92","0,17","5,88","1,38"
10,HL,25,6,7,1,1,100,5,,,9,,,"5,67","5,8","1,75","1,2","5,06","5,59","1,5","2,33",6,"2,08",6,"6,25","5,75","2,75",1,"2,5","6,2","0,33",0,"4,67","6,6",6,1,"1,75","5,75",1,"6,5",6,"6,5","3,75","3,25","2,33","5,33","1,92","0,17","5,88","1,38"
10,HL,26,5,7,1,1,79,7,,,1,,,"5,67","5,8","1,75","1,2","5,06","5,59","1,5","2,33",6,"2,08",6,"6,25","5,75","2,75",1,"2,5","6,2","0,33",0,"4,67","6,6",6,1,"1,75","5,75",1,"6,5",6,"6,5","3,75","3,25","2,33","5,33","1,92","0,17","5,88","1,38"
10,HL,27,5,7,1,1,70,7,,,1,,,"5,67","5,8","1,75","1,2","5,06","5,59","1,5","2,33",6,"2,08",6,"6,25","5,75","2,75",1,"2,5","6,2","0,33",0,"4,67","6,6",6,1,"1,75","5,75",1,"6,5",6,"6,5","3,75","3,25","2,33","5,33","1,92","0,17","5,88","1,38"
10,HL,28,5,7,1,1,55,7,,,1,,,"5,67","5,8","1,75","1,2","5,06","5,59","1,5","2,33",6,"2,08",6,"6,25","5,75","2,75",1,"2,5","6,2","0,33",0,"4,67","6,6",6,1,"1,75","5,75",1,"6,5",6,"6,5","3,75","3,25","2,33","5,33","1,92","0,17","5,88","1,38"
10,HL,29,5,7,1,1,76,7,,,1,,,"5,67","5,8","1,75","1,2","5,06","5,59","1,5","2,33",6,"2,08",6,"6,25","5,75","2,75",1,"2,5","6,2","0,33",0,"4,67","6,6",6,1,"1,75","5,75",1,"6,5",6,"6,5","3,75","3,25","2,33","5,33","1,92","0,17","5,88","1,38"
10,HL,30,5,7,1,1,58,7,,,1,,,"5,67","5,8","1,75","1,2","5,06","5,59","1,5","2,33",6,"2,08",6,"6,25","5,75","2,75",1,"2,5","6,2","0,33",0,"4,67","6,6",6,1,"1,75","5,75",1,"6,5",6,"6,5","3,75","3,25","2,33","5,33","1,92","0,17","5,88","1,38"
10,HL,31,"6,333333333",7,1,1,33,7,,,1,9,,"5,67","5,8","1,75","1,2","5,06","5,59","1,5","2,33",6,"2,08",6,"6,25","5,75","2,75",1,"2,5","6,2","0,33",0,"4,67","6,6",6,1,"1,75","5,75",1,"6,5",6,"6,5","3,75","3,25","2,33","5,33","1,92","0,17","5,88","1,38"
10,HL,32,"6,333333333",7,1,1,39,7,,,1,9,,"5,67","5,8","1,75","1,2","5,06","5,59","1,5","2,33",6,"2,08",6,"6,25","5,75","2,75",1,"2,5","6,2","0,33",0,"4,67","6,6",6,1,"1,75","5,75",1,"6,5",6,"6,5","3,75","3,25","2,33","5,33","1,92","0,17","5,88","1,38"
10,HL,33,"6,333333333",7,1,1,47,7,,,1,9,,"5,67","5,8","1,75","1,2","5,06","5,59","1,5","2,33",6,"2,08",6,"6,25","5,75","2,75",1,"2,5","6,2","0,33",0,"4,67","6,6",6,1,"1,75","5,75",1,"6,5",6,"6,5","3,75","3,25","2,33","5,33","1,92","0,17","5,88","1,38"
10,HL,34,"6,333333333",7,1,1,58,7,,,1,9,,"5,67","5,8","1,75","1,2","5,06","5,59","1,5","2,33",6,"2,08",6,"6,25","5,75","2,75",1,"2,5","6,2","0,33",0,"4,67","6,6",6,1,"1,75","5,75",1,"6,5",6,"6,5","3,75","3,25","2,33","5,33","1,92","0,17","5,88","1,38"
10,HL,35,"6,333333333",7,1,1,67,7,,,1,9,,"5,67","5,8","1,75","1,2","5,06","5,59","1,5","2,33",6,"2,08",6,"6,25","5,75","2,75",1,"2,5","6,2","0,33",0,"4,67","6,6",6,1,"1,75","5,75",1,"6,5",6,"6,5","3,75","3,25","2,33","5,33","1,92","0,17","5,88","1,38"
10,HL,36,6,7,1,1,100,5,,,1,,,"5,67","5,8","1,75","1,2","5,06","5,59","1,5","2,33",6,"2,08",6,"6,25","5,75","2,75",1,"2,5","6,2","0,33",0,"4,67","6,6",6,1,"1,75","5,75",1,"6,5",6,"6,5","3,75","3,25","2,33","5,33","1,92","0,17","5,88","1,38"
10,HL,37,6,7,1,1,75,5,,,1,,,"5,67","5,8","1,75","1,2","5,06","5,59","1,5","2,33",6,"2,08",6,"6,25","5,75","2,75",1,"2,5","6,2","0,33",0,"4,67","6,6",6,1,"1,75","5,75",1,"6,5",6,"6,5","3,75","3,25","2,33","5,33","1,92","0,17","5,88","1,38"
10,HL,38,6,7,1,1,85,5,,,1,,,"5,67","5,8","1,75","1,2","5,06","5,59","1,5","2,33",6,"2,08",6,"6,25","5,75","2,75",1,"2,5","6,2","0,33",0,"4,67","6,6",6,1,"1,75","5,75",1,"6,5",6,"6,5","3,75","3,25","2,33","5,33","1,92","0,17","5,88","1,38"
10,HL,39,6,7,1,1,85,5,,,1,,,"5,67","5,8","1,75","1,2","5,06","5,59","1,5","2,33",6,"2,08",6,"6,25","5,75","2,75",1,"2,5","6,2","0,33",0,"4,67","6,6",6,1,"1,75","5,75",1,"6,5",6,"6,5","3,75","3,25","2,33","5,33","1,92","0,17","5,88","1,38"
10,HL,40,6,7,1,1,78,5,,,1,,,"5,67","5,8","1,75","1,2","5,06","5,59","1,5","2,33",6,"2,08",6,"6,25","5,75","2,75",1,"2,5","6,2","0,33",0,"4,67","6,6",6,1,"1,75","5,75",1,"6,5",6,"6,5","3,75","3,25","2,33","5,33","1,92","0,17","5,88","1,38"
10,HL,41,7,7,1,1,86,8,,,6,,,"5,67","5,8","1,75","1,2","5,06","5,59","1,5","2,33",6,"2,08",6,"6,25","5,75","2,75",1,"2,5","6,2","0,33",0,"4,67","6,6",6,1,"1,75","5,75",1,"6,5",6,"6,5","3,75","3,25","2,33","5,33","1,92","0,17","5,88","1,38"
10,HL,42,7,7,1,1,80,8,,,6,,,"5,67","5,8","1,75","1,2","5,06","5,59","1,5","2,33",6,"2,08",6,"6,25","5,75","2,75",1,"2,5","6,2","0,33",0,"4,67","6,6",6,1,"1,75","5,75",1,"6,5",6,"6,5","3,75","3,25","2,33","5,33","1,92","0,17","5,88","1,38"
10,HL,43,7,7,1,1,66,8,,,6,,,"5,67","5,8","1,75","1,2","5,06","5,59","1,5","2,33",6,"2,08",6,"6,25","5,75","2,75",1,"2,5","6,2","0,33",0,"4,67","6,6",6,1,"1,75","5,75",1,"6,5",6,"6,5","3,75","3,25","2,33","5,33","1,92","0,17","5,88","1,38"
10,HL,44,7,7,1,1,57,8,,,6,,,"5,67","5,8","1,75","1,2","5,06","5,59","1,5","2,33",6,"2,08",6,"6,25","5,75","2,75",1,"2,5","6,2","0,33",0,"4,67","6,6",6,1,"1,75","5,75",1,"6,5",6,"6,5","3,75","3,25","2,33","5,33","1,92","0,17","5,88","1,38"
10,HL,45,7,7,1,1,82,8,,,6,,,"5,67","5,8","1,75","1,2","5,06","5,59","1,5","2,33",6,"2,08",6,"6,25","5,75","2,75",1,"2,5","6,2","0,33",0,"4,67","6,6",6,1,"1,75","5,75",1,"6,5",6,"6,5","3,75","3,25","2,33","5,33","1,92","0,17","5,88","1,38"
10,HL,46,7,7,1,1,93,8,,,6,,,"5,67","5,8","1,75","1,2","5,06","5,59","1,5","2,33",6,"2,08",6,"6,25","5,75","2,75",1,"2,5","6,2","0,33",0,"4,67","6,6",6,1,"1,75","5,75",1,"6,5",6,"6,5","3,75","3,25","2,33","5,33","1,92","0,17","5,88","1,38"
10,HL,47,7,7,1,1,86,8,,,6,,,"5,67","5,8","1,75","1,2","5,06","5,59","1,5","2,33",6,"2,08",6,"6,25","5,75","2,75",1,"2,5","6,2","0,33",0,"4,67","6,6",6,1,"1,75","5,75",1,"6,5",6,"6,5","3,75","3,25","2,33","5,33","1,92","0,17","5,88","1,38"
10,HL,48,7,7,1,1,72,8,,,6,,,"5,67","5,8","1,75","1,2","5,06","5,59","1,5","2,33",6,"2,08",6,"6,25","5,75","2,75",1,"2,5","6,2","0,33",0,"4,67","6,6",6,1,"1,75","5,75",1,"6,5",6,"6,5","3,75","3,25","2,33","5,33","1,92","0,17","5,88","1,38"
10,HL,49,7,7,1,1,61,8,,,6,,,"5,67","5,8","1,75","1,2","5,06","5,59","1,5","2,33",6,"2,08",6,"6,25","5,75","2,75",1,"2,5","6,2","0,33",0,"4,67","6,6",6,1,"1,75","5,75",1,"6,5",6,"6,5","3,75","3,25","2,33","5,33","1,92","0,17","5,88","1,38"
10,HL,50,7,7,1,1,55,8,,,6,,,"5,67","5,8","1,75","1,2","5,06","5,59","1,5","2,33",6,"2,08",6,"6,25","5,75","2,75",1,"2,5","6,2","0,33",0,"4,67","6,6",6,1,"1,75","5,75",1,"6,5",6,"6,5","3,75","3,25","2,33","5,33","1,92","0,17","5,88","1,38"
10,HL,51,7,7,1,1,66,8,,,6,,,"5,67","5,8","1,75","1,2","5,06","5,59","1,5","2,33",6,"2,08",6,"6,25","5,75","2,75",1,"2,5","6,2","0,33",0,"4,67","6,6",6,1,"1,75","5,75",1,"6,5",6,"6,5","3,75","3,25","2,33","5,33","1,92","0,17","5,88","1,38"
10,HL,52,7,7,1,1,71,8,,,6,,,"5,67","5,8","1,75","1,2","5,06","5,59","1,5","2,33",6,"2,08",6,"6,25","5,75","2,75",1,"2,5","6,2","0,33",0,"4,67","6,6",6,1,"1,75","5,75",1,"6,5",6,"6,5","3,75","3,25","2,33","5,33","1,92","0,17","5,88","1,38"
10,HL,53,7,7,1,1,84,8,,,6,,,"5,67","5,8","1,75","1,2","5,06","5,59","1,5","2,33",6,"2,08",6,"6,25","5,75","2,75",1,"2,5","6,2","0,33",0,"4,67","6,6",6,1,"1,75","5,75",1,"6,5",6,"6,5","3,75","3,25","2,33","5,33","1,92","0,17","5,88","1,38"
10,HL,54,7,7,1,1,84,8,,,6,,,"5,67","5,8","1,75","1,2","5,06","5,59","1,5","2,33",6,"2,08",6,"6,25","5,75","2,75",1,"2,5","6,2","0,33",0,"4,67","6,6",6,1,"1,75","5,75",1,"6,5",6,"6,5","3,75","3,25","2,33","5,33","1,92","0,17","5,88","1,38"
10,HL,55,7,7,1,1,100,8,,,6,,,"5,67","5,8","1,75","1,2","5,06","5,59","1,5","2,33",6,"2,08",6,"6,25","5,75","2,75",1,"2,5","6,2","0,33",0,"4,67","6,6",6,1,"1,75","5,75",1,"6,5",6,"6,5","3,75","3,25","2,33","5,33","1,92","0,17","5,88","1,38"
10,HL,56,7,7,1,1,100,5,,,6,,,"5,67","5,8","1,75","1,2","5,06","5,59","1,5","2,33",6,"2,08",6,"6,25","5,75","2,75",1,"2,5","6,2","0,33",0,"4,67","6,6",6,1,"1,75","5,75",1,"6,5",6,"6,5","3,75","3,25","2,33","5,33","1,92","0,17","5,88","1,38"
10,HL,57,7,7,1,1,100,5,,,6,,,"5,67","5,8","1,75","1,2","5,06","5,59","1,5","2,33",6,"2,08",6,"6,25","5,75","2,75",1,"2,5","6,2","0,33",0,"4,67","6,6",6,1,"1,75","5,75",1,"6,5",6,"6,5","3,75","3,25","2,33","5,33","1,92","0,17","5,88","1,38"
10,HL,58,7,7,1,1,87,5,,,6,,,"5,67","5,8","1,75","1,2","5,06","5,59","1,5","2,33",6,"2,08",6,"6,25","5,75","2,75",1,"2,5","6,2","0,33",0,"4,67","6,6",6,1,"1,75","5,75",1,"6,5",6,"6,5","3,75","3,25","2,33","5,33","1,92","0,17","5,88","1,38"
10,HL,59,7,7,1,1,100,5,,,6,,,"5,67","5,8","1,75","1,2","5,06","5,59","1,5","2,33",6,"2,08",6,"6,25","5,75","2,75",1,"2,5","6,2","0,33",0,"4,67","6,6",6,1,"1,75","5,75",1,"6,5",6,"6,5","3,75","3,25","2,33","5,33","1,92","0,17","5,88","1,38"
10,HL,60,7,7,1,1,92,5,,,6,,,"5,67","5,8","1,75","1,2","5,06","5,59","1,5","2,33",6,"2,08",6,"6,25","5,75","2,75",1,"2,5","6,2","0,33",0,"4,67","6,6",6,1,"1,75","5,75",1,"6,5",6,"6,5","3,75","3,25","2,33","5,33","1,92","0,17","5,88","1,38"
10,HL,61,7,7,,,,9,,,,,,"5,67","5,8","1,75","1,2","5,06","5,59","1,5","2,33",6,"2,08",6,"6,25","5,75","2,75",1,"2,5","6,2","0,33",0,"4,67","6,6",6,1,"1,75","5,75",1,"6,5",6,"6,5","3,75","3,25","2,33","5,33","1,92","0,17","5,88","1,38"
10,HL,62,7,7,,,,9,,,,,,"5,67","5,8","1,75","1,2","5,06","5,59","1,5","2,33",6,"2,08",6,"6,25","5,75","2,75",1,"2,5","6,2","0,33",0,"4,67","6,6",6,1,"1,75","5,75",1,"6,5",6,"6,5","3,75","3,25","2,33","5,33","1,92","0,17","5,88","1,38"
11,EU,1,"6,5",5,1,1,100,4,,,,,,6,"5,6",2,"1,4","4,63","5,06","1,38","1,53","5,58","1,58","5,25",6,"5,5","2,25","1,25","1,25",5,"2,67",0,"3,33","5,4","5,25",1,"4,5",5,1,"6,5","5,75",6,"1,75","1,75",1,"4,84","1,45","1,33","5,13","2,75"
11,EU,2,"6,5",5,1,1,100,4,,,,,,6,"5,6",2,"1,4","4,63","5,06","1,38","1,53","5,58","1,58","5,25",6,"5,5","2,25","1,25","1,25",5,"2,67",0,"3,33","5,4","5,25",1,"4,5",5,1,"6,5","5,75",6,"1,75","1,75",1,"4,84","1,45","1,33","5,13","2,75"
11,EU,3,"6,5",5,1,1,100,4,,,,,,6,"5,6",2,"1,4","4,63","5,06","1,38","1,53","5,58","1,58","5,25",6,"5,5","2,25","1,25","1,25",5,"2,67",0,"3,33","5,4","5,25",1,"4,5",5,1,"6,5","5,75",6,"1,75","1,75",1,"4,84","1,45","1,33","5,13","2,75"
11,EU,4,"6,5",5,1,1,91,4,,,,,,6,"5,6",2,"1,4","4,63","5,06","1,38","1,53","5,58","1,58","5,25",6,"5,5","2,25","1,25","1,25",5,"2,67",0,"3,33","5,4","5,25",1,"4,5",5,1,"6,5","5,75",6,"1,75","1,75",1,"4,84","1,45","1,33","5,13","2,75"
11,EU,5,"6,5",5,1,1,83,4,,,,,,6,"5,6",2,"1,4","4,63","5,06","1,38","1,53","5,58","1,58","5,25",6,"5,5","2,25","1,25","1,25",5,"2,67",0,"3,33","5,4","5,25",1,"4,5",5,1,"6,5","5,75",6,"1,75","1,75",1,"4,84","1,45","1,33","5,13","2,75"
11,EU,6,"6,25",5,1,1,73,,,,,,,6,"5,6",2,"1,4","4,63","5,06","1,38","1,53","5,58","1,58","5,25",6,"5,5","2,25","1,25","1,25",5,"2,67",0,"3,33","5,4","5,25",1,"4,5",5,1,"6,5","5,75",6,"1,75","1,75",1,"4,84","1,45","1,33","5,13","2,75"
11,EU,7,"6,25",5,1,1,73,,,,,,,6,"5,6",2,"1,4","4,63","5,06","1,38","1,53","5,58","1,58","5,25",6,"5,5","2,25","1,25","1,25",5,"2,67",0,"3,33","5,4","5,25",1,"4,5",5,1,"6,5","5,75",6,"1,75","1,75",1,"4,84","1,45","1,33","5,13","2,75"
11,EU,8,"6,25",5,1,1,65,,,,,,,6,"5,6",2,"1,4","4,63","5,06","1,38","1,53","5,58","1,58","5,25",6,"5,5","2,25","1,25","1,25",5,"2,67",0,"3,33","5,4","5,25",1,"4,5",5,1,"6,5","5,75",6,"1,75","1,75",1,"4,84","1,45","1,33","5,13","2,75"
11,EU,9,"6,25",5,1,1,66,,,,,,,6,"5,6",2,"1,4","4,63","5,06","1,38","1,53","5,58","1,58","5,25",6,"5,5","2,25","1,25","1,25",5,"2,67",0,"3,33","5,4","5,25",1,"4,5",5,1,"6,5","5,75",6,"1,75","1,75",1,"4,84","1,45","1,33","5,13","2,75"
11,EU,10,"6,25",5,1,1,66,,,,,,,6,"5,6",2,"1,4","4,63","5,06","1,38","1,53","5,58","1,58","5,25",6,"5,5","2,25","1,25","1,25",5,"2,67",0,"3,33","5,4","5,25",1,"4,5",5,1,"6,5","5,75",6,"1,75","1,75",1,"4,84","1,45","1,33","5,13","2,75"
11,EU,11,"2,5",5,1,1,69,5,,,9,,,6,"5,6",2,"1,4","4,63","5,06","1,38","1,53","5,58","1,58","5,25",6,"5,5","2,25","1,25","1,25",5,"2,67",0,"3,33","5,4","5,25",1,"4,5",5,1,"6,5","5,75",6,"1,75","1,75",1,"4,84","1,45","1,33","5,13","2,75"
11,EU,12,"2,5",5,1,1,69,5,,,9,,,6,"5,6",2,"1,4","4,63","5,06","1,38","1,53","5,58","1,58","5,25",6,"5,5","2,25","1,25","1,25",5,"2,67",0,"3,33","5,4","5,25",1,"4,5",5,1,"6,5","5,75",6,"1,75","1,75",1,"4,84","1,45","1,33","5,13","2,75"
11,EU,13,"2,5",5,1,1,69,5,,,9,,,6,"5,6",2,"1,4","4,63","5,06","1,38","1,53","5,58","1,58","5,25",6,"5,5","2,25","1,25","1,25",5,"2,67",0,"3,33","5,4","5,25",1,"4,5",5,1,"6,5","5,75",6,"1,75","1,75",1,"4,84","1,45","1,33","5,13","2,75"
11,EU,14,"2,5",5,1,1,69,5,,,9,,,6,"5,6",2,"1,4","4,63","5,06","1,38","1,53","5,58","1,58","5,25",6,"5,5","2,25","1,25","1,25",5,"2,67",0,"3,33","5,4","5,25",1,"4,5",5,1,"6,5","5,75",6,"1,75","1,75",1,"4,84","1,45","1,33","5,13","2,75"
11,EU,15,"2,5",5,1,1,69,5,,,9,,,6,"5,6",2,"1,4","4,63","5,06","1,38","1,53","5,58","1,58","5,25",6,"5,5","2,25","1,25","1,25",5,"2,67",0,"3,33","5,4","5,25",1,"4,5",5,1,"6,5","5,75",6,"1,75","1,75",1,"4,84","1,45","1,33","5,13","2,75"
11,EU,16,4,5,1,1,69,5,,,9,,,6,"5,6",2,"1,4","4,63","5,06","1,38","1,53","5,58","1,58","5,25",6,"5,5","2,25","1,25","1,25",5,"2,67",0,"3,33","5,4","5,25",1,"4,5",5,1,"6,5","5,75",6,"1,75","1,75",1,"4,84","1,45","1,33","5,13","2,75"
11,EU,17,4,5,1,1,69,5,,,9,,,6,"5,6",2,"1,4","4,63","5,06","1,38","1,53","5,58","1,58","5,25",6,"5,5","2,25","1,25","1,25",5,"2,67",0,"3,33","5,4","5,25",1,"4,5",5,1,"6,5","5,75",6,"1,75","1,75",1,"4,84","1,45","1,33","5,13","2,75"
11,EU,18,4,5,1,1,69,5,,,9,,,6,"5,6",2,"1,4","4,63","5,06","1,38","1,53","5,58","1,58","5,25",6,"5,5","2,25","1,25","1,25",5,"2,67",0,"3,33","5,4","5,25",1,"4,5",5,1,"6,5","5,75",6,"1,75","1,75",1,"4,84","1,45","1,33","5,13","2,75"
11,EU,19,4,5,1,1,69,5,,,9,,,6,"5,6",2,"1,4","4,63","5,06","1,38","1,53","5,58","1,58","5,25",6,"5,5","2,25","1,25","1,25",5,"2,67",0,"3,33","5,4","5,25",1,"4,5",5,1,"6,5","5,75",6,"1,75","1,75",1,"4,84","1,45","1,33","5,13","2,75"
11,EU,20,4,5,1,1,69,5,,,9,,,6,"5,6",2,"1,4","4,63","5,06","1,38","1,53","5,58","1,58","5,25",6,"5,5","2,25","1,25","1,25",5,"2,67",0,"3,33","5,4","5,25",1,"4,5",5,1,"6,5","5,75",6,"1,75","1,75",1,"4,84","1,45","1,33","5,13","2,75"
11,EU,21,,,1,1,69,5,,,1,,,6,"5,6",2,"1,4","4,63","5,06","1,38","1,53","5,58","1,58","5,25",6,"5,5","2,25","1,25","1,25",5,"2,67",0,"3,33","5,4","5,25",1,"4,5",5,1,"6,5","5,75",6,"1,75","1,75",1,"4,84","1,45","1,33","5,13","2,75"
11,EU,22,,,1,1,69,5,,,1,,,6,"5,6",2,"1,4","4,63","5,06","1,38","1,53","5,58","1,58","5,25",6,"5,5","2,25","1,25","1,25",5,"2,67",0,"3,33","5,4","5,25",1,"4,5",5,1,"6,5","5,75",6,"1,75","1,75",1,"4,84","1,45","1,33","5,13","2,75"
11,EU,23,,,1,1,49,5,,,1,,,6,"5,6",2,"1,4","4,63","5,06","1,38","1,53","5,58","1,58","5,25",6,"5,5","2,25","1,25","1,25",5,"2,67",0,"3,33","5,4","5,25",1,"4,5",5,1,"6,5","5,75",6,"1,75","1,75",1,"4,84","1,45","1,33","5,13","2,75"
11,EU,24,,,1,1,50,5,,,1,,,6,"5,6",2,"1,4","4,63","5,06","1,38","1,53","5,58","1,58","5,25",6,"5,5","2,25","1,25","1,25",5,"2,67",0,"3,33","5,4","5,25",1,"4,5",5,1,"6,5","5,75",6,"1,75","1,75",1,"4,84","1,45","1,33","5,13","2,75"
11,EU,25,,,1,1,41,5,,,1,,,6,"5,6",2,"1,4","4,63","5,06","1,38","1,53","5,58","1,58","5,25",6,"5,5","2,25","1,25","1,25",5,"2,67",0,"3,33","5,4","5,25",1,"4,5",5,1,"6,5","5,75",6,"1,75","1,75",1,"4,84","1,45","1,33","5,13","2,75"
11,EU,26,6,,1,1,43,5,,,,,,6,"5,6",2,"1,4","4,63","5,06","1,38","1,53","5,58","1,58","5,25",6,"5,5","2,25","1,25","1,25",5,"2,67",0,"3,33","5,4","5,25",1,"4,5",5,1,"6,5","5,75",6,"1,75","1,75",1,"4,84","1,45","1,33","5,13","2,75"
11,EU,27,6,,1,1,86,5,,,,,,6,"5,6",2,"1,4","4,63","5,06","1,38","1,53","5,58","1,58","5,25",6,"5,5","2,25","1,25","1,25",5,"2,67",0,"3,33","5,4","5,25",1,"4,5",5,1,"6,5","5,75",6,"1,75","1,75",1,"4,84","1,45","1,33","5,13","2,75"
11,EU,28,6,,1,1,86,5,,,,,,6,"5,6",2,"1,4","4,63","5,06","1,38","1,53","5,58","1,58","5,25",6,"5,5","2,25","1,25","1,25",5,"2,67",0,"3,33","5,4","5,25",1,"4,5",5,1,"6,5","5,75",6,"1,75","1,75",1,"4,84","1,45","1,33","5,13","2,75"
11,EU,29,6,,1,1,86,5,,,,,,6,"5,6",2,"1,4","4,63","5,06","1,38","1,53","5,58","1,58","5,25",6,"5,5","2,25","1,25","1,25",5,"2,67",0,"3,33","5,4","5,25",1,"4,5",5,1,"6,5","5,75",6,"1,75","1,75",1,"4,84","1,45","1,33","5,13","2,75"
11,EU,30,6,,1,1,86,5,,,,,,6,"5,6",2,"1,4","4,63","5,06","1,38","1,53","5,58","1,58","5,25",6,"5,5","2,25","1,25","1,25",5,"2,67",0,"3,33","5,4","5,25",1,"4,5",5,1,"6,5","5,75",6,"1,75","1,75",1,"4,84","1,45","1,33","5,13","2,75"
11,EU,31,"3,25",5,1,1,89,5,,,9,,,6,"5,6",2,"1,4","4,63","5,06","1,38","1,53","5,58","1,58","5,25",6,"5,5","2,25","1,25","1,25",5,"2,67",0,"3,33","5,4","5,25",1,"4,5",5,1,"6,5","5,75",6,"1,75","1,75",1,"4,84","1,45","1,33","5,13","2,75"
11,EU,32,"3,25",5,1,1,100,5,,,9,,,6,"5,6",2,"1,4","4,63","5,06","1,38","1,53","5,58","1,58","5,25",6,"5,5","2,25","1,25","1,25",5,"2,67",0,"3,33","5,4","5,25",1,"4,5",5,1,"6,5","5,75",6,"1,75","1,75",1,"4,84","1,45","1,33","5,13","2,75"
11,EU,33,"3,25",5,1,1,100,5,,,9,,,6,"5,6",2,"1,4","4,63","5,06","1,38","1,53","5,58","1,58","5,25",6,"5,5","2,25","1,25","1,25",5,"2,67",0,"3,33","5,4","5,25",1,"4,5",5,1,"6,5","5,75",6,"1,75","1,75",1,"4,84","1,45","1,33","5,13","2,75"
11,EU,34,"3,25",5,1,1,100,5,,,9,,,6,"5,6",2,"1,4","4,63","5,06","1,38","1,53","5,58","1,58","5,25",6,"5,5","2,25","1,25","1,25",5,"2,67",0,"3,33","5,4","5,25",1,"4,5",5,1,"6,5","5,75",6,"1,75","1,75",1,"4,84","1,45","1,33","5,13","2,75"
11,EU,35,"3,25",5,1,1,100,5,,,9,,,6,"5,6",2,"1,4","4,63","5,06","1,38","1,53","5,58","1,58","5,25",6,"5,5","2,25","1,25","1,25",5,"2,67",0,"3,33","5,4","5,25",1,"4,5",5,1,"6,5","5,75",6,"1,75","1,75",1,"4,84","1,45","1,33","5,13","2,75"
11,EU,36,"4,75",,1,,100,5,,,,,,6,"5,6",2,"1,4","4,63","5,06","1,38","1,53","5,58","1,58","5,25",6,"5,5","2,25","1,25","1,25",5,"2,67",0,"3,33","5,4","5,25",1,"4,5",5,1,"6,5","5,75",6,"1,75","1,75",1,"4,84","1,45","1,33","5,13","2,75"
11,EU,37,"4,75",,1,,100,5,,,,,,6,"5,6",2,"1,4","4,63","5,06","1,38","1,53","5,58","1,58","5,25",6,"5,5","2,25","1,25","1,25",5,"2,67",0,"3,33","5,4","5,25",1,"4,5",5,1,"6,5","5,75",6,"1,75","1,75",1,"4,84","1,45","1,33","5,13","2,75"
11,EU,38,"4,75",,1,,100,5,,,,,,6,"5,6",2,"1,4","4,63","5,06","1,38","1,53","5,58","1,58","5,25",6,"5,5","2,25","1,25","1,25",5,"2,67",0,"3,33","5,4","5,25",1,"4,5",5,1,"6,5","5,75",6,"1,75","1,75",1,"4,84","1,45","1,33","5,13","2,75"
11,EU,39,"4,75",,1,,100,5,,,,,,6,"5,6",2,"1,4","4,63","5,06","1,38","1,53","5,58","1,58","5,25",6,"5,5","2,25","1,25","1,25",5,"2,67",0,"3,33","5,4","5,25",1,"4,5",5,1,"6,5","5,75",6,"1,75","1,75",1,"4,84","1,45","1,33","5,13","2,75"
11,EU,40,"4,75",,1,,100,5,,,,,,6,"5,6",2,"1,4","4,63","5,06","1,38","1,53","5,58","1,58","5,25",6,"5,5","2,25","1,25","1,25",5,"2,67",0,"3,33","5,4","5,25",1,"4,5",5,1,"6,5","5,75",6,"1,75","1,75",1,"4,84","1,45","1,33","5,13","2,75"
11,EU,41,"3,75",5,1,1,100,5,,,,,,6,"5,6",2,"1,4","4,63","5,06","1,38","1,53","5,58","1,58","5,25",6,"5,5","2,25","1,25","1,25",5,"2,67",0,"3,33","5,4","5,25",1,"4,5",5,1,"6,5","5,75",6,"1,75","1,75",1,"4,84","1,45","1,33","5,13","2,75"
11,EU,42,"3,75",5,1,1,100,5,,,,,,6,"5,6",2,"1,4","4,63","5,06","1,38","1,53","5,58","1,58","5,25",6,"5,5","2,25","1,25","1,25",5,"2,67",0,"3,33","5,4","5,25",1,"4,5",5,1,"6,5","5,75",6,"1,75","1,75",1,"4,84","1,45","1,33","5,13","2,75"
11,EU,43,"3,75",5,1,1,100,5,,,,,,6,"5,6",2,"1,4","4,63","5,06","1,38","1,53","5,58","1,58","5,25",6,"5,5","2,25","1,25","1,25",5,"2,67",0,"3,33","5,4","5,25",1,"4,5",5,1,"6,5","5,75",6,"1,75","1,75",1,"4,84","1,45","1,33","5,13","2,75"
11,EU,44,"3,75",5,1,1,100,5,,,,,,6,"5,6",2,"1,4","4,63","5,06","1,38","1,53","5,58","1,58","5,25",6,"5,5","2,25","1,25","1,25",5,"2,67",0,"3,33","5,4","5,25",1,"4,5",5,1,"6,5","5,75",6,"1,75","1,75",1,"4,84","1,45","1,33","5,13","2,75"
11,EU,45,"3,75",5,1,1,100,5,,,,,,6,"5,6",2,"1,4","4,63","5,06","1,38","1,53","5,58","1,58","5,25",6,"5,5","2,25","1,25","1,25",5,"2,67",0,"3,33","5,4","5,25",1,"4,5",5,1,"6,5","5,75",6,"1,75","1,75",1,"4,84","1,45","1,33","5,13","2,75"
11,EU,46,6,7,1,1,100,4,,,1,,,6,"5,6",2,"1,4","4,63","5,06","1,38","1,53","5,58","1,58","5,25",6,"5,5","2,25","1,25","1,25",5,"2,67",0,"3,33","5,4","5,25",1,"4,5",5,1,"6,5","5,75",6,"1,75","1,75",1,"4,84","1,45","1,33","5,13","2,75"
11,EU,47,6,7,1,1,100,4,,,1,,,6,"5,6",2,"1,4","4,63","5,06","1,38","1,53","5,58","1,58","5,25",6,"5,5","2,25","1,25","1,25",5,"2,67",0,"3,33","5,4","5,25",1,"4,5",5,1,"6,5","5,75",6,"1,75","1,75",1,"4,84","1,45","1,33","5,13","2,75"
11,EU,48,6,7,1,1,100,4,,,1,,,6,"5,6",2,"1,4","4,63","5,06","1,38","1,53","5,58","1,58","5,25",6,"5,5","2,25","1,25","1,25",5,"2,67",0,"3,33","5,4","5,25",1,"4,5",5,1,"6,5","5,75",6,"1,75","1,75",1,"4,84","1,45","1,33","5,13","2,75"
11,EU,49,6,7,1,1,100,4,,,1,,,6,"5,6",2,"1,4","4,63","5,06","1,38","1,53","5,58","1,58","5,25",6,"5,5","2,25","1,25","1,25",5,"2,67",0,"3,33","5,4","5,25",1,"4,5",5,1,"6,5","5,75",6,"1,75","1,75",1,"4,84","1,45","1,33","5,13","2,75"
11,EU,50,6,7,1,1,100,4,,,1,,,6,"5,6",2,"1,4","4,63","5,06","1,38","1,53","5,58","1,58","5,25",6,"5,5","2,25","1,25","1,25",5,"2,67",0,"3,33","5,4","5,25",1,"4,5",5,1,"6,5","5,75",6,"1,75","1,75",1,"4,84","1,45","1,33","5,13","2,75"
11,EU,51,,6,,1,100,,,,,,,6,"5,6",2,"1,4","4,63","5,06","1,38","1,53","5,58","1,58","5,25",6,"5,5","2,25","1,25","1,25",5,"2,67",0,"3,33","5,4","5,25",1,"4,5",5,1,"6,5","5,75",6,"1,75","1,75",1,"4,84","1,45","1,33","5,13","2,75"
11,EU,52,,6,,1,100,,,,,,,6,"5,6",2,"1,4","4,63","5,06","1,38","1,53","5,58","1,58","5,25",6,"5,5","2,25","1,25","1,25",5,"2,67",0,"3,33","5,4","5,25",1,"4,5",5,1,"6,5","5,75",6,"1,75","1,75",1,"4,84","1,45","1,33","5,13","2,75"
11,EU,53,,6,,1,100,,,,,,,6,"5,6",2,"1,4","4,63","5,06","1,38","1,53","5,58","1,58","5,25",6,"5,5","2,25","1,25","1,25",5,"2,67",0,"3,33","5,4","5,25",1,"4,5",5,1,"6,5","5,75",6,"1,75","1,75",1,"4,84","1,45","1,33","5,13","2,75"
11,EU,54,,6,,1,92,,,,,,,6,"5,6",2,"1,4","4,63","5,06","1,38","1,53","5,58","1,58","5,25",6,"5,5","2,25","1,25","1,25",5,"2,67",0,"3,33","5,4","5,25",1,"4,5",5,1,"6,5","5,75",6,"1,75","1,75",1,"4,84","1,45","1,33","5,13","2,75"
11,EU,55,,6,,1,92,,,,,,,6,"5,6",2,"1,4","4,63","5,06","1,38","1,53","5,58","1,58","5,25",6,"5,5","2,25","1,25","1,25",5,"2,67",0,"3,33","5,4","5,25",1,"4,5",5,1,"6,5","5,75",6,"1,75","1,75",1,"4,84","1,45","1,33","5,13","2,75"
11,EU,56,6,6,1,1,77,,,,,,,6,"5,6",2,"1,4","4,63","5,06","1,38","1,53","5,58","1,58","5,25",6,"5,5","2,25","1,25","1,25",5,"2,67",0,"3,33","5,4","5,25",1,"4,5",5,1,"6,5","5,75",6,"1,75","1,75",1,"4,84","1,45","1,33","5,13","2,75"
11,EU,57,6,6,1,1,75,,,,,,,6,"5,6",2,"1,4","4,63","5,06","1,38","1,53","5,58","1,58","5,25",6,"5,5","2,25","1,25","1,25",5,"2,67",0,"3,33","5,4","5,25",1,"4,5",5,1,"6,5","5,75",6,"1,75","1,75",1,"4,84","1,45","1,33","5,13","2,75"
11,EU,58,6,6,1,1,75,,,,,,,6,"5,6",2,"1,4","4,63","5,06","1,38","1,53","5,58","1,58","5,25",6,"5,5","2,25","1,25","1,25",5,"2,67",0,"3,33","5,4","5,25",1,"4,5",5,1,"6,5","5,75",6,"1,75","1,75",1,"4,84","1,45","1,33","5,13","2,75"
11,EU,59,6,6,1,1,71,,,,,,,6,"5,6",2,"1,4","4,63","5,06","1,38","1,53","5,58","1,58","5,25",6,"5,5","2,25","1,25","1,25",5,"2,67",0,"3,33","5,4","5,25",1,"4,5",5,1,"6,5","5,75",6,"1,75","1,75",1,"4,84","1,45","1,33","5,13","2,75"
11,EU,60,6,6,1,1,71,,,,,,,6,"5,6",2,"1,4","4,63","5,06","1,38","1,53","5,58","1,58","5,25",6,"5,5","2,25","1,25","1,25",5,"2,67",0,"3,33","5,4","5,25",1,"4,5",5,1,"6,5","5,75",6,"1,75","1,75",1,"4,84","1,45","1,33","5,13","2,75"
11,EU,61,"6,5","6,5",1,1,75,,,,8,6,,6,"5,6",2,"1,4","4,63","5,06","1,38","1,53","5,58","1,58","5,25",6,"5,5","2,25","1,25","1,25",5,"2,67",0,"3,33","5,4","5,25",1,"4,5",5,1,"6,5","5,75",6,"1,75","1,75",1,"4,84","1,45","1,33","5,13","2,75"
11,EU,62,"6,5","6,5",1,1,64,,,,8,6,,6,"5,6",2,"1,4","4,63","5,06","1,38","1,53","5,58","1,58","5,25",6,"5,5","2,25","1,25","1,25",5,"2,67",0,"3,33","5,4","5,25",1,"4,5",5,1,"6,5","5,75",6,"1,75","1,75",1,"4,84","1,45","1,33","5,13","2,75"
11,EU,63,"6,5","6,5",1,1,65,,,,8,6,,6,"5,6",2,"1,4","4,63","5,06","1,38","1,53","5,58","1,58","5,25",6,"5,5","2,25","1,25","1,25",5,"2,67",0,"3,33","5,4","5,25",1,"4,5",5,1,"6,5","5,75",6,"1,75","1,75",1,"4,84","1,45","1,33","5,13","2,75"
11,EU,64,"6,5","6,5",1,1,71,,,,8,6,,6,"5,6",2,"1,4","4,63","5,06","1,38","1,53","5,58","1,58","5,25",6,"5,5","2,25","1,25","1,25",5,"2,67",0,"3,33","5,4","5,25",1,"4,5",5,1,"6,5","5,75",6,"1,75","1,75",1,"4,84","1,45","1,33","5,13","2,75"
11,EU,65,"6,5","6,5",1,1,60,,,,8,6,,6,"5,6",2,"1,4","4,63","5,06","1,38","1,53","5,58","1,58","5,25",6,"5,5","2,25","1,25","1,25",5,"2,67",0,"3,33","5,4","5,25",1,"4,5",5,1,"6,5","5,75",6,"1,75","1,75",1,"4,84","1,45","1,33","5,13","2,75"
11,EU,66,"6,5","6,5",1,1,53,,,,8,6,,6,"5,6",2,"1,4","4,63","5,06","1,38","1,53","5,58","1,58","5,25",6,"5,5","2,25","1,25","1,25",5,"2,67",0,"3,33","5,4","5,25",1,"4,5",5,1,"6,5","5,75",6,"1,75","1,75",1,"4,84","1,45","1,33","5,13","2,75"
11,EU,67,"6,5","6,5",1,1,86,,,,8,6,,6,"5,6",2,"1,4","4,63","5,06","1,38","1,53","5,58","1,58","5,25",6,"5,5","2,25","1,25","1,25",5,"2,67",0,"3,33","5,4","5,25",1,"4,5",5,1,"6,5","5,75",6,"1,75","1,75",1,"4,84","1,45","1,33","5,13","2,75"
11,EU,68,"6,5","6,5",1,1,76,,,,8,6,,6,"5,6",2,"1,4","4,63","5,06","1,38","1,53","5,58","1,58","5,25",6,"5,5","2,25","1,25","1,25",5,"2,67",0,"3,33","5,4","5,25",1,"4,5",5,1,"6,5","5,75",6,"1,75","1,75",1,"4,84","1,45","1,33","5,13","2,75"
11,EU,69,"6,5","6,5",1,1,50,,,,8,6,,6,"5,6",2,"1,4","4,63","5,06","1,38","1,53","5,58","1,58","5,25",6,"5,5","2,25","1,25","1,25",5,"2,67",0,"3,33","5,4","5,25",1,"4,5",5,1,"6,5","5,75",6,"1,75","1,75",1,"4,84","1,45","1,33","5,13","2,75"
11,EU,70,"6,5","6,5",1,1,30,,,,8,6,,6,"5,6",2,"1,4","4,63","5,06","1,38","1,53","5,58","1,58","5,25",6,"5,5","2,25","1,25","1,25",5,"2,67",0,"3,33","5,4","5,25",1,"4,5",5,1,"6,5","5,75",6,"1,75","1,75",1,"4,84","1,45","1,33","5,13","2,75"
11,EU,71,"6,333333333","6,5",1,1,36,,,,,,,6,"5,6",2,"1,4","4,63","5,06","1,38","1,53","5,58","1,58","5,25",6,"5,5","2,25","1,25","1,25",5,"2,67",0,"3,33","5,4","5,25",1,"4,5",5,1,"6,5","5,75",6,"1,75","1,75",1,"4,84","1,45","1,33","5,13","2,75"
11,EU,72,"6,333333333","6,5",1,1,35,,,,,,,6,"5,6",2,"1,4","4,63","5,06","1,38","1,53","5,58","1,58","5,25",6,"5,5","2,25","1,25","1,25",5,"2,67",0,"3,33","5,4","5,25",1,"4,5",5,1,"6,5","5,75",6,"1,75","1,75",1,"4,84","1,45","1,33","5,13","2,75"
11,EU,73,"6,333333333","6,5",1,1,47,,,,,,,6,"5,6",2,"1,4","4,63","5,06","1,38","1,53","5,58","1,58","5,25",6,"5,5","2,25","1,25","1,25",5,"2,67",0,"3,33","5,4","5,25",1,"4,5",5,1,"6,5","5,75",6,"1,75","1,75",1,"4,84","1,45","1,33","5,13","2,75"
11,EU,74,"6,333333333","6,5",1,1,59,,,,,,,6,"5,6",2,"1,4","4,63","5,06","1,38","1,53","5,58","1,58","5,25",6,"5,5","2,25","1,25","1,25",5,"2,67",0,"3,33","5,4","5,25",1,"4,5",5,1,"6,5","5,75",6,"1,75","1,75",1,"4,84","1,45","1,33","5,13","2,75"
11,EU,75,"6,333333333","6,5",1,1,62,,,,,,,6,"5,6",2,"1,4","4,63","5,06","1,38","1,53","5,58","1,58","5,25",6,"5,5","2,25","1,25","1,25",5,"2,67",0,"3,33","5,4","5,25",1,"4,5",5,1,"6,5","5,75",6,"1,75","1,75",1,"4,84","1,45","1,33","5,13","2,75"
11,EU,76,7,6,1,1,40,,,,,,,6,"5,6",2,"1,4","4,63","5,06","1,38","1,53","5,58","1,58","5,25",6,"5,5","2,25","1,25","1,25",5,"2,67",0,"3,33","5,4","5,25",1,"4,5",5,1,"6,5","5,75",6,"1,75","1,75",1,"4,84","1,45","1,33","5,13","2,75"
11,EU,77,7,6,1,1,56,,,,,,,6,"5,6",2,"1,4","4,63","5,06","1,38","1,53","5,58","1,58","5,25",6,"5,5","2,25","1,25","1,25",5,"2,67",0,"3,33","5,4","5,25",1,"4,5",5,1,"6,5","5,75",6,"1,75","1,75",1,"4,84","1,45","1,33","5,13","2,75"
11,EU,78,7,6,1,1,100,,,,,,,6,"5,6",2,"1,4","4,63","5,06","1,38","1,53","5,58","1,58","5,25",6,"5,5","2,25","1,25","1,25",5,"2,67",0,"3,33","5,4","5,25",1,"4,5",5,1,"6,5","5,75",6,"1,75","1,75",1,"4,84","1,45","1,33","5,13","2,75"
11,EU,79,7,6,1,1,100,,,,,,,6,"5,6",2,"1,4","4,63","5,06","1,38","1,53","5,58","1,58","5,25",6,"5,5","2,25","1,25","1,25",5,"2,67",0,"3,33","5,4","5,25",1,"4,5",5,1,"6,5","5,75",6,"1,75","1,75",1,"4,84","1,45","1,33","5,13","2,75"
11,EU,80,7,6,1,1,100,,,,,,,6,"5,6",2,"1,4","4,63","5,06","1,38","1,53","5,58","1,58","5,25",6,"5,5","2,25","1,25","1,25",5,"2,67",0,"3,33","5,4","5,25",1,"4,5",5,1,"6,5","5,75",6,"1,75","1,75",1,"4,84","1,45","1,33","5,13","2,75"
11,EU,81,"6,333333333",6,1,1,100,,,,8,6,,6,"5,6",2,"1,4","4,63","5,06","1,38","1,53","5,58","1,58","5,25",6,"5,5","2,25","1,25","1,25",5,"2,67",0,"3,33","5,4","5,25",1,"4,5",5,1,"6,5","5,75",6,"1,75","1,75",1,"4,84","1,45","1,33","5,13","2,75"
11,EU,82,"6,333333333",6,1,1,75,,,,8,6,,6,"5,6",2,"1,4","4,63","5,06","1,38","1,53","5,58","1,58","5,25",6,"5,5","2,25","1,25","1,25",5,"2,67",0,"3,33","5,4","5,25",1,"4,5",5,1,"6,5","5,75",6,"1,75","1,75",1,"4,84","1,45","1,33","5,13","2,75"
11,EU,83,"6,333333333",6,1,1,70,,,,8,6,,6,"5,6",2,"1,4","4,63","5,06","1,38","1,53","5,58","1,58","5,25",6,"5,5","2,25","1,25","1,25",5,"2,67",0,"3,33","5,4","5,25",1,"4,5",5,1,"6,5","5,75",6,"1,75","1,75",1,"4,84","1,45","1,33","5,13","2,75"
11,EU,84,"6,333333333",6,1,1,73,,,,8,6,,6,"5,6",2,"1,4","4,63","5,06","1,38","1,53","5,58","1,58","5,25",6,"5,5","2,25","1,25","1,25",5,"2,67",0,"3,33","5,4","5,25",1,"4,5",5,1,"6,5","5,75",6,"1,75","1,75",1,"4,84","1,45","1,33","5,13","2,75"
11,EU,85,"6,333333333",6,1,1,80,,,,8,6,,6,"5,6",2,"1,4","4,63","5,06","1,38","1,53","5,58","1,58","5,25",6,"5,5","2,25","1,25","1,25",5,"2,67",0,"3,33","5,4","5,25",1,"4,5",5,1,"6,5","5,75",6,"1,75","1,75",1,"4,84","1,45","1,33","5,13","2,75"
11,EU,86,"6,333333333",6,1,1,83,,,,,,,6,"5,6",2,"1,4","4,63","5,06","1,38","1,53","5,58","1,58","5,25",6,"5,5","2,25","1,25","1,25",5,"2,67",0,"3,33","5,4","5,25",1,"4,5",5,1,"6,5","5,75",6,"1,75","1,75",1,"4,84","1,45","1,33","5,13","2,75"
11,EU,87,"6,333333333",6,1,1,92,,,,,,,6,"5,6",2,"1,4","4,63","5,06","1,38","1,53","5,58","1,58","5,25",6,"5,5","2,25","1,25","1,25",5,"2,67",0,"3,33","5,4","5,25",1,"4,5",5,1,"6,5","5,75",6,"1,75","1,75",1,"4,84","1,45","1,33","5,13","2,75"
11,EU,88,"6,333333333",6,1,1,89,,,,,,,6,"5,6",2,"1,4","4,63","5,06","1,38","1,53","5,58","1,58","5,25",6,"5,5","2,25","1,25","1,25",5,"2,67",0,"3,33","5,4","5,25",1,"4,5",5,1,"6,5","5,75",6,"1,75","1,75",1,"4,84","1,45","1,33","5,13","2,75"
11,EU,89,"6,333333333",6,1,1,87,,,,,,,6,"5,6",2,"1,4","4,63","5,06","1,38","1,53","5,58","1,58","5,25",6,"5,5","2,25","1,25","1,25",5,"2,67",0,"3,33","5,4","5,25",1,"4,5",5,1,"6,5","5,75",6,"1,75","1,75",1,"4,84","1,45","1,33","5,13","2,75"
11,EU,90,"6,333333333",6,1,1,87,,,,,,,6,"5,6",2,"1,4","4,63","5,06","1,38","1,53","5,58","1,58","5,25",6,"5,5","2,25","1,25","1,25",5,"2,67",0,"3,33","5,4","5,25",1,"4,5",5,1,"6,5","5,75",6,"1,75","1,75",1,"4,84","1,45","1,33","5,13","2,75"
11,EU,91,,7,,1,86,5,,,,,,6,"5,6",2,"1,4","4,63","5,06","1,38","1,53","5,58","1,58","5,25",6,"5,5","2,25","1,25","1,25",5,"2,67",0,"3,33","5,4","5,25",1,"4,5",5,1,"6,5","5,75",6,"1,75","1,75",1,"4,84","1,45","1,33","5,13","2,75"
11,EU,92,,7,,1,96,5,,,,,,6,"5,6",2,"1,4","4,63","5,06","1,38","1,53","5,58","1,58","5,25",6,"5,5","2,25","1,25","1,25",5,"2,67",0,"3,33","5,4","5,25",1,"4,5",5,1,"6,5","5,75",6,"1,75","1,75",1,"4,84","1,45","1,33","5,13","2,75"
11,EU,93,,7,,1,94,5,,,,,,6,"5,6",2,"1,4","4,63","5,06","1,38","1,53","5,58","1,58","5,25",6,"5,5","2,25","1,25","1,25",5,"2,67",0,"3,33","5,4","5,25",1,"4,5",5,1,"6,5","5,75",6,"1,75","1,75",1,"4,84","1,45","1,33","5,13","2,75"
11,EU,94,,7,,1,94,5,,,,,,6,"5,6",2,"1,4","4,63","5,06","1,38","1,53","5,58","1,58","5,25",6,"5,5","2,25","1,25","1,25",5,"2,67",0,"3,33","5,4","5,25",1,"4,5",5,1,"6,5","5,75",6,"1,75","1,75",1,"4,84","1,45","1,33","5,13","2,75"
11,EU,95,,7,,1,87,5,,,,,,6,"5,6",2,"1,4","4,63","5,06","1,38","1,53","5,58","1,58","5,25",6,"5,5","2,25","1,25","1,25",5,"2,67",0,"3,33","5,4","5,25",1,"4,5",5,1,"6,5","5,75",6,"1,75","1,75",1,"4,84","1,45","1,33","5,13","2,75"
11,EU,96,,6,,1,85,5,,,,,,6,"5,6",2,"1,4","4,63","5,06","1,38","1,53","5,58","1,58","5,25",6,"5,5","2,25","1,25","1,25",5,"2,67",0,"3,33","5,4","5,25",1,"4,5",5,1,"6,5","5,75",6,"1,75","1,75",1,"4,84","1,45","1,33","5,13","2,75"
11,EU,97,,6,,1,89,5,,,,,,6,"5,6",2,"1,4","4,63","5,06","1,38","1,53","5,58","1,58","5,25",6,"5,5","2,25","1,25","1,25",5,"2,67",0,"3,33","5,4","5,25",1,"4,5",5,1,"6,5","5,75",6,"1,75","1,75",1,"4,84","1,45","1,33","5,13","2,75"
11,EU,98,,6,,1,82,5,,,,,,6,"5,6",2,"1,4","4,63","5,06","1,38","1,53","5,58","1,58","5,25",6,"5,5","2,25","1,25","1,25",5,"2,67",0,"3,33","5,4","5,25",1,"4,5",5,1,"6,5","5,75",6,"1,75","1,75",1,"4,84","1,45","1,33","5,13","2,75"
12,EF,1,6,7,1,1,48,1,2,,,,,"5,67","5,6","2,75","1,8","4,38","5,88",2,"1,8","6,25","1,67","6,25","6,5",6,"1,5","1,5",2,5,"1,33",0,"3,33","5,6",7,"1,25","2,5",6,1,"6,25",5,7,"3,5","3,25","1,33","5,13","1,9","0,67","6,5","1,88"
12,EF,2,6,7,1,1,62,1,2,,,,,"5,67","5,6","2,75","1,8","4,38","5,88",2,"1,8","6,25","1,67","6,25","6,5",6,"1,5","1,5",2,5,"1,33",0,"3,33","5,6",7,"1,25","2,5",6,1,"6,25",5,7,"3,5","3,25","1,33","5,13","1,9","0,67","6,5","1,88"
12,EF,3,6,7,1,1,62,1,2,,,,,"5,67","5,6","2,75","1,8","4,38","5,88",2,"1,8","6,25","1,67","6,25","6,5",6,"1,5","1,5",2,5,"1,33",0,"3,33","5,6",7,"1,25","2,5",6,1,"6,25",5,7,"3,5","3,25","1,33","5,13","1,9","0,67","6,5","1,88"
12,EF,4,6,7,1,1,59,1,2,,,,,"5,67","5,6","2,75","1,8","4,38","5,88",2,"1,8","6,25","1,67","6,25","6,5",6,"1,5","1,5",2,5,"1,33",0,"3,33","5,6",7,"1,25","2,5",6,1,"6,25",5,7,"3,5","3,25","1,33","5,13","1,9","0,67","6,5","1,88"
12,EF,5,6,7,1,1,54,1,2,,,,,"5,67","5,6","2,75","1,8","4,38","5,88",2,"1,8","6,25","1,67","6,25","6,5",6,"1,5","1,5",2,5,"1,33",0,"3,33","5,6",7,"1,25","2,5",6,1,"6,25",5,7,"3,5","3,25","1,33","5,13","1,9","0,67","6,5","1,88"
12,EF,6,6,7,1,1,51,5,,,,,,"5,67","5,6","2,75","1,8","4,38","5,88",2,"1,8","6,25","1,67","6,25","6,5",6,"1,5","1,5",2,5,"1,33",0,"3,33","5,6",7,"1,25","2,5",6,1,"6,25",5,7,"3,5","3,25","1,33","5,13","1,9","0,67","6,5","1,88"
12,EF,7,6,7,1,1,57,5,,,,,,"5,67","5,6","2,75","1,8","4,38","5,88",2,"1,8","6,25","1,67","6,25","6,5",6,"1,5","1,5",2,5,"1,33",0,"3,33","5,6",7,"1,25","2,5",6,1,"6,25",5,7,"3,5","3,25","1,33","5,13","1,9","0,67","6,5","1,88"
12,EF,8,6,7,1,1,50,5,,,,,,"5,67","5,6","2,75","1,8","4,38","5,88",2,"1,8","6,25","1,67","6,25","6,5",6,"1,5","1,5",2,5,"1,33",0,"3,33","5,6",7,"1,25","2,5",6,1,"6,25",5,7,"3,5","3,25","1,33","5,13","1,9","0,67","6,5","1,88"
12,EF,9,6,7,1,1,48,5,,,,,,"5,67","5,6","2,75","1,8","4,38","5,88",2,"1,8","6,25","1,67","6,25","6,5",6,"1,5","1,5",2,5,"1,33",0,"3,33","5,6",7,"1,25","2,5",6,1,"6,25",5,7,"3,5","3,25","1,33","5,13","1,9","0,67","6,5","1,88"
12,EF,10,6,7,1,1,50,5,,,,,,"5,67","5,6","2,75","1,8","4,38","5,88",2,"1,8","6,25","1,67","6,25","6,5",6,"1,5","1,5",2,5,"1,33",0,"3,33","5,6",7,"1,25","2,5",6,1,"6,25",5,7,"3,5","3,25","1,33","5,13","1,9","0,67","6,5","1,88"
12,EF,11,,7,1,1,49,6,,,,,,"5,67","5,6","2,75","1,8","4,38","5,88",2,"1,8","6,25","1,67","6,25","6,5",6,"1,5","1,5",2,5,"1,33",0,"3,33","5,6",7,"1,25","2,5",6,1,"6,25",5,7,"3,5","3,25","1,33","5,13","1,9","0,67","6,5","1,88"
12,EF,12,,7,1,1,39,6,,,,,,"5,67","5,6","2,75","1,8","4,38","5,88",2,"1,8","6,25","1,67","6,25","6,5",6,"1,5","1,5",2,5,"1,33",0,"3,33","5,6",7,"1,25","2,5",6,1,"6,25",5,7,"3,5","3,25","1,33","5,13","1,9","0,67","6,5","1,88"
12,EF,13,,7,1,1,57,6,,,,,,"5,67","5,6","2,75","1,8","4,38","5,88",2,"1,8","6,25","1,67","6,25","6,5",6,"1,5","1,5",2,5,"1,33",0,"3,33","5,6",7,"1,25","2,5",6,1,"6,25",5,7,"3,5","3,25","1,33","5,13","1,9","0,67","6,5","1,88"
12,EF,14,,7,1,1,63,6,,,,,,"5,67","5,6","2,75","1,8","4,38","5,88",2,"1,8","6,25","1,67","6,25","6,5",6,"1,5","1,5",2,5,"1,33",0,"3,33","5,6",7,"1,25","2,5",6,1,"6,25",5,7,"3,5","3,25","1,33","5,13","1,9","0,67","6,5","1,88"
12,EF,15,,7,1,1,60,6,,,,,,"5,67","5,6","2,75","1,8","4,38","5,88",2,"1,8","6,25","1,67","6,25","6,5",6,"1,5","1,5",2,5,"1,33",0,"3,33","5,6",7,"1,25","2,5",6,1,"6,25",5,7,"3,5","3,25","1,33","5,13","1,9","0,67","6,5","1,88"
12,EF,16,"6,666666667",7,1,1,51,6,,,,,,"5,67","5,6","2,75","1,8","4,38","5,88",2,"1,8","6,25","1,67","6,25","6,5",6,"1,5","1,5",2,5,"1,33",0,"3,33","5,6",7,"1,25","2,5",6,1,"6,25",5,7,"3,5","3,25","1,33","5,13","1,9","0,67","6,5","1,88"
12,EF,17,"6,666666667",7,1,1,52,6,,,,,,"5,67","5,6","2,75","1,8","4,38","5,88",2,"1,8","6,25","1,67","6,25","6,5",6,"1,5","1,5",2,5,"1,33",0,"3,33","5,6",7,"1,25","2,5",6,1,"6,25",5,7,"3,5","3,25","1,33","5,13","1,9","0,67","6,5","1,88"
12,EF,18,"6,666666667",7,1,1,53,6,,,,,,"5,67","5,6","2,75","1,8","4,38","5,88",2,"1,8","6,25","1,67","6,25","6,5",6,"1,5","1,5",2,5,"1,33",0,"3,33","5,6",7,"1,25","2,5",6,1,"6,25",5,7,"3,5","3,25","1,33","5,13","1,9","0,67","6,5","1,88"
12,EF,19,"6,666666667",7,1,1,48,6,,,,,,"5,67","5,6","2,75","1,8","4,38","5,88",2,"1,8","6,25","1,67","6,25","6,5",6,"1,5","1,5",2,5,"1,33",0,"3,33","5,6",7,"1,25","2,5",6,1,"6,25",5,7,"3,5","3,25","1,33","5,13","1,9","0,67","6,5","1,88"
12,EF,20,"6,666666667",7,1,1,46,6,,,,,,"5,67","5,6","2,75","1,8","4,38","5,88",2,"1,8","6,25","1,67","6,25","6,5",6,"1,5","1,5",2,5,"1,33",0,"3,33","5,6",7,"1,25","2,5",6,1,"6,25",5,7,"3,5","3,25","1,33","5,13","1,9","0,67","6,5","1,88"
12,EF,21,,"6,5",1,1,41,,,,,,,"5,67","5,6","2,75","1,8","4,38","5,88",2,"1,8","6,25","1,67","6,25","6,5",6,"1,5","1,5",2,5,"1,33",0,"3,33","5,6",7,"1,25","2,5",6,1,"6,25",5,7,"3,5","3,25","1,33","5,13","1,9","0,67","6,5","1,88"
12,EF,22,,"6,5",1,1,33,,,,,,,"5,67","5,6","2,75","1,8","4,38","5,88",2,"1,8","6,25","1,67","6,25","6,5",6,"1,5","1,5",2,5,"1,33",0,"3,33","5,6",7,"1,25","2,5",6,1,"6,25",5,7,"3,5","3,25","1,33","5,13","1,9","0,67","6,5","1,88"
12,EF,23,,"6,5",1,1,49,,,,,,,"5,67","5,6","2,75","1,8","4,38","5,88",2,"1,8","6,25","1,67","6,25","6,5",6,"1,5","1,5",2,5,"1,33",0,"3,33","5,6",7,"1,25","2,5",6,1,"6,25",5,7,"3,5","3,25","1,33","5,13","1,9","0,67","6,5","1,88"
12,EF,24,,"6,5",1,1,44,,,,,,,"5,67","5,6","2,75","1,8","4,38","5,88",2,"1,8","6,25","1,67","6,25","6,5",6,"1,5","1,5",2,5,"1,33",0,"3,33","5,6",7,"1,25","2,5",6,1,"6,25",5,7,"3,5","3,25","1,33","5,13","1,9","0,67","6,5","1,88"
12,EF,25,,"6,5",1,1,44,,,,,,,"5,67","5,6","2,75","1,8","4,38","5,88",2,"1,8","6,25","1,67","6,25","6,5",6,"1,5","1,5",2,5,"1,33",0,"3,33","5,6",7,"1,25","2,5",6,1,"6,25",5,7,"3,5","3,25","1,33","5,13","1,9","0,67","6,5","1,88"
12,EF,26,"6,666666667",6,1,1,38,6,,,,,,"5,67","5,6","2,75","1,8","4,38","5,88",2,"1,8","6,25","1,67","6,25","6,5",6,"1,5","1,5",2,5,"1,33",0,"3,33","5,6",7,"1,25","2,5",6,1,"6,25",5,7,"3,5","3,25","1,33","5,13","1,9","0,67","6,5","1,88"
12,EF,27,"6,666666667",6,1,1,37,6,,,,,,"5,67","5,6","2,75","1,8","4,38","5,88",2,"1,8","6,25","1,67","6,25","6,5",6,"1,5","1,5",2,5,"1,33",0,"3,33","5,6",7,"1,25","2,5",6,1,"6,25",5,7,"3,5","3,25","1,33","5,13","1,9","0,67","6,5","1,88"
12,EF,28,"6,666666667",6,1,1,34,6,,,,,,"5,67","5,6","2,75","1,8","4,38","5,88",2,"1,8","6,25","1,67","6,25","6,5",6,"1,5","1,5",2,5,"1,33",0,"3,33","5,6",7,"1,25","2,5",6,1,"6,25",5,7,"3,5","3,25","1,33","5,13","1,9","0,67","6,5","1,88"
12,EF,29,"6,666666667",6,1,1,29,6,,,,,,"5,67","5,6","2,75","1,8","4,38","5,88",2,"1,8","6,25","1,67","6,25","6,5",6,"1,5","1,5",2,5,"1,33",0,"3,33","5,6",7,"1,25","2,5",6,1,"6,25",5,7,"3,5","3,25","1,33","5,13","1,9","0,67","6,5","1,88"
12,EF,30,"6,666666667",6,1,1,30,6,,,,,,"5,67","5,6","2,75","1,8","4,38","5,88",2,"1,8","6,25","1,67","6,25","6,5",6,"1,5","1,5",2,5,"1,33",0,"3,33","5,6",7,"1,25","2,5",6,1,"6,25",5,7,"3,5","3,25","1,33","5,13","1,9","0,67","6,5","1,88"
12,EF,31,"6,666666667","6,5",1,1,34,6,,,,,,"5,67","5,6","2,75","1,8","4,38","5,88",2,"1,8","6,25","1,67","6,25","6,5",6,"1,5","1,5",2,5,"1,33",0,"3,33","5,6",7,"1,25","2,5",6,1,"6,25",5,7,"3,5","3,25","1,33","5,13","1,9","0,67","6,5","1,88"
12,EF,32,"6,666666667","6,5",1,1,42,6,,,,,,"5,67","5,6","2,75","1,8","4,38","5,88",2,"1,8","6,25","1,67","6,25","6,5",6,"1,5","1,5",2,5,"1,33",0,"3,33","5,6",7,"1,25","2,5",6,1,"6,25",5,7,"3,5","3,25","1,33","5,13","1,9","0,67","6,5","1,88"
12,EF,33,"6,666666667","6,5",1,1,58,6,,,,,,"5,67","5,6","2,75","1,8","4,38","5,88",2,"1,8","6,25","1,67","6,25","6,5",6,"1,5","1,5",2,5,"1,33",0,"3,33","5,6",7,"1,25","2,5",6,1,"6,25",5,7,"3,5","3,25","1,33","5,13","1,9","0,67","6,5","1,88"
12,EF,34,"6,666666667","6,5",1,1,59,6,,,,,,"5,67","5,6","2,75","1,8","4,38","5,88",2,"1,8","6,25","1,67","6,25","6,5",6,"1,5","1,5",2,5,"1,33",0,"3,33","5,6",7,"1,25","2,5",6,1,"6,25",5,7,"3,5","3,25","1,33","5,13","1,9","0,67","6,5","1,88"
12,EF,35,"6,666666667","6,5",1,1,52,6,,,,,,"5,67","5,6","2,75","1,8","4,38","5,88",2,"1,8","6,25","1,67","6,25","6,5",6,"1,5","1,5",2,5,"1,33",0,"3,33","5,6",7,"1,25","2,5",6,1,"6,25",5,7,"3,5","3,25","1,33","5,13","1,9","0,67","6,5","1,88"
12,EF,36,"6,666666667","6,5",1,1,56,6,,,,,,"5,67","5,6","2,75","1,8","4,38","5,88",2,"1,8","6,25","1,67","6,25","6,5",6,"1,5","1,5",2,5,"1,33",0,"3,33","5,6",7,"1,25","2,5",6,1,"6,25",5,7,"3,5","3,25","1,33","5,13","1,9","0,67","6,5","1,88"
12,EF,37,"6,666666667","6,5",1,1,61,6,,,,,,"5,67","5,6","2,75","1,8","4,38","5,88",2,"1,8","6,25","1,67","6,25","6,5",6,"1,5","1,5",2,5,"1,33",0,"3,33","5,6",7,"1,25","2,5",6,1,"6,25",5,7,"3,5","3,25","1,33","5,13","1,9","0,67","6,5","1,88"
12,EF,38,"6,666666667","6,5",1,1,58,6,,,,,,"5,67","5,6","2,75","1,8","4,38","5,88",2,"1,8","6,25","1,67","6,25","6,5",6,"1,5","1,5",2,5,"1,33",0,"3,33","5,6",7,"1,25","2,5",6,1,"6,25",5,7,"3,5","3,25","1,33","5,13","1,9","0,67","6,5","1,88"
12,EF,39,"6,666666667","6,5",1,1,50,6,,,,,,"5,67","5,6","2,75","1,8","4,38","5,88",2,"1,8","6,25","1,67","6,25","6,5",6,"1,5","1,5",2,5,"1,33",0,"3,33","5,6",7,"1,25","2,5",6,1,"6,25",5,7,"3,5","3,25","1,33","5,13","1,9","0,67","6,5","1,88"
12,EF,40,"6,666666667","6,5",1,1,61,6,,,,,,"5,67","5,6","2,75","1,8","4,38","5,88",2,"1,8","6,25","1,67","6,25","6,5",6,"1,5","1,5",2,5,"1,33",0,"3,33","5,6",7,"1,25","2,5",6,1,"6,25",5,7,"3,5","3,25","1,33","5,13","1,9","0,67","6,5","1,88"
12,EF,41,"6,5","6,333333333",1,1,58,5,,,,,,"5,67","5,6","2,75","1,8","4,38","5,88",2,"1,8","6,25","1,67","6,25","6,5",6,"1,5","1,5",2,5,"1,33",0,"3,33","5,6",7,"1,25","2,5",6,1,"6,25",5,7,"3,5","3,25","1,33","5,13","1,9","0,67","6,5","1,88"
12,EF,42,"6,5","6,333333333",1,1,63,5,,,,,,"5,67","5,6","2,75","1,8","4,38","5,88",2,"1,8","6,25","1,67","6,25","6,5",6,"1,5","1,5",2,5,"1,33",0,"3,33","5,6",7,"1,25","2,5",6,1,"6,25",5,7,"3,5","3,25","1,33","5,13","1,9","0,67","6,5","1,88"
12,EF,43,"6,5","6,333333333",1,1,60,5,,,,,,"5,67","5,6","2,75","1,8","4,38","5,88",2,"1,8","6,25","1,67","6,25","6,5",6,"1,5","1,5",2,5,"1,33",0,"3,33","5,6",7,"1,25","2,5",6,1,"6,25",5,7,"3,5","3,25","1,33","5,13","1,9","0,67","6,5","1,88"
12,EF,44,"6,5","6,333333333",1,1,63,5,,,,,,"5,67","5,6","2,75","1,8","4,38","5,88",2,"1,8","6,25","1,67","6,25","6,5",6,"1,5","1,5",2,5,"1,33",0,"3,33","5,6",7,"1,25","2,5",6,1,"6,25",5,7,"3,5","3,25","1,33","5,13","1,9","0,67","6,5","1,88"
12,EF,45,"6,5","6,333333333",1,1,57,5,,,,,,"5,67","5,6","2,75","1,8","4,38","5,88",2,"1,8","6,25","1,67","6,25","6,5",6,"1,5","1,5",2,5,"1,33",0,"3,33","5,6",7,"1,25","2,5",6,1,"6,25",5,7,"3,5","3,25","1,33","5,13","1,9","0,67","6,5","1,88"
12,EF,46,"6,5","6,666666667",1,1,50,5,,,,,,"5,67","5,6","2,75","1,8","4,38","5,88",2,"1,8","6,25","1,67","6,25","6,5",6,"1,5","1,5",2,5,"1,33",0,"3,33","5,6",7,"1,25","2,5",6,1,"6,25",5,7,"3,5","3,25","1,33","5,13","1,9","0,67","6,5","1,88"
12,EF,47,"6,5","6,666666667",1,1,58,5,,,,,,"5,67","5,6","2,75","1,8","4,38","5,88",2,"1,8","6,25","1,67","6,25","6,5",6,"1,5","1,5",2,5,"1,33",0,"3,33","5,6",7,"1,25","2,5",6,1,"6,25",5,7,"3,5","3,25","1,33","5,13","1,9","0,67","6,5","1,88"
12,EF,48,"6,5","6,666666667",1,1,63,5,,,,,,"5,67","5,6","2,75","1,8","4,38","5,88",2,"1,8","6,25","1,67","6,25","6,5",6,"1,5","1,5",2,5,"1,33",0,"3,33","5,6",7,"1,25","2,5",6,1,"6,25",5,7,"3,5","3,25","1,33","5,13","1,9","0,67","6,5","1,88"
12,EF,49,"6,5","6,666666667",1,1,61,5,,,,,,"5,67","5,6","2,75","1,8","4,38","5,88",2,"1,8","6,25","1,67","6,25","6,5",6,"1,5","1,5",2,5,"1,33",0,"3,33","5,6",7,"1,25","2,5",6,1,"6,25",5,7,"3,5","3,25","1,33","5,13","1,9","0,67","6,5","1,88"
12,EF,50,"6,5","6,666666667",1,1,49,5,,,,,,"5,67","5,6","2,75","1,8","4,38","5,88",2,"1,8","6,25","1,67","6,25","6,5",6,"1,5","1,5",2,5,"1,33",0,"3,33","5,6",7,"1,25","2,5",6,1,"6,25",5,7,"3,5","3,25","1,33","5,13","1,9","0,67","6,5","1,88"
12,EF,51,"6,5","6,666666667",1,1,48,5,,,,,,"5,67","5,6","2,75","1,8","4,38","5,88",2,"1,8","6,25","1,67","6,25","6,5",6,"1,5","1,5",2,5,"1,33",0,"3,33","5,6",7,"1,25","2,5",6,1,"6,25",5,7,"3,5","3,25","1,33","5,13","1,9","0,67","6,5","1,88"
12,EF,52,"6,5","6,666666667",1,1,81,5,,,,,,"5,67","5,6","2,75","1,8","4,38","5,88",2,"1,8","6,25","1,67","6,25","6,5",6,"1,5","1,5",2,5,"1,33",0,"3,33","5,6",7,"1,25","2,5",6,1,"6,25",5,7,"3,5","3,25","1,33","5,13","1,9","0,67","6,5","1,88"
12,EF,53,"6,5","6,666666667",1,1,71,5,,,,,,"5,67","5,6","2,75","1,8","4,38","5,88",2,"1,8","6,25","1,67","6,25","6,5",6,"1,5","1,5",2,5,"1,33",0,"3,33","5,6",7,"1,25","2,5",6,1,"6,25",5,7,"3,5","3,25","1,33","5,13","1,9","0,67","6,5","1,88"
12,EF,54,"6,5","6,666666667",1,1,59,5,,,,,,"5,67","5,6","2,75","1,8","4,38","5,88",2,"1,8","6,25","1,67","6,25","6,5",6,"1,5","1,5",2,5,"1,33",0,"3,33","5,6",7,"1,25","2,5",6,1,"6,25",5,7,"3,5","3,25","1,33","5,13","1,9","0,67","6,5","1,88"
12,EF,55,"6,5","6,666666667",1,1,54,5,,,,,,"5,67","5,6","2,75","1,8","4,38","5,88",2,"1,8","6,25","1,67","6,25","6,5",6,"1,5","1,5",2,5,"1,33",0,"3,33","5,6",7,"1,25","2,5",6,1,"6,25",5,7,"3,5","3,25","1,33","5,13","1,9","0,67","6,5","1,88"
12,EF,56,"6,5","6,666666667",1,1,40,5,,,1,,,"5,67","5,6","2,75","1,8","4,38","5,88",2,"1,8","6,25","1,67","6,25","6,5",6,"1,5","1,5",2,5,"1,33",0,"3,33","5,6",7,"1,25","2,5",6,1,"6,25",5,7,"3,5","3,25","1,33","5,13","1,9","0,67","6,5","1,88"
12,EF,57,"6,5","6,666666667",1,1,58,5,,,1,,,"5,67","5,6","2,75","1,8","4,38","5,88",2,"1,8","6,25","1,67","6,25","6,5",6,"1,5","1,5",2,5,"1,33",0,"3,33","5,6",7,"1,25","2,5",6,1,"6,25",5,7,"3,5","3,25","1,33","5,13","1,9","0,67","6,5","1,88"
12,EF,58,"6,5","6,666666667",1,1,57,5,,,1,,,"5,67","5,6","2,75","1,8","4,38","5,88",2,"1,8","6,25","1,67","6,25","6,5",6,"1,5","1,5",2,5,"1,33",0,"3,33","5,6",7,"1,25","2,5",6,1,"6,25",5,7,"3,5","3,25","1,33","5,13","1,9","0,67","6,5","1,88"
12,EF,59,"6,5","6,666666667",1,1,58,5,,,1,,,"5,67","5,6","2,75","1,8","4,38","5,88",2,"1,8","6,25","1,67","6,25","6,5",6,"1,5","1,5",2,5,"1,33",0,"3,33","5,6",7,"1,25","2,5",6,1,"6,25",5,7,"3,5","3,25","1,33","5,13","1,9","0,67","6,5","1,88"
12,EF,60,"6,5","6,666666667",1,1,55,5,,,1,,,"5,67","5,6","2,75","1,8","4,38","5,88",2,"1,8","6,25","1,67","6,25","6,5",6,"1,5","1,5",2,5,"1,33",0,"3,33","5,6",7,"1,25","2,5",6,1,"6,25",5,7,"3,5","3,25","1,33","5,13","1,9","0,67","6,5","1,88"
12,EF,61,6,,,1,42,7,8,,8,,,"5,67","5,6","2,75","1,8","4,38","5,88",2,"1,8","6,25","1,67","6,25","6,5",6,"1,5","1,5",2,5,"1,33",0,"3,33","5,6",7,"1,25","2,5",6,1,"6,25",5,7,"3,5","3,25","1,33","5,13","1,9","0,67","6,5","1,88"
12,EF,62,6,,,1,47,7,8,,8,,,"5,67","5,6","2,75","1,8","4,38","5,88",2,"1,8","6,25","1,67","6,25","6,5",6,"1,5","1,5",2,5,"1,33",0,"3,33","5,6",7,"1,25","2,5",6,1,"6,25",5,7,"3,5","3,25","1,33","5,13","1,9","0,67","6,5","1,88"
12,EF,63,6,,,1,51,7,8,,8,,,"5,67","5,6","2,75","1,8","4,38","5,88",2,"1,8","6,25","1,67","6,25","6,5",6,"1,5","1,5",2,5,"1,33",0,"3,33","5,6",7,"1,25","2,5",6,1,"6,25",5,7,"3,5","3,25","1,33","5,13","1,9","0,67","6,5","1,88"
12,EF,64,6,,,1,46,7,8,,8,,,"5,67","5,6","2,75","1,8","4,38","5,88",2,"1,8","6,25","1,67","6,25","6,5",6,"1,5","1,5",2,5,"1,33",0,"3,33","5,6",7,"1,25","2,5",6,1,"6,25",5,7,"3,5","3,25","1,33","5,13","1,9","0,67","6,5","1,88"
12,EF,65,6,,,1,45,7,8,,8,,,"5,67","5,6","2,75","1,8","4,38","5,88",2,"1,8","6,25","1,67","6,25","6,5",6,"1,5","1,5",2,5,"1,33",0,"3,33","5,6",7,"1,25","2,5",6,1,"6,25",5,7,"3,5","3,25","1,33","5,13","1,9","0,67","6,5","1,88"
12,EF,66,"6,666666667","6,666666667",1,1,43,8,,,8,,,"5,67","5,6","2,75","1,8","4,38","5,88",2,"1,8","6,25","1,67","6,25","6,5",6,"1,5","1,5",2,5,"1,33",0,"3,33","5,6",7,"1,25","2,5",6,1,"6,25",5,7,"3,5","3,25","1,33","5,13","1,9","0,67","6,5","1,88"
12,EF,67,"6,666666667","6,666666667",1,1,30,8,,,8,,,"5,67","5,6","2,75","1,8","4,38","5,88",2,"1,8","6,25","1,67","6,25","6,5",6,"1,5","1,5",2,5,"1,33",0,"3,33","5,6",7,"1,25","2,5",6,1,"6,25",5,7,"3,5","3,25","1,33","5,13","1,9","0,67","6,5","1,88"
12,EF,68,"6,666666667","6,666666667",1,1,25,8,,,8,,,"5,67","5,6","2,75","1,8","4,38","5,88",2,"1,8","6,25","1,67","6,25","6,5",6,"1,5","1,5",2,5,"1,33",0,"3,33","5,6",7,"1,25","2,5",6,1,"6,25",5,7,"3,5","3,25","1,33","5,13","1,9","0,67","6,5","1,88"
12,EF,69,"6,666666667","6,666666667",1,1,48,8,,,8,,,"5,67","5,6","2,75","1,8","4,38","5,88",2,"1,8","6,25","1,67","6,25","6,5",6,"1,5","1,5",2,5,"1,33",0,"3,33","5,6",7,"1,25","2,5",6,1,"6,25",5,7,"3,5","3,25","1,33","5,13","1,9","0,67","6,5","1,88"
12,EF,70,"6,666666667","6,666666667",1,1,41,8,,,8,,,"5,67","5,6","2,75","1,8","4,38","5,88",2,"1,8","6,25","1,67","6,25","6,5",6,"1,5","1,5",2,5,"1,33",0,"3,33","5,6",7,"1,25","2,5",6,1,"6,25",5,7,"3,5","3,25","1,33","5,13","1,9","0,67","6,5","1,88"
12,EF,71,,,,1,32,,,,,,,"5,67","5,6","2,75","1,8","4,38","5,88",2,"1,8","6,25","1,67","6,25","6,5",6,"1,5","1,5",2,5,"1,33",0,"3,33","5,6",7,"1,25","2,5",6,1,"6,25",5,7,"3,5","3,25","1,33","5,13","1,9","0,67","6,5","1,88"
12,EF,72,,,,1,43,,,,,,,"5,67","5,6","2,75","1,8","4,38","5,88",2,"1,8","6,25","1,67","6,25","6,5",6,"1,5","1,5",2,5,"1,33",0,"3,33","5,6",7,"1,25","2,5",6,1,"6,25",5,7,"3,5","3,25","1,33","5,13","1,9","0,67","6,5","1,88"
12,EF,73,,,,1,37,,,,,,,"5,67","5,6","2,75","1,8","4,38","5,88",2,"1,8","6,25","1,67","6,25","6,5",6,"1,5","1,5",2,5,"1,33",0,"3,33","5,6",7,"1,25","2,5",6,1,"6,25",5,7,"3,5","3,25","1,33","5,13","1,9","0,67","6,5","1,88"
12,EF,74,,,,1,30,,,,,,,"5,67","5,6","2,75","1,8","4,38","5,88",2,"1,8","6,25","1,67","6,25","6,5",6,"1,5","1,5",2,5,"1,33",0,"3,33","5,6",7,"1,25","2,5",6,1,"6,25",5,7,"3,5","3,25","1,33","5,13","1,9","0,67","6,5","1,88"
12,EF,75,,,,1,47,,,,,,,"5,67","5,6","2,75","1,8","4,38","5,88",2,"1,8","6,25","1,67","6,25","6,5",6,"1,5","1,5",2,5,"1,33",0,"3,33","5,6",7,"1,25","2,5",6,1,"6,25",5,7,"3,5","3,25","1,33","5,13","1,9","0,67","6,5","1,88"
12,EF,76,,,,1,47,8,,,1,,,"5,67","5,6","2,75","1,8","4,38","5,88",2,"1,8","6,25","1,67","6,25","6,5",6,"1,5","1,5",2,5,"1,33",0,"3,33","5,6",7,"1,25","2,5",6,1,"6,25",5,7,"3,5","3,25","1,33","5,13","1,9","0,67","6,5","1,88"
12,EF,77,,,,1,45,8,,,1,,,"5,67","5,6","2,75","1,8","4,38","5,88",2,"1,8","6,25","1,67","6,25","6,5",6,"1,5","1,5",2,5,"1,33",0,"3,33","5,6",7,"1,25","2,5",6,1,"6,25",5,7,"3,5","3,25","1,33","5,13","1,9","0,67","6,5","1,88"
12,EF,78,,,,1,47,8,,,1,,,"5,67","5,6","2,75","1,8","4,38","5,88",2,"1,8","6,25","1,67","6,25","6,5",6,"1,5","1,5",2,5,"1,33",0,"3,33","5,6",7,"1,25","2,5",6,1,"6,25",5,7,"3,5","3,25","1,33","5,13","1,9","0,67","6,5","1,88"
12,EF,79,,,,1,67,8,,,1,,,"5,67","5,6","2,75","1,8","4,38","5,88",2,"1,8","6,25","1,67","6,25","6,5",6,"1,5","1,5",2,5,"1,33",0,"3,33","5,6",7,"1,25","2,5",6,1,"6,25",5,7,"3,5","3,25","1,33","5,13","1,9","0,67","6,5","1,88"
12,EF,80,,,,1,60,8,,,1,,,"5,67","5,6","2,75","1,8","4,38","5,88",2,"1,8","6,25","1,67","6,25","6,5",6,"1,5","1,5",2,5,"1,33",0,"3,33","5,6",7,"1,25","2,5",6,1,"6,25",5,7,"3,5","3,25","1,33","5,13","1,9","0,67","6,5","1,88"
12,EF,81,,,,1,59,8,,,,,,"5,67","5,6","2,75","1,8","4,38","5,88",2,"1,8","6,25","1,67","6,25","6,5",6,"1,5","1,5",2,5,"1,33",0,"3,33","5,6",7,"1,25","2,5",6,1,"6,25",5,7,"3,5","3,25","1,33","5,13","1,9","0,67","6,5","1,88"
12,EF,82,,,,1,96,8,,,,,,"5,67","5,6","2,75","1,8","4,38","5,88",2,"1,8","6,25","1,67","6,25","6,5",6,"1,5","1,5",2,5,"1,33",0,"3,33","5,6",7,"1,25","2,5",6,1,"6,25",5,7,"3,5","3,25","1,33","5,13","1,9","0,67","6,5","1,88"
12,EF,83,,,,1,73,8,,,,,,"5,67","5,6","2,75","1,8","4,38","5,88",2,"1,8","6,25","1,67","6,25","6,5",6,"1,5","1,5",2,5,"1,33",0,"3,33","5,6",7,"1,25","2,5",6,1,"6,25",5,7,"3,5","3,25","1,33","5,13","1,9","0,67","6,5","1,88"
12,EF,84,,,,1,82,8,,,,,,"5,67","5,6","2,75","1,8","4,38","5,88",2,"1,8","6,25","1,67","6,25","6,5",6,"1,5","1,5",2,5,"1,33",0,"3,33","5,6",7,"1,25","2,5",6,1,"6,25",5,7,"3,5","3,25","1,33","5,13","1,9","0,67","6,5","1,88"
12,EF,85,,,,1,65,8,,,,,,"5,67","5,6","2,75","1,8","4,38","5,88",2,"1,8","6,25","1,67","6,25","6,5",6,"1,5","1,5",2,5,"1,33",0,"3,33","5,6",7,"1,25","2,5",6,1,"6,25",5,7,"3,5","3,25","1,33","5,13","1,9","0,67","6,5","1,88"
12,EF,86,"6,5",6,1,1,55,9,,,,,,"5,67","5,6","2,75","1,8","4,38","5,88",2,"1,8","6,25","1,67","6,25","6,5",6,"1,5","1,5",2,5,"1,33",0,"3,33","5,6",7,"1,25","2,5",6,1,"6,25",5,7,"3,5","3,25","1,33","5,13","1,9","0,67","6,5","1,88"
12,EF,87,"6,5",6,1,1,48,9,,,,,,"5,67","5,6","2,75","1,8","4,38","5,88",2,"1,8","6,25","1,67","6,25","6,5",6,"1,5","1,5",2,5,"1,33",0,"3,33","5,6",7,"1,25","2,5",6,1,"6,25",5,7,"3,5","3,25","1,33","5,13","1,9","0,67","6,5","1,88"
12,EF,88,"6,5",6,1,1,47,9,,,,,,"5,67","5,6","2,75","1,8","4,38","5,88",2,"1,8","6,25","1,67","6,25","6,5",6,"1,5","1,5",2,5,"1,33",0,"3,33","5,6",7,"1,25","2,5",6,1,"6,25",5,7,"3,5","3,25","1,33","5,13","1,9","0,67","6,5","1,88"
12,EF,89,"6,5",6,1,1,46,9,,,,,,"5,67","5,6","2,75","1,8","4,38","5,88",2,"1,8","6,25","1,67","6,25","6,5",6,"1,5","1,5",2,5,"1,33",0,"3,33","5,6",7,"1,25","2,5",6,1,"6,25",5,7,"3,5","3,25","1,33","5,13","1,9","0,67","6,5","1,88"
12,EF,90,"6,5",6,1,1,52,9,,,,,,"5,67","5,6","2,75","1,8","4,38","5,88",2,"1,8","6,25","1,67","6,25","6,5",6,"1,5","1,5",2,5,"1,33",0,"3,33","5,6",7,"1,25","2,5",6,1,"6,25",5,7,"3,5","3,25","1,33","5,13","1,9","0,67","6,5","1,88"
12,EF,91,"6,5",6,1,1,57,9,,,,,,"5,67","5,6","2,75","1,8","4,38","5,88",2,"1,8","6,25","1,67","6,25","6,5",6,"1,5","1,5",2,5,"1,33",0,"3,33","5,6",7,"1,25","2,5",6,1,"6,25",5,7,"3,5","3,25","1,33","5,13","1,9","0,67","6,5","1,88"
12,EF,92,"6,5",6,1,1,61,9,,,,,,"5,67","5,6","2,75","1,8","4,38","5,88",2,"1,8","6,25","1,67","6,25","6,5",6,"1,5","1,5",2,5,"1,33",0,"3,33","5,6",7,"1,25","2,5",6,1,"6,25",5,7,"3,5","3,25","1,33","5,13","1,9","0,67","6,5","1,88"
12,EF,93,"6,5",6,1,1,80,9,,,,,,"5,67","5,6","2,75","1,8","4,38","5,88",2,"1,8","6,25","1,67","6,25","6,5",6,"1,5","1,5",2,5,"1,33",0,"3,33","5,6",7,"1,25","2,5",6,1,"6,25",5,7,"3,5","3,25","1,33","5,13","1,9","0,67","6,5","1,88"
13,AK,1,5,7,,1,77,1,2,,1,9,,"6,5","6,6","1,75","1,2","6,19","6,06","1,44","1,6","6,67","1,17","6,75",7,"6,25",1,1,"1,5","6,2","0,33",0,"5,33","6,6",7,1,"1,25",7,1,"6,5","5,5",7,"2,75","1,75",1,"6,12","1,52","0,17",7,"1,13"
13,AK,2,5,7,,1,67,1,2,,1,9,,"6,5","6,6","1,75","1,2","6,19","6,06","1,44","1,6","6,67","1,17","6,75",7,"6,25",1,1,"1,5","6,2","0,33",0,"5,33","6,6",7,1,"1,25",7,1,"6,5","5,5",7,"2,75","1,75",1,"6,12","1,52","0,17",7,"1,13"
13,AK,3,5,7,,1,74,1,2,,1,9,,"6,5","6,6","1,75","1,2","6,19","6,06","1,44","1,6","6,67","1,17","6,75",7,"6,25",1,1,"1,5","6,2","0,33",0,"5,33","6,6",7,1,"1,25",7,1,"6,5","5,5",7,"2,75","1,75",1,"6,12","1,52","0,17",7,"1,13"
13,AK,4,5,7,,1,78,1,2,,1,9,,"6,5","6,6","1,75","1,2","6,19","6,06","1,44","1,6","6,67","1,17","6,75",7,"6,25",1,1,"1,5","6,2","0,33",0,"5,33","6,6",7,1,"1,25",7,1,"6,5","5,5",7,"2,75","1,75",1,"6,12","1,52","0,17",7,"1,13"
13,AK,5,5,7,,1,65,1,2,,1,9,,"6,5","6,6","1,75","1,2","6,19","6,06","1,44","1,6","6,67","1,17","6,75",7,"6,25",1,1,"1,5","6,2","0,33",0,"5,33","6,6",7,1,"1,25",7,1,"6,5","5,5",7,"2,75","1,75",1,"6,12","1,52","0,17",7,"1,13"
13,AK,6,6,7,2,1,56,2,,,,,,"6,5","6,6","1,75","1,2","6,19","6,06","1,44","1,6","6,67","1,17","6,75",7,"6,25",1,1,"1,5","6,2","0,33",0,"5,33","6,6",7,1,"1,25",7,1,"6,5","5,5",7,"2,75","1,75",1,"6,12","1,52","0,17",7,"1,13"
13,AK,7,6,7,2,1,47,2,,,,,,"6,5","6,6","1,75","1,2","6,19","6,06","1,44","1,6","6,67","1,17","6,75",7,"6,25",1,1,"1,5","6,2","0,33",0,"5,33","6,6",7,1,"1,25",7,1,"6,5","5,5",7,"2,75","1,75",1,"6,12","1,52","0,17",7,"1,13"
13,AK,8,6,7,2,1,56,2,,,,,,"6,5","6,6","1,75","1,2","6,19","6,06","1,44","1,6","6,67","1,17","6,75",7,"6,25",1,1,"1,5","6,2","0,33",0,"5,33","6,6",7,1,"1,25",7,1,"6,5","5,5",7,"2,75","1,75",1,"6,12","1,52","0,17",7,"1,13"
13,AK,9,6,7,2,1,47,2,,,,,,"6,5","6,6","1,75","1,2","6,19","6,06","1,44","1,6","6,67","1,17","6,75",7,"6,25",1,1,"1,5","6,2","0,33",0,"5,33","6,6",7,1,"1,25",7,1,"6,5","5,5",7,"2,75","1,75",1,"6,12","1,52","0,17",7,"1,13"
13,AK,10,6,7,2,1,49,2,,,,,,"6,5","6,6","1,75","1,2","6,19","6,06","1,44","1,6","6,67","1,17","6,75",7,"6,25",1,1,"1,5","6,2","0,33",0,"5,33","6,6",7,1,"1,25",7,1,"6,5","5,5",7,"2,75","1,75",1,"6,12","1,52","0,17",7,"1,13"
13,AK,11,6,7,2,1,41,2,,,,,,"6,5","6,6","1,75","1,2","6,19","6,06","1,44","1,6","6,67","1,17","6,75",7,"6,25",1,1,"1,5","6,2","0,33",0,"5,33","6,6",7,1,"1,25",7,1,"6,5","5,5",7,"2,75","1,75",1,"6,12","1,52","0,17",7,"1,13"
13,AK,12,6,7,2,1,47,2,,,,,,"6,5","6,6","1,75","1,2","6,19","6,06","1,44","1,6","6,67","1,17","6,75",7,"6,25",1,1,"1,5","6,2","0,33",0,"5,33","6,6",7,1,"1,25",7,1,"6,5","5,5",7,"2,75","1,75",1,"6,12","1,52","0,17",7,"1,13"
13,AK,13,6,7,2,1,49,2,,,,,,"6,5","6,6","1,75","1,2","6,19","6,06","1,44","1,6","6,67","1,17","6,75",7,"6,25",1,1,"1,5","6,2","0,33",0,"5,33","6,6",7,1,"1,25",7,1,"6,5","5,5",7,"2,75","1,75",1,"6,12","1,52","0,17",7,"1,13"
13,AK,14,6,7,2,1,56,2,,,,,,"6,5","6,6","1,75","1,2","6,19","6,06","1,44","1,6","6,67","1,17","6,75",7,"6,25",1,1,"1,5","6,2","0,33",0,"5,33","6,6",7,1,"1,25",7,1,"6,5","5,5",7,"2,75","1,75",1,"6,12","1,52","0,17",7,"1,13"
13,AK,15,6,7,2,1,46,2,,,,,,"6,5","6,6","1,75","1,2","6,19","6,06","1,44","1,6","6,67","1,17","6,75",7,"6,25",1,1,"1,5","6,2","0,33",0,"5,33","6,6",7,1,"1,25",7,1,"6,5","5,5",7,"2,75","1,75",1,"6,12","1,52","0,17",7,"1,13"
13,AK,16,6,7,2,1,40,2,,,,,,"6,5","6,6","1,75","1,2","6,19","6,06","1,44","1,6","6,67","1,17","6,75",7,"6,25",1,1,"1,5","6,2","0,33",0,"5,33","6,6",7,1,"1,25",7,1,"6,5","5,5",7,"2,75","1,75",1,"6,12","1,52","0,17",7,"1,13"
13,AK,17,6,7,2,1,51,2,,,,,,"6,5","6,6","1,75","1,2","6,19","6,06","1,44","1,6","6,67","1,17","6,75",7,"6,25",1,1,"1,5","6,2","0,33",0,"5,33","6,6",7,1,"1,25",7,1,"6,5","5,5",7,"2,75","1,75",1,"6,12","1,52","0,17",7,"1,13"
13,AK,18,6,7,2,1,45,2,,,,,,"6,5","6,6","1,75","1,2","6,19","6,06","1,44","1,6","6,67","1,17","6,75",7,"6,25",1,1,"1,5","6,2","0,33",0,"5,33","6,6",7,1,"1,25",7,1,"6,5","5,5",7,"2,75","1,75",1,"6,12","1,52","0,17",7,"1,13"
13,AK,19,6,7,2,1,38,2,,,,,,"6,5","6,6","1,75","1,2","6,19","6,06","1,44","1,6","6,67","1,17","6,75",7,"6,25",1,1,"1,5","6,2","0,33",0,"5,33","6,6",7,1,"1,25",7,1,"6,5","5,5",7,"2,75","1,75",1,"6,12","1,52","0,17",7,"1,13"
13,AK,20,6,7,2,1,38,2,,,,,,"6,5","6,6","1,75","1,2","6,19","6,06","1,44","1,6","6,67","1,17","6,75",7,"6,25",1,1,"1,5","6,2","0,33",0,"5,33","6,6",7,1,"1,25",7,1,"6,5","5,5",7,"2,75","1,75",1,"6,12","1,52","0,17",7,"1,13"
13,AK,21,"6,5",7,"1,5",1,41,2,,,,,,"6,5","6,6","1,75","1,2","6,19","6,06","1,44","1,6","6,67","1,17","6,75",7,"6,25",1,1,"1,5","6,2","0,33",0,"5,33","6,6",7,1,"1,25",7,1,"6,5","5,5",7,"2,75","1,75",1,"6,12","1,52","0,17",7,"1,13"
13,AK,22,"6,5",7,"1,5",1,45,2,,,,,,"6,5","6,6","1,75","1,2","6,19","6,06","1,44","1,6","6,67","1,17","6,75",7,"6,25",1,1,"1,5","6,2","0,33",0,"5,33","6,6",7,1,"1,25",7,1,"6,5","5,5",7,"2,75","1,75",1,"6,12","1,52","0,17",7,"1,13"
13,AK,23,"6,5",7,"1,5",1,45,2,,,,,,"6,5","6,6","1,75","1,2","6,19","6,06","1,44","1,6","6,67","1,17","6,75",7,"6,25",1,1,"1,5","6,2","0,33",0,"5,33","6,6",7,1,"1,25",7,1,"6,5","5,5",7,"2,75","1,75",1,"6,12","1,52","0,17",7,"1,13"
13,AK,24,"6,5",7,"1,5",1,44,2,,,,,,"6,5","6,6","1,75","1,2","6,19","6,06","1,44","1,6","6,67","1,17","6,75",7,"6,25",1,1,"1,5","6,2","0,33",0,"5,33","6,6",7,1,"1,25",7,1,"6,5","5,5",7,"2,75","1,75",1,"6,12","1,52","0,17",7,"1,13"
13,AK,25,"6,5",7,"1,5",1,41,2,,,,,,"6,5","6,6","1,75","1,2","6,19","6,06","1,44","1,6","6,67","1,17","6,75",7,"6,25",1,1,"1,5","6,2","0,33",0,"5,33","6,6",7,1,"1,25",7,1,"6,5","5,5",7,"2,75","1,75",1,"6,12","1,52","0,17",7,"1,13"
13,AK,26,6,7,"1,5",1,39,2,,,9,,,"6,5","6,6","1,75","1,2","6,19","6,06","1,44","1,6","6,67","1,17","6,75",7,"6,25",1,1,"1,5","6,2","0,33",0,"5,33","6,6",7,1,"1,25",7,1,"6,5","5,5",7,"2,75","1,75",1,"6,12","1,52","0,17",7,"1,13"
13,AK,27,6,7,"1,5",1,42,2,,,9,,,"6,5","6,6","1,75","1,2","6,19","6,06","1,44","1,6","6,67","1,17","6,75",7,"6,25",1,1,"1,5","6,2","0,33",0,"5,33","6,6",7,1,"1,25",7,1,"6,5","5,5",7,"2,75","1,75",1,"6,12","1,52","0,17",7,"1,13"
13,AK,28,6,7,"1,5",1,40,2,,,9,,,"6,5","6,6","1,75","1,2","6,19","6,06","1,44","1,6","6,67","1,17","6,75",7,"6,25",1,1,"1,5","6,2","0,33",0,"5,33","6,6",7,1,"1,25",7,1,"6,5","5,5",7,"2,75","1,75",1,"6,12","1,52","0,17",7,"1,13"
13,AK,29,6,7,"1,5",1,54,2,,,9,,,"6,5","6,6","1,75","1,2","6,19","6,06","1,44","1,6","6,67","1,17","6,75",7,"6,25",1,1,"1,5","6,2","0,33",0,"5,33","6,6",7,1,"1,25",7,1,"6,5","5,5",7,"2,75","1,75",1,"6,12","1,52","0,17",7,"1,13"
13,AK,30,6,7,"1,5",1,68,2,,,9,,,"6,5","6,6","1,75","1,2","6,19","6,06","1,44","1,6","6,67","1,17","6,75",7,"6,25",1,1,"1,5","6,2","0,33",0,"5,33","6,6",7,1,"1,25",7,1,"6,5","5,5",7,"2,75","1,75",1,"6,12","1,52","0,17",7,"1,13"
13,AK,31,6,7,1,1,61,2,,,9,,,"6,5","6,6","1,75","1,2","6,19","6,06","1,44","1,6","6,67","1,17","6,75",7,"6,25",1,1,"1,5","6,2","0,33",0,"5,33","6,6",7,1,"1,25",7,1,"6,5","5,5",7,"2,75","1,75",1,"6,12","1,52","0,17",7,"1,13"
13,AK,32,6,7,1,1,55,2,,,9,,,"6,5","6,6","1,75","1,2","6,19","6,06","1,44","1,6","6,67","1,17","6,75",7,"6,25",1,1,"1,5","6,2","0,33",0,"5,33","6,6",7,1,"1,25",7,1,"6,5","5,5",7,"2,75","1,75",1,"6,12","1,52","0,17",7,"1,13"
13,AK,33,6,7,1,1,46,2,,,9,,,"6,5","6,6","1,75","1,2","6,19","6,06","1,44","1,6","6,67","1,17","6,75",7,"6,25",1,1,"1,5","6,2","0,33",0,"5,33","6,6",7,1,"1,25",7,1,"6,5","5,5",7,"2,75","1,75",1,"6,12","1,52","0,17",7,"1,13"
13,AK,34,6,7,1,1,44,2,,,9,,,"6,5","6,6","1,75","1,2","6,19","6,06","1,44","1,6","6,67","1,17","6,75",7,"6,25",1,1,"1,5","6,2","0,33",0,"5,33","6,6",7,1,"1,25",7,1,"6,5","5,5",7,"2,75","1,75",1,"6,12","1,52","0,17",7,"1,13"
13,AK,35,6,7,1,1,39,2,,,9,,,"6,5","6,6","1,75","1,2","6,19","6,06","1,44","1,6","6,67","1,17","6,75",7,"6,25",1,1,"1,5","6,2","0,33",0,"5,33","6,6",7,1,"1,25",7,1,"6,5","5,5",7,"2,75","1,75",1,"6,12","1,52","0,17",7,"1,13"
13,AK,36,6,7,1,1,40,2,,,9,,,"6,5","6,6","1,75","1,2","6,19","6,06","1,44","1,6","6,67","1,17","6,75",7,"6,25",1,1,"1,5","6,2","0,33",0,"5,33","6,6",7,1,"1,25",7,1,"6,5","5,5",7,"2,75","1,75",1,"6,12","1,52","0,17",7,"1,13"
13,AK,37,6,7,1,1,46,2,,,9,,,"6,5","6,6","1,75","1,2","6,19","6,06","1,44","1,6","6,67","1,17","6,75",7,"6,25",1,1,"1,5","6,2","0,33",0,"5,33","6,6",7,1,"1,25",7,1,"6,5","5,5",7,"2,75","1,75",1,"6,12","1,52","0,17",7,"1,13"
13,AK,38,6,7,1,1,41,2,,,9,,,"6,5","6,6","1,75","1,2","6,19","6,06","1,44","1,6","6,67","1,17","6,75",7,"6,25",1,1,"1,5","6,2","0,33",0,"5,33","6,6",7,1,"1,25",7,1,"6,5","5,5",7,"2,75","1,75",1,"6,12","1,52","0,17",7,"1,13"
13,AK,39,6,7,1,1,45,2,,,9,,,"6,5","6,6","1,75","1,2","6,19","6,06","1,44","1,6","6,67","1,17","6,75",7,"6,25",1,1,"1,5","6,2","0,33",0,"5,33","6,6",7,1,"1,25",7,1,"6,5","5,5",7,"2,75","1,75",1,"6,12","1,52","0,17",7,"1,13"
13,AK,40,6,7,1,1,49,2,,,9,,,"6,5","6,6","1,75","1,2","6,19","6,06","1,44","1,6","6,67","1,17","6,75",7,"6,25",1,1,"1,5","6,2","0,33",0,"5,33","6,6",7,1,"1,25",7,1,"6,5","5,5",7,"2,75","1,75",1,"6,12","1,52","0,17",7,"1,13"
13,AK,41,"5,333333333",6,"1,666666667","1,666666667",53,8,,,1,,,"6,5","6,6","1,75","1,2","6,19","6,06","1,44","1,6","6,67","1,17","6,75",7,"6,25",1,1,"1,5","6,2","0,33",0,"5,33","6,6",7,1,"1,25",7,1,"6,5","5,5",7,"2,75","1,75",1,"6,12","1,52","0,17",7,"1,13"
13,AK,42,"5,333333333",6,"1,666666667","1,666666667",48,8,,,1,,,"6,5","6,6","1,75","1,2","6,19","6,06","1,44","1,6","6,67","1,17","6,75",7,"6,25",1,1,"1,5","6,2","0,33",0,"5,33","6,6",7,1,"1,25",7,1,"6,5","5,5",7,"2,75","1,75",1,"6,12","1,52","0,17",7,"1,13"
13,AK,43,"5,333333333",6,"1,666666667","1,666666667",47,8,,,1,,,"6,5","6,6","1,75","1,2","6,19","6,06","1,44","1,6","6,67","1,17","6,75",7,"6,25",1,1,"1,5","6,2","0,33",0,"5,33","6,6",7,1,"1,25",7,1,"6,5","5,5",7,"2,75","1,75",1,"6,12","1,52","0,17",7,"1,13"
13,AK,44,"5,333333333",6,"1,666666667","1,666666667",44,8,,,1,,,"6,5","6,6","1,75","1,2","6,19","6,06","1,44","1,6","6,67","1,17","6,75",7,"6,25",1,1,"1,5","6,2","0,33",0,"5,33","6,6",7,1,"1,25",7,1,"6,5","5,5",7,"2,75","1,75",1,"6,12","1,52","0,17",7,"1,13"
13,AK,45,"5,333333333",6,"1,666666667","1,666666667",41,8,,,1,,,"6,5","6,6","1,75","1,2","6,19","6,06","1,44","1,6","6,67","1,17","6,75",7,"6,25",1,1,"1,5","6,2","0,33",0,"5,33","6,6",7,1,"1,25",7,1,"6,5","5,5",7,"2,75","1,75",1,"6,12","1,52","0,17",7,"1,13"
13,AK,46,"5,333333333",6,"1,666666667","1,666666667",56,8,2,,1,,,"6,5","6,6","1,75","1,2","6,19","6,06","1,44","1,6","6,67","1,17","6,75",7,"6,25",1,1,"1,5","6,2","0,33",0,"5,33","6,6",7,1,"1,25",7,1,"6,5","5,5",7,"2,75","1,75",1,"6,12","1,52","0,17",7,"1,13"
13,AK,47,"5,333333333",6,"1,666666667","1,666666667",66,8,2,,1,,,"6,5","6,6","1,75","1,2","6,19","6,06","1,44","1,6","6,67","1,17","6,75",7,"6,25",1,1,"1,5","6,2","0,33",0,"5,33","6,6",7,1,"1,25",7,1,"6,5","5,5",7,"2,75","1,75",1,"6,12","1,52","0,17",7,"1,13"
13,AK,48,"5,333333333",6,"1,666666667","1,666666667",71,8,2,,1,,,"6,5","6,6","1,75","1,2","6,19","6,06","1,44","1,6","6,67","1,17","6,75",7,"6,25",1,1,"1,5","6,2","0,33",0,"5,33","6,6",7,1,"1,25",7,1,"6,5","5,5",7,"2,75","1,75",1,"6,12","1,52","0,17",7,"1,13"
13,AK,49,"5,333333333",6,"1,666666667","1,666666667",66,8,2,,1,,,"6,5","6,6","1,75","1,2","6,19","6,06","1,44","1,6","6,67","1,17","6,75",7,"6,25",1,1,"1,5","6,2","0,33",0,"5,33","6,6",7,1,"1,25",7,1,"6,5","5,5",7,"2,75","1,75",1,"6,12","1,52","0,17",7,"1,13"
13,AK,50,"5,333333333",6,"1,666666667","1,666666667",64,8,2,,1,,,"6,5","6,6","1,75","1,2","6,19","6,06","1,44","1,6","6,67","1,17","6,75",7,"6,25",1,1,"1,5","6,2","0,33",0,"5,33","6,6",7,1,"1,25",7,1,"6,5","5,5",7,"2,75","1,75",1,"6,12","1,52","0,17",7,"1,13"
13,AK,51,4,5,"3,5",1,53,2,,,9,,,"6,5","6,6","1,75","1,2","6,19","6,06","1,44","1,6","6,67","1,17","6,75",7,"6,25",1,1,"1,5","6,2","0,33",0,"5,33","6,6",7,1,"1,25",7,1,"6,5","5,5",7,"2,75","1,75",1,"6,12","1,52","0,17",7,"1,13"
13,AK,52,4,5,"3,5",1,47,2,,,9,,,"6,5","6,6","1,75","1,2","6,19","6,06","1,44","1,6","6,67","1,17","6,75",7,"6,25",1,1,"1,5","6,2","0,33",0,"5,33","6,6",7,1,"1,25",7,1,"6,5","5,5",7,"2,75","1,75",1,"6,12","1,52","0,17",7,"1,13"
13,AK,53,4,5,"3,5",1,70,2,,,9,,,"6,5","6,6","1,75","1,2","6,19","6,06","1,44","1,6","6,67","1,17","6,75",7,"6,25",1,1,"1,5","6,2","0,33",0,"5,33","6,6",7,1,"1,25",7,1,"6,5","5,5",7,"2,75","1,75",1,"6,12","1,52","0,17",7,"1,13"
13,AK,54,4,5,"3,5",1,61,2,,,9,,,"6,5","6,6","1,75","1,2","6,19","6,06","1,44","1,6","6,67","1,17","6,75",7,"6,25",1,1,"1,5","6,2","0,33",0,"5,33","6,6",7,1,"1,25",7,1,"6,5","5,5",7,"2,75","1,75",1,"6,12","1,52","0,17",7,"1,13"
13,AK,55,4,5,"3,5",1,62,2,,,9,,,"6,5","6,6","1,75","1,2","6,19","6,06","1,44","1,6","6,67","1,17","6,75",7,"6,25",1,1,"1,5","6,2","0,33",0,"5,33","6,6",7,1,"1,25",7,1,"6,5","5,5",7,"2,75","1,75",1,"6,12","1,52","0,17",7,"1,13"
13,AK,56,6,6,"1,5",1,70,2,,,9,,,"6,5","6,6","1,75","1,2","6,19","6,06","1,44","1,6","6,67","1,17","6,75",7,"6,25",1,1,"1,5","6,2","0,33",0,"5,33","6,6",7,1,"1,25",7,1,"6,5","5,5",7,"2,75","1,75",1,"6,12","1,52","0,17",7,"1,13"
13,AK,57,6,6,"1,5",1,65,2,,,9,,,"6,5","6,6","1,75","1,2","6,19","6,06","1,44","1,6","6,67","1,17","6,75",7,"6,25",1,1,"1,5","6,2","0,33",0,"5,33","6,6",7,1,"1,25",7,1,"6,5","5,5",7,"2,75","1,75",1,"6,12","1,52","0,17",7,"1,13"
13,AK,58,6,6,"1,5",1,64,2,,,9,,,"6,5","6,6","1,75","1,2","6,19","6,06","1,44","1,6","6,67","1,17","6,75",7,"6,25",1,1,"1,5","6,2","0,33",0,"5,33","6,6",7,1,"1,25",7,1,"6,5","5,5",7,"2,75","1,75",1,"6,12","1,52","0,17",7,"1,13"
13,AK,59,6,6,"1,5",1,72,2,,,9,,,"6,5","6,6","1,75","1,2","6,19","6,06","1,44","1,6","6,67","1,17","6,75",7,"6,25",1,1,"1,5","6,2","0,33",0,"5,33","6,6",7,1,"1,25",7,1,"6,5","5,5",7,"2,75","1,75",1,"6,12","1,52","0,17",7,"1,13"
13,AK,60,6,6,"1,5",1,68,2,,,9,,,"6,5","6,6","1,75","1,2","6,19","6,06","1,44","1,6","6,67","1,17","6,75",7,"6,25",1,1,"1,5","6,2","0,33",0,"5,33","6,6",7,1,"1,25",7,1,"6,5","5,5",7,"2,75","1,75",1,"6,12","1,52","0,17",7,"1,13"
13,AK,61,"6,666666667",6,1,1,57,2,,,9,,,"6,5","6,6","1,75","1,2","6,19","6,06","1,44","1,6","6,67","1,17","6,75",7,"6,25",1,1,"1,5","6,2","0,33",0,"5,33","6,6",7,1,"1,25",7,1,"6,5","5,5",7,"2,75","1,75",1,"6,12","1,52","0,17",7,"1,13"
13,AK,62,"6,666666667",6,1,1,67,2,,,9,,,"6,5","6,6","1,75","1,2","6,19","6,06","1,44","1,6","6,67","1,17","6,75",7,"6,25",1,1,"1,5","6,2","0,33",0,"5,33","6,6",7,1,"1,25",7,1,"6,5","5,5",7,"2,75","1,75",1,"6,12","1,52","0,17",7,"1,13"
13,AK,63,"6,666666667",6,1,1,73,2,,,9,,,"6,5","6,6","1,75","1,2","6,19","6,06","1,44","1,6","6,67","1,17","6,75",7,"6,25",1,1,"1,5","6,2","0,33",0,"5,33","6,6",7,1,"1,25",7,1,"6,5","5,5",7,"2,75","1,75",1,"6,12","1,52","0,17",7,"1,13"
13,AK,64,"6,666666667",6,1,1,76,2,,,9,,,"6,5","6,6","1,75","1,2","6,19","6,06","1,44","1,6","6,67","1,17","6,75",7,"6,25",1,1,"1,5","6,2","0,33",0,"5,33","6,6",7,1,"1,25",7,1,"6,5","5,5",7,"2,75","1,75",1,"6,12","1,52","0,17",7,"1,13"
13,AK,65,"6,666666667",6,1,1,77,2,,,9,,,"6,5","6,6","1,75","1,2","6,19","6,06","1,44","1,6","6,67","1,17","6,75",7,"6,25",1,1,"1,5","6,2","0,33",0,"5,33","6,6",7,1,"1,25",7,1,"6,5","5,5",7,"2,75","1,75",1,"6,12","1,52","0,17",7,"1,13"
13,AK,66,6,6,"1,5",1,73,2,,,9,,,"6,5","6,6","1,75","1,2","6,19","6,06","1,44","1,6","6,67","1,17","6,75",7,"6,25",1,1,"1,5","6,2","0,33",0,"5,33","6,6",7,1,"1,25",7,1,"6,5","5,5",7,"2,75","1,75",1,"6,12","1,52","0,17",7,"1,13"
13,AK,67,6,6,"1,5",1,67,2,,,9,,,"6,5","6,6","1,75","1,2","6,19","6,06","1,44","1,6","6,67","1,17","6,75",7,"6,25",1,1,"1,5","6,2","0,33",0,"5,33","6,6",7,1,"1,25",7,1,"6,5","5,5",7,"2,75","1,75",1,"6,12","1,52","0,17",7,"1,13"
13,AK,68,6,6,"1,5",1,76,2,,,9,,,"6,5","6,6","1,75","1,2","6,19","6,06","1,44","1,6","6,67","1,17","6,75",7,"6,25",1,1,"1,5","6,2","0,33",0,"5,33","6,6",7,1,"1,25",7,1,"6,5","5,5",7,"2,75","1,75",1,"6,12","1,52","0,17",7,"1,13"
13,AK,69,6,6,"1,5",1,79,2,,,9,,,"6,5","6,6","1,75","1,2","6,19","6,06","1,44","1,6","6,67","1,17","6,75",7,"6,25",1,1,"1,5","6,2","0,33",0,"5,33","6,6",7,1,"1,25",7,1,"6,5","5,5",7,"2,75","1,75",1,"6,12","1,52","0,17",7,"1,13"
13,AK,70,6,6,"1,5",1,77,2,,,9,,,"6,5","6,6","1,75","1,2","6,19","6,06","1,44","1,6","6,67","1,17","6,75",7,"6,25",1,1,"1,5","6,2","0,33",0,"5,33","6,6",7,1,"1,25",7,1,"6,5","5,5",7,"2,75","1,75",1,"6,12","1,52","0,17",7,"1,13"
13,AK,71,6,6,"1,5",1,74,2,,,9,,,"6,5","6,6","1,75","1,2","6,19","6,06","1,44","1,6","6,67","1,17","6,75",7,"6,25",1,1,"1,5","6,2","0,33",0,"5,33","6,6",7,1,"1,25",7,1,"6,5","5,5",7,"2,75","1,75",1,"6,12","1,52","0,17",7,"1,13"
13,AK,72,6,6,"1,5",1,82,2,,,9,,,"6,5","6,6","1,75","1,2","6,19","6,06","1,44","1,6","6,67","1,17","6,75",7,"6,25",1,1,"1,5","6,2","0,33",0,"5,33","6,6",7,1,"1,25",7,1,"6,5","5,5",7,"2,75","1,75",1,"6,12","1,52","0,17",7,"1,13"
13,AK,73,6,6,"1,5",1,83,2,,,9,,,"6,5","6,6","1,75","1,2","6,19","6,06","1,44","1,6","6,67","1,17","6,75",7,"6,25",1,1,"1,5","6,2","0,33",0,"5,33","6,6",7,1,"1,25",7,1,"6,5","5,5",7,"2,75","1,75",1,"6,12","1,52","0,17",7,"1,13"
13,AK,74,6,6,"1,5",1,77,2,,,9,,,"6,5","6,6","1,75","1,2","6,19","6,06","1,44","1,6","6,67","1,17","6,75",7,"6,25",1,1,"1,5","6,2","0,33",0,"5,33","6,6",7,1,"1,25",7,1,"6,5","5,5",7,"2,75","1,75",1,"6,12","1,52","0,17",7,"1,13"
13,AK,75,6,6,"1,5",1,97,2,,,9,,,"6,5","6,6","1,75","1,2","6,19","6,06","1,44","1,6","6,67","1,17","6,75",7,"6,25",1,1,"1,5","6,2","0,33",0,"5,33","6,6",7,1,"1,25",7,1,"6,5","5,5",7,"2,75","1,75",1,"6,12","1,52","0,17",7,"1,13"
13,AK,76,6,6,1,1,100,7,,,1,,,"6,5","6,6","1,75","1,2","6,19","6,06","1,44","1,6","6,67","1,17","6,75",7,"6,25",1,1,"1,5","6,2","0,33",0,"5,33","6,6",7,1,"1,25",7,1,"6,5","5,5",7,"2,75","1,75",1,"6,12","1,52","0,17",7,"1,13"
13,AK,77,6,6,1,1,81,7,,,1,,,"6,5","6,6","1,75","1,2","6,19","6,06","1,44","1,6","6,67","1,17","6,75",7,"6,25",1,1,"1,5","6,2","0,33",0,"5,33","6,6",7,1,"1,25",7,1,"6,5","5,5",7,"2,75","1,75",1,"6,12","1,52","0,17",7,"1,13"
13,AK,78,6,6,1,1,98,7,,,1,,,"6,5","6,6","1,75","1,2","6,19","6,06","1,44","1,6","6,67","1,17","6,75",7,"6,25",1,1,"1,5","6,2","0,33",0,"5,33","6,6",7,1,"1,25",7,1,"6,5","5,5",7,"2,75","1,75",1,"6,12","1,52","0,17",7,"1,13"
13,AK,79,6,6,1,1,86,7,,,1,,,"6,5","6,6","1,75","1,2","6,19","6,06","1,44","1,6","6,67","1,17","6,75",7,"6,25",1,1,"1,5","6,2","0,33",0,"5,33","6,6",7,1,"1,25",7,1,"6,5","5,5",7,"2,75","1,75",1,"6,12","1,52","0,17",7,"1,13"
13,AK,80,6,6,1,1,94,7,,,1,,,"6,5","6,6","1,75","1,2","6,19","6,06","1,44","1,6","6,67","1,17","6,75",7,"6,25",1,1,"1,5","6,2","0,33",0,"5,33","6,6",7,1,"1,25",7,1,"6,5","5,5",7,"2,75","1,75",1,"6,12","1,52","0,17",7,"1,13"
13,AK,81,"6,4",6,1,1,77,7,,,1,,,"6,5","6,6","1,75","1,2","6,19","6,06","1,44","1,6","6,67","1,17","6,75",7,"6,25",1,1,"1,5","6,2","0,33",0,"5,33","6,6",7,1,"1,25",7,1,"6,5","5,5",7,"2,75","1,75",1,"6,12","1,52","0,17",7,"1,13"
13,AK,82,"6,4",6,1,1,73,7,,,1,,,"6,5","6,6","1,75","1,2","6,19","6,06","1,44","1,6","6,67","1,17","6,75",7,"6,25",1,1,"1,5","6,2","0,33",0,"5,33","6,6",7,1,"1,25",7,1,"6,5","5,5",7,"2,75","1,75",1,"6,12","1,52","0,17",7,"1,13"
13,AK,83,"6,4",6,1,1,73,7,,,1,,,"6,5","6,6","1,75","1,2","6,19","6,06","1,44","1,6","6,67","1,17","6,75",7,"6,25",1,1,"1,5","6,2","0,33",0,"5,33","6,6",7,1,"1,25",7,1,"6,5","5,5",7,"2,75","1,75",1,"6,12","1,52","0,17",7,"1,13"
13,AK,84,"6,4",6,1,1,59,7,,,1,,,"6,5","6,6","1,75","1,2","6,19","6,06","1,44","1,6","6,67","1,17","6,75",7,"6,25",1,1,"1,5","6,2","0,33",0,"5,33","6,6",7,1,"1,25",7,1,"6,5","5,5",7,"2,75","1,75",1,"6,12","1,52","0,17",7,"1,13"
13,AK,85,"6,4",6,1,1,55,7,,,1,,,"6,5","6,6","1,75","1,2","6,19","6,06","1,44","1,6","6,67","1,17","6,75",7,"6,25",1,1,"1,5","6,2","0,33",0,"5,33","6,6",7,1,"1,25",7,1,"6,5","5,5",7,"2,75","1,75",1,"6,12","1,52","0,17",7,"1,13"
13,AK,86,"6,4",6,1,1,60,7,,,1,,,"6,5","6,6","1,75","1,2","6,19","6,06","1,44","1,6","6,67","1,17","6,75",7,"6,25",1,1,"1,5","6,2","0,33",0,"5,33","6,6",7,1,"1,25",7,1,"6,5","5,5",7,"2,75","1,75",1,"6,12","1,52","0,17",7,"1,13"
13,AK,87,"6,4",6,1,1,58,7,,,1,,,"6,5","6,6","1,75","1,2","6,19","6,06","1,44","1,6","6,67","1,17","6,75",7,"6,25",1,1,"1,5","6,2","0,33",0,"5,33","6,6",7,1,"1,25",7,1,"6,5","5,5",7,"2,75","1,75",1,"6,12","1,52","0,17",7,"1,13"
13,AK,88,"6,4",6,1,1,58,7,,,1,,,"6,5","6,6","1,75","1,2","6,19","6,06","1,44","1,6","6,67","1,17","6,75",7,"6,25",1,1,"1,5","6,2","0,33",0,"5,33","6,6",7,1,"1,25",7,1,"6,5","5,5",7,"2,75","1,75",1,"6,12","1,52","0,17",7,"1,13"
13,AK,89,"6,4",6,1,1,51,7,,,1,,,"6,5","6,6","1,75","1,2","6,19","6,06","1,44","1,6","6,67","1,17","6,75",7,"6,25",1,1,"1,5","6,2","0,33",0,"5,33","6,6",7,1,"1,25",7,1,"6,5","5,5",7,"2,75","1,75",1,"6,12","1,52","0,17",7,"1,13"
13,AK,90,"6,4",6,1,1,87,7,,,1,,,"6,5","6,6","1,75","1,2","6,19","6,06","1,44","1,6","6,67","1,17","6,75",7,"6,25",1,1,"1,5","6,2","0,33",0,"5,33","6,6",7,1,"1,25",7,1,"6,5","5,5",7,"2,75","1,75",1,"6,12","1,52","0,17",7,"1,13"
14,BR,1,4,7,1,1,,,,,9,,,7,"6,8",1,"2,2","6,38","6,06","2,31","3,4",7,"1,08",7,7,7,"1,25",1,1,7,"0,67",0,6,7,7,"1,5","1,25",7,1,7,"6,5",7,"4,25","2,5",1,"6,22","2,86","0,33",7,"1,38"
14,BR,2,4,7,1,1,,,,,9,,,7,"6,8",1,"2,2","6,38","6,06","2,31","3,4",7,"1,08",7,7,7,"1,25",1,1,7,"0,67",0,6,7,7,"1,5","1,25",7,1,7,"6,5",7,"4,25","2,5",1,"6,22","2,86","0,33",7,"1,38"
14,BR,3,4,7,1,1,,,,,9,,,7,"6,8",1,"2,2","6,38","6,06","2,31","3,4",7,"1,08",7,7,7,"1,25",1,1,7,"0,67",0,6,7,7,"1,5","1,25",7,1,7,"6,5",7,"4,25","2,5",1,"6,22","2,86","0,33",7,"1,38"
14,BR,4,4,7,1,1,,,,,9,,,7,"6,8",1,"2,2","6,38","6,06","2,31","3,4",7,"1,08",7,7,7,"1,25",1,1,7,"0,67",0,6,7,7,"1,5","1,25",7,1,7,"6,5",7,"4,25","2,5",1,"6,22","2,86","0,33",7,"1,38"
14,BR,5,4,7,1,1,,,,,9,,,7,"6,8",1,"2,2","6,38","6,06","2,31","3,4",7,"1,08",7,7,7,"1,25",1,1,7,"0,67",0,6,7,7,"1,5","1,25",7,1,7,"6,5",7,"4,25","2,5",1,"6,22","2,86","0,33",7,"1,38"
14,BR,6,4,7,1,1,,5,,,,,,7,"6,8",1,"2,2","6,38","6,06","2,31","3,4",7,"1,08",7,7,7,"1,25",1,1,7,"0,67",0,6,7,7,"1,5","1,25",7,1,7,"6,5",7,"4,25","2,5",1,"6,22","2,86","0,33",7,"1,38"
14,BR,7,4,7,1,1,,5,,,,,,7,"6,8",1,"2,2","6,38","6,06","2,31","3,4",7,"1,08",7,7,7,"1,25",1,1,7,"0,67",0,6,7,7,"1,5","1,25",7,1,7,"6,5",7,"4,25","2,5",1,"6,22","2,86","0,33",7,"1,38"
14,BR,8,4,7,1,1,,5,,,,,,7,"6,8",1,"2,2","6,38","6,06","2,31","3,4",7,"1,08",7,7,7,"1,25",1,1,7,"0,67",0,6,7,7,"1,5","1,25",7,1,7,"6,5",7,"4,25","2,5",1,"6,22","2,86","0,33",7,"1,38"
14,BR,9,4,7,1,1,,5,,,,,,7,"6,8",1,"2,2","6,38","6,06","2,31","3,4",7,"1,08",7,7,7,"1,25",1,1,7,"0,67",0,6,7,7,"1,5","1,25",7,1,7,"6,5",7,"4,25","2,5",1,"6,22","2,86","0,33",7,"1,38"
14,BR,10,4,7,1,1,,5,,,,,,7,"6,8",1,"2,2","6,38","6,06","2,31","3,4",7,"1,08",7,7,7,"1,25",1,1,7,"0,67",0,6,7,7,"1,5","1,25",7,1,7,"6,5",7,"4,25","2,5",1,"6,22","2,86","0,33",7,"1,38"
14,BR,11,4,7,1,1,,5,,,9,,,7,"6,8",1,"2,2","6,38","6,06","2,31","3,4",7,"1,08",7,7,7,"1,25",1,1,7,"0,67",0,6,7,7,"1,5","1,25",7,1,7,"6,5",7,"4,25","2,5",1,"6,22","2,86","0,33",7,"1,38"
14,BR,12,4,7,1,1,,5,,,9,,,7,"6,8",1,"2,2","6,38","6,06","2,31","3,4",7,"1,08",7,7,7,"1,25",1,1,7,"0,67",0,6,7,7,"1,5","1,25",7,1,7,"6,5",7,"4,25","2,5",1,"6,22","2,86","0,33",7,"1,38"
14,BR,13,4,7,1,1,,5,,,9,,,7,"6,8",1,"2,2","6,38","6,06","2,31","3,4",7,"1,08",7,7,7,"1,25",1,1,7,"0,67",0,6,7,7,"1,5","1,25",7,1,7,"6,5",7,"4,25","2,5",1,"6,22","2,86","0,33",7,"1,38"
14,BR,14,4,7,1,1,,5,,,9,,,7,"6,8",1,"2,2","6,38","6,06","2,31","3,4",7,"1,08",7,7,7,"1,25",1,1,7,"0,67",0,6,7,7,"1,5","1,25",7,1,7,"6,5",7,"4,25","2,5",1,"6,22","2,86","0,33",7,"1,38"
14,BR,15,4,7,1,1,,5,,,9,,,7,"6,8",1,"2,2","6,38","6,06","2,31","3,4",7,"1,08",7,7,7,"1,25",1,1,7,"0,67",0,6,7,7,"1,5","1,25",7,1,7,"6,5",7,"4,25","2,5",1,"6,22","2,86","0,33",7,"1,38"
14,BR,16,3,6,1,1,,5,,,9,,,7,"6,8",1,"2,2","6,38","6,06","2,31","3,4",7,"1,08",7,7,7,"1,25",1,1,7,"0,67",0,6,7,7,"1,5","1,25",7,1,7,"6,5",7,"4,25","2,5",1,"6,22","2,86","0,33",7,"1,38"
14,BR,17,3,6,1,1,,5,,,9,,,7,"6,8",1,"2,2","6,38","6,06","2,31","3,4",7,"1,08",7,7,7,"1,25",1,1,7,"0,67",0,6,7,7,"1,5","1,25",7,1,7,"6,5",7,"4,25","2,5",1,"6,22","2,86","0,33",7,"1,38"
14,BR,18,3,6,1,1,,5,,,9,,,7,"6,8",1,"2,2","6,38","6,06","2,31","3,4",7,"1,08",7,7,7,"1,25",1,1,7,"0,67",0,6,7,7,"1,5","1,25",7,1,7,"6,5",7,"4,25","2,5",1,"6,22","2,86","0,33",7,"1,38"
14,BR,19,3,6,1,1,,5,,,9,,,7,"6,8",1,"2,2","6,38","6,06","2,31","3,4",7,"1,08",7,7,7,"1,25",1,1,7,"0,67",0,6,7,7,"1,5","1,25",7,1,7,"6,5",7,"4,25","2,5",1,"6,22","2,86","0,33",7,"1,38"
14,BR,20,3,6,1,1,,5,,,9,,,7,"6,8",1,"2,2","6,38","6,06","2,31","3,4",7,"1,08",7,7,7,"1,25",1,1,7,"0,67",0,6,7,7,"1,5","1,25",7,1,7,"6,5",7,"4,25","2,5",1,"6,22","2,86","0,33",7,"1,38"
14,BR,21,3,5,5,1,,5,,,9,,,7,"6,8",1,"2,2","6,38","6,06","2,31","3,4",7,"1,08",7,7,7,"1,25",1,1,7,"0,67",0,6,7,7,"1,5","1,25",7,1,7,"6,5",7,"4,25","2,5",1,"6,22","2,86","0,33",7,"1,38"
14,BR,22,3,5,5,1,,5,,,9,,,7,"6,8",1,"2,2","6,38","6,06","2,31","3,4",7,"1,08",7,7,7,"1,25",1,1,7,"0,67",0,6,7,7,"1,5","1,25",7,1,7,"6,5",7,"4,25","2,5",1,"6,22","2,86","0,33",7,"1,38"
14,BR,23,3,5,5,1,,5,,,9,,,7,"6,8",1,"2,2","6,38","6,06","2,31","3,4",7,"1,08",7,7,7,"1,25",1,1,7,"0,67",0,6,7,7,"1,5","1,25",7,1,7,"6,5",7,"4,25","2,5",1,"6,22","2,86","0,33",7,"1,38"
14,BR,24,3,5,5,1,,5,,,9,,,7,"6,8",1,"2,2","6,38","6,06","2,31","3,4",7,"1,08",7,7,7,"1,25",1,1,7,"0,67",0,6,7,7,"1,5","1,25",7,1,7,"6,5",7,"4,25","2,5",1,"6,22","2,86","0,33",7,"1,38"
14,BR,25,3,5,5,1,,5,,,9,,,7,"6,8",1,"2,2","6,38","6,06","2,31","3,4",7,"1,08",7,7,7,"1,25",1,1,7,"0,67",0,6,7,7,"1,5","1,25",7,1,7,"6,5",7,"4,25","2,5",1,"6,22","2,86","0,33",7,"1,38"
14,BR,26,2,5,5,"2,333333333",,5,,,,,,7,"6,8",1,"2,2","6,38","6,06","2,31","3,4",7,"1,08",7,7,7,"1,25",1,1,7,"0,67",0,6,7,7,"1,5","1,25",7,1,7,"6,5",7,"4,25","2,5",1,"6,22","2,86","0,33",7,"1,38"
14,BR,27,2,5,5,"2,333333333",,5,,,,,,7,"6,8",1,"2,2","6,38","6,06","2,31","3,4",7,"1,08",7,7,7,"1,25",1,1,7,"0,67",0,6,7,7,"1,5","1,25",7,1,7,"6,5",7,"4,25","2,5",1,"6,22","2,86","0,33",7,"1,38"
14,BR,28,2,5,5,"2,333333333",,5,,,,,,7,"6,8",1,"2,2","6,38","6,06","2,31","3,4",7,"1,08",7,7,7,"1,25",1,1,7,"0,67",0,6,7,7,"1,5","1,25",7,1,7,"6,5",7,"4,25","2,5",1,"6,22","2,86","0,33",7,"1,38"
14,BR,29,2,5,5,"2,333333333",,5,,,,,,7,"6,8",1,"2,2","6,38","6,06","2,31","3,4",7,"1,08",7,7,7,"1,25",1,1,7,"0,67",0,6,7,7,"1,5","1,25",7,1,7,"6,5",7,"4,25","2,5",1,"6,22","2,86","0,33",7,"1,38"
14,BR,30,2,5,5,"2,333333333",,5,,,,,,7,"6,8",1,"2,2","6,38","6,06","2,31","3,4",7,"1,08",7,7,7,"1,25",1,1,7,"0,67",0,6,7,7,"1,5","1,25",7,1,7,"6,5",7,"4,25","2,5",1,"6,22","2,86","0,33",7,"1,38"
14,BR,31,2,5,5,"2,333333333",,,,,,,,7,"6,8",1,"2,2","6,38","6,06","2,31","3,4",7,"1,08",7,7,7,"1,25",1,1,7,"0,67",0,6,7,7,"1,5","1,25",7,1,7,"6,5",7,"4,25","2,5",1,"6,22","2,86","0,33",7,"1,38"
14,BR,32,2,5,5,"2,333333333",,,,,,,,7,"6,8",1,"2,2","6,38","6,06","2,31","3,4",7,"1,08",7,7,7,"1,25",1,1,7,"0,67",0,6,7,7,"1,5","1,25",7,1,7,"6,5",7,"4,25","2,5",1,"6,22","2,86","0,33",7,"1,38"
14,BR,33,2,5,5,"2,333333333",,,,,,,,7,"6,8",1,"2,2","6,38","6,06","2,31","3,4",7,"1,08",7,7,7,"1,25",1,1,7,"0,67",0,6,7,7,"1,5","1,25",7,1,7,"6,5",7,"4,25","2,5",1,"6,22","2,86","0,33",7,"1,38"
14,BR,34,2,5,5,"2,333333333",,,,,,,,7,"6,8",1,"2,2","6,38","6,06","2,31","3,4",7,"1,08",7,7,7,"1,25",1,1,7,"0,67",0,6,7,7,"1,5","1,25",7,1,7,"6,5",7,"4,25","2,5",1,"6,22","2,86","0,33",7,"1,38"
14,BR,35,2,5,5,"2,333333333",,,,,,,,7,"6,8",1,"2,2","6,38","6,06","2,31","3,4",7,"1,08",7,7,7,"1,25",1,1,7,"0,67",0,6,7,7,"1,5","1,25",7,1,7,"6,5",7,"4,25","2,5",1,"6,22","2,86","0,33",7,"1,38"
14,BR,36,6,6,1,1,,5,,,,,,7,"6,8",1,"2,2","6,38","6,06","2,31","3,4",7,"1,08",7,7,7,"1,25",1,1,7,"0,67",0,6,7,7,"1,5","1,25",7,1,7,"6,5",7,"4,25","2,5",1,"6,22","2,86","0,33",7,"1,38"
14,BR,37,6,6,1,1,,5,,,,,,7,"6,8",1,"2,2","6,38","6,06","2,31","3,4",7,"1,08",7,7,7,"1,25",1,1,7,"0,67",0,6,7,7,"1,5","1,25",7,1,7,"6,5",7,"4,25","2,5",1,"6,22","2,86","0,33",7,"1,38"
14,BR,38,6,6,1,1,,5,,,,,,7,"6,8",1,"2,2","6,38","6,06","2,31","3,4",7,"1,08",7,7,7,"1,25",1,1,7,"0,67",0,6,7,7,"1,5","1,25",7,1,7,"6,5",7,"4,25","2,5",1,"6,22","2,86","0,33",7,"1,38"
14,BR,39,6,6,1,1,,5,,,,,,7,"6,8",1,"2,2","6,38","6,06","2,31","3,4",7,"1,08",7,7,7,"1,25",1,1,7,"0,67",0,6,7,7,"1,5","1,25",7,1,7,"6,5",7,"4,25","2,5",1,"6,22","2,86","0,33",7,"1,38"
14,BR,40,6,6,1,1,,5,,,,,,7,"6,8",1,"2,2","6,38","6,06","2,31","3,4",7,"1,08",7,7,7,"1,25",1,1,7,"0,67",0,6,7,7,"1,5","1,25",7,1,7,"6,5",7,"4,25","2,5",1,"6,22","2,86","0,33",7,"1,38"
14,BR,41,3,7,5,1,,5,,,,,,7,"6,8",1,"2,2","6,38","6,06","2,31","3,4",7,"1,08",7,7,7,"1,25",1,1,7,"0,67",0,6,7,7,"1,5","1,25",7,1,7,"6,5",7,"4,25","2,5",1,"6,22","2,86","0,33",7,"1,38"
14,BR,42,3,7,5,1,,5,,,,,,7,"6,8",1,"2,2","6,38","6,06","2,31","3,4",7,"1,08",7,7,7,"1,25",1,1,7,"0,67",0,6,7,7,"1,5","1,25",7,1,7,"6,5",7,"4,25","2,5",1,"6,22","2,86","0,33",7,"1,38"
14,BR,43,3,7,5,1,,5,,,,,,7,"6,8",1,"2,2","6,38","6,06","2,31","3,4",7,"1,08",7,7,7,"1,25",1,1,7,"0,67",0,6,7,7,"1,5","1,25",7,1,7,"6,5",7,"4,25","2,5",1,"6,22","2,86","0,33",7,"1,38"
14,BR,44,3,7,5,1,,5,,,,,,7,"6,8",1,"2,2","6,38","6,06","2,31","3,4",7,"1,08",7,7,7,"1,25",1,1,7,"0,67",0,6,7,7,"1,5","1,25",7,1,7,"6,5",7,"4,25","2,5",1,"6,22","2,86","0,33",7,"1,38"
14,BR,45,3,7,5,1,,5,,,,,,7,"6,8",1,"2,2","6,38","6,06","2,31","3,4",7,"1,08",7,7,7,"1,25",1,1,7,"0,67",0,6,7,7,"1,5","1,25",7,1,7,"6,5",7,"4,25","2,5",1,"6,22","2,86","0,33",7,"1,38"
14,BR,46,3,5,5,1,,5,,,,,,7,"6,8",1,"2,2","6,38","6,06","2,31","3,4",7,"1,08",7,7,7,"1,25",1,1,7,"0,67",0,6,7,7,"1,5","1,25",7,1,7,"6,5",7,"4,25","2,5",1,"6,22","2,86","0,33",7,"1,38"
14,BR,47,3,5,5,1,,5,,,,,,7,"6,8",1,"2,2","6,38","6,06","2,31","3,4",7,"1,08",7,7,7,"1,25",1,1,7,"0,67",0,6,7,7,"1,5","1,25",7,1,7,"6,5",7,"4,25","2,5",1,"6,22","2,86","0,33",7,"1,38"
14,BR,48,3,5,5,1,,5,,,,,,7,"6,8",1,"2,2","6,38","6,06","2,31","3,4",7,"1,08",7,7,7,"1,25",1,1,7,"0,67",0,6,7,7,"1,5","1,25",7,1,7,"6,5",7,"4,25","2,5",1,"6,22","2,86","0,33",7,"1,38"
14,BR,49,3,5,5,1,,5,,,,,,7,"6,8",1,"2,2","6,38","6,06","2,31","3,4",7,"1,08",7,7,7,"1,25",1,1,7,"0,67",0,6,7,7,"1,5","1,25",7,1,7,"6,5",7,"4,25","2,5",1,"6,22","2,86","0,33",7,"1,38"
14,BR,50,3,5,5,1,,5,,,,,,7,"6,8",1,"2,2","6,38","6,06","2,31","3,4",7,"1,08",7,7,7,"1,25",1,1,7,"0,67",0,6,7,7,"1,5","1,25",7,1,7,"6,5",7,"4,25","2,5",1,"6,22","2,86","0,33",7,"1,38"
14,BR,51,,,,,,,,,,,,7,"6,8",1,"2,2","6,38","6,06","2,31","3,4",7,"1,08",7,7,7,"1,25",1,1,7,"0,67",0,6,7,7,"1,5","1,25",7,1,7,"6,5",7,"4,25","2,5",1,"6,22","2,86","0,33",7,"1,38"
14,BR,52,,,,,,,,,,,,7,"6,8",1,"2,2","6,38","6,06","2,31","3,4",7,"1,08",7,7,7,"1,25",1,1,7,"0,67",0,6,7,7,"1,5","1,25",7,1,7,"6,5",7,"4,25","2,5",1,"6,22","2,86","0,33",7,"1,38"
14,BR,53,,,,,,,,,,,,7,"6,8",1,"2,2","6,38","6,06","2,31","3,4",7,"1,08",7,7,7,"1,25",1,1,7,"0,67",0,6,7,7,"1,5","1,25",7,1,7,"6,5",7,"4,25","2,5",1,"6,22","2,86","0,33",7,"1,38"
14,BR,54,,,,,,,,,,,,7,"6,8",1,"2,2","6,38","6,06","2,31","3,4",7,"1,08",7,7,7,"1,25",1,1,7,"0,67",0,6,7,7,"1,5","1,25",7,1,7,"6,5",7,"4,25","2,5",1,"6,22","2,86","0,33",7,"1,38"
14,BR,55,,,,,,,,,,,,7,"6,8",1,"2,2","6,38","6,06","2,31","3,4",7,"1,08",7,7,7,"1,25",1,1,7,"0,67",0,6,7,7,"1,5","1,25",7,1,7,"6,5",7,"4,25","2,5",1,"6,22","2,86","0,33",7,"1,38"
14,BR,56,,,,,,,,,,,,7,"6,8",1,"2,2","6,38","6,06","2,31","3,4",7,"1,08",7,7,7,"1,25",1,1,7,"0,67",0,6,7,7,"1,5","1,25",7,1,7,"6,5",7,"4,25","2,5",1,"6,22","2,86","0,33",7,"1,38"
14,BR,57,,,,,,,,,,,,7,"6,8",1,"2,2","6,38","6,06","2,31","3,4",7,"1,08",7,7,7,"1,25",1,1,7,"0,67",0,6,7,7,"1,5","1,25",7,1,7,"6,5",7,"4,25","2,5",1,"6,22","2,86","0,33",7,"1,38"
14,BR,58,,,,,,,,,,,,7,"6,8",1,"2,2","6,38","6,06","2,31","3,4",7,"1,08",7,7,7,"1,25",1,1,7,"0,67",0,6,7,7,"1,5","1,25",7,1,7,"6,5",7,"4,25","2,5",1,"6,22","2,86","0,33",7,"1,38"
14,BR,59,,,,,,,,,,,,7,"6,8",1,"2,2","6,38","6,06","2,31","3,4",7,"1,08",7,7,7,"1,25",1,1,7,"0,67",0,6,7,7,"1,5","1,25",7,1,7,"6,5",7,"4,25","2,5",1,"6,22","2,86","0,33",7,"1,38"
14,BR,60,,,,,,,,,,,,7,"6,8",1,"2,2","6,38","6,06","2,31","3,4",7,"1,08",7,7,7,"1,25",1,1,7,"0,67",0,6,7,7,"1,5","1,25",7,1,7,"6,5",7,"4,25","2,5",1,"6,22","2,86","0,33",7,"1,38"
14,BR,61,,,,,,,,,,,,7,"6,8",1,"2,2","6,38","6,06","2,31","3,4",7,"1,08",7,7,7,"1,25",1,1,7,"0,67",0,6,7,7,"1,5","1,25",7,1,7,"6,5",7,"4,25","2,5",1,"6,22","2,86","0,33",7,"1,38"
14,BR,62,,,,,,,,,,,,7,"6,8",1,"2,2","6,38","6,06","2,31","3,4",7,"1,08",7,7,7,"1,25",1,1,7,"0,67",0,6,7,7,"1,5","1,25",7,1,7,"6,5",7,"4,25","2,5",1,"6,22","2,86","0,33",7,"1,38"
14,BR,63,,,,,,,,,,,,7,"6,8",1,"2,2","6,38","6,06","2,31","3,4",7,"1,08",7,7,7,"1,25",1,1,7,"0,67",0,6,7,7,"1,5","1,25",7,1,7,"6,5",7,"4,25","2,5",1,"6,22","2,86","0,33",7,"1,38"
14,BR,64,,,,,,,,,,,,7,"6,8",1,"2,2","6,38","6,06","2,31","3,4",7,"1,08",7,7,7,"1,25",1,1,7,"0,67",0,6,7,7,"1,5","1,25",7,1,7,"6,5",7,"4,25","2,5",1,"6,22","2,86","0,33",7,"1,38"
14,BR,65,,,,,,,,,,,,7,"6,8",1,"2,2","6,38","6,06","2,31","3,4",7,"1,08",7,7,7,"1,25",1,1,7,"0,67",0,6,7,7,"1,5","1,25",7,1,7,"6,5",7,"4,25","2,5",1,"6,22","2,86","0,33",7,"1,38"
14,BR,66,7,7,1,1,,5,,,,,,7,"6,8",1,"2,2","6,38","6,06","2,31","3,4",7,"1,08",7,7,7,"1,25",1,1,7,"0,67",0,6,7,7,"1,5","1,25",7,1,7,"6,5",7,"4,25","2,5",1,"6,22","2,86","0,33",7,"1,38"
14,BR,67,7,7,1,1,,5,,,,,,7,"6,8",1,"2,2","6,38","6,06","2,31","3,4",7,"1,08",7,7,7,"1,25",1,1,7,"0,67",0,6,7,7,"1,5","1,25",7,1,7,"6,5",7,"4,25","2,5",1,"6,22","2,86","0,33",7,"1,38"
14,BR,68,7,7,1,1,,5,,,,,,7,"6,8",1,"2,2","6,38","6,06","2,31","3,4",7,"1,08",7,7,7,"1,25",1,1,7,"0,67",0,6,7,7,"1,5","1,25",7,1,7,"6,5",7,"4,25","2,5",1,"6,22","2,86","0,33",7,"1,38"
14,BR,69,7,7,1,1,,5,,,,,,7,"6,8",1,"2,2","6,38","6,06","2,31","3,4",7,"1,08",7,7,7,"1,25",1,1,7,"0,67",0,6,7,7,"1,5","1,25",7,1,7,"6,5",7,"4,25","2,5",1,"6,22","2,86","0,33",7,"1,38"
14,BR,70,7,7,1,1,,5,,,,,,7,"6,8",1,"2,2","6,38","6,06","2,31","3,4",7,"1,08",7,7,7,"1,25",1,1,7,"0,67",0,6,7,7,"1,5","1,25",7,1,7,"6,5",7,"4,25","2,5",1,"6,22","2,86","0,33",7,"1,38"
14,BR,71,7,6,1,1,,5,,,,,,7,"6,8",1,"2,2","6,38","6,06","2,31","3,4",7,"1,08",7,7,7,"1,25",1,1,7,"0,67",0,6,7,7,"1,5","1,25",7,1,7,"6,5",7,"4,25","2,5",1,"6,22","2,86","0,33",7,"1,38"
14,BR,72,7,6,1,1,,5,,,,,,7,"6,8",1,"2,2","6,38","6,06","2,31","3,4",7,"1,08",7,7,7,"1,25",1,1,7,"0,67",0,6,7,7,"1,5","1,25",7,1,7,"6,5",7,"4,25","2,5",1,"6,22","2,86","0,33",7,"1,38"
14,BR,73,7,6,1,1,,5,,,,,,7,"6,8",1,"2,2","6,38","6,06","2,31","3,4",7,"1,08",7,7,7,"1,25",1,1,7,"0,67",0,6,7,7,"1,5","1,25",7,1,7,"6,5",7,"4,25","2,5",1,"6,22","2,86","0,33",7,"1,38"
14,BR,74,7,6,1,1,,5,,,,,,7,"6,8",1,"2,2","6,38","6,06","2,31","3,4",7,"1,08",7,7,7,"1,25",1,1,7,"0,67",0,6,7,7,"1,5","1,25",7,1,7,"6,5",7,"4,25","2,5",1,"6,22","2,86","0,33",7,"1,38"
14,BR,75,7,6,1,1,,5,,,,,,7,"6,8",1,"2,2","6,38","6,06","2,31","3,4",7,"1,08",7,7,7,"1,25",1,1,7,"0,67",0,6,7,7,"1,5","1,25",7,1,7,"6,5",7,"4,25","2,5",1,"6,22","2,86","0,33",7,"1,38"
14,BR,76,7,6,1,1,,5,,,,,,7,"6,8",1,"2,2","6,38","6,06","2,31","3,4",7,"1,08",7,7,7,"1,25",1,1,7,"0,67",0,6,7,7,"1,5","1,25",7,1,7,"6,5",7,"4,25","2,5",1,"6,22","2,86","0,33",7,"1,38"
14,BR,77,7,6,1,1,,5,,,,,,7,"6,8",1,"2,2","6,38","6,06","2,31","3,4",7,"1,08",7,7,7,"1,25",1,1,7,"0,67",0,6,7,7,"1,5","1,25",7,1,7,"6,5",7,"4,25","2,5",1,"6,22","2,86","0,33",7,"1,38"
14,BR,78,7,6,1,1,,5,,,,,,7,"6,8",1,"2,2","6,38","6,06","2,31","3,4",7,"1,08",7,7,7,"1,25",1,1,7,"0,67",0,6,7,7,"1,5","1,25",7,1,7,"6,5",7,"4,25","2,5",1,"6,22","2,86","0,33",7,"1,38"
14,BR,79,7,6,1,1,,5,,,,,,7,"6,8",1,"2,2","6,38","6,06","2,31","3,4",7,"1,08",7,7,7,"1,25",1,1,7,"0,67",0,6,7,7,"1,5","1,25",7,1,7,"6,5",7,"4,25","2,5",1,"6,22","2,86","0,33",7,"1,38"
14,BR,80,7,6,1,1,,5,,,,,,7,"6,8",1,"2,2","6,38","6,06","2,31","3,4",7,"1,08",7,7,7,"1,25",1,1,7,"0,67",0,6,7,7,"1,5","1,25",7,1,7,"6,5",7,"4,25","2,5",1,"6,22","2,86","0,33",7,"1,38"
14,BR,81,7,6,1,1,,5,,,,,,7,"6,8",1,"2,2","6,38","6,06","2,31","3,4",7,"1,08",7,7,7,"1,25",1,1,7,"0,67",0,6,7,7,"1,5","1,25",7,1,7,"6,5",7,"4,25","2,5",1,"6,22","2,86","0,33",7,"1,38"
14,BR,82,7,6,1,1,,5,,,,,,7,"6,8",1,"2,2","6,38","6,06","2,31","3,4",7,"1,08",7,7,7,"1,25",1,1,7,"0,67",0,6,7,7,"1,5","1,25",7,1,7,"6,5",7,"4,25","2,5",1,"6,22","2,86","0,33",7,"1,38"
14,BR,83,7,6,1,1,,5,,,,,,7,"6,8",1,"2,2","6,38","6,06","2,31","3,4",7,"1,08",7,7,7,"1,25",1,1,7,"0,67",0,6,7,7,"1,5","1,25",7,1,7,"6,5",7,"4,25","2,5",1,"6,22","2,86","0,33",7,"1,38"
14,BR,84,7,6,1,1,,5,,,,,,7,"6,8",1,"2,2","6,38","6,06","2,31","3,4",7,"1,08",7,7,7,"1,25",1,1,7,"0,67",0,6,7,7,"1,5","1,25",7,1,7,"6,5",7,"4,25","2,5",1,"6,22","2,86","0,33",7,"1,38"
14,BR,85,7,6,1,1,,5,,,,,,7,"6,8",1,"2,2","6,38","6,06","2,31","3,4",7,"1,08",7,7,7,"1,25",1,1,7,"0,67",0,6,7,7,"1,5","1,25",7,1,7,"6,5",7,"4,25","2,5",1,"6,22","2,86","0,33",7,"1,38"
14,BR,86,7,6,1,1,,5,,,,,,7,"6,8",1,"2,2","6,38","6,06","2,31","3,4",7,"1,08",7,7,7,"1,25",1,1,7,"0,67",0,6,7,7,"1,5","1,25",7,1,7,"6,5",7,"4,25","2,5",1,"6,22","2,86","0,33",7,"1,38"
14,BR,87,7,6,1,1,,5,,,,,,7,"6,8",1,"2,2","6,38","6,06","2,31","3,4",7,"1,08",7,7,7,"1,25",1,1,7,"0,67",0,6,7,7,"1,5","1,25",7,1,7,"6,5",7,"4,25","2,5",1,"6,22","2,86","0,33",7,"1,38"
14,BR,88,7,6,1,1,,5,,,,,,7,"6,8",1,"2,2","6,38","6,06","2,31","3,4",7,"1,08",7,7,7,"1,25",1,1,7,"0,67",0,6,7,7,"1,5","1,25",7,1,7,"6,5",7,"4,25","2,5",1,"6,22","2,86","0,33",7,"1,38"
14,BR,89,7,6,1,1,,5,,,,,,7,"6,8",1,"2,2","6,38","6,06","2,31","3,4",7,"1,08",7,7,7,"1,25",1,1,7,"0,67",0,6,7,7,"1,5","1,25",7,1,7,"6,5",7,"4,25","2,5",1,"6,22","2,86","0,33",7,"1,38"
14,BR,90,7,6,1,1,,5,,,,,,7,"6,8",1,"2,2","6,38","6,06","2,31","3,4",7,"1,08",7,7,7,"1,25",1,1,7,"0,67",0,6,7,7,"1,5","1,25",7,1,7,"6,5",7,"4,25","2,5",1,"6,22","2,86","0,33",7,"1,38"
14,BR,91,7,6,1,1,,5,,,8,,,7,"6,8",1,"2,2","6,38","6,06","2,31","3,4",7,"1,08",7,7,7,"1,25",1,1,7,"0,67",0,6,7,7,"1,5","1,25",7,1,7,"6,5",7,"4,25","2,5",1,"6,22","2,86","0,33",7,"1,38"
14,BR,92,7,6,1,1,,5,,,8,,,7,"6,8",1,"2,2","6,38","6,06","2,31","3,4",7,"1,08",7,7,7,"1,25",1,1,7,"0,67",0,6,7,7,"1,5","1,25",7,1,7,"6,5",7,"4,25","2,5",1,"6,22","2,86","0,33",7,"1,38"
14,BR,93,7,6,1,1,,5,,,8,,,7,"6,8",1,"2,2","6,38","6,06","2,31","3,4",7,"1,08",7,7,7,"1,25",1,1,7,"0,67",0,6,7,7,"1,5","1,25",7,1,7,"6,5",7,"4,25","2,5",1,"6,22","2,86","0,33",7,"1,38"
14,BR,94,7,6,1,1,,5,,,8,,,7,"6,8",1,"2,2","6,38","6,06","2,31","3,4",7,"1,08",7,7,7,"1,25",1,1,7,"0,67",0,6,7,7,"1,5","1,25",7,1,7,"6,5",7,"4,25","2,5",1,"6,22","2,86","0,33",7,"1,38"
14,BR,95,7,6,1,1,,5,,,8,,,7,"6,8",1,"2,2","6,38","6,06","2,31","3,4",7,"1,08",7,7,7,"1,25",1,1,7,"0,67",0,6,7,7,"1,5","1,25",7,1,7,"6,5",7,"4,25","2,5",1,"6,22","2,86","0,33",7,"1,38"
15,MDLAF,1,"5,5",6,1,1,76,4,,,9,,,"4,33","5,6","1,25","1,8","3,31","5,18","1,19","2,27","6,17","1,17","6,25","6,5","5,75","1,25","1,25",1,6,"3,33",0,4,"5,6","6,75",1,"1,25","6,25","1,25","4,25","3,5","4,25","1,25",2,"1,67","4,24","1,73","1,67","6,5","1,13"
15,MDLAF,2,"5,5",6,1,1,68,4,,,9,,,"4,33","5,6","1,25","1,8","3,31","5,18","1,19","2,27","6,17","1,17","6,25","6,5","5,75","1,25","1,25",1,6,"3,33",0,4,"5,6","6,75",1,"1,25","6,25","1,25","4,25","3,5","4,25","1,25",2,"1,67","4,24","1,73","1,67","6,5","1,13"
15,MDLAF,3,"5,5",6,1,1,71,4,,,9,,,"4,33","5,6","1,25","1,8","3,31","5,18","1,19","2,27","6,17","1,17","6,25","6,5","5,75","1,25","1,25",1,6,"3,33",0,4,"5,6","6,75",1,"1,25","6,25","1,25","4,25","3,5","4,25","1,25",2,"1,67","4,24","1,73","1,67","6,5","1,13"
15,MDLAF,4,"5,5",6,1,1,76,4,,,9,,,"4,33","5,6","1,25","1,8","3,31","5,18","1,19","2,27","6,17","1,17","6,25","6,5","5,75","1,25","1,25",1,6,"3,33",0,4,"5,6","6,75",1,"1,25","6,25","1,25","4,25","3,5","4,25","1,25",2,"1,67","4,24","1,73","1,67","6,5","1,13"
15,MDLAF,5,"5,5",6,1,1,71,4,,,9,,,"4,33","5,6","1,25","1,8","3,31","5,18","1,19","2,27","6,17","1,17","6,25","6,5","5,75","1,25","1,25",1,6,"3,33",0,4,"5,6","6,75",1,"1,25","6,25","1,25","4,25","3,5","4,25","1,25",2,"1,67","4,24","1,73","1,67","6,5","1,13"
15,MDLAF,6,7,7,1,1,58,4,,,6,,,"4,33","5,6","1,25","1,8","3,31","5,18","1,19","2,27","6,17","1,17","6,25","6,5","5,75","1,25","1,25",1,6,"3,33",0,4,"5,6","6,75",1,"1,25","6,25","1,25","4,25","3,5","4,25","1,25",2,"1,67","4,24","1,73","1,67","6,5","1,13"
15,MDLAF,7,7,7,1,1,54,4,,,6,,,"4,33","5,6","1,25","1,8","3,31","5,18","1,19","2,27","6,17","1,17","6,25","6,5","5,75","1,25","1,25",1,6,"3,33",0,4,"5,6","6,75",1,"1,25","6,25","1,25","4,25","3,5","4,25","1,25",2,"1,67","4,24","1,73","1,67","6,5","1,13"
15,MDLAF,8,7,7,1,1,58,4,,,6,,,"4,33","5,6","1,25","1,8","3,31","5,18","1,19","2,27","6,17","1,17","6,25","6,5","5,75","1,25","1,25",1,6,"3,33",0,4,"5,6","6,75",1,"1,25","6,25","1,25","4,25","3,5","4,25","1,25",2,"1,67","4,24","1,73","1,67","6,5","1,13"
15,MDLAF,9,7,7,1,1,60,4,,,6,,,"4,33","5,6","1,25","1,8","3,31","5,18","1,19","2,27","6,17","1,17","6,25","6,5","5,75","1,25","1,25",1,6,"3,33",0,4,"5,6","6,75",1,"1,25","6,25","1,25","4,25","3,5","4,25","1,25",2,"1,67","4,24","1,73","1,67","6,5","1,13"
15,MDLAF,10,7,7,1,1,61,4,,,6,,,"4,33","5,6","1,25","1,8","3,31","5,18","1,19","2,27","6,17","1,17","6,25","6,5","5,75","1,25","1,25",1,6,"3,33",0,4,"5,6","6,75",1,"1,25","6,25","1,25","4,25","3,5","4,25","1,25",2,"1,67","4,24","1,73","1,67","6,5","1,13"
15,MDLAF,11,7,7,1,1,59,4,,,6,,,"4,33","5,6","1,25","1,8","3,31","5,18","1,19","2,27","6,17","1,17","6,25","6,5","5,75","1,25","1,25",1,6,"3,33",0,4,"5,6","6,75",1,"1,25","6,25","1,25","4,25","3,5","4,25","1,25",2,"1,67","4,24","1,73","1,67","6,5","1,13"
15,MDLAF,12,7,7,1,1,58,4,,,6,,,"4,33","5,6","1,25","1,8","3,31","5,18","1,19","2,27","6,17","1,17","6,25","6,5","5,75","1,25","1,25",1,6,"3,33",0,4,"5,6","6,75",1,"1,25","6,25","1,25","4,25","3,5","4,25","1,25",2,"1,67","4,24","1,73","1,67","6,5","1,13"
15,MDLAF,13,7,7,1,1,62,4,,,6,,,"4,33","5,6","1,25","1,8","3,31","5,18","1,19","2,27","6,17","1,17","6,25","6,5","5,75","1,25","1,25",1,6,"3,33",0,4,"5,6","6,75",1,"1,25","6,25","1,25","4,25","3,5","4,25","1,25",2,"1,67","4,24","1,73","1,67","6,5","1,13"
15,MDLAF,14,7,7,1,1,60,4,,,6,,,"4,33","5,6","1,25","1,8","3,31","5,18","1,19","2,27","6,17","1,17","6,25","6,5","5,75","1,25","1,25",1,6,"3,33",0,4,"5,6","6,75",1,"1,25","6,25","1,25","4,25","3,5","4,25","1,25",2,"1,67","4,24","1,73","1,67","6,5","1,13"
15,MDLAF,15,7,7,1,1,60,4,,,6,,,"4,33","5,6","1,25","1,8","3,31","5,18","1,19","2,27","6,17","1,17","6,25","6,5","5,75","1,25","1,25",1,6,"3,33",0,4,"5,6","6,75",1,"1,25","6,25","1,25","4,25","3,5","4,25","1,25",2,"1,67","4,24","1,73","1,67","6,5","1,13"
15,MDLAF,16,6,6,1,1,65,4,,,6,,,"4,33","5,6","1,25","1,8","3,31","5,18","1,19","2,27","6,17","1,17","6,25","6,5","5,75","1,25","1,25",1,6,"3,33",0,4,"5,6","6,75",1,"1,25","6,25","1,25","4,25","3,5","4,25","1,25",2,"1,67","4,24","1,73","1,67","6,5","1,13"
15,MDLAF,17,6,6,1,1,68,4,,,6,,,"4,33","5,6","1,25","1,8","3,31","5,18","1,19","2,27","6,17","1,17","6,25","6,5","5,75","1,25","1,25",1,6,"3,33",0,4,"5,6","6,75",1,"1,25","6,25","1,25","4,25","3,5","4,25","1,25",2,"1,67","4,24","1,73","1,67","6,5","1,13"
15,MDLAF,18,6,6,1,1,77,4,,,6,,,"4,33","5,6","1,25","1,8","3,31","5,18","1,19","2,27","6,17","1,17","6,25","6,5","5,75","1,25","1,25",1,6,"3,33",0,4,"5,6","6,75",1,"1,25","6,25","1,25","4,25","3,5","4,25","1,25",2,"1,67","4,24","1,73","1,67","6,5","1,13"
15,MDLAF,19,6,6,1,1,69,4,,,6,,,"4,33","5,6","1,25","1,8","3,31","5,18","1,19","2,27","6,17","1,17","6,25","6,5","5,75","1,25","1,25",1,6,"3,33",0,4,"5,6","6,75",1,"1,25","6,25","1,25","4,25","3,5","4,25","1,25",2,"1,67","4,24","1,73","1,67","6,5","1,13"
15,MDLAF,20,6,6,1,1,61,4,,,6,,,"4,33","5,6","1,25","1,8","3,31","5,18","1,19","2,27","6,17","1,17","6,25","6,5","5,75","1,25","1,25",1,6,"3,33",0,4,"5,6","6,75",1,"1,25","6,25","1,25","4,25","3,5","4,25","1,25",2,"1,67","4,24","1,73","1,67","6,5","1,13"
15,MDLAF,21,"6,5","6,333333333",1,1,58,5,,,6,,,"4,33","5,6","1,25","1,8","3,31","5,18","1,19","2,27","6,17","1,17","6,25","6,5","5,75","1,25","1,25",1,6,"3,33",0,4,"5,6","6,75",1,"1,25","6,25","1,25","4,25","3,5","4,25","1,25",2,"1,67","4,24","1,73","1,67","6,5","1,13"
15,MDLAF,22,"6,5","6,333333333",1,1,79,5,,,6,,,"4,33","5,6","1,25","1,8","3,31","5,18","1,19","2,27","6,17","1,17","6,25","6,5","5,75","1,25","1,25",1,6,"3,33",0,4,"5,6","6,75",1,"1,25","6,25","1,25","4,25","3,5","4,25","1,25",2,"1,67","4,24","1,73","1,67","6,5","1,13"
15,MDLAF,23,"6,5","6,333333333",1,1,69,5,,,6,,,"4,33","5,6","1,25","1,8","3,31","5,18","1,19","2,27","6,17","1,17","6,25","6,5","5,75","1,25","1,25",1,6,"3,33",0,4,"5,6","6,75",1,"1,25","6,25","1,25","4,25","3,5","4,25","1,25",2,"1,67","4,24","1,73","1,67","6,5","1,13"
15,MDLAF,24,"6,5","6,333333333",1,1,65,5,,,6,,,"4,33","5,6","1,25","1,8","3,31","5,18","1,19","2,27","6,17","1,17","6,25","6,5","5,75","1,25","1,25",1,6,"3,33",0,4,"5,6","6,75",1,"1,25","6,25","1,25","4,25","3,5","4,25","1,25",2,"1,67","4,24","1,73","1,67","6,5","1,13"
15,MDLAF,25,"6,5","6,333333333",1,1,58,5,,,6,,,"4,33","5,6","1,25","1,8","3,31","5,18","1,19","2,27","6,17","1,17","6,25","6,5","5,75","1,25","1,25",1,6,"3,33",0,4,"5,6","6,75",1,"1,25","6,25","1,25","4,25","3,5","4,25","1,25",2,"1,67","4,24","1,73","1,67","6,5","1,13"
15,MDLAF,26,"6,666666667","6,333333333",1,1,69,5,,,6,4,,"4,33","5,6","1,25","1,8","3,31","5,18","1,19","2,27","6,17","1,17","6,25","6,5","5,75","1,25","1,25",1,6,"3,33",0,4,"5,6","6,75",1,"1,25","6,25","1,25","4,25","3,5","4,25","1,25",2,"1,67","4,24","1,73","1,67","6,5","1,13"
15,MDLAF,27,"6,666666667","6,333333333",1,1,61,5,,,6,4,,"4,33","5,6","1,25","1,8","3,31","5,18","1,19","2,27","6,17","1,17","6,25","6,5","5,75","1,25","1,25",1,6,"3,33",0,4,"5,6","6,75",1,"1,25","6,25","1,25","4,25","3,5","4,25","1,25",2,"1,67","4,24","1,73","1,67","6,5","1,13"
15,MDLAF,28,"6,666666667","6,333333333",1,1,60,5,,,6,4,,"4,33","5,6","1,25","1,8","3,31","5,18","1,19","2,27","6,17","1,17","6,25","6,5","5,75","1,25","1,25",1,6,"3,33",0,4,"5,6","6,75",1,"1,25","6,25","1,25","4,25","3,5","4,25","1,25",2,"1,67","4,24","1,73","1,67","6,5","1,13"
15,MDLAF,29,"6,666666667","6,333333333",1,1,62,5,,,6,4,,"4,33","5,6","1,25","1,8","3,31","5,18","1,19","2,27","6,17","1,17","6,25","6,5","5,75","1,25","1,25",1,6,"3,33",0,4,"5,6","6,75",1,"1,25","6,25","1,25","4,25","3,5","4,25","1,25",2,"1,67","4,24","1,73","1,67","6,5","1,13"
15,MDLAF,30,"6,666666667","6,333333333",1,1,70,5,,,6,4,,"4,33","5,6","1,25","1,8","3,31","5,18","1,19","2,27","6,17","1,17","6,25","6,5","5,75","1,25","1,25",1,6,"3,33",0,4,"5,6","6,75",1,"1,25","6,25","1,25","4,25","3,5","4,25","1,25",2,"1,67","4,24","1,73","1,67","6,5","1,13"
15,MDLAF,31,7,6,1,1,77,5,,,6,,,"4,33","5,6","1,25","1,8","3,31","5,18","1,19","2,27","6,17","1,17","6,25","6,5","5,75","1,25","1,25",1,6,"3,33",0,4,"5,6","6,75",1,"1,25","6,25","1,25","4,25","3,5","4,25","1,25",2,"1,67","4,24","1,73","1,67","6,5","1,13"
15,MDLAF,32,7,6,1,1,82,5,,,6,,,"4,33","5,6","1,25","1,8","3,31","5,18","1,19","2,27","6,17","1,17","6,25","6,5","5,75","1,25","1,25",1,6,"3,33",0,4,"5,6","6,75",1,"1,25","6,25","1,25","4,25","3,5","4,25","1,25",2,"1,67","4,24","1,73","1,67","6,5","1,13"
15,MDLAF,33,7,6,1,1,80,5,,,6,,,"4,33","5,6","1,25","1,8","3,31","5,18","1,19","2,27","6,17","1,17","6,25","6,5","5,75","1,25","1,25",1,6,"3,33",0,4,"5,6","6,75",1,"1,25","6,25","1,25","4,25","3,5","4,25","1,25",2,"1,67","4,24","1,73","1,67","6,5","1,13"
15,MDLAF,34,7,6,1,1,77,5,,,6,,,"4,33","5,6","1,25","1,8","3,31","5,18","1,19","2,27","6,17","1,17","6,25","6,5","5,75","1,25","1,25",1,6,"3,33",0,4,"5,6","6,75",1,"1,25","6,25","1,25","4,25","3,5","4,25","1,25",2,"1,67","4,24","1,73","1,67","6,5","1,13"
15,MDLAF,35,7,6,1,1,68,5,,,6,,,"4,33","5,6","1,25","1,8","3,31","5,18","1,19","2,27","6,17","1,17","6,25","6,5","5,75","1,25","1,25",1,6,"3,33",0,4,"5,6","6,75",1,"1,25","6,25","1,25","4,25","3,5","4,25","1,25",2,"1,67","4,24","1,73","1,67","6,5","1,13"
15,MDLAF,36,"5,25","6,333333333","1,25",1,62,5,,,6,,,"4,33","5,6","1,25","1,8","3,31","5,18","1,19","2,27","6,17","1,17","6,25","6,5","5,75","1,25","1,25",1,6,"3,33",0,4,"5,6","6,75",1,"1,25","6,25","1,25","4,25","3,5","4,25","1,25",2,"1,67","4,24","1,73","1,67","6,5","1,13"
15,MDLAF,37,"5,25","6,333333333","1,25",1,65,5,,,6,,,"4,33","5,6","1,25","1,8","3,31","5,18","1,19","2,27","6,17","1,17","6,25","6,5","5,75","1,25","1,25",1,6,"3,33",0,4,"5,6","6,75",1,"1,25","6,25","1,25","4,25","3,5","4,25","1,25",2,"1,67","4,24","1,73","1,67","6,5","1,13"
15,MDLAF,38,"5,25","6,333333333","1,25",1,74,5,,,6,,,"4,33","5,6","1,25","1,8","3,31","5,18","1,19","2,27","6,17","1,17","6,25","6,5","5,75","1,25","1,25",1,6,"3,33",0,4,"5,6","6,75",1,"1,25","6,25","1,25","4,25","3,5","4,25","1,25",2,"1,67","4,24","1,73","1,67","6,5","1,13"
15,MDLAF,39,"5,25","6,333333333","1,25",1,69,5,,,6,,,"4,33","5,6","1,25","1,8","3,31","5,18","1,19","2,27","6,17","1,17","6,25","6,5","5,75","1,25","1,25",1,6,"3,33",0,4,"5,6","6,75",1,"1,25","6,25","1,25","4,25","3,5","4,25","1,25",2,"1,67","4,24","1,73","1,67","6,5","1,13"
15,MDLAF,40,"5,25","6,333333333","1,25",1,68,5,,,6,,,"4,33","5,6","1,25","1,8","3,31","5,18","1,19","2,27","6,17","1,17","6,25","6,5","5,75","1,25","1,25",1,6,"3,33",0,4,"5,6","6,75",1,"1,25","6,25","1,25","4,25","3,5","4,25","1,25",2,"1,67","4,24","1,73","1,67","6,5","1,13"
15,MDLAF,41,"6,5",6,"1,5",1,68,5,,,6,,,"4,33","5,6","1,25","1,8","3,31","5,18","1,19","2,27","6,17","1,17","6,25","6,5","5,75","1,25","1,25",1,6,"3,33",0,4,"5,6","6,75",1,"1,25","6,25","1,25","4,25","3,5","4,25","1,25",2,"1,67","4,24","1,73","1,67","6,5","1,13"
15,MDLAF,42,"6,5",6,"1,5",1,59,5,,,6,,,"4,33","5,6","1,25","1,8","3,31","5,18","1,19","2,27","6,17","1,17","6,25","6,5","5,75","1,25","1,25",1,6,"3,33",0,4,"5,6","6,75",1,"1,25","6,25","1,25","4,25","3,5","4,25","1,25",2,"1,67","4,24","1,73","1,67","6,5","1,13"
15,MDLAF,43,"6,5",6,"1,5",1,58,5,,,6,,,"4,33","5,6","1,25","1,8","3,31","5,18","1,19","2,27","6,17","1,17","6,25","6,5","5,75","1,25","1,25",1,6,"3,33",0,4,"5,6","6,75",1,"1,25","6,25","1,25","4,25","3,5","4,25","1,25",2,"1,67","4,24","1,73","1,67","6,5","1,13"
15,MDLAF,44,"6,5",6,"1,5",1,58,5,,,6,,,"4,33","5,6","1,25","1,8","3,31","5,18","1,19","2,27","6,17","1,17","6,25","6,5","5,75","1,25","1,25",1,6,"3,33",0,4,"5,6","6,75",1,"1,25","6,25","1,25","4,25","3,5","4,25","1,25",2,"1,67","4,24","1,73","1,67","6,5","1,13"
15,MDLAF,45,"6,5",6,"1,5",1,77,5,,,6,,,"4,33","5,6","1,25","1,8","3,31","5,18","1,19","2,27","6,17","1,17","6,25","6,5","5,75","1,25","1,25",1,6,"3,33",0,4,"5,6","6,75",1,"1,25","6,25","1,25","4,25","3,5","4,25","1,25",2,"1,67","4,24","1,73","1,67","6,5","1,13"
15,MDLAF,46,"6,5","6,5",1,1,70,5,,,,,,"4,33","5,6","1,25","1,8","3,31","5,18","1,19","2,27","6,17","1,17","6,25","6,5","5,75","1,25","1,25",1,6,"3,33",0,4,"5,6","6,75",1,"1,25","6,25","1,25","4,25","3,5","4,25","1,25",2,"1,67","4,24","1,73","1,67","6,5","1,13"
15,MDLAF,47,"6,5","6,5",1,1,59,5,,,,,,"4,33","5,6","1,25","1,8","3,31","5,18","1,19","2,27","6,17","1,17","6,25","6,5","5,75","1,25","1,25",1,6,"3,33",0,4,"5,6","6,75",1,"1,25","6,25","1,25","4,25","3,5","4,25","1,25",2,"1,67","4,24","1,73","1,67","6,5","1,13"
15,MDLAF,48,"6,5","6,5",1,1,61,5,,,,,,"4,33","5,6","1,25","1,8","3,31","5,18","1,19","2,27","6,17","1,17","6,25","6,5","5,75","1,25","1,25",1,6,"3,33",0,4,"5,6","6,75",1,"1,25","6,25","1,25","4,25","3,5","4,25","1,25",2,"1,67","4,24","1,73","1,67","6,5","1,13"
15,MDLAF,49,"6,5","6,5",1,1,69,5,,,,,,"4,33","5,6","1,25","1,8","3,31","5,18","1,19","2,27","6,17","1,17","6,25","6,5","5,75","1,25","1,25",1,6,"3,33",0,4,"5,6","6,75",1,"1,25","6,25","1,25","4,25","3,5","4,25","1,25",2,"1,67","4,24","1,73","1,67","6,5","1,13"
15,MDLAF,50,"6,5","6,5",1,1,66,5,,,,,,"4,33","5,6","1,25","1,8","3,31","5,18","1,19","2,27","6,17","1,17","6,25","6,5","5,75","1,25","1,25",1,6,"3,33",0,4,"5,6","6,75",1,"1,25","6,25","1,25","4,25","3,5","4,25","1,25",2,"1,67","4,24","1,73","1,67","6,5","1,13"
15,MDLAF,51,6,6,1,1,61,5,,,,,,"4,33","5,6","1,25","1,8","3,31","5,18","1,19","2,27","6,17","1,17","6,25","6,5","5,75","1,25","1,25",1,6,"3,33",0,4,"5,6","6,75",1,"1,25","6,25","1,25","4,25","3,5","4,25","1,25",2,"1,67","4,24","1,73","1,67","6,5","1,13"
15,MDLAF,52,6,6,1,1,66,5,,,,,,"4,33","5,6","1,25","1,8","3,31","5,18","1,19","2,27","6,17","1,17","6,25","6,5","5,75","1,25","1,25",1,6,"3,33",0,4,"5,6","6,75",1,"1,25","6,25","1,25","4,25","3,5","4,25","1,25",2,"1,67","4,24","1,73","1,67","6,5","1,13"
15,MDLAF,53,6,6,1,1,67,5,,,,,,"4,33","5,6","1,25","1,8","3,31","5,18","1,19","2,27","6,17","1,17","6,25","6,5","5,75","1,25","1,25",1,6,"3,33",0,4,"5,6","6,75",1,"1,25","6,25","1,25","4,25","3,5","4,25","1,25",2,"1,67","4,24","1,73","1,67","6,5","1,13"
15,MDLAF,54,6,6,1,1,70,5,,,,,,"4,33","5,6","1,25","1,8","3,31","5,18","1,19","2,27","6,17","1,17","6,25","6,5","5,75","1,25","1,25",1,6,"3,33",0,4,"5,6","6,75",1,"1,25","6,25","1,25","4,25","3,5","4,25","1,25",2,"1,67","4,24","1,73","1,67","6,5","1,13"
15,MDLAF,55,6,6,1,1,59,5,,,,,,"4,33","5,6","1,25","1,8","3,31","5,18","1,19","2,27","6,17","1,17","6,25","6,5","5,75","1,25","1,25",1,6,"3,33",0,4,"5,6","6,75",1,"1,25","6,25","1,25","4,25","3,5","4,25","1,25",2,"1,67","4,24","1,73","1,67","6,5","1,13"
15,MDLAF,56,"5,666666667","6,5",1,1,58,5,,,8,,,"4,33","5,6","1,25","1,8","3,31","5,18","1,19","2,27","6,17","1,17","6,25","6,5","5,75","1,25","1,25",1,6,"3,33",0,4,"5,6","6,75",1,"1,25","6,25","1,25","4,25","3,5","4,25","1,25",2,"1,67","4,24","1,73","1,67","6,5","1,13"
15,MDLAF,57,"5,666666667","6,5",1,1,67,5,,,8,,,"4,33","5,6","1,25","1,8","3,31","5,18","1,19","2,27","6,17","1,17","6,25","6,5","5,75","1,25","1,25",1,6,"3,33",0,4,"5,6","6,75",1,"1,25","6,25","1,25","4,25","3,5","4,25","1,25",2,"1,67","4,24","1,73","1,67","6,5","1,13"
15,MDLAF,58,"5,666666667","6,5",1,1,72,5,,,8,,,"4,33","5,6","1,25","1,8","3,31","5,18","1,19","2,27","6,17","1,17","6,25","6,5","5,75","1,25","1,25",1,6,"3,33",0,4,"5,6","6,75",1,"1,25","6,25","1,25","4,25","3,5","4,25","1,25",2,"1,67","4,24","1,73","1,67","6,5","1,13"
15,MDLAF,59,"5,666666667","6,5",1,1,62,5,,,8,,,"4,33","5,6","1,25","1,8","3,31","5,18","1,19","2,27","6,17","1,17","6,25","6,5","5,75","1,25","1,25",1,6,"3,33",0,4,"5,6","6,75",1,"1,25","6,25","1,25","4,25","3,5","4,25","1,25",2,"1,67","4,24","1,73","1,67","6,5","1,13"
15,MDLAF,60,"5,666666667","6,5",1,1,70,5,,,8,,,"4,33","5,6","1,25","1,8","3,31","5,18","1,19","2,27","6,17","1,17","6,25","6,5","5,75","1,25","1,25",1,6,"3,33",0,4,"5,6","6,75",1,"1,25","6,25","1,25","4,25","3,5","4,25","1,25",2,"1,67","4,24","1,73","1,67","6,5","1,13"
15,MDLAF,61,"5,666666667","6,5",1,1,61,5,,,4,,,"4,33","5,6","1,25","1,8","3,31","5,18","1,19","2,27","6,17","1,17","6,25","6,5","5,75","1,25","1,25",1,6,"3,33",0,4,"5,6","6,75",1,"1,25","6,25","1,25","4,25","3,5","4,25","1,25",2,"1,67","4,24","1,73","1,67","6,5","1,13"
15,MDLAF,62,"5,666666667","6,5",1,1,56,5,,,4,,,"4,33","5,6","1,25","1,8","3,31","5,18","1,19","2,27","6,17","1,17","6,25","6,5","5,75","1,25","1,25",1,6,"3,33",0,4,"5,6","6,75",1,"1,25","6,25","1,25","4,25","3,5","4,25","1,25",2,"1,67","4,24","1,73","1,67","6,5","1,13"
15,MDLAF,63,"5,666666667","6,5",1,1,65,5,,,4,,,"4,33","5,6","1,25","1,8","3,31","5,18","1,19","2,27","6,17","1,17","6,25","6,5","5,75","1,25","1,25",1,6,"3,33",0,4,"5,6","6,75",1,"1,25","6,25","1,25","4,25","3,5","4,25","1,25",2,"1,67","4,24","1,73","1,67","6,5","1,13"
15,MDLAF,64,"5,666666667","6,5",1,1,62,5,,,4,,,"4,33","5,6","1,25","1,8","3,31","5,18","1,19","2,27","6,17","1,17","6,25","6,5","5,75","1,25","1,25",1,6,"3,33",0,4,"5,6","6,75",1,"1,25","6,25","1,25","4,25","3,5","4,25","1,25",2,"1,67","4,24","1,73","1,67","6,5","1,13"
15,MDLAF,65,"5,666666667","6,5",1,1,65,5,,,4,,,"4,33","5,6","1,25","1,8","3,31","5,18","1,19","2,27","6,17","1,17","6,25","6,5","5,75","1,25","1,25",1,6,"3,33",0,4,"5,6","6,75",1,"1,25","6,25","1,25","4,25","3,5","4,25","1,25",2,"1,67","4,24","1,73","1,67","6,5","1,13"
15,MDLAF,66,"5,5","6,5",1,1,100,5,,,8,1,,"4,33","5,6","1,25","1,8","3,31","5,18","1,19","2,27","6,17","1,17","6,25","6,5","5,75","1,25","1,25",1,6,"3,33",0,4,"5,6","6,75",1,"1,25","6,25","1,25","4,25","3,5","4,25","1,25",2,"1,67","4,24","1,73","1,67","6,5","1,13"
15,MDLAF,67,"5,5","6,5",1,1,82,5,,,8,1,,"4,33","5,6","1,25","1,8","3,31","5,18","1,19","2,27","6,17","1,17","6,25","6,5","5,75","1,25","1,25",1,6,"3,33",0,4,"5,6","6,75",1,"1,25","6,25","1,25","4,25","3,5","4,25","1,25",2,"1,67","4,24","1,73","1,67","6,5","1,13"
15,MDLAF,68,"5,5","6,5",1,1,87,5,,,8,1,,"4,33","5,6","1,25","1,8","3,31","5,18","1,19","2,27","6,17","1,17","6,25","6,5","5,75","1,25","1,25",1,6,"3,33",0,4,"5,6","6,75",1,"1,25","6,25","1,25","4,25","3,5","4,25","1,25",2,"1,67","4,24","1,73","1,67","6,5","1,13"
15,MDLAF,69,"5,5","6,5",1,1,90,5,,,8,1,,"4,33","5,6","1,25","1,8","3,31","5,18","1,19","2,27","6,17","1,17","6,25","6,5","5,75","1,25","1,25",1,6,"3,33",0,4,"5,6","6,75",1,"1,25","6,25","1,25","4,25","3,5","4,25","1,25",2,"1,67","4,24","1,73","1,67","6,5","1,13"
15,MDLAF,70,"5,5","6,5",1,1,80,5,,,8,1,,"4,33","5,6","1,25","1,8","3,31","5,18","1,19","2,27","6,17","1,17","6,25","6,5","5,75","1,25","1,25",1,6,"3,33",0,4,"5,6","6,75",1,"1,25","6,25","1,25","4,25","3,5","4,25","1,25",2,"1,67","4,24","1,73","1,67","6,5","1,13"
15,MDLAF,71,,,,,67,5,,,9,,,"4,33","5,6","1,25","1,8","3,31","5,18","1,19","2,27","6,17","1,17","6,25","6,5","5,75","1,25","1,25",1,6,"3,33",0,4,"5,6","6,75",1,"1,25","6,25","1,25","4,25","3,5","4,25","1,25",2,"1,67","4,24","1,73","1,67","6,5","1,13"
15,MDLAF,72,,,,,68,5,,,9,,,"4,33","5,6","1,25","1,8","3,31","5,18","1,19","2,27","6,17","1,17","6,25","6,5","5,75","1,25","1,25",1,6,"3,33",0,4,"5,6","6,75",1,"1,25","6,25","1,25","4,25","3,5","4,25","1,25",2,"1,67","4,24","1,73","1,67","6,5","1,13"
15,MDLAF,73,,,,,61,5,,,9,,,"4,33","5,6","1,25","1,8","3,31","5,18","1,19","2,27","6,17","1,17","6,25","6,5","5,75","1,25","1,25",1,6,"3,33",0,4,"5,6","6,75",1,"1,25","6,25","1,25","4,25","3,5","4,25","1,25",2,"1,67","4,24","1,73","1,67","6,5","1,13"
15,MDLAF,74,,,,,64,5,,,9,,,"4,33","5,6","1,25","1,8","3,31","5,18","1,19","2,27","6,17","1,17","6,25","6,5","5,75","1,25","1,25",1,6,"3,33",0,4,"5,6","6,75",1,"1,25","6,25","1,25","4,25","3,5","4,25","1,25",2,"1,67","4,24","1,73","1,67","6,5","1,13"
15,MDLAF,75,,,,,74,5,,,9,,,"4,33","5,6","1,25","1,8","3,31","5,18","1,19","2,27","6,17","1,17","6,25","6,5","5,75","1,25","1,25",1,6,"3,33",0,4,"5,6","6,75",1,"1,25","6,25","1,25","4,25","3,5","4,25","1,25",2,"1,67","4,24","1,73","1,67","6,5","1,13"
15,MDLAF,76,7,"5,5",1,1,75,5,9,,9,1,,"4,33","5,6","1,25","1,8","3,31","5,18","1,19","2,27","6,17","1,17","6,25","6,5","5,75","1,25","1,25",1,6,"3,33",0,4,"5,6","6,75",1,"1,25","6,25","1,25","4,25","3,5","4,25","1,25",2,"1,67","4,24","1,73","1,67","6,5","1,13"
15,MDLAF,77,7,"5,5",1,1,62,5,9,,9,1,,"4,33","5,6","1,25","1,8","3,31","5,18","1,19","2,27","6,17","1,17","6,25","6,5","5,75","1,25","1,25",1,6,"3,33",0,4,"5,6","6,75",1,"1,25","6,25","1,25","4,25","3,5","4,25","1,25",2,"1,67","4,24","1,73","1,67","6,5","1,13"
15,MDLAF,78,7,"5,5",1,1,59,5,9,,9,1,,"4,33","5,6","1,25","1,8","3,31","5,18","1,19","2,27","6,17","1,17","6,25","6,5","5,75","1,25","1,25",1,6,"3,33",0,4,"5,6","6,75",1,"1,25","6,25","1,25","4,25","3,5","4,25","1,25",2,"1,67","4,24","1,73","1,67","6,5","1,13"
15,MDLAF,79,7,"5,5",1,1,62,5,9,,9,1,,"4,33","5,6","1,25","1,8","3,31","5,18","1,19","2,27","6,17","1,17","6,25","6,5","5,75","1,25","1,25",1,6,"3,33",0,4,"5,6","6,75",1,"1,25","6,25","1,25","4,25","3,5","4,25","1,25",2,"1,67","4,24","1,73","1,67","6,5","1,13"
15,MDLAF,80,7,"5,5",1,1,56,5,9,,9,1,,"4,33","5,6","1,25","1,8","3,31","5,18","1,19","2,27","6,17","1,17","6,25","6,5","5,75","1,25","1,25",1,6,"3,33",0,4,"5,6","6,75",1,"1,25","6,25","1,25","4,25","3,5","4,25","1,25",2,"1,67","4,24","1,73","1,67","6,5","1,13"
15,MDLAF,81,7,7,1,1,59,9,8,,1,,,"4,33","5,6","1,25","1,8","3,31","5,18","1,19","2,27","6,17","1,17","6,25","6,5","5,75","1,25","1,25",1,6,"3,33",0,4,"5,6","6,75",1,"1,25","6,25","1,25","4,25","3,5","4,25","1,25",2,"1,67","4,24","1,73","1,67","6,5","1,13"
15,MDLAF,82,7,7,1,1,60,9,8,,1,,,"4,33","5,6","1,25","1,8","3,31","5,18","1,19","2,27","6,17","1,17","6,25","6,5","5,75","1,25","1,25",1,6,"3,33",0,4,"5,6","6,75",1,"1,25","6,25","1,25","4,25","3,5","4,25","1,25",2,"1,67","4,24","1,73","1,67","6,5","1,13"
15,MDLAF,83,7,7,1,1,66,9,8,,1,,,"4,33","5,6","1,25","1,8","3,31","5,18","1,19","2,27","6,17","1,17","6,25","6,5","5,75","1,25","1,25",1,6,"3,33",0,4,"5,6","6,75",1,"1,25","6,25","1,25","4,25","3,5","4,25","1,25",2,"1,67","4,24","1,73","1,67","6,5","1,13"
15,MDLAF,84,7,7,1,1,75,9,8,,1,,,"4,33","5,6","1,25","1,8","3,31","5,18","1,19","2,27","6,17","1,17","6,25","6,5","5,75","1,25","1,25",1,6,"3,33",0,4,"5,6","6,75",1,"1,25","6,25","1,25","4,25","3,5","4,25","1,25",2,"1,67","4,24","1,73","1,67","6,5","1,13"
15,MDLAF,85,7,7,1,1,73,9,8,,1,,,"4,33","5,6","1,25","1,8","3,31","5,18","1,19","2,27","6,17","1,17","6,25","6,5","5,75","1,25","1,25",1,6,"3,33",0,4,"5,6","6,75",1,"1,25","6,25","1,25","4,25","3,5","4,25","1,25",2,"1,67","4,24","1,73","1,67","6,5","1,13"
15,MDLAF,86,7,7,3,1,62,8,,,9,1,,"4,33","5,6","1,25","1,8","3,31","5,18","1,19","2,27","6,17","1,17","6,25","6,5","5,75","1,25","1,25",1,6,"3,33",0,4,"5,6","6,75",1,"1,25","6,25","1,25","4,25","3,5","4,25","1,25",2,"1,67","4,24","1,73","1,67","6,5","1,13"
15,MDLAF,87,7,7,3,1,74,8,,,9,1,,"4,33","5,6","1,25","1,8","3,31","5,18","1,19","2,27","6,17","1,17","6,25","6,5","5,75","1,25","1,25",1,6,"3,33",0,4,"5,6","6,75",1,"1,25","6,25","1,25","4,25","3,5","4,25","1,25",2,"1,67","4,24","1,73","1,67","6,5","1,13"
15,MDLAF,88,7,7,3,1,77,8,,,9,1,,"4,33","5,6","1,25","1,8","3,31","5,18","1,19","2,27","6,17","1,17","6,25","6,5","5,75","1,25","1,25",1,6,"3,33",0,4,"5,6","6,75",1,"1,25","6,25","1,25","4,25","3,5","4,25","1,25",2,"1,67","4,24","1,73","1,67","6,5","1,13"
15,MDLAF,89,7,7,3,1,67,8,,,9,1,,"4,33","5,6","1,25","1,8","3,31","5,18","1,19","2,27","6,17","1,17","6,25","6,5","5,75","1,25","1,25",1,6,"3,33",0,4,"5,6","6,75",1,"1,25","6,25","1,25","4,25","3,5","4,25","1,25",2,"1,67","4,24","1,73","1,67","6,5","1,13"
15,MDLAF,90,7,7,3,1,65,8,,,9,1,,"4,33","5,6","1,25","1,8","3,31","5,18","1,19","2,27","6,17","1,17","6,25","6,5","5,75","1,25","1,25",1,6,"3,33",0,4,"5,6","6,75",1,"1,25","6,25","1,25","4,25","3,5","4,25","1,25",2,"1,67","4,24","1,73","1,67","6,5","1,13"
15,MDLAF,91,5,5,"1,5",1,48,9,,,3,2,,"4,33","5,6","1,25","1,8","3,31","5,18","1,19","2,27","6,17","1,17","6,25","6,5","5,75","1,25","1,25",1,6,"3,33",0,4,"5,6","6,75",1,"1,25","6,25","1,25","4,25","3,5","4,25","1,25",2,"1,67","4,24","1,73","1,67","6,5","1,13"
15,MDLAF,92,5,5,"1,5",1,48,9,,,3,2,,"4,33","5,6","1,25","1,8","3,31","5,18","1,19","2,27","6,17","1,17","6,25","6,5","5,75","1,25","1,25",1,6,"3,33",0,4,"5,6","6,75",1,"1,25","6,25","1,25","4,25","3,5","4,25","1,25",2,"1,67","4,24","1,73","1,67","6,5","1,13"
15,MDLAF,93,5,5,"1,5",1,69,9,,,3,2,,"4,33","5,6","1,25","1,8","3,31","5,18","1,19","2,27","6,17","1,17","6,25","6,5","5,75","1,25","1,25",1,6,"3,33",0,4,"5,6","6,75",1,"1,25","6,25","1,25","4,25","3,5","4,25","1,25",2,"1,67","4,24","1,73","1,67","6,5","1,13"
15,MDLAF,94,5,5,"1,5",1,56,9,,,3,2,,"4,33","5,6","1,25","1,8","3,31","5,18","1,19","2,27","6,17","1,17","6,25","6,5","5,75","1,25","1,25",1,6,"3,33",0,4,"5,6","6,75",1,"1,25","6,25","1,25","4,25","3,5","4,25","1,25",2,"1,67","4,24","1,73","1,67","6,5","1,13"
15,MDLAF,95,5,5,"1,5",1,40,9,,,3,2,,"4,33","5,6","1,25","1,8","3,31","5,18","1,19","2,27","6,17","1,17","6,25","6,5","5,75","1,25","1,25",1,6,"3,33",0,4,"5,6","6,75",1,"1,25","6,25","1,25","4,25","3,5","4,25","1,25",2,"1,67","4,24","1,73","1,67","6,5","1,13"
15,MDLAF,96,5,5,"1,5",1,36,9,,,3,2,,"4,33","5,6","1,25","1,8","3,31","5,18","1,19","2,27","6,17","1,17","6,25","6,5","5,75","1,25","1,25",1,6,"3,33",0,4,"5,6","6,75",1,"1,25","6,25","1,25","4,25","3,5","4,25","1,25",2,"1,67","4,24","1,73","1,67","6,5","1,13"
16,MC,1,"6,333333333","5,666666667",1,1,100,4,,,4,,,"5,83",6,"2,75","1,6","5,31","5,76","2,69","2,2","5,75","2,92",5,7,"5,25",4,"1,25","3,5","3,2","1,67",0,4,"6,4","6,75","1,25","2,5","6,75","1,5","6,25",7,"6,75",6,"5,25","1,33","5,54","2,44","0,83","6,75","1,88"
16,MC,2,"6,333333333","5,666666667",1,1,90,4,,,4,,,"5,83",6,"2,75","1,6","5,31","5,76","2,69","2,2","5,75","2,92",5,7,"5,25",4,"1,25","3,5","3,2","1,67",0,4,"6,4","6,75","1,25","2,5","6,75","1,5","6,25",7,"6,75",6,"5,25","1,33","5,54","2,44","0,83","6,75","1,88"
16,MC,3,"6,333333333","5,666666667",1,1,84,4,,,4,,,"5,83",6,"2,75","1,6","5,31","5,76","2,69","2,2","5,75","2,92",5,7,"5,25",4,"1,25","3,5","3,2","1,67",0,4,"6,4","6,75","1,25","2,5","6,75","1,5","6,25",7,"6,75",6,"5,25","1,33","5,54","2,44","0,83","6,75","1,88"
16,MC,4,"6,333333333","5,666666667",1,1,76,4,,,4,,,"5,83",6,"2,75","1,6","5,31","5,76","2,69","2,2","5,75","2,92",5,7,"5,25",4,"1,25","3,5","3,2","1,67",0,4,"6,4","6,75","1,25","2,5","6,75","1,5","6,25",7,"6,75",6,"5,25","1,33","5,54","2,44","0,83","6,75","1,88"
16,MC,5,"6,333333333","5,666666667",1,1,61,4,,,4,,,"5,83",6,"2,75","1,6","5,31","5,76","2,69","2,2","5,75","2,92",5,7,"5,25",4,"1,25","3,5","3,2","1,67",0,4,"6,4","6,75","1,25","2,5","6,75","1,5","6,25",7,"6,75",6,"5,25","1,33","5,54","2,44","0,83","6,75","1,88"
16,MC,6,"5,5","5,5",1,1,52,3,,,9,,,"5,83",6,"2,75","1,6","5,31","5,76","2,69","2,2","5,75","2,92",5,7,"5,25",4,"1,25","3,5","3,2","1,67",0,4,"6,4","6,75","1,25","2,5","6,75","1,5","6,25",7,"6,75",6,"5,25","1,33","5,54","2,44","0,83","6,75","1,88"
16,MC,7,"5,5","5,5",1,1,53,3,,,9,,,"5,83",6,"2,75","1,6","5,31","5,76","2,69","2,2","5,75","2,92",5,7,"5,25",4,"1,25","3,5","3,2","1,67",0,4,"6,4","6,75","1,25","2,5","6,75","1,5","6,25",7,"6,75",6,"5,25","1,33","5,54","2,44","0,83","6,75","1,88"
16,MC,8,"5,5","5,5",1,1,68,3,,,9,,,"5,83",6,"2,75","1,6","5,31","5,76","2,69","2,2","5,75","2,92",5,7,"5,25",4,"1,25","3,5","3,2","1,67",0,4,"6,4","6,75","1,25","2,5","6,75","1,5","6,25",7,"6,75",6,"5,25","1,33","5,54","2,44","0,83","6,75","1,88"
16,MC,9,"5,5","5,5",1,1,92,3,,,9,,,"5,83",6,"2,75","1,6","5,31","5,76","2,69","2,2","5,75","2,92",5,7,"5,25",4,"1,25","3,5","3,2","1,67",0,4,"6,4","6,75","1,25","2,5","6,75","1,5","6,25",7,"6,75",6,"5,25","1,33","5,54","2,44","0,83","6,75","1,88"
16,MC,10,"5,5","5,5",1,1,86,3,,,9,,,"5,83",6,"2,75","1,6","5,31","5,76","2,69","2,2","5,75","2,92",5,7,"5,25",4,"1,25","3,5","3,2","1,67",0,4,"6,4","6,75","1,25","2,5","6,75","1,5","6,25",7,"6,75",6,"5,25","1,33","5,54","2,44","0,83","6,75","1,88"
16,MC,11,"4,666666667",6,"1,666666667",1,82,5,,,1,8,,"5,83",6,"2,75","1,6","5,31","5,76","2,69","2,2","5,75","2,92",5,7,"5,25",4,"1,25","3,5","3,2","1,67",0,4,"6,4","6,75","1,25","2,5","6,75","1,5","6,25",7,"6,75",6,"5,25","1,33","5,54","2,44","0,83","6,75","1,88"
16,MC,12,"4,666666667",6,"1,666666667",1,66,5,,,1,8,,"5,83",6,"2,75","1,6","5,31","5,76","2,69","2,2","5,75","2,92",5,7,"5,25",4,"1,25","3,5","3,2","1,67",0,4,"6,4","6,75","1,25","2,5","6,75","1,5","6,25",7,"6,75",6,"5,25","1,33","5,54","2,44","0,83","6,75","1,88"
16,MC,13,"4,666666667",6,"1,666666667",1,50,5,,,1,8,,"5,83",6,"2,75","1,6","5,31","5,76","2,69","2,2","5,75","2,92",5,7,"5,25",4,"1,25","3,5","3,2","1,67",0,4,"6,4","6,75","1,25","2,5","6,75","1,5","6,25",7,"6,75",6,"5,25","1,33","5,54","2,44","0,83","6,75","1,88"
16,MC,14,"4,666666667",6,"1,666666667",1,45,5,,,1,8,,"5,83",6,"2,75","1,6","5,31","5,76","2,69","2,2","5,75","2,92",5,7,"5,25",4,"1,25","3,5","3,2","1,67",0,4,"6,4","6,75","1,25","2,5","6,75","1,5","6,25",7,"6,75",6,"5,25","1,33","5,54","2,44","0,83","6,75","1,88"
16,MC,15,"4,666666667",6,"1,666666667",1,42,5,,,1,8,,"5,83",6,"2,75","1,6","5,31","5,76","2,69","2,2","5,75","2,92",5,7,"5,25",4,"1,25","3,5","3,2","1,67",0,4,"6,4","6,75","1,25","2,5","6,75","1,5","6,25",7,"6,75",6,"5,25","1,33","5,54","2,44","0,83","6,75","1,88"
16,MC,16,6,7,2,1,67,7,,,6,,,"5,83",6,"2,75","1,6","5,31","5,76","2,69","2,2","5,75","2,92",5,7,"5,25",4,"1,25","3,5","3,2","1,67",0,4,"6,4","6,75","1,25","2,5","6,75","1,5","6,25",7,"6,75",6,"5,25","1,33","5,54","2,44","0,83","6,75","1,88"
16,MC,17,6,7,2,1,69,7,,,6,,,"5,83",6,"2,75","1,6","5,31","5,76","2,69","2,2","5,75","2,92",5,7,"5,25",4,"1,25","3,5","3,2","1,67",0,4,"6,4","6,75","1,25","2,5","6,75","1,5","6,25",7,"6,75",6,"5,25","1,33","5,54","2,44","0,83","6,75","1,88"
16,MC,18,6,7,2,1,93,7,,,6,,,"5,83",6,"2,75","1,6","5,31","5,76","2,69","2,2","5,75","2,92",5,7,"5,25",4,"1,25","3,5","3,2","1,67",0,4,"6,4","6,75","1,25","2,5","6,75","1,5","6,25",7,"6,75",6,"5,25","1,33","5,54","2,44","0,83","6,75","1,88"
16,MC,19,6,7,2,1,100,7,,,6,,,"5,83",6,"2,75","1,6","5,31","5,76","2,69","2,2","5,75","2,92",5,7,"5,25",4,"1,25","3,5","3,2","1,67",0,4,"6,4","6,75","1,25","2,5","6,75","1,5","6,25",7,"6,75",6,"5,25","1,33","5,54","2,44","0,83","6,75","1,88"
16,MC,20,6,7,2,1,95,7,,,6,,,"5,83",6,"2,75","1,6","5,31","5,76","2,69","2,2","5,75","2,92",5,7,"5,25",4,"1,25","3,5","3,2","1,67",0,4,"6,4","6,75","1,25","2,5","6,75","1,5","6,25",7,"6,75",6,"5,25","1,33","5,54","2,44","0,83","6,75","1,88"
16,MC,21,"6,666666667",7,1,1,95,7,8,,6,,,"5,83",6,"2,75","1,6","5,31","5,76","2,69","2,2","5,75","2,92",5,7,"5,25",4,"1,25","3,5","3,2","1,67",0,4,"6,4","6,75","1,25","2,5","6,75","1,5","6,25",7,"6,75",6,"5,25","1,33","5,54","2,44","0,83","6,75","1,88"
16,MC,22,"6,666666667",7,1,1,99,7,8,,6,,,"5,83",6,"2,75","1,6","5,31","5,76","2,69","2,2","5,75","2,92",5,7,"5,25",4,"1,25","3,5","3,2","1,67",0,4,"6,4","6,75","1,25","2,5","6,75","1,5","6,25",7,"6,75",6,"5,25","1,33","5,54","2,44","0,83","6,75","1,88"
16,MC,23,"6,666666667",7,1,1,94,7,8,,6,,,"5,83",6,"2,75","1,6","5,31","5,76","2,69","2,2","5,75","2,92",5,7,"5,25",4,"1,25","3,5","3,2","1,67",0,4,"6,4","6,75","1,25","2,5","6,75","1,5","6,25",7,"6,75",6,"5,25","1,33","5,54","2,44","0,83","6,75","1,88"
16,MC,24,"6,666666667",7,1,1,87,7,8,,6,,,"5,83",6,"2,75","1,6","5,31","5,76","2,69","2,2","5,75","2,92",5,7,"5,25",4,"1,25","3,5","3,2","1,67",0,4,"6,4","6,75","1,25","2,5","6,75","1,5","6,25",7,"6,75",6,"5,25","1,33","5,54","2,44","0,83","6,75","1,88"
16,MC,25,"6,666666667",7,1,1,78,7,8,,6,,,"5,83",6,"2,75","1,6","5,31","5,76","2,69","2,2","5,75","2,92",5,7,"5,25",4,"1,25","3,5","3,2","1,67",0,4,"6,4","6,75","1,25","2,5","6,75","1,5","6,25",7,"6,75",6,"5,25","1,33","5,54","2,44","0,83","6,75","1,88"
16,MC,26,"6,666666667",7,1,1,82,8,,,6,,,"5,83",6,"2,75","1,6","5,31","5,76","2,69","2,2","5,75","2,92",5,7,"5,25",4,"1,25","3,5","3,2","1,67",0,4,"6,4","6,75","1,25","2,5","6,75","1,5","6,25",7,"6,75",6,"5,25","1,33","5,54","2,44","0,83","6,75","1,88"
16,MC,27,"6,666666667",7,1,1,78,8,,,6,,,"5,83",6,"2,75","1,6","5,31","5,76","2,69","2,2","5,75","2,92",5,7,"5,25",4,"1,25","3,5","3,2","1,67",0,4,"6,4","6,75","1,25","2,5","6,75","1,5","6,25",7,"6,75",6,"5,25","1,33","5,54","2,44","0,83","6,75","1,88"
16,MC,28,"6,666666667",7,1,1,67,8,,,6,,,"5,83",6,"2,75","1,6","5,31","5,76","2,69","2,2","5,75","2,92",5,7,"5,25",4,"1,25","3,5","3,2","1,67",0,4,"6,4","6,75","1,25","2,5","6,75","1,5","6,25",7,"6,75",6,"5,25","1,33","5,54","2,44","0,83","6,75","1,88"
16,MC,29,"6,666666667",7,1,1,65,8,,,6,,,"5,83",6,"2,75","1,6","5,31","5,76","2,69","2,2","5,75","2,92",5,7,"5,25",4,"1,25","3,5","3,2","1,67",0,4,"6,4","6,75","1,25","2,5","6,75","1,5","6,25",7,"6,75",6,"5,25","1,33","5,54","2,44","0,83","6,75","1,88"
16,MC,30,"6,666666667",7,1,1,60,8,,,6,,,"5,83",6,"2,75","1,6","5,31","5,76","2,69","2,2","5,75","2,92",5,7,"5,25",4,"1,25","3,5","3,2","1,67",0,4,"6,4","6,75","1,25","2,5","6,75","1,5","6,25",7,"6,75",6,"5,25","1,33","5,54","2,44","0,83","6,75","1,88"
16,MC,31,7,"6,666666667",1,1,57,8,,,6,,,"5,83",6,"2,75","1,6","5,31","5,76","2,69","2,2","5,75","2,92",5,7,"5,25",4,"1,25","3,5","3,2","1,67",0,4,"6,4","6,75","1,25","2,5","6,75","1,5","6,25",7,"6,75",6,"5,25","1,33","5,54","2,44","0,83","6,75","1,88"
16,MC,32,7,"6,666666667",1,1,52,8,,,6,,,"5,83",6,"2,75","1,6","5,31","5,76","2,69","2,2","5,75","2,92",5,7,"5,25",4,"1,25","3,5","3,2","1,67",0,4,"6,4","6,75","1,25","2,5","6,75","1,5","6,25",7,"6,75",6,"5,25","1,33","5,54","2,44","0,83","6,75","1,88"
16,MC,33,7,"6,666666667",1,1,52,8,,,6,,,"5,83",6,"2,75","1,6","5,31","5,76","2,69","2,2","5,75","2,92",5,7,"5,25",4,"1,25","3,5","3,2","1,67",0,4,"6,4","6,75","1,25","2,5","6,75","1,5","6,25",7,"6,75",6,"5,25","1,33","5,54","2,44","0,83","6,75","1,88"
16,MC,34,7,"6,666666667",1,1,51,8,,,6,,,"5,83",6,"2,75","1,6","5,31","5,76","2,69","2,2","5,75","2,92",5,7,"5,25",4,"1,25","3,5","3,2","1,67",0,4,"6,4","6,75","1,25","2,5","6,75","1,5","6,25",7,"6,75",6,"5,25","1,33","5,54","2,44","0,83","6,75","1,88"
16,MC,35,7,"6,666666667",1,1,50,8,,,6,,,"5,83",6,"2,75","1,6","5,31","5,76","2,69","2,2","5,75","2,92",5,7,"5,25",4,"1,25","3,5","3,2","1,67",0,4,"6,4","6,75","1,25","2,5","6,75","1,5","6,25",7,"6,75",6,"5,25","1,33","5,54","2,44","0,83","6,75","1,88"
16,MC,36,"4,666666667",7,"2,333333333",1,46,8,,,5,6,,"5,83",6,"2,75","1,6","5,31","5,76","2,69","2,2","5,75","2,92",5,7,"5,25",4,"1,25","3,5","3,2","1,67",0,4,"6,4","6,75","1,25","2,5","6,75","1,5","6,25",7,"6,75",6,"5,25","1,33","5,54","2,44","0,83","6,75","1,88"
16,MC,37,"4,666666667",7,"2,333333333",1,49,8,,,5,6,,"5,83",6,"2,75","1,6","5,31","5,76","2,69","2,2","5,75","2,92",5,7,"5,25",4,"1,25","3,5","3,2","1,67",0,4,"6,4","6,75","1,25","2,5","6,75","1,5","6,25",7,"6,75",6,"5,25","1,33","5,54","2,44","0,83","6,75","1,88"
16,MC,38,"4,666666667",7,"2,333333333",1,75,8,,,5,6,,"5,83",6,"2,75","1,6","5,31","5,76","2,69","2,2","5,75","2,92",5,7,"5,25",4,"1,25","3,5","3,2","1,67",0,4,"6,4","6,75","1,25","2,5","6,75","1,5","6,25",7,"6,75",6,"5,25","1,33","5,54","2,44","0,83","6,75","1,88"
16,MC,39,"4,666666667",7,"2,333333333",1,74,8,,,5,6,,"5,83",6,"2,75","1,6","5,31","5,76","2,69","2,2","5,75","2,92",5,7,"5,25",4,"1,25","3,5","3,2","1,67",0,4,"6,4","6,75","1,25","2,5","6,75","1,5","6,25",7,"6,75",6,"5,25","1,33","5,54","2,44","0,83","6,75","1,88"
16,MC,40,"4,666666667",7,"2,333333333",1,66,8,,,5,6,,"5,83",6,"2,75","1,6","5,31","5,76","2,69","2,2","5,75","2,92",5,7,"5,25",4,"1,25","3,5","3,2","1,67",0,4,"6,4","6,75","1,25","2,5","6,75","1,5","6,25",7,"6,75",6,"5,25","1,33","5,54","2,44","0,83","6,75","1,88"
16,MC,41,6,"6,333333333",1,1,61,8,,,6,,,"5,83",6,"2,75","1,6","5,31","5,76","2,69","2,2","5,75","2,92",5,7,"5,25",4,"1,25","3,5","3,2","1,67",0,4,"6,4","6,75","1,25","2,5","6,75","1,5","6,25",7,"6,75",6,"5,25","1,33","5,54","2,44","0,83","6,75","1,88"
16,MC,42,6,"6,333333333",1,1,61,8,,,6,,,"5,83",6,"2,75","1,6","5,31","5,76","2,69","2,2","5,75","2,92",5,7,"5,25",4,"1,25","3,5","3,2","1,67",0,4,"6,4","6,75","1,25","2,5","6,75","1,5","6,25",7,"6,75",6,"5,25","1,33","5,54","2,44","0,83","6,75","1,88"
16,MC,43,6,"6,333333333",1,1,44,8,,,6,,,"5,83",6,"2,75","1,6","5,31","5,76","2,69","2,2","5,75","2,92",5,7,"5,25",4,"1,25","3,5","3,2","1,67",0,4,"6,4","6,75","1,25","2,5","6,75","1,5","6,25",7,"6,75",6,"5,25","1,33","5,54","2,44","0,83","6,75","1,88"
16,MC,44,6,"6,333333333",1,1,56,8,,,6,,,"5,83",6,"2,75","1,6","5,31","5,76","2,69","2,2","5,75","2,92",5,7,"5,25",4,"1,25","3,5","3,2","1,67",0,4,"6,4","6,75","1,25","2,5","6,75","1,5","6,25",7,"6,75",6,"5,25","1,33","5,54","2,44","0,83","6,75","1,88"
16,MC,45,6,"6,333333333",1,1,60,8,,,6,,,"5,83",6,"2,75","1,6","5,31","5,76","2,69","2,2","5,75","2,92",5,7,"5,25",4,"1,25","3,5","3,2","1,67",0,4,"6,4","6,75","1,25","2,5","6,75","1,5","6,25",7,"6,75",6,"5,25","1,33","5,54","2,44","0,83","6,75","1,88"
16,MC,46,7,7,1,1,58,8,,,6,1,,"5,83",6,"2,75","1,6","5,31","5,76","2,69","2,2","5,75","2,92",5,7,"5,25",4,"1,25","3,5","3,2","1,67",0,4,"6,4","6,75","1,25","2,5","6,75","1,5","6,25",7,"6,75",6,"5,25","1,33","5,54","2,44","0,83","6,75","1,88"
16,MC,47,7,7,1,1,58,8,,,6,1,,"5,83",6,"2,75","1,6","5,31","5,76","2,69","2,2","5,75","2,92",5,7,"5,25",4,"1,25","3,5","3,2","1,67",0,4,"6,4","6,75","1,25","2,5","6,75","1,5","6,25",7,"6,75",6,"5,25","1,33","5,54","2,44","0,83","6,75","1,88"
16,MC,48,7,7,1,1,64,8,,,6,1,,"5,83",6,"2,75","1,6","5,31","5,76","2,69","2,2","5,75","2,92",5,7,"5,25",4,"1,25","3,5","3,2","1,67",0,4,"6,4","6,75","1,25","2,5","6,75","1,5","6,25",7,"6,75",6,"5,25","1,33","5,54","2,44","0,83","6,75","1,88"
16,MC,49,7,7,1,1,68,8,,,6,1,,"5,83",6,"2,75","1,6","5,31","5,76","2,69","2,2","5,75","2,92",5,7,"5,25",4,"1,25","3,5","3,2","1,67",0,4,"6,4","6,75","1,25","2,5","6,75","1,5","6,25",7,"6,75",6,"5,25","1,33","5,54","2,44","0,83","6,75","1,88"
16,MC,50,7,7,1,1,100,8,,,6,1,,"5,83",6,"2,75","1,6","5,31","5,76","2,69","2,2","5,75","2,92",5,7,"5,25",4,"1,25","3,5","3,2","1,67",0,4,"6,4","6,75","1,25","2,5","6,75","1,5","6,25",7,"6,75",6,"5,25","1,33","5,54","2,44","0,83","6,75","1,88"
16,MC,51,6,"6,666666667",2,1,100,5,,,,,,"5,83",6,"2,75","1,6","5,31","5,76","2,69","2,2","5,75","2,92",5,7,"5,25",4,"1,25","3,5","3,2","1,67",0,4,"6,4","6,75","1,25","2,5","6,75","1,5","6,25",7,"6,75",6,"5,25","1,33","5,54","2,44","0,83","6,75","1,88"
16,MC,52,6,"6,666666667",2,1,100,5,,,,,,"5,83",6,"2,75","1,6","5,31","5,76","2,69","2,2","5,75","2,92",5,7,"5,25",4,"1,25","3,5","3,2","1,67",0,4,"6,4","6,75","1,25","2,5","6,75","1,5","6,25",7,"6,75",6,"5,25","1,33","5,54","2,44","0,83","6,75","1,88"
16,MC,53,6,"6,666666667",2,1,100,5,,,,,,"5,83",6,"2,75","1,6","5,31","5,76","2,69","2,2","5,75","2,92",5,7,"5,25",4,"1,25","3,5","3,2","1,67",0,4,"6,4","6,75","1,25","2,5","6,75","1,5","6,25",7,"6,75",6,"5,25","1,33","5,54","2,44","0,83","6,75","1,88"
16,MC,54,6,"6,666666667",2,1,100,5,,,,,,"5,83",6,"2,75","1,6","5,31","5,76","2,69","2,2","5,75","2,92",5,7,"5,25",4,"1,25","3,5","3,2","1,67",0,4,"6,4","6,75","1,25","2,5","6,75","1,5","6,25",7,"6,75",6,"5,25","1,33","5,54","2,44","0,83","6,75","1,88"
16,MC,55,6,"6,666666667",2,1,97,5,,,,,,"5,83",6,"2,75","1,6","5,31","5,76","2,69","2,2","5,75","2,92",5,7,"5,25",4,"1,25","3,5","3,2","1,67",0,4,"6,4","6,75","1,25","2,5","6,75","1,5","6,25",7,"6,75",6,"5,25","1,33","5,54","2,44","0,83","6,75","1,88"
16,MC,56,7,7,"2,5",1,87,5,,,8,,,"5,83",6,"2,75","1,6","5,31","5,76","2,69","2,2","5,75","2,92",5,7,"5,25",4,"1,25","3,5","3,2","1,67",0,4,"6,4","6,75","1,25","2,5","6,75","1,5","6,25",7,"6,75",6,"5,25","1,33","5,54","2,44","0,83","6,75","1,88"
16,MC,57,7,7,"2,5",1,87,5,,,8,,,"5,83",6,"2,75","1,6","5,31","5,76","2,69","2,2","5,75","2,92",5,7,"5,25",4,"1,25","3,5","3,2","1,67",0,4,"6,4","6,75","1,25","2,5","6,75","1,5","6,25",7,"6,75",6,"5,25","1,33","5,54","2,44","0,83","6,75","1,88"
16,MC,58,7,7,"2,5",1,89,5,,,8,,,"5,83",6,"2,75","1,6","5,31","5,76","2,69","2,2","5,75","2,92",5,7,"5,25",4,"1,25","3,5","3,2","1,67",0,4,"6,4","6,75","1,25","2,5","6,75","1,5","6,25",7,"6,75",6,"5,25","1,33","5,54","2,44","0,83","6,75","1,88"
16,MC,59,7,7,"2,5",1,88,5,,,8,,,"5,83",6,"2,75","1,6","5,31","5,76","2,69","2,2","5,75","2,92",5,7,"5,25",4,"1,25","3,5","3,2","1,67",0,4,"6,4","6,75","1,25","2,5","6,75","1,5","6,25",7,"6,75",6,"5,25","1,33","5,54","2,44","0,83","6,75","1,88"
16,MC,60,7,7,"2,5",1,88,5,,,8,,,"5,83",6,"2,75","1,6","5,31","5,76","2,69","2,2","5,75","2,92",5,7,"5,25",4,"1,25","3,5","3,2","1,67",0,4,"6,4","6,75","1,25","2,5","6,75","1,5","6,25",7,"6,75",6,"5,25","1,33","5,54","2,44","0,83","6,75","1,88"
16,MC,61,7,"6,666666667","1,5",1,100,5,,,8,,,"5,83",6,"2,75","1,6","5,31","5,76","2,69","2,2","5,75","2,92",5,7,"5,25",4,"1,25","3,5","3,2","1,67",0,4,"6,4","6,75","1,25","2,5","6,75","1,5","6,25",7,"6,75",6,"5,25","1,33","5,54","2,44","0,83","6,75","1,88"
16,MC,62,7,"6,666666667","1,5",1,100,5,,,8,,,"5,83",6,"2,75","1,6","5,31","5,76","2,69","2,2","5,75","2,92",5,7,"5,25",4,"1,25","3,5","3,2","1,67",0,4,"6,4","6,75","1,25","2,5","6,75","1,5","6,25",7,"6,75",6,"5,25","1,33","5,54","2,44","0,83","6,75","1,88"
16,MC,63,7,"6,666666667","1,5",1,100,5,,,8,,,"5,83",6,"2,75","1,6","5,31","5,76","2,69","2,2","5,75","2,92",5,7,"5,25",4,"1,25","3,5","3,2","1,67",0,4,"6,4","6,75","1,25","2,5","6,75","1,5","6,25",7,"6,75",6,"5,25","1,33","5,54","2,44","0,83","6,75","1,88"
16,MC,64,7,"6,666666667","1,5",1,100,5,,,8,,,"5,83",6,"2,75","1,6","5,31","5,76","2,69","2,2","5,75","2,92",5,7,"5,25",4,"1,25","3,5","3,2","1,67",0,4,"6,4","6,75","1,25","2,5","6,75","1,5","6,25",7,"6,75",6,"5,25","1,33","5,54","2,44","0,83","6,75","1,88"
16,MC,65,7,"6,666666667","1,5",1,100,5,,,8,,,"5,83",6,"2,75","1,6","5,31","5,76","2,69","2,2","5,75","2,92",5,7,"5,25",4,"1,25","3,5","3,2","1,67",0,4,"6,4","6,75","1,25","2,5","6,75","1,5","6,25",7,"6,75",6,"5,25","1,33","5,54","2,44","0,83","6,75","1,88"
16,MC,66,7,7,"1,5",1,100,5,,,8,6,,"5,83",6,"2,75","1,6","5,31","5,76","2,69","2,2","5,75","2,92",5,7,"5,25",4,"1,25","3,5","3,2","1,67",0,4,"6,4","6,75","1,25","2,5","6,75","1,5","6,25",7,"6,75",6,"5,25","1,33","5,54","2,44","0,83","6,75","1,88"
16,MC,67,7,7,"1,5",1,100,5,,,8,6,,"5,83",6,"2,75","1,6","5,31","5,76","2,69","2,2","5,75","2,92",5,7,"5,25",4,"1,25","3,5","3,2","1,67",0,4,"6,4","6,75","1,25","2,5","6,75","1,5","6,25",7,"6,75",6,"5,25","1,33","5,54","2,44","0,83","6,75","1,88"
16,MC,68,7,7,"1,5",1,100,5,,,8,6,,"5,83",6,"2,75","1,6","5,31","5,76","2,69","2,2","5,75","2,92",5,7,"5,25",4,"1,25","3,5","3,2","1,67",0,4,"6,4","6,75","1,25","2,5","6,75","1,5","6,25",7,"6,75",6,"5,25","1,33","5,54","2,44","0,83","6,75","1,88"
16,MC,69,7,7,"1,5",1,100,5,,,8,6,,"5,83",6,"2,75","1,6","5,31","5,76","2,69","2,2","5,75","2,92",5,7,"5,25",4,"1,25","3,5","3,2","1,67",0,4,"6,4","6,75","1,25","2,5","6,75","1,5","6,25",7,"6,75",6,"5,25","1,33","5,54","2,44","0,83","6,75","1,88"
16,MC,70,7,7,"1,5",1,82,5,,,8,6,,"5,83",6,"2,75","1,6","5,31","5,76","2,69","2,2","5,75","2,92",5,7,"5,25",4,"1,25","3,5","3,2","1,67",0,4,"6,4","6,75","1,25","2,5","6,75","1,5","6,25",7,"6,75",6,"5,25","1,33","5,54","2,44","0,83","6,75","1,88"
16,MC,71,7,7,"3,5",1,74,5,,,9,,,"5,83",6,"2,75","1,6","5,31","5,76","2,69","2,2","5,75","2,92",5,7,"5,25",4,"1,25","3,5","3,2","1,67",0,4,"6,4","6,75","1,25","2,5","6,75","1,5","6,25",7,"6,75",6,"5,25","1,33","5,54","2,44","0,83","6,75","1,88"
16,MC,72,7,7,"3,5",1,72,5,,,9,,,"5,83",6,"2,75","1,6","5,31","5,76","2,69","2,2","5,75","2,92",5,7,"5,25",4,"1,25","3,5","3,2","1,67",0,4,"6,4","6,75","1,25","2,5","6,75","1,5","6,25",7,"6,75",6,"5,25","1,33","5,54","2,44","0,83","6,75","1,88"
16,MC,73,7,7,"3,5",1,69,5,,,9,,,"5,83",6,"2,75","1,6","5,31","5,76","2,69","2,2","5,75","2,92",5,7,"5,25",4,"1,25","3,5","3,2","1,67",0,4,"6,4","6,75","1,25","2,5","6,75","1,5","6,25",7,"6,75",6,"5,25","1,33","5,54","2,44","0,83","6,75","1,88"
16,MC,74,7,7,"3,5",1,74,5,,,9,,,"5,83",6,"2,75","1,6","5,31","5,76","2,69","2,2","5,75","2,92",5,7,"5,25",4,"1,25","3,5","3,2","1,67",0,4,"6,4","6,75","1,25","2,5","6,75","1,5","6,25",7,"6,75",6,"5,25","1,33","5,54","2,44","0,83","6,75","1,88"
16,MC,75,7,7,"3,5",1,72,5,,,9,,,"5,83",6,"2,75","1,6","5,31","5,76","2,69","2,2","5,75","2,92",5,7,"5,25",4,"1,25","3,5","3,2","1,67",0,4,"6,4","6,75","1,25","2,5","6,75","1,5","6,25",7,"6,75",6,"5,25","1,33","5,54","2,44","0,83","6,75","1,88"
16,MC,76,"6,666666667",7,"1,333333333",1,72,5,,,5,,,"5,83",6,"2,75","1,6","5,31","5,76","2,69","2,2","5,75","2,92",5,7,"5,25",4,"1,25","3,5","3,2","1,67",0,4,"6,4","6,75","1,25","2,5","6,75","1,5","6,25",7,"6,75",6,"5,25","1,33","5,54","2,44","0,83","6,75","1,88"
16,MC,77,"6,666666667",7,"1,333333333",1,71,5,,,5,,,"5,83",6,"2,75","1,6","5,31","5,76","2,69","2,2","5,75","2,92",5,7,"5,25",4,"1,25","3,5","3,2","1,67",0,4,"6,4","6,75","1,25","2,5","6,75","1,5","6,25",7,"6,75",6,"5,25","1,33","5,54","2,44","0,83","6,75","1,88"
16,MC,78,"6,666666667",7,"1,333333333",1,70,5,,,5,,,"5,83",6,"2,75","1,6","5,31","5,76","2,69","2,2","5,75","2,92",5,7,"5,25",4,"1,25","3,5","3,2","1,67",0,4,"6,4","6,75","1,25","2,5","6,75","1,5","6,25",7,"6,75",6,"5,25","1,33","5,54","2,44","0,83","6,75","1,88"
16,MC,79,"6,666666667",7,"1,333333333",1,63,5,,,5,,,"5,83",6,"2,75","1,6","5,31","5,76","2,69","2,2","5,75","2,92",5,7,"5,25",4,"1,25","3,5","3,2","1,67",0,4,"6,4","6,75","1,25","2,5","6,75","1,5","6,25",7,"6,75",6,"5,25","1,33","5,54","2,44","0,83","6,75","1,88"
16,MC,80,"6,666666667",7,"1,333333333",1,69,5,,,5,,,"5,83",6,"2,75","1,6","5,31","5,76","2,69","2,2","5,75","2,92",5,7,"5,25",4,"1,25","3,5","3,2","1,67",0,4,"6,4","6,75","1,25","2,5","6,75","1,5","6,25",7,"6,75",6,"5,25","1,33","5,54","2,44","0,83","6,75","1,88"
16,MC,81,6,7,1,1,70,5,,,6,,,"5,83",6,"2,75","1,6","5,31","5,76","2,69","2,2","5,75","2,92",5,7,"5,25",4,"1,25","3,5","3,2","1,67",0,4,"6,4","6,75","1,25","2,5","6,75","1,5","6,25",7,"6,75",6,"5,25","1,33","5,54","2,44","0,83","6,75","1,88"
16,MC,82,6,7,1,1,67,5,,,6,,,"5,83",6,"2,75","1,6","5,31","5,76","2,69","2,2","5,75","2,92",5,7,"5,25",4,"1,25","3,5","3,2","1,67",0,4,"6,4","6,75","1,25","2,5","6,75","1,5","6,25",7,"6,75",6,"5,25","1,33","5,54","2,44","0,83","6,75","1,88"
16,MC,83,6,7,1,1,77,5,,,6,,,"5,83",6,"2,75","1,6","5,31","5,76","2,69","2,2","5,75","2,92",5,7,"5,25",4,"1,25","3,5","3,2","1,67",0,4,"6,4","6,75","1,25","2,5","6,75","1,5","6,25",7,"6,75",6,"5,25","1,33","5,54","2,44","0,83","6,75","1,88"
16,MC,84,6,7,1,1,91,5,,,6,,,"5,83",6,"2,75","1,6","5,31","5,76","2,69","2,2","5,75","2,92",5,7,"5,25",4,"1,25","3,5","3,2","1,67",0,4,"6,4","6,75","1,25","2,5","6,75","1,5","6,25",7,"6,75",6,"5,25","1,33","5,54","2,44","0,83","6,75","1,88"
16,MC,85,6,7,1,1,100,5,,,6,,,"5,83",6,"2,75","1,6","5,31","5,76","2,69","2,2","5,75","2,92",5,7,"5,25",4,"1,25","3,5","3,2","1,67",0,4,"6,4","6,75","1,25","2,5","6,75","1,5","6,25",7,"6,75",6,"5,25","1,33","5,54","2,44","0,83","6,75","1,88"
16,MC,86,"6,5",7,2,1,100,5,,,5,8,,"5,83",6,"2,75","1,6","5,31","5,76","2,69","2,2","5,75","2,92",5,7,"5,25",4,"1,25","3,5","3,2","1,67",0,4,"6,4","6,75","1,25","2,5","6,75","1,5","6,25",7,"6,75",6,"5,25","1,33","5,54","2,44","0,83","6,75","1,88"
16,MC,87,"6,5",7,2,1,100,5,,,5,8,,"5,83",6,"2,75","1,6","5,31","5,76","2,69","2,2","5,75","2,92",5,7,"5,25",4,"1,25","3,5","3,2","1,67",0,4,"6,4","6,75","1,25","2,5","6,75","1,5","6,25",7,"6,75",6,"5,25","1,33","5,54","2,44","0,83","6,75","1,88"
16,MC,88,"6,5",7,2,1,100,5,,,5,8,,"5,83",6,"2,75","1,6","5,31","5,76","2,69","2,2","5,75","2,92",5,7,"5,25",4,"1,25","3,5","3,2","1,67",0,4,"6,4","6,75","1,25","2,5","6,75","1,5","6,25",7,"6,75",6,"5,25","1,33","5,54","2,44","0,83","6,75","1,88"
16,MC,89,"6,5",7,2,1,100,5,,,5,8,,"5,83",6,"2,75","1,6","5,31","5,76","2,69","2,2","5,75","2,92",5,7,"5,25",4,"1,25","3,5","3,2","1,67",0,4,"6,4","6,75","1,25","2,5","6,75","1,5","6,25",7,"6,75",6,"5,25","1,33","5,54","2,44","0,83","6,75","1,88"
16,MC,90,"6,5",7,2,1,100,5,,,5,8,,"5,83",6,"2,75","1,6","5,31","5,76","2,69","2,2","5,75","2,92",5,7,"5,25",4,"1,25","3,5","3,2","1,67",0,4,"6,4","6,75","1,25","2,5","6,75","1,5","6,25",7,"6,75",6,"5,25","1,33","5,54","2,44","0,83","6,75","1,88"
16,MC,91,"6,5",7,2,,100,5,,,5,8,,"5,83",6,"2,75","1,6","5,31","5,76","2,69","2,2","5,75","2,92",5,7,"5,25",4,"1,25","3,5","3,2","1,67",0,4,"6,4","6,75","1,25","2,5","6,75","1,5","6,25",7,"6,75",6,"5,25","1,33","5,54","2,44","0,83","6,75","1,88"
16,MC,92,"6,5",7,2,,100,5,,,5,8,,"5,83",6,"2,75","1,6","5,31","5,76","2,69","2,2","5,75","2,92",5,7,"5,25",4,"1,25","3,5","3,2","1,67",0,4,"6,4","6,75","1,25","2,5","6,75","1,5","6,25",7,"6,75",6,"5,25","1,33","5,54","2,44","0,83","6,75","1,88"
16,MC,93,"6,5",7,2,,100,5,,,5,8,,"5,83",6,"2,75","1,6","5,31","5,76","2,69","2,2","5,75","2,92",5,7,"5,25",4,"1,25","3,5","3,2","1,67",0,4,"6,4","6,75","1,25","2,5","6,75","1,5","6,25",7,"6,75",6,"5,25","1,33","5,54","2,44","0,83","6,75","1,88"
17,RA,1,6,7,1,1,78,5,,,9,,,"5,5","6,4",2,2,"4,06","5,47","2,31","3,53","6,25","3,33","6,5",7,"5,25","3,75","2,5","3,75",7,"2,67",0,"5,67",7,7,1,2,7,"1,25","6,5","5,75","6,25","3,75","1,5",2,"4,77","2,92","1,33",7,"1,5"
17,RA,2,6,7,1,1,91,5,,,9,,,"5,5","6,4",2,2,"4,06","5,47","2,31","3,53","6,25","3,33","6,5",7,"5,25","3,75","2,5","3,75",7,"2,67",0,"5,67",7,7,1,2,7,"1,25","6,5","5,75","6,25","3,75","1,5",2,"4,77","2,92","1,33",7,"1,5"
17,RA,3,6,7,1,1,88,5,,,9,,,"5,5","6,4",2,2,"4,06","5,47","2,31","3,53","6,25","3,33","6,5",7,"5,25","3,75","2,5","3,75",7,"2,67",0,"5,67",7,7,1,2,7,"1,25","6,5","5,75","6,25","3,75","1,5",2,"4,77","2,92","1,33",7,"1,5"
17,RA,4,6,7,1,1,70,5,,,9,,,"5,5","6,4",2,2,"4,06","5,47","2,31","3,53","6,25","3,33","6,5",7,"5,25","3,75","2,5","3,75",7,"2,67",0,"5,67",7,7,1,2,7,"1,25","6,5","5,75","6,25","3,75","1,5",2,"4,77","2,92","1,33",7,"1,5"
17,RA,5,6,7,1,1,58,5,,,9,,,"5,5","6,4",2,2,"4,06","5,47","2,31","3,53","6,25","3,33","6,5",7,"5,25","3,75","2,5","3,75",7,"2,67",0,"5,67",7,7,1,2,7,"1,25","6,5","5,75","6,25","3,75","1,5",2,"4,77","2,92","1,33",7,"1,5"
17,RA,6,6,7,1,1,68,5,,,8,9,,"5,5","6,4",2,2,"4,06","5,47","2,31","3,53","6,25","3,33","6,5",7,"5,25","3,75","2,5","3,75",7,"2,67",0,"5,67",7,7,1,2,7,"1,25","6,5","5,75","6,25","3,75","1,5",2,"4,77","2,92","1,33",7,"1,5"
17,RA,7,6,7,1,1,70,5,,,8,9,,"5,5","6,4",2,2,"4,06","5,47","2,31","3,53","6,25","3,33","6,5",7,"5,25","3,75","2,5","3,75",7,"2,67",0,"5,67",7,7,1,2,7,"1,25","6,5","5,75","6,25","3,75","1,5",2,"4,77","2,92","1,33",7,"1,5"
17,RA,8,6,7,1,1,59,5,,,8,9,,"5,5","6,4",2,2,"4,06","5,47","2,31","3,53","6,25","3,33","6,5",7,"5,25","3,75","2,5","3,75",7,"2,67",0,"5,67",7,7,1,2,7,"1,25","6,5","5,75","6,25","3,75","1,5",2,"4,77","2,92","1,33",7,"1,5"
17,RA,9,6,7,1,1,53,5,,,8,9,,"5,5","6,4",2,2,"4,06","5,47","2,31","3,53","6,25","3,33","6,5",7,"5,25","3,75","2,5","3,75",7,"2,67",0,"5,67",7,7,1,2,7,"1,25","6,5","5,75","6,25","3,75","1,5",2,"4,77","2,92","1,33",7,"1,5"
17,RA,10,6,7,1,1,56,5,,,8,9,,"5,5","6,4",2,2,"4,06","5,47","2,31","3,53","6,25","3,33","6,5",7,"5,25","3,75","2,5","3,75",7,"2,67",0,"5,67",7,7,1,2,7,"1,25","6,5","5,75","6,25","3,75","1,5",2,"4,77","2,92","1,33",7,"1,5"
17,RA,11,"6,666666667",7,1,1,49,5,,,6,,,"5,5","6,4",2,2,"4,06","5,47","2,31","3,53","6,25","3,33","6,5",7,"5,25","3,75","2,5","3,75",7,"2,67",0,"5,67",7,7,1,2,7,"1,25","6,5","5,75","6,25","3,75","1,5",2,"4,77","2,92","1,33",7,"1,5"
17,RA,12,"6,666666667",7,1,1,65,5,,,6,,,"5,5","6,4",2,2,"4,06","5,47","2,31","3,53","6,25","3,33","6,5",7,"5,25","3,75","2,5","3,75",7,"2,67",0,"5,67",7,7,1,2,7,"1,25","6,5","5,75","6,25","3,75","1,5",2,"4,77","2,92","1,33",7,"1,5"
17,RA,13,"6,666666667",7,1,1,58,5,,,6,,,"5,5","6,4",2,2,"4,06","5,47","2,31","3,53","6,25","3,33","6,5",7,"5,25","3,75","2,5","3,75",7,"2,67",0,"5,67",7,7,1,2,7,"1,25","6,5","5,75","6,25","3,75","1,5",2,"4,77","2,92","1,33",7,"1,5"
17,RA,14,"6,666666667",7,1,1,68,5,,,6,,,"5,5","6,4",2,2,"4,06","5,47","2,31","3,53","6,25","3,33","6,5",7,"5,25","3,75","2,5","3,75",7,"2,67",0,"5,67",7,7,1,2,7,"1,25","6,5","5,75","6,25","3,75","1,5",2,"4,77","2,92","1,33",7,"1,5"
17,RA,15,"6,666666667",7,1,1,64,5,,,6,,,"5,5","6,4",2,2,"4,06","5,47","2,31","3,53","6,25","3,33","6,5",7,"5,25","3,75","2,5","3,75",7,"2,67",0,"5,67",7,7,1,2,7,"1,25","6,5","5,75","6,25","3,75","1,5",2,"4,77","2,92","1,33",7,"1,5"
17,RA,16,6,7,1,1,81,5,,,9,,,"5,5","6,4",2,2,"4,06","5,47","2,31","3,53","6,25","3,33","6,5",7,"5,25","3,75","2,5","3,75",7,"2,67",0,"5,67",7,7,1,2,7,"1,25","6,5","5,75","6,25","3,75","1,5",2,"4,77","2,92","1,33",7,"1,5"
17,RA,17,6,7,1,1,81,5,,,9,,,"5,5","6,4",2,2,"4,06","5,47","2,31","3,53","6,25","3,33","6,5",7,"5,25","3,75","2,5","3,75",7,"2,67",0,"5,67",7,7,1,2,7,"1,25","6,5","5,75","6,25","3,75","1,5",2,"4,77","2,92","1,33",7,"1,5"
17,RA,18,6,7,1,1,77,5,,,9,,,"5,5","6,4",2,2,"4,06","5,47","2,31","3,53","6,25","3,33","6,5",7,"5,25","3,75","2,5","3,75",7,"2,67",0,"5,67",7,7,1,2,7,"1,25","6,5","5,75","6,25","3,75","1,5",2,"4,77","2,92","1,33",7,"1,5"
17,RA,19,6,7,1,1,60,5,,,9,,,"5,5","6,4",2,2,"4,06","5,47","2,31","3,53","6,25","3,33","6,5",7,"5,25","3,75","2,5","3,75",7,"2,67",0,"5,67",7,7,1,2,7,"1,25","6,5","5,75","6,25","3,75","1,5",2,"4,77","2,92","1,33",7,"1,5"
17,RA,20,6,7,1,1,76,5,,,9,,,"5,5","6,4",2,2,"4,06","5,47","2,31","3,53","6,25","3,33","6,5",7,"5,25","3,75","2,5","3,75",7,"2,67",0,"5,67",7,7,1,2,7,"1,25","6,5","5,75","6,25","3,75","1,5",2,"4,77","2,92","1,33",7,"1,5"
17,RA,21,"6,666666667",7,1,1,71,5,,,6,,,"5,5","6,4",2,2,"4,06","5,47","2,31","3,53","6,25","3,33","6,5",7,"5,25","3,75","2,5","3,75",7,"2,67",0,"5,67",7,7,1,2,7,"1,25","6,5","5,75","6,25","3,75","1,5",2,"4,77","2,92","1,33",7,"1,5"
17,RA,22,"6,666666667",7,1,1,79,5,,,6,,,"5,5","6,4",2,2,"4,06","5,47","2,31","3,53","6,25","3,33","6,5",7,"5,25","3,75","2,5","3,75",7,"2,67",0,"5,67",7,7,1,2,7,"1,25","6,5","5,75","6,25","3,75","1,5",2,"4,77","2,92","1,33",7,"1,5"
17,RA,23,"6,666666667",7,1,1,93,5,,,6,,,"5,5","6,4",2,2,"4,06","5,47","2,31","3,53","6,25","3,33","6,5",7,"5,25","3,75","2,5","3,75",7,"2,67",0,"5,67",7,7,1,2,7,"1,25","6,5","5,75","6,25","3,75","1,5",2,"4,77","2,92","1,33",7,"1,5"
17,RA,24,"6,666666667",7,1,1,100,5,,,6,,,"5,5","6,4",2,2,"4,06","5,47","2,31","3,53","6,25","3,33","6,5",7,"5,25","3,75","2,5","3,75",7,"2,67",0,"5,67",7,7,1,2,7,"1,25","6,5","5,75","6,25","3,75","1,5",2,"4,77","2,92","1,33",7,"1,5"
17,RA,25,"6,666666667",7,1,1,100,5,,,6,,,"5,5","6,4",2,2,"4,06","5,47","2,31","3,53","6,25","3,33","6,5",7,"5,25","3,75","2,5","3,75",7,"2,67",0,"5,67",7,7,1,2,7,"1,25","6,5","5,75","6,25","3,75","1,5",2,"4,77","2,92","1,33",7,"1,5"
17,RA,26,6,7,1,1,95,5,,,9,,,"5,5","6,4",2,2,"4,06","5,47","2,31","3,53","6,25","3,33","6,5",7,"5,25","3,75","2,5","3,75",7,"2,67",0,"5,67",7,7,1,2,7,"1,25","6,5","5,75","6,25","3,75","1,5",2,"4,77","2,92","1,33",7,"1,5"
17,RA,27,6,7,1,1,76,5,,,9,,,"5,5","6,4",2,2,"4,06","5,47","2,31","3,53","6,25","3,33","6,5",7,"5,25","3,75","2,5","3,75",7,"2,67",0,"5,67",7,7,1,2,7,"1,25","6,5","5,75","6,25","3,75","1,5",2,"4,77","2,92","1,33",7,"1,5"
17,RA,28,6,7,1,1,66,5,,,9,,,"5,5","6,4",2,2,"4,06","5,47","2,31","3,53","6,25","3,33","6,5",7,"5,25","3,75","2,5","3,75",7,"2,67",0,"5,67",7,7,1,2,7,"1,25","6,5","5,75","6,25","3,75","1,5",2,"4,77","2,92","1,33",7,"1,5"
17,RA,29,6,7,1,1,85,5,,,9,,,"5,5","6,4",2,2,"4,06","5,47","2,31","3,53","6,25","3,33","6,5",7,"5,25","3,75","2,5","3,75",7,"2,67",0,"5,67",7,7,1,2,7,"1,25","6,5","5,75","6,25","3,75","1,5",2,"4,77","2,92","1,33",7,"1,5"
17,RA,30,6,7,1,1,86,5,,,9,,,"5,5","6,4",2,2,"4,06","5,47","2,31","3,53","6,25","3,33","6,5",7,"5,25","3,75","2,5","3,75",7,"2,67",0,"5,67",7,7,1,2,7,"1,25","6,5","5,75","6,25","3,75","1,5",2,"4,77","2,92","1,33",7,"1,5"
17,RA,31,6,7,1,1,73,5,,,9,,,"5,5","6,4",2,2,"4,06","5,47","2,31","3,53","6,25","3,33","6,5",7,"5,25","3,75","2,5","3,75",7,"2,67",0,"5,67",7,7,1,2,7,"1,25","6,5","5,75","6,25","3,75","1,5",2,"4,77","2,92","1,33",7,"1,5"
17,RA,32,6,7,1,1,73,5,,,9,,,"5,5","6,4",2,2,"4,06","5,47","2,31","3,53","6,25","3,33","6,5",7,"5,25","3,75","2,5","3,75",7,"2,67",0,"5,67",7,7,1,2,7,"1,25","6,5","5,75","6,25","3,75","1,5",2,"4,77","2,92","1,33",7,"1,5"
17,RA,33,6,7,1,1,72,5,,,9,,,"5,5","6,4",2,2,"4,06","5,47","2,31","3,53","6,25","3,33","6,5",7,"5,25","3,75","2,5","3,75",7,"2,67",0,"5,67",7,7,1,2,7,"1,25","6,5","5,75","6,25","3,75","1,5",2,"4,77","2,92","1,33",7,"1,5"
17,RA,34,6,7,1,1,62,5,,,9,,,"5,5","6,4",2,2,"4,06","5,47","2,31","3,53","6,25","3,33","6,5",7,"5,25","3,75","2,5","3,75",7,"2,67",0,"5,67",7,7,1,2,7,"1,25","6,5","5,75","6,25","3,75","1,5",2,"4,77","2,92","1,33",7,"1,5"
17,RA,35,6,7,1,1,49,5,,,9,,,"5,5","6,4",2,2,"4,06","5,47","2,31","3,53","6,25","3,33","6,5",7,"5,25","3,75","2,5","3,75",7,"2,67",0,"5,67",7,7,1,2,7,"1,25","6,5","5,75","6,25","3,75","1,5",2,"4,77","2,92","1,33",7,"1,5"
17,RA,36,6,7,1,1,52,5,,,9,,,"5,5","6,4",2,2,"4,06","5,47","2,31","3,53","6,25","3,33","6,5",7,"5,25","3,75","2,5","3,75",7,"2,67",0,"5,67",7,7,1,2,7,"1,25","6,5","5,75","6,25","3,75","1,5",2,"4,77","2,92","1,33",7,"1,5"
17,RA,37,6,7,1,1,59,5,,,9,,,"5,5","6,4",2,2,"4,06","5,47","2,31","3,53","6,25","3,33","6,5",7,"5,25","3,75","2,5","3,75",7,"2,67",0,"5,67",7,7,1,2,7,"1,25","6,5","5,75","6,25","3,75","1,5",2,"4,77","2,92","1,33",7,"1,5"
17,RA,38,6,7,1,1,63,5,,,9,,,"5,5","6,4",2,2,"4,06","5,47","2,31","3,53","6,25","3,33","6,5",7,"5,25","3,75","2,5","3,75",7,"2,67",0,"5,67",7,7,1,2,7,"1,25","6,5","5,75","6,25","3,75","1,5",2,"4,77","2,92","1,33",7,"1,5"
17,RA,39,6,7,1,1,63,5,,,9,,,"5,5","6,4",2,2,"4,06","5,47","2,31","3,53","6,25","3,33","6,5",7,"5,25","3,75","2,5","3,75",7,"2,67",0,"5,67",7,7,1,2,7,"1,25","6,5","5,75","6,25","3,75","1,5",2,"4,77","2,92","1,33",7,"1,5"
17,RA,40,6,7,1,1,76,5,,,9,,,"5,5","6,4",2,2,"4,06","5,47","2,31","3,53","6,25","3,33","6,5",7,"5,25","3,75","2,5","3,75",7,"2,67",0,"5,67",7,7,1,2,7,"1,25","6,5","5,75","6,25","3,75","1,5",2,"4,77","2,92","1,33",7,"1,5"
17,RA,41,"6,666666667",7,1,"2,333333333",74,5,,,6,7,,"5,5","6,4",2,2,"4,06","5,47","2,31","3,53","6,25","3,33","6,5",7,"5,25","3,75","2,5","3,75",7,"2,67",0,"5,67",7,7,1,2,7,"1,25","6,5","5,75","6,25","3,75","1,5",2,"4,77","2,92","1,33",7,"1,5"
17,RA,42,"6,666666667",7,1,"2,333333333",55,5,,,6,7,,"5,5","6,4",2,2,"4,06","5,47","2,31","3,53","6,25","3,33","6,5",7,"5,25","3,75","2,5","3,75",7,"2,67",0,"5,67",7,7,1,2,7,"1,25","6,5","5,75","6,25","3,75","1,5",2,"4,77","2,92","1,33",7,"1,5"
17,RA,43,"6,666666667",7,1,"2,333333333",46,5,,,6,7,,"5,5","6,4",2,2,"4,06","5,47","2,31","3,53","6,25","3,33","6,5",7,"5,25","3,75","2,5","3,75",7,"2,67",0,"5,67",7,7,1,2,7,"1,25","6,5","5,75","6,25","3,75","1,5",2,"4,77","2,92","1,33",7,"1,5"
17,RA,44,"6,666666667",7,1,"2,333333333",67,5,,,6,7,,"5,5","6,4",2,2,"4,06","5,47","2,31","3,53","6,25","3,33","6,5",7,"5,25","3,75","2,5","3,75",7,"2,67",0,"5,67",7,7,1,2,7,"1,25","6,5","5,75","6,25","3,75","1,5",2,"4,77","2,92","1,33",7,"1,5"
17,RA,45,"6,666666667",7,1,"2,333333333",67,5,,,6,7,,"5,5","6,4",2,2,"4,06","5,47","2,31","3,53","6,25","3,33","6,5",7,"5,25","3,75","2,5","3,75",7,"2,67",0,"5,67",7,7,1,2,7,"1,25","6,5","5,75","6,25","3,75","1,5",2,"4,77","2,92","1,33",7,"1,5"
17,RA,46,6,7,1,3,80,5,,,7,9,,"5,5","6,4",2,2,"4,06","5,47","2,31","3,53","6,25","3,33","6,5",7,"5,25","3,75","2,5","3,75",7,"2,67",0,"5,67",7,7,1,2,7,"1,25","6,5","5,75","6,25","3,75","1,5",2,"4,77","2,92","1,33",7,"1,5"
17,RA,47,6,7,1,3,69,5,,,7,9,,"5,5","6,4",2,2,"4,06","5,47","2,31","3,53","6,25","3,33","6,5",7,"5,25","3,75","2,5","3,75",7,"2,67",0,"5,67",7,7,1,2,7,"1,25","6,5","5,75","6,25","3,75","1,5",2,"4,77","2,92","1,33",7,"1,5"
17,RA,48,6,7,1,3,49,5,,,7,9,,"5,5","6,4",2,2,"4,06","5,47","2,31","3,53","6,25","3,33","6,5",7,"5,25","3,75","2,5","3,75",7,"2,67",0,"5,67",7,7,1,2,7,"1,25","6,5","5,75","6,25","3,75","1,5",2,"4,77","2,92","1,33",7,"1,5"
17,RA,49,6,7,1,3,50,5,,,7,9,,"5,5","6,4",2,2,"4,06","5,47","2,31","3,53","6,25","3,33","6,5",7,"5,25","3,75","2,5","3,75",7,"2,67",0,"5,67",7,7,1,2,7,"1,25","6,5","5,75","6,25","3,75","1,5",2,"4,77","2,92","1,33",7,"1,5"
17,RA,50,6,7,1,3,47,5,,,7,9,,"5,5","6,4",2,2,"4,06","5,47","2,31","3,53","6,25","3,33","6,5",7,"5,25","3,75","2,5","3,75",7,"2,67",0,"5,67",7,7,1,2,7,"1,25","6,5","5,75","6,25","3,75","1,5",2,"4,77","2,92","1,33",7,"1,5"
17,RA,51,"6,666666667",7,1,1,57,5,,,,,,"5,5","6,4",2,2,"4,06","5,47","2,31","3,53","6,25","3,33","6,5",7,"5,25","3,75","2,5","3,75",7,"2,67",0,"5,67",7,7,1,2,7,"1,25","6,5","5,75","6,25","3,75","1,5",2,"4,77","2,92","1,33",7,"1,5"
17,RA,52,"6,666666667",7,1,1,57,5,,,,,,"5,5","6,4",2,2,"4,06","5,47","2,31","3,53","6,25","3,33","6,5",7,"5,25","3,75","2,5","3,75",7,"2,67",0,"5,67",7,7,1,2,7,"1,25","6,5","5,75","6,25","3,75","1,5",2,"4,77","2,92","1,33",7,"1,5"
17,RA,53,"6,666666667",7,1,1,69,5,,,,,,"5,5","6,4",2,2,"4,06","5,47","2,31","3,53","6,25","3,33","6,5",7,"5,25","3,75","2,5","3,75",7,"2,67",0,"5,67",7,7,1,2,7,"1,25","6,5","5,75","6,25","3,75","1,5",2,"4,77","2,92","1,33",7,"1,5"
17,RA,54,"6,666666667",7,1,1,55,5,,,,,,"5,5","6,4",2,2,"4,06","5,47","2,31","3,53","6,25","3,33","6,5",7,"5,25","3,75","2,5","3,75",7,"2,67",0,"5,67",7,7,1,2,7,"1,25","6,5","5,75","6,25","3,75","1,5",2,"4,77","2,92","1,33",7,"1,5"
17,RA,55,"6,666666667",7,1,1,68,5,,,,,,"5,5","6,4",2,2,"4,06","5,47","2,31","3,53","6,25","3,33","6,5",7,"5,25","3,75","2,5","3,75",7,"2,67",0,"5,67",7,7,1,2,7,"1,25","6,5","5,75","6,25","3,75","1,5",2,"4,77","2,92","1,33",7,"1,5"
17,RA,56,"6,666666667",7,1,1,80,5,,,,,,"5,5","6,4",2,2,"4,06","5,47","2,31","3,53","6,25","3,33","6,5",7,"5,25","3,75","2,5","3,75",7,"2,67",0,"5,67",7,7,1,2,7,"1,25","6,5","5,75","6,25","3,75","1,5",2,"4,77","2,92","1,33",7,"1,5"
17,RA,57,"6,666666667",7,1,1,83,5,,,,,,"5,5","6,4",2,2,"4,06","5,47","2,31","3,53","6,25","3,33","6,5",7,"5,25","3,75","2,5","3,75",7,"2,67",0,"5,67",7,7,1,2,7,"1,25","6,5","5,75","6,25","3,75","1,5",2,"4,77","2,92","1,33",7,"1,5"
17,RA,58,"6,666666667",7,1,1,67,5,,,,,,"5,5","6,4",2,2,"4,06","5,47","2,31","3,53","6,25","3,33","6,5",7,"5,25","3,75","2,5","3,75",7,"2,67",0,"5,67",7,7,1,2,7,"1,25","6,5","5,75","6,25","3,75","1,5",2,"4,77","2,92","1,33",7,"1,5"
17,RA,59,"6,666666667",7,1,1,62,5,,,,,,"5,5","6,4",2,2,"4,06","5,47","2,31","3,53","6,25","3,33","6,5",7,"5,25","3,75","2,5","3,75",7,"2,67",0,"5,67",7,7,1,2,7,"1,25","6,5","5,75","6,25","3,75","1,5",2,"4,77","2,92","1,33",7,"1,5"
17,RA,60,"6,666666667",7,1,1,69,5,,,,,,"5,5","6,4",2,2,"4,06","5,47","2,31","3,53","6,25","3,33","6,5",7,"5,25","3,75","2,5","3,75",7,"2,67",0,"5,67",7,7,1,2,7,"1,25","6,5","5,75","6,25","3,75","1,5",2,"4,77","2,92","1,33",7,"1,5"
17,RA,61,6,7,1,1,70,5,,,9,,,"5,5","6,4",2,2,"4,06","5,47","2,31","3,53","6,25","3,33","6,5",7,"5,25","3,75","2,5","3,75",7,"2,67",0,"5,67",7,7,1,2,7,"1,25","6,5","5,75","6,25","3,75","1,5",2,"4,77","2,92","1,33",7,"1,5"
17,RA,62,6,7,1,1,55,5,,,9,,,"5,5","6,4",2,2,"4,06","5,47","2,31","3,53","6,25","3,33","6,5",7,"5,25","3,75","2,5","3,75",7,"2,67",0,"5,67",7,7,1,2,7,"1,25","6,5","5,75","6,25","3,75","1,5",2,"4,77","2,92","1,33",7,"1,5"
17,RA,63,6,7,1,1,57,5,,,9,,,"5,5","6,4",2,2,"4,06","5,47","2,31","3,53","6,25","3,33","6,5",7,"5,25","3,75","2,5","3,75",7,"2,67",0,"5,67",7,7,1,2,7,"1,25","6,5","5,75","6,25","3,75","1,5",2,"4,77","2,92","1,33",7,"1,5"
17,RA,64,6,7,1,1,65,5,,,9,,,"5,5","6,4",2,2,"4,06","5,47","2,31","3,53","6,25","3,33","6,5",7,"5,25","3,75","2,5","3,75",7,"2,67",0,"5,67",7,7,1,2,7,"1,25","6,5","5,75","6,25","3,75","1,5",2,"4,77","2,92","1,33",7,"1,5"
17,RA,65,6,7,1,1,99,5,,,9,,,"5,5","6,4",2,2,"4,06","5,47","2,31","3,53","6,25","3,33","6,5",7,"5,25","3,75","2,5","3,75",7,"2,67",0,"5,67",7,7,1,2,7,"1,25","6,5","5,75","6,25","3,75","1,5",2,"4,77","2,92","1,33",7,"1,5"
17,RA,66,"6,666666667",7,1,1,86,5,,,6,,,"5,5","6,4",2,2,"4,06","5,47","2,31","3,53","6,25","3,33","6,5",7,"5,25","3,75","2,5","3,75",7,"2,67",0,"5,67",7,7,1,2,7,"1,25","6,5","5,75","6,25","3,75","1,5",2,"4,77","2,92","1,33",7,"1,5"
17,RA,67,"6,666666667",7,1,1,64,5,,,6,,,"5,5","6,4",2,2,"4,06","5,47","2,31","3,53","6,25","3,33","6,5",7,"5,25","3,75","2,5","3,75",7,"2,67",0,"5,67",7,7,1,2,7,"1,25","6,5","5,75","6,25","3,75","1,5",2,"4,77","2,92","1,33",7,"1,5"
17,RA,68,"6,666666667",7,1,1,69,5,,,6,,,"5,5","6,4",2,2,"4,06","5,47","2,31","3,53","6,25","3,33","6,5",7,"5,25","3,75","2,5","3,75",7,"2,67",0,"5,67",7,7,1,2,7,"1,25","6,5","5,75","6,25","3,75","1,5",2,"4,77","2,92","1,33",7,"1,5"
17,RA,69,"6,666666667",7,1,1,80,5,,,6,,,"5,5","6,4",2,2,"4,06","5,47","2,31","3,53","6,25","3,33","6,5",7,"5,25","3,75","2,5","3,75",7,"2,67",0,"5,67",7,7,1,2,7,"1,25","6,5","5,75","6,25","3,75","1,5",2,"4,77","2,92","1,33",7,"1,5"
17,RA,70,"6,666666667",7,1,1,82,5,,,6,,,"5,5","6,4",2,2,"4,06","5,47","2,31","3,53","6,25","3,33","6,5",7,"5,25","3,75","2,5","3,75",7,"2,67",0,"5,67",7,7,1,2,7,"1,25","6,5","5,75","6,25","3,75","1,5",2,"4,77","2,92","1,33",7,"1,5"
17,RA,71,6,7,1,1,95,5,,,9,,,"5,5","6,4",2,2,"4,06","5,47","2,31","3,53","6,25","3,33","6,5",7,"5,25","3,75","2,5","3,75",7,"2,67",0,"5,67",7,7,1,2,7,"1,25","6,5","5,75","6,25","3,75","1,5",2,"4,77","2,92","1,33",7,"1,5"
17,RA,72,6,7,1,1,75,5,,,9,,,"5,5","6,4",2,2,"4,06","5,47","2,31","3,53","6,25","3,33","6,5",7,"5,25","3,75","2,5","3,75",7,"2,67",0,"5,67",7,7,1,2,7,"1,25","6,5","5,75","6,25","3,75","1,5",2,"4,77","2,92","1,33",7,"1,5"
17,RA,73,6,7,1,1,70,5,,,9,,,"5,5","6,4",2,2,"4,06","5,47","2,31","3,53","6,25","3,33","6,5",7,"5,25","3,75","2,5","3,75",7,"2,67",0,"5,67",7,7,1,2,7,"1,25","6,5","5,75","6,25","3,75","1,5",2,"4,77","2,92","1,33",7,"1,5"
17,RA,74,6,7,1,1,65,5,,,9,,,"5,5","6,4",2,2,"4,06","5,47","2,31","3,53","6,25","3,33","6,5",7,"5,25","3,75","2,5","3,75",7,"2,67",0,"5,67",7,7,1,2,7,"1,25","6,5","5,75","6,25","3,75","1,5",2,"4,77","2,92","1,33",7,"1,5"
17,RA,75,6,7,1,1,68,5,,,9,,,"5,5","6,4",2,2,"4,06","5,47","2,31","3,53","6,25","3,33","6,5",7,"5,25","3,75","2,5","3,75",7,"2,67",0,"5,67",7,7,1,2,7,"1,25","6,5","5,75","6,25","3,75","1,5",2,"4,77","2,92","1,33",7,"1,5"
17,RA,76,"6,666666667",7,1,1,81,5,,,6,,,"5,5","6,4",2,2,"4,06","5,47","2,31","3,53","6,25","3,33","6,5",7,"5,25","3,75","2,5","3,75",7,"2,67",0,"5,67",7,7,1,2,7,"1,25","6,5","5,75","6,25","3,75","1,5",2,"4,77","2,92","1,33",7,"1,5"
17,RA,77,"6,666666667",7,1,1,95,5,,,6,,,"5,5","6,4",2,2,"4,06","5,47","2,31","3,53","6,25","3,33","6,5",7,"5,25","3,75","2,5","3,75",7,"2,67",0,"5,67",7,7,1,2,7,"1,25","6,5","5,75","6,25","3,75","1,5",2,"4,77","2,92","1,33",7,"1,5"
17,RA,78,"6,666666667",7,1,1,96,5,,,6,,,"5,5","6,4",2,2,"4,06","5,47","2,31","3,53","6,25","3,33","6,5",7,"5,25","3,75","2,5","3,75",7,"2,67",0,"5,67",7,7,1,2,7,"1,25","6,5","5,75","6,25","3,75","1,5",2,"4,77","2,92","1,33",7,"1,5"
17,RA,79,"6,666666667",7,1,1,79,5,,,6,,,"5,5","6,4",2,2,"4,06","5,47","2,31","3,53","6,25","3,33","6,5",7,"5,25","3,75","2,5","3,75",7,"2,67",0,"5,67",7,7,1,2,7,"1,25","6,5","5,75","6,25","3,75","1,5",2,"4,77","2,92","1,33",7,"1,5"
17,RA,80,"6,666666667",7,1,1,69,5,,,6,,,"5,5","6,4",2,2,"4,06","5,47","2,31","3,53","6,25","3,33","6,5",7,"5,25","3,75","2,5","3,75",7,"2,67",0,"5,67",7,7,1,2,7,"1,25","6,5","5,75","6,25","3,75","1,5",2,"4,77","2,92","1,33",7,"1,5"
17,RA,81,6,7,1,1,70,5,,,1,9,,"5,5","6,4",2,2,"4,06","5,47","2,31","3,53","6,25","3,33","6,5",7,"5,25","3,75","2,5","3,75",7,"2,67",0,"5,67",7,7,1,2,7,"1,25","6,5","5,75","6,25","3,75","1,5",2,"4,77","2,92","1,33",7,"1,5"
17,RA,82,6,7,1,1,59,5,,,1,9,,"5,5","6,4",2,2,"4,06","5,47","2,31","3,53","6,25","3,33","6,5",7,"5,25","3,75","2,5","3,75",7,"2,67",0,"5,67",7,7,1,2,7,"1,25","6,5","5,75","6,25","3,75","1,5",2,"4,77","2,92","1,33",7,"1,5"
17,RA,83,6,7,1,1,61,5,,,1,9,,"5,5","6,4",2,2,"4,06","5,47","2,31","3,53","6,25","3,33","6,5",7,"5,25","3,75","2,5","3,75",7,"2,67",0,"5,67",7,7,1,2,7,"1,25","6,5","5,75","6,25","3,75","1,5",2,"4,77","2,92","1,33",7,"1,5"
17,RA,84,6,7,1,1,77,5,,,1,9,,"5,5","6,4",2,2,"4,06","5,47","2,31","3,53","6,25","3,33","6,5",7,"5,25","3,75","2,5","3,75",7,"2,67",0,"5,67",7,7,1,2,7,"1,25","6,5","5,75","6,25","3,75","1,5",2,"4,77","2,92","1,33",7,"1,5"
17,RA,85,6,7,1,1,100,5,,,1,9,,"5,5","6,4",2,2,"4,06","5,47","2,31","3,53","6,25","3,33","6,5",7,"5,25","3,75","2,5","3,75",7,"2,67",0,"5,67",7,7,1,2,7,"1,25","6,5","5,75","6,25","3,75","1,5",2,"4,77","2,92","1,33",7,"1,5"
17,RA,86,6,7,1,1,100,5,,,9,,,"5,5","6,4",2,2,"4,06","5,47","2,31","3,53","6,25","3,33","6,5",7,"5,25","3,75","2,5","3,75",7,"2,67",0,"5,67",7,7,1,2,7,"1,25","6,5","5,75","6,25","3,75","1,5",2,"4,77","2,92","1,33",7,"1,5"
17,RA,87,6,7,1,1,80,5,,,9,,,"5,5","6,4",2,2,"4,06","5,47","2,31","3,53","6,25","3,33","6,5",7,"5,25","3,75","2,5","3,75",7,"2,67",0,"5,67",7,7,1,2,7,"1,25","6,5","5,75","6,25","3,75","1,5",2,"4,77","2,92","1,33",7,"1,5"
17,RA,88,6,7,1,1,72,5,,,9,,,"5,5","6,4",2,2,"4,06","5,47","2,31","3,53","6,25","3,33","6,5",7,"5,25","3,75","2,5","3,75",7,"2,67",0,"5,67",7,7,1,2,7,"1,25","6,5","5,75","6,25","3,75","1,5",2,"4,77","2,92","1,33",7,"1,5"
17,RA,89,6,7,1,1,65,5,,,9,,,"5,5","6,4",2,2,"4,06","5,47","2,31","3,53","6,25","3,33","6,5",7,"5,25","3,75","2,5","3,75",7,"2,67",0,"5,67",7,7,1,2,7,"1,25","6,5","5,75","6,25","3,75","1,5",2,"4,77","2,92","1,33",7,"1,5"
17,RA,90,6,7,1,1,71,5,,,9,,,"5,5","6,4",2,2,"4,06","5,47","2,31","3,53","6,25","3,33","6,5",7,"5,25","3,75","2,5","3,75",7,"2,67",0,"5,67",7,7,1,2,7,"1,25","6,5","5,75","6,25","3,75","1,5",2,"4,77","2,92","1,33",7,"1,5"
17,RA,91,"6,666666667",7,1,1,55,9,,,6,,,"5,5","6,4",2,2,"4,06","5,47","2,31","3,53","6,25","3,33","6,5",7,"5,25","3,75","2,5","3,75",7,"2,67",0,"5,67",7,7,1,2,7,"1,25","6,5","5,75","6,25","3,75","1,5",2,"4,77","2,92","1,33",7,"1,5"
17,RA,92,"6,666666667",7,1,1,50,9,,,6,,,"5,5","6,4",2,2,"4,06","5,47","2,31","3,53","6,25","3,33","6,5",7,"5,25","3,75","2,5","3,75",7,"2,67",0,"5,67",7,7,1,2,7,"1,25","6,5","5,75","6,25","3,75","1,5",2,"4,77","2,92","1,33",7,"1,5"
17,RA,93,"6,666666667",7,1,1,55,9,,,6,,,"5,5","6,4",2,2,"4,06","5,47","2,31","3,53","6,25","3,33","6,5",7,"5,25","3,75","2,5","3,75",7,"2,67",0,"5,67",7,7,1,2,7,"1,25","6,5","5,75","6,25","3,75","1,5",2,"4,77","2,92","1,33",7,"1,5"
17,RA,94,"6,666666667",7,1,1,67,9,,,6,,,"5,5","6,4",2,2,"4,06","5,47","2,31","3,53","6,25","3,33","6,5",7,"5,25","3,75","2,5","3,75",7,"2,67",0,"5,67",7,7,1,2,7,"1,25","6,5","5,75","6,25","3,75","1,5",2,"4,77","2,92","1,33",7,"1,5"
17,RA,95,"6,666666667",7,1,1,52,9,,,6,,,"5,5","6,4",2,2,"4,06","5,47","2,31","3,53","6,25","3,33","6,5",7,"5,25","3,75","2,5","3,75",7,"2,67",0,"5,67",7,7,1,2,7,"1,25","6,5","5,75","6,25","3,75","1,5",2,"4,77","2,92","1,33",7,"1,5"
17,RA,96,"6,666666667",7,1,1,42,9,,,6,,,"5,5","6,4",2,2,"4,06","5,47","2,31","3,53","6,25","3,33","6,5",7,"5,25","3,75","2,5","3,75",7,"2,67",0,"5,67",7,7,1,2,7,"1,25","6,5","5,75","6,25","3,75","1,5",2,"4,77","2,92","1,33",7,"1,5"
17,RA,97,"6,666666667",7,1,1,47,9,,,6,,,"5,5","6,4",2,2,"4,06","5,47","2,31","3,53","6,25","3,33","6,5",7,"5,25","3,75","2,5","3,75",7,"2,67",0,"5,67",7,7,1,2,7,"1,25","6,5","5,75","6,25","3,75","1,5",2,"4,77","2,92","1,33",7,"1,5"
17,RA,98,"6,666666667",7,1,1,51,9,,,6,,,"5,5","6,4",2,2,"4,06","5,47","2,31","3,53","6,25","3,33","6,5",7,"5,25","3,75","2,5","3,75",7,"2,67",0,"5,67",7,7,1,2,7,"1,25","6,5","5,75","6,25","3,75","1,5",2,"4,77","2,92","1,33",7,"1,5"
17,RA,99,"6,666666667",7,1,1,62,9,,,6,,,"5,5","6,4",2,2,"4,06","5,47","2,31","3,53","6,25","3,33","6,5",7,"5,25","3,75","2,5","3,75",7,"2,67",0,"5,67",7,7,1,2,7,"1,25","6,5","5,75","6,25","3,75","1,5",2,"4,77","2,92","1,33",7,"1,5"
17,RA,100,"6,666666667",7,1,1,87,9,,,6,,,"5,5","6,4",2,2,"4,06","5,47","2,31","3,53","6,25","3,33","6,5",7,"5,25","3,75","2,5","3,75",7,"2,67",0,"5,67",7,7,1,2,7,"1,25","6,5","5,75","6,25","3,75","1,5",2,"4,77","2,92","1,33",7,"1,5"
18,JK,1,6,6,1,1,96,5,,,9,,,"5,67","5,8","3,25","2,4","3,5","5,18",3,"3,6","5,67","3,42","6,5","6,25","4,25","3,25","3,25","3,75","6,4",2,0,"4,67","6,2","6,25",2,"3,5","5,75",1,"6,75",6,7,"2,75",1,1,"4,34","3,3",1,6,"2,75"
18,JK,2,6,6,1,1,95,5,,,9,,,"5,67","5,8","3,25","2,4","3,5","5,18",3,"3,6","5,67","3,42","6,5","6,25","4,25","3,25","3,25","3,75","6,4",2,0,"4,67","6,2","6,25",2,"3,5","5,75",1,"6,75",6,7,"2,75",1,1,"4,34","3,3",1,6,"2,75"
18,JK,3,6,6,1,1,85,5,,,9,,,"5,67","5,8","3,25","2,4","3,5","5,18",3,"3,6","5,67","3,42","6,5","6,25","4,25","3,25","3,25","3,75","6,4",2,0,"4,67","6,2","6,25",2,"3,5","5,75",1,"6,75",6,7,"2,75",1,1,"4,34","3,3",1,6,"2,75"
18,JK,4,6,6,1,1,85,5,,,9,,,"5,67","5,8","3,25","2,4","3,5","5,18",3,"3,6","5,67","3,42","6,5","6,25","4,25","3,25","3,25","3,75","6,4",2,0,"4,67","6,2","6,25",2,"3,5","5,75",1,"6,75",6,7,"2,75",1,1,"4,34","3,3",1,6,"2,75"
18,JK,5,6,6,1,1,100,5,,,9,,,"5,67","5,8","3,25","2,4","3,5","5,18",3,"3,6","5,67","3,42","6,5","6,25","4,25","3,25","3,25","3,75","6,4",2,0,"4,67","6,2","6,25",2,"3,5","5,75",1,"6,75",6,7,"2,75",1,1,"4,34","3,3",1,6,"2,75"
18,JK,6,6,"6,333333333",1,1,98,4,5,,,,,"5,67","5,8","3,25","2,4","3,5","5,18",3,"3,6","5,67","3,42","6,5","6,25","4,25","3,25","3,25","3,75","6,4",2,0,"4,67","6,2","6,25",2,"3,5","5,75",1,"6,75",6,7,"2,75",1,1,"4,34","3,3",1,6,"2,75"
18,JK,7,6,"6,333333333",1,1,100,4,5,,,,,"5,67","5,8","3,25","2,4","3,5","5,18",3,"3,6","5,67","3,42","6,5","6,25","4,25","3,25","3,25","3,75","6,4",2,0,"4,67","6,2","6,25",2,"3,5","5,75",1,"6,75",6,7,"2,75",1,1,"4,34","3,3",1,6,"2,75"
18,JK,8,6,"6,333333333",1,1,100,4,5,,,,,"5,67","5,8","3,25","2,4","3,5","5,18",3,"3,6","5,67","3,42","6,5","6,25","4,25","3,25","3,25","3,75","6,4",2,0,"4,67","6,2","6,25",2,"3,5","5,75",1,"6,75",6,7,"2,75",1,1,"4,34","3,3",1,6,"2,75"
18,JK,9,6,"6,333333333",1,1,100,4,5,,,,,"5,67","5,8","3,25","2,4","3,5","5,18",3,"3,6","5,67","3,42","6,5","6,25","4,25","3,25","3,25","3,75","6,4",2,0,"4,67","6,2","6,25",2,"3,5","5,75",1,"6,75",6,7,"2,75",1,1,"4,34","3,3",1,6,"2,75"
18,JK,10,6,"6,333333333",1,1,98,4,5,,,,,"5,67","5,8","3,25","2,4","3,5","5,18",3,"3,6","5,67","3,42","6,5","6,25","4,25","3,25","3,25","3,75","6,4",2,0,"4,67","6,2","6,25",2,"3,5","5,75",1,"6,75",6,7,"2,75",1,1,"4,34","3,3",1,6,"2,75"
18,JK,11,"6,333333333",7,1,1,79,5,6,,6,,,"5,67","5,8","3,25","2,4","3,5","5,18",3,"3,6","5,67","3,42","6,5","6,25","4,25","3,25","3,25","3,75","6,4",2,0,"4,67","6,2","6,25",2,"3,5","5,75",1,"6,75",6,7,"2,75",1,1,"4,34","3,3",1,6,"2,75"
18,JK,12,"6,333333333",7,1,1,86,5,6,,6,,,"5,67","5,8","3,25","2,4","3,5","5,18",3,"3,6","5,67","3,42","6,5","6,25","4,25","3,25","3,25","3,75","6,4",2,0,"4,67","6,2","6,25",2,"3,5","5,75",1,"6,75",6,7,"2,75",1,1,"4,34","3,3",1,6,"2,75"
18,JK,13,"6,333333333",7,1,1,100,5,6,,6,,,"5,67","5,8","3,25","2,4","3,5","5,18",3,"3,6","5,67","3,42","6,5","6,25","4,25","3,25","3,25","3,75","6,4",2,0,"4,67","6,2","6,25",2,"3,5","5,75",1,"6,75",6,7,"2,75",1,1,"4,34","3,3",1,6,"2,75"
18,JK,14,"6,333333333",7,1,1,100,5,6,,6,,,"5,67","5,8","3,25","2,4","3,5","5,18",3,"3,6","5,67","3,42","6,5","6,25","4,25","3,25","3,25","3,75","6,4",2,0,"4,67","6,2","6,25",2,"3,5","5,75",1,"6,75",6,7,"2,75",1,1,"4,34","3,3",1,6,"2,75"
18,JK,15,"6,333333333",7,1,1,100,5,6,,6,,,"5,67","5,8","3,25","2,4","3,5","5,18",3,"3,6","5,67","3,42","6,5","6,25","4,25","3,25","3,25","3,75","6,4",2,0,"4,67","6,2","6,25",2,"3,5","5,75",1,"6,75",6,7,"2,75",1,1,"4,34","3,3",1,6,"2,75"
18,JK,16,7,7,1,1,100,6,,,6,,,"5,67","5,8","3,25","2,4","3,5","5,18",3,"3,6","5,67","3,42","6,5","6,25","4,25","3,25","3,25","3,75","6,4",2,0,"4,67","6,2","6,25",2,"3,5","5,75",1,"6,75",6,7,"2,75",1,1,"4,34","3,3",1,6,"2,75"
18,JK,17,7,7,1,1,100,6,,,6,,,"5,67","5,8","3,25","2,4","3,5","5,18",3,"3,6","5,67","3,42","6,5","6,25","4,25","3,25","3,25","3,75","6,4",2,0,"4,67","6,2","6,25",2,"3,5","5,75",1,"6,75",6,7,"2,75",1,1,"4,34","3,3",1,6,"2,75"
18,JK,18,7,7,1,1,100,6,,,6,,,"5,67","5,8","3,25","2,4","3,5","5,18",3,"3,6","5,67","3,42","6,5","6,25","4,25","3,25","3,25","3,75","6,4",2,0,"4,67","6,2","6,25",2,"3,5","5,75",1,"6,75",6,7,"2,75",1,1,"4,34","3,3",1,6,"2,75"
18,JK,19,7,7,1,1,97,6,,,6,,,"5,67","5,8","3,25","2,4","3,5","5,18",3,"3,6","5,67","3,42","6,5","6,25","4,25","3,25","3,25","3,75","6,4",2,0,"4,67","6,2","6,25",2,"3,5","5,75",1,"6,75",6,7,"2,75",1,1,"4,34","3,3",1,6,"2,75"
18,JK,20,7,7,1,1,100,6,,,6,,,"5,67","5,8","3,25","2,4","3,5","5,18",3,"3,6","5,67","3,42","6,5","6,25","4,25","3,25","3,25","3,75","6,4",2,0,"4,67","6,2","6,25",2,"3,5","5,75",1,"6,75",6,7,"2,75",1,1,"4,34","3,3",1,6,"2,75"
18,JK,21,7,7,1,1,100,6,,,6,,,"5,67","5,8","3,25","2,4","3,5","5,18",3,"3,6","5,67","3,42","6,5","6,25","4,25","3,25","3,25","3,75","6,4",2,0,"4,67","6,2","6,25",2,"3,5","5,75",1,"6,75",6,7,"2,75",1,1,"4,34","3,3",1,6,"2,75"
18,JK,22,7,7,1,1,95,6,,,6,,,"5,67","5,8","3,25","2,4","3,5","5,18",3,"3,6","5,67","3,42","6,5","6,25","4,25","3,25","3,25","3,75","6,4",2,0,"4,67","6,2","6,25",2,"3,5","5,75",1,"6,75",6,7,"2,75",1,1,"4,34","3,3",1,6,"2,75"
18,JK,23,7,7,1,1,94,6,,,6,,,"5,67","5,8","3,25","2,4","3,5","5,18",3,"3,6","5,67","3,42","6,5","6,25","4,25","3,25","3,25","3,75","6,4",2,0,"4,67","6,2","6,25",2,"3,5","5,75",1,"6,75",6,7,"2,75",1,1,"4,34","3,3",1,6,"2,75"
18,JK,24,7,7,1,1,88,6,,,6,,,"5,67","5,8","3,25","2,4","3,5","5,18",3,"3,6","5,67","3,42","6,5","6,25","4,25","3,25","3,25","3,75","6,4",2,0,"4,67","6,2","6,25",2,"3,5","5,75",1,"6,75",6,7,"2,75",1,1,"4,34","3,3",1,6,"2,75"
18,JK,25,7,7,1,1,94,6,,,6,,,"5,67","5,8","3,25","2,4","3,5","5,18",3,"3,6","5,67","3,42","6,5","6,25","4,25","3,25","3,25","3,75","6,4",2,0,"4,67","6,2","6,25",2,"3,5","5,75",1,"6,75",6,7,"2,75",1,1,"4,34","3,3",1,6,"2,75"
18,JK,26,6,7,1,1,81,5,6,,,,,"5,67","5,8","3,25","2,4","3,5","5,18",3,"3,6","5,67","3,42","6,5","6,25","4,25","3,25","3,25","3,75","6,4",2,0,"4,67","6,2","6,25",2,"3,5","5,75",1,"6,75",6,7,"2,75",1,1,"4,34","3,3",1,6,"2,75"
18,JK,27,6,7,1,1,79,5,6,,,,,"5,67","5,8","3,25","2,4","3,5","5,18",3,"3,6","5,67","3,42","6,5","6,25","4,25","3,25","3,25","3,75","6,4",2,0,"4,67","6,2","6,25",2,"3,5","5,75",1,"6,75",6,7,"2,75",1,1,"4,34","3,3",1,6,"2,75"
18,JK,28,6,7,1,1,90,5,6,,,,,"5,67","5,8","3,25","2,4","3,5","5,18",3,"3,6","5,67","3,42","6,5","6,25","4,25","3,25","3,25","3,75","6,4",2,0,"4,67","6,2","6,25",2,"3,5","5,75",1,"6,75",6,7,"2,75",1,1,"4,34","3,3",1,6,"2,75"
18,JK,29,6,7,1,1,98,5,6,,,,,"5,67","5,8","3,25","2,4","3,5","5,18",3,"3,6","5,67","3,42","6,5","6,25","4,25","3,25","3,25","3,75","6,4",2,0,"4,67","6,2","6,25",2,"3,5","5,75",1,"6,75",6,7,"2,75",1,1,"4,34","3,3",1,6,"2,75"
18,JK,30,6,7,1,1,100,5,6,,,,,"5,67","5,8","3,25","2,4","3,5","5,18",3,"3,6","5,67","3,42","6,5","6,25","4,25","3,25","3,25","3,75","6,4",2,0,"4,67","6,2","6,25",2,"3,5","5,75",1,"6,75",6,7,"2,75",1,1,"4,34","3,3",1,6,"2,75"
18,JK,31,7,7,1,1,100,6,,,6,,,"5,67","5,8","3,25","2,4","3,5","5,18",3,"3,6","5,67","3,42","6,5","6,25","4,25","3,25","3,25","3,75","6,4",2,0,"4,67","6,2","6,25",2,"3,5","5,75",1,"6,75",6,7,"2,75",1,1,"4,34","3,3",1,6,"2,75"
18,JK,32,7,7,1,1,85,6,,,6,,,"5,67","5,8","3,25","2,4","3,5","5,18",3,"3,6","5,67","3,42","6,5","6,25","4,25","3,25","3,25","3,75","6,4",2,0,"4,67","6,2","6,25",2,"3,5","5,75",1,"6,75",6,7,"2,75",1,1,"4,34","3,3",1,6,"2,75"
18,JK,33,7,7,1,1,66,6,,,6,,,"5,67","5,8","3,25","2,4","3,5","5,18",3,"3,6","5,67","3,42","6,5","6,25","4,25","3,25","3,25","3,75","6,4",2,0,"4,67","6,2","6,25",2,"3,5","5,75",1,"6,75",6,7,"2,75",1,1,"4,34","3,3",1,6,"2,75"
18,JK,34,7,7,1,1,66,6,,,6,,,"5,67","5,8","3,25","2,4","3,5","5,18",3,"3,6","5,67","3,42","6,5","6,25","4,25","3,25","3,25","3,75","6,4",2,0,"4,67","6,2","6,25",2,"3,5","5,75",1,"6,75",6,7,"2,75",1,1,"4,34","3,3",1,6,"2,75"
18,JK,35,6,7,1,1,90,5,,,9,,,"5,67","5,8","3,25","2,4","3,5","5,18",3,"3,6","5,67","3,42","6,5","6,25","4,25","3,25","3,25","3,75","6,4",2,0,"4,67","6,2","6,25",2,"3,5","5,75",1,"6,75",6,7,"2,75",1,1,"4,34","3,3",1,6,"2,75"
18,JK,36,6,7,1,1,68,5,,,9,,,"5,67","5,8","3,25","2,4","3,5","5,18",3,"3,6","5,67","3,42","6,5","6,25","4,25","3,25","3,25","3,75","6,4",2,0,"4,67","6,2","6,25",2,"3,5","5,75",1,"6,75",6,7,"2,75",1,1,"4,34","3,3",1,6,"2,75"
18,JK,37,6,7,1,1,82,5,,,9,,,"5,67","5,8","3,25","2,4","3,5","5,18",3,"3,6","5,67","3,42","6,5","6,25","4,25","3,25","3,25","3,75","6,4",2,0,"4,67","6,2","6,25",2,"3,5","5,75",1,"6,75",6,7,"2,75",1,1,"4,34","3,3",1,6,"2,75"
18,JK,38,6,7,1,1,91,5,,,9,,,"5,67","5,8","3,25","2,4","3,5","5,18",3,"3,6","5,67","3,42","6,5","6,25","4,25","3,25","3,25","3,75","6,4",2,0,"4,67","6,2","6,25",2,"3,5","5,75",1,"6,75",6,7,"2,75",1,1,"4,34","3,3",1,6,"2,75"
18,JK,39,6,7,1,1,100,5,,,9,,,"5,67","5,8","3,25","2,4","3,5","5,18",3,"3,6","5,67","3,42","6,5","6,25","4,25","3,25","3,25","3,75","6,4",2,0,"4,67","6,2","6,25",2,"3,5","5,75",1,"6,75",6,7,"2,75",1,1,"4,34","3,3",1,6,"2,75"
18,JK,40,"6,333333333",7,1,1,100,5,6,,6,,,"5,67","5,8","3,25","2,4","3,5","5,18",3,"3,6","5,67","3,42","6,5","6,25","4,25","3,25","3,25","3,75","6,4",2,0,"4,67","6,2","6,25",2,"3,5","5,75",1,"6,75",6,7,"2,75",1,1,"4,34","3,3",1,6,"2,75"
18,JK,41,"6,333333333",7,1,1,100,5,6,,6,,,"5,67","5,8","3,25","2,4","3,5","5,18",3,"3,6","5,67","3,42","6,5","6,25","4,25","3,25","3,25","3,75","6,4",2,0,"4,67","6,2","6,25",2,"3,5","5,75",1,"6,75",6,7,"2,75",1,1,"4,34","3,3",1,6,"2,75"
18,JK,42,"6,333333333",7,1,1,100,5,6,,6,,,"5,67","5,8","3,25","2,4","3,5","5,18",3,"3,6","5,67","3,42","6,5","6,25","4,25","3,25","3,25","3,75","6,4",2,0,"4,67","6,2","6,25",2,"3,5","5,75",1,"6,75",6,7,"2,75",1,1,"4,34","3,3",1,6,"2,75"
18,JK,43,"6,333333333",7,1,1,100,5,6,,6,,,"5,67","5,8","3,25","2,4","3,5","5,18",3,"3,6","5,67","3,42","6,5","6,25","4,25","3,25","3,25","3,75","6,4",2,0,"4,67","6,2","6,25",2,"3,5","5,75",1,"6,75",6,7,"2,75",1,1,"4,34","3,3",1,6,"2,75"
18,JK,44,"6,333333333",7,1,1,96,5,6,,6,,,"5,67","5,8","3,25","2,4","3,5","5,18",3,"3,6","5,67","3,42","6,5","6,25","4,25","3,25","3,25","3,75","6,4",2,0,"4,67","6,2","6,25",2,"3,5","5,75",1,"6,75",6,7,"2,75",1,1,"4,34","3,3",1,6,"2,75"
18,JK,45,6,7,1,1,75,5,,,9,,,"5,67","5,8","3,25","2,4","3,5","5,18",3,"3,6","5,67","3,42","6,5","6,25","4,25","3,25","3,25","3,75","6,4",2,0,"4,67","6,2","6,25",2,"3,5","5,75",1,"6,75",6,7,"2,75",1,1,"4,34","3,3",1,6,"2,75"
18,JK,46,6,7,1,1,74,5,,,9,,,"5,67","5,8","3,25","2,4","3,5","5,18",3,"3,6","5,67","3,42","6,5","6,25","4,25","3,25","3,25","3,75","6,4",2,0,"4,67","6,2","6,25",2,"3,5","5,75",1,"6,75",6,7,"2,75",1,1,"4,34","3,3",1,6,"2,75"
18,JK,47,6,7,1,1,81,5,,,9,,,"5,67","5,8","3,25","2,4","3,5","5,18",3,"3,6","5,67","3,42","6,5","6,25","4,25","3,25","3,25","3,75","6,4",2,0,"4,67","6,2","6,25",2,"3,5","5,75",1,"6,75",6,7,"2,75",1,1,"4,34","3,3",1,6,"2,75"
18,JK,48,6,7,1,1,84,5,,,9,,,"5,67","5,8","3,25","2,4","3,5","5,18",3,"3,6","5,67","3,42","6,5","6,25","4,25","3,25","3,25","3,75","6,4",2,0,"4,67","6,2","6,25",2,"3,5","5,75",1,"6,75",6,7,"2,75",1,1,"4,34","3,3",1,6,"2,75"
18,JK,49,6,7,1,1,81,5,,,9,,,"5,67","5,8","3,25","2,4","3,5","5,18",3,"3,6","5,67","3,42","6,5","6,25","4,25","3,25","3,25","3,75","6,4",2,0,"4,67","6,2","6,25",2,"3,5","5,75",1,"6,75",6,7,"2,75",1,1,"4,34","3,3",1,6,"2,75"
18,JK,50,"6,666666667",7,1,1,97,6,,,6,,,"5,67","5,8","3,25","2,4","3,5","5,18",3,"3,6","5,67","3,42","6,5","6,25","4,25","3,25","3,25","3,75","6,4",2,0,"4,67","6,2","6,25",2,"3,5","5,75",1,"6,75",6,7,"2,75",1,1,"4,34","3,3",1,6,"2,75"
18,JK,51,"6,666666667",7,1,1,100,6,,,6,,,"5,67","5,8","3,25","2,4","3,5","5,18",3,"3,6","5,67","3,42","6,5","6,25","4,25","3,25","3,25","3,75","6,4",2,0,"4,67","6,2","6,25",2,"3,5","5,75",1,"6,75",6,7,"2,75",1,1,"4,34","3,3",1,6,"2,75"
18,JK,52,"6,666666667",7,1,1,100,6,,,6,,,"5,67","5,8","3,25","2,4","3,5","5,18",3,"3,6","5,67","3,42","6,5","6,25","4,25","3,25","3,25","3,75","6,4",2,0,"4,67","6,2","6,25",2,"3,5","5,75",1,"6,75",6,7,"2,75",1,1,"4,34","3,3",1,6,"2,75"
18,JK,53,"6,666666667",7,1,1,100,6,,,6,,,"5,67","5,8","3,25","2,4","3,5","5,18",3,"3,6","5,67","3,42","6,5","6,25","4,25","3,25","3,25","3,75","6,4",2,0,"4,67","6,2","6,25",2,"3,5","5,75",1,"6,75",6,7,"2,75",1,1,"4,34","3,3",1,6,"2,75"
18,JK,54,"6,666666667",7,1,1,100,6,,,6,,,"5,67","5,8","3,25","2,4","3,5","5,18",3,"3,6","5,67","3,42","6,5","6,25","4,25","3,25","3,25","3,75","6,4",2,0,"4,67","6,2","6,25",2,"3,5","5,75",1,"6,75",6,7,"2,75",1,1,"4,34","3,3",1,6,"2,75"
18,JK,55,6,7,1,1,100,5,6,,9,,,"5,67","5,8","3,25","2,4","3,5","5,18",3,"3,6","5,67","3,42","6,5","6,25","4,25","3,25","3,25","3,75","6,4",2,0,"4,67","6,2","6,25",2,"3,5","5,75",1,"6,75",6,7,"2,75",1,1,"4,34","3,3",1,6,"2,75"
18,JK,56,6,7,1,1,86,5,6,,9,,,"5,67","5,8","3,25","2,4","3,5","5,18",3,"3,6","5,67","3,42","6,5","6,25","4,25","3,25","3,25","3,75","6,4",2,0,"4,67","6,2","6,25",2,"3,5","5,75",1,"6,75",6,7,"2,75",1,1,"4,34","3,3",1,6,"2,75"
18,JK,57,6,7,1,1,83,5,6,,9,,,"5,67","5,8","3,25","2,4","3,5","5,18",3,"3,6","5,67","3,42","6,5","6,25","4,25","3,25","3,25","3,75","6,4",2,0,"4,67","6,2","6,25",2,"3,5","5,75",1,"6,75",6,7,"2,75",1,1,"4,34","3,3",1,6,"2,75"
18,JK,58,6,7,1,1,81,5,6,,9,,,"5,67","5,8","3,25","2,4","3,5","5,18",3,"3,6","5,67","3,42","6,5","6,25","4,25","3,25","3,25","3,75","6,4",2,0,"4,67","6,2","6,25",2,"3,5","5,75",1,"6,75",6,7,"2,75",1,1,"4,34","3,3",1,6,"2,75"
18,JK,59,6,7,1,1,79,5,6,,9,,,"5,67","5,8","3,25","2,4","3,5","5,18",3,"3,6","5,67","3,42","6,5","6,25","4,25","3,25","3,25","3,75","6,4",2,0,"4,67","6,2","6,25",2,"3,5","5,75",1,"6,75",6,7,"2,75",1,1,"4,34","3,3",1,6,"2,75"
18,JK,60,6,7,1,1,88,5,6,,9,,,"5,67","5,8","3,25","2,4","3,5","5,18",3,"3,6","5,67","3,42","6,5","6,25","4,25","3,25","3,25","3,75","6,4",2,0,"4,67","6,2","6,25",2,"3,5","5,75",1,"6,75",6,7,"2,75",1,1,"4,34","3,3",1,6,"2,75"
18,JK,61,6,7,1,1,83,5,6,,9,,,"5,67","5,8","3,25","2,4","3,5","5,18",3,"3,6","5,67","3,42","6,5","6,25","4,25","3,25","3,25","3,75","6,4",2,0,"4,67","6,2","6,25",2,"3,5","5,75",1,"6,75",6,7,"2,75",1,1,"4,34","3,3",1,6,"2,75"
18,JK,62,6,7,1,1,95,5,6,,9,,,"5,67","5,8","3,25","2,4","3,5","5,18",3,"3,6","5,67","3,42","6,5","6,25","4,25","3,25","3,25","3,75","6,4",2,0,"4,67","6,2","6,25",2,"3,5","5,75",1,"6,75",6,7,"2,75",1,1,"4,34","3,3",1,6,"2,75"
18,JK,63,6,7,1,1,79,5,6,,9,,,"5,67","5,8","3,25","2,4","3,5","5,18",3,"3,6","5,67","3,42","6,5","6,25","4,25","3,25","3,25","3,75","6,4",2,0,"4,67","6,2","6,25",2,"3,5","5,75",1,"6,75",6,7,"2,75",1,1,"4,34","3,3",1,6,"2,75"
18,JK,64,6,7,1,1,80,5,6,,9,,,"5,67","5,8","3,25","2,4","3,5","5,18",3,"3,6","5,67","3,42","6,5","6,25","4,25","3,25","3,25","3,75","6,4",2,0,"4,67","6,2","6,25",2,"3,5","5,75",1,"6,75",6,7,"2,75",1,1,"4,34","3,3",1,6,"2,75"
18,JK,65,6,7,1,1,96,5,6,,9,,,"5,67","5,8","3,25","2,4","3,5","5,18",3,"3,6","5,67","3,42","6,5","6,25","4,25","3,25","3,25","3,75","6,4",2,0,"4,67","6,2","6,25",2,"3,5","5,75",1,"6,75",6,7,"2,75",1,1,"4,34","3,3",1,6,"2,75"
18,JK,66,6,7,1,1,88,5,6,,9,,,"5,67","5,8","3,25","2,4","3,5","5,18",3,"3,6","5,67","3,42","6,5","6,25","4,25","3,25","3,25","3,75","6,4",2,0,"4,67","6,2","6,25",2,"3,5","5,75",1,"6,75",6,7,"2,75",1,1,"4,34","3,3",1,6,"2,75"
18,JK,67,6,7,1,1,98,5,6,,9,,,"5,67","5,8","3,25","2,4","3,5","5,18",3,"3,6","5,67","3,42","6,5","6,25","4,25","3,25","3,25","3,75","6,4",2,0,"4,67","6,2","6,25",2,"3,5","5,75",1,"6,75",6,7,"2,75",1,1,"4,34","3,3",1,6,"2,75"
18,JK,68,6,7,1,1,99,5,6,,9,,,"5,67","5,8","3,25","2,4","3,5","5,18",3,"3,6","5,67","3,42","6,5","6,25","4,25","3,25","3,25","3,75","6,4",2,0,"4,67","6,2","6,25",2,"3,5","5,75",1,"6,75",6,7,"2,75",1,1,"4,34","3,3",1,6,"2,75"
18,JK,69,6,7,1,1,100,5,6,,9,,,"5,67","5,8","3,25","2,4","3,5","5,18",3,"3,6","5,67","3,42","6,5","6,25","4,25","3,25","3,25","3,75","6,4",2,0,"4,67","6,2","6,25",2,"3,5","5,75",1,"6,75",6,7,"2,75",1,1,"4,34","3,3",1,6,"2,75"
18,JK,70,"6,666666667",7,1,1,89,5,6,,6,,,"5,67","5,8","3,25","2,4","3,5","5,18",3,"3,6","5,67","3,42","6,5","6,25","4,25","3,25","3,25","3,75","6,4",2,0,"4,67","6,2","6,25",2,"3,5","5,75",1,"6,75",6,7,"2,75",1,1,"4,34","3,3",1,6,"2,75"
18,JK,71,"6,666666667",7,1,1,88,5,6,,6,,,"5,67","5,8","3,25","2,4","3,5","5,18",3,"3,6","5,67","3,42","6,5","6,25","4,25","3,25","3,25","3,75","6,4",2,0,"4,67","6,2","6,25",2,"3,5","5,75",1,"6,75",6,7,"2,75",1,1,"4,34","3,3",1,6,"2,75"
18,JK,72,"6,666666667",7,1,1,84,5,6,,6,,,"5,67","5,8","3,25","2,4","3,5","5,18",3,"3,6","5,67","3,42","6,5","6,25","4,25","3,25","3,25","3,75","6,4",2,0,"4,67","6,2","6,25",2,"3,5","5,75",1,"6,75",6,7,"2,75",1,1,"4,34","3,3",1,6,"2,75"
18,JK,73,"6,666666667",7,1,1,83,5,6,,6,,,"5,67","5,8","3,25","2,4","3,5","5,18",3,"3,6","5,67","3,42","6,5","6,25","4,25","3,25","3,25","3,75","6,4",2,0,"4,67","6,2","6,25",2,"3,5","5,75",1,"6,75",6,7,"2,75",1,1,"4,34","3,3",1,6,"2,75"
18,JK,74,"6,666666667",7,1,1,80,5,6,,6,,,"5,67","5,8","3,25","2,4","3,5","5,18",3,"3,6","5,67","3,42","6,5","6,25","4,25","3,25","3,25","3,75","6,4",2,0,"4,67","6,2","6,25",2,"3,5","5,75",1,"6,75",6,7,"2,75",1,1,"4,34","3,3",1,6,"2,75"
18,JK,75,"6,666666667",7,1,1,77,5,6,,6,,,"5,67","5,8","3,25","2,4","3,5","5,18",3,"3,6","5,67","3,42","6,5","6,25","4,25","3,25","3,25","3,75","6,4",2,0,"4,67","6,2","6,25",2,"3,5","5,75",1,"6,75",6,7,"2,75",1,1,"4,34","3,3",1,6,"2,75"
18,JK,76,"6,666666667",7,1,1,84,5,6,,6,,,"5,67","5,8","3,25","2,4","3,5","5,18",3,"3,6","5,67","3,42","6,5","6,25","4,25","3,25","3,25","3,75","6,4",2,0,"4,67","6,2","6,25",2,"3,5","5,75",1,"6,75",6,7,"2,75",1,1,"4,34","3,3",1,6,"2,75"
18,JK,77,"6,666666667",7,1,1,91,5,6,,6,,,"5,67","5,8","3,25","2,4","3,5","5,18",3,"3,6","5,67","3,42","6,5","6,25","4,25","3,25","3,25","3,75","6,4",2,0,"4,67","6,2","6,25",2,"3,5","5,75",1,"6,75",6,7,"2,75",1,1,"4,34","3,3",1,6,"2,75"
18,JK,78,"6,666666667",7,1,1,84,5,6,,6,,,"5,67","5,8","3,25","2,4","3,5","5,18",3,"3,6","5,67","3,42","6,5","6,25","4,25","3,25","3,25","3,75","6,4",2,0,"4,67","6,2","6,25",2,"3,5","5,75",1,"6,75",6,7,"2,75",1,1,"4,34","3,3",1,6,"2,75"
18,JK,79,"6,666666667",7,1,1,100,5,6,,6,,,"5,67","5,8","3,25","2,4","3,5","5,18",3,"3,6","5,67","3,42","6,5","6,25","4,25","3,25","3,25","3,75","6,4",2,0,"4,67","6,2","6,25",2,"3,5","5,75",1,"6,75",6,7,"2,75",1,1,"4,34","3,3",1,6,"2,75"
18,JK,80,6,7,1,1,100,5,6,,6,,,"5,67","5,8","3,25","2,4","3,5","5,18",3,"3,6","5,67","3,42","6,5","6,25","4,25","3,25","3,25","3,75","6,4",2,0,"4,67","6,2","6,25",2,"3,5","5,75",1,"6,75",6,7,"2,75",1,1,"4,34","3,3",1,6,"2,75"
18,JK,81,6,7,1,1,100,5,6,,6,,,"5,67","5,8","3,25","2,4","3,5","5,18",3,"3,6","5,67","3,42","6,5","6,25","4,25","3,25","3,25","3,75","6,4",2,0,"4,67","6,2","6,25",2,"3,5","5,75",1,"6,75",6,7,"2,75",1,1,"4,34","3,3",1,6,"2,75"
18,JK,82,6,7,1,1,100,5,6,,6,,,"5,67","5,8","3,25","2,4","3,5","5,18",3,"3,6","5,67","3,42","6,5","6,25","4,25","3,25","3,25","3,75","6,4",2,0,"4,67","6,2","6,25",2,"3,5","5,75",1,"6,75",6,7,"2,75",1,1,"4,34","3,3",1,6,"2,75"
18,JK,83,6,7,1,1,96,5,6,,6,,,"5,67","5,8","3,25","2,4","3,5","5,18",3,"3,6","5,67","3,42","6,5","6,25","4,25","3,25","3,25","3,75","6,4",2,0,"4,67","6,2","6,25",2,"3,5","5,75",1,"6,75",6,7,"2,75",1,1,"4,34","3,3",1,6,"2,75"
18,JK,84,6,7,1,1,79,5,6,,6,,,"5,67","5,8","3,25","2,4","3,5","5,18",3,"3,6","5,67","3,42","6,5","6,25","4,25","3,25","3,25","3,75","6,4",2,0,"4,67","6,2","6,25",2,"3,5","5,75",1,"6,75",6,7,"2,75",1,1,"4,34","3,3",1,6,"2,75"
18,JK,85,"5,666666667",7,1,1,59,5,6,,6,,,"5,67","5,8","3,25","2,4","3,5","5,18",3,"3,6","5,67","3,42","6,5","6,25","4,25","3,25","3,25","3,75","6,4",2,0,"4,67","6,2","6,25",2,"3,5","5,75",1,"6,75",6,7,"2,75",1,1,"4,34","3,3",1,6,"2,75"
18,JK,86,"5,666666667",7,1,1,64,5,6,,6,,,"5,67","5,8","3,25","2,4","3,5","5,18",3,"3,6","5,67","3,42","6,5","6,25","4,25","3,25","3,25","3,75","6,4",2,0,"4,67","6,2","6,25",2,"3,5","5,75",1,"6,75",6,7,"2,75",1,1,"4,34","3,3",1,6,"2,75"
18,JK,87,"5,666666667",7,1,1,68,5,6,,6,,,"5,67","5,8","3,25","2,4","3,5","5,18",3,"3,6","5,67","3,42","6,5","6,25","4,25","3,25","3,25","3,75","6,4",2,0,"4,67","6,2","6,25",2,"3,5","5,75",1,"6,75",6,7,"2,75",1,1,"4,34","3,3",1,6,"2,75"
18,JK,88,"5,666666667",7,1,1,89,5,6,,6,,,"5,67","5,8","3,25","2,4","3,5","5,18",3,"3,6","5,67","3,42","6,5","6,25","4,25","3,25","3,25","3,75","6,4",2,0,"4,67","6,2","6,25",2,"3,5","5,75",1,"6,75",6,7,"2,75",1,1,"4,34","3,3",1,6,"2,75"
18,JK,89,"5,666666667",7,1,1,83,5,6,,6,,,"5,67","5,8","3,25","2,4","3,5","5,18",3,"3,6","5,67","3,42","6,5","6,25","4,25","3,25","3,25","3,75","6,4",2,0,"4,67","6,2","6,25",2,"3,5","5,75",1,"6,75",6,7,"2,75",1,1,"4,34","3,3",1,6,"2,75"
18,JK,90,"6,666666667",7,1,1,77,5,6,,6,,,"5,67","5,8","3,25","2,4","3,5","5,18",3,"3,6","5,67","3,42","6,5","6,25","4,25","3,25","3,25","3,75","6,4",2,0,"4,67","6,2","6,25",2,"3,5","5,75",1,"6,75",6,7,"2,75",1,1,"4,34","3,3",1,6,"2,75"
18,JK,91,"6,666666667",7,1,1,65,5,6,,6,,,"5,67","5,8","3,25","2,4","3,5","5,18",3,"3,6","5,67","3,42","6,5","6,25","4,25","3,25","3,25","3,75","6,4",2,0,"4,67","6,2","6,25",2,"3,5","5,75",1,"6,75",6,7,"2,75",1,1,"4,34","3,3",1,6,"2,75"
18,JK,92,"6,666666667",7,1,1,88,5,6,,6,,,"5,67","5,8","3,25","2,4","3,5","5,18",3,"3,6","5,67","3,42","6,5","6,25","4,25","3,25","3,25","3,75","6,4",2,0,"4,67","6,2","6,25",2,"3,5","5,75",1,"6,75",6,7,"2,75",1,1,"4,34","3,3",1,6,"2,75"
18,JK,93,"6,666666667",7,1,1,79,5,6,,6,,,"5,67","5,8","3,25","2,4","3,5","5,18",3,"3,6","5,67","3,42","6,5","6,25","4,25","3,25","3,25","3,75","6,4",2,0,"4,67","6,2","6,25",2,"3,5","5,75",1,"6,75",6,7,"2,75",1,1,"4,34","3,3",1,6,"2,75"
18,JK,94,"6,666666667",7,1,1,68,5,6,,6,,,"5,67","5,8","3,25","2,4","3,5","5,18",3,"3,6","5,67","3,42","6,5","6,25","4,25","3,25","3,25","3,75","6,4",2,0,"4,67","6,2","6,25",2,"3,5","5,75",1,"6,75",6,7,"2,75",1,1,"4,34","3,3",1,6,"2,75"
18,JK,95,"6,666666667",7,1,1,84,5,6,9,6,,,"5,67","5,8","3,25","2,4","3,5","5,18",3,"3,6","5,67","3,42","6,5","6,25","4,25","3,25","3,25","3,75","6,4",2,0,"4,67","6,2","6,25",2,"3,5","5,75",1,"6,75",6,7,"2,75",1,1,"4,34","3,3",1,6,"2,75"
18,JK,96,"6,666666667",7,1,1,84,5,6,9,6,,,"5,67","5,8","3,25","2,4","3,5","5,18",3,"3,6","5,67","3,42","6,5","6,25","4,25","3,25","3,25","3,75","6,4",2,0,"4,67","6,2","6,25",2,"3,5","5,75",1,"6,75",6,7,"2,75",1,1,"4,34","3,3",1,6,"2,75"
18,JK,97,"6,666666667",7,1,1,100,5,6,9,6,,,"5,67","5,8","3,25","2,4","3,5","5,18",3,"3,6","5,67","3,42","6,5","6,25","4,25","3,25","3,25","3,75","6,4",2,0,"4,67","6,2","6,25",2,"3,5","5,75",1,"6,75",6,7,"2,75",1,1,"4,34","3,3",1,6,"2,75"
18,JK,98,"6,666666667",7,1,1,100,5,6,9,6,,,"5,67","5,8","3,25","2,4","3,5","5,18",3,"3,6","5,67","3,42","6,5","6,25","4,25","3,25","3,25","3,75","6,4",2,0,"4,67","6,2","6,25",2,"3,5","5,75",1,"6,75",6,7,"2,75",1,1,"4,34","3,3",1,6,"2,75"
18,JK,99,"6,666666667",7,1,1,100,5,6,9,6,,,"5,67","5,8","3,25","2,4","3,5","5,18",3,"3,6","5,67","3,42","6,5","6,25","4,25","3,25","3,25","3,75","6,4",2,0,"4,67","6,2","6,25",2,"3,5","5,75",1,"6,75",6,7,"2,75",1,1,"4,34","3,3",1,6,"2,75"
18,JK,100,"6,666666667",7,1,1,100,5,6,9,6,,,"5,67","5,8","3,25","2,4","3,5","5,18",3,"3,6","5,67","3,42","6,5","6,25","4,25","3,25","3,25","3,75","6,4",2,0,"4,67","6,2","6,25",2,"3,5","5,75",1,"6,75",6,7,"2,75",1,1,"4,34","3,3",1,6,"2,75"
18,JK,101,"6,666666667",7,1,1,100,5,6,9,6,,,"5,67","5,8","3,25","2,4","3,5","5,18",3,"3,6","5,67","3,42","6,5","6,25","4,25","3,25","3,25","3,75","6,4",2,0,"4,67","6,2","6,25",2,"3,5","5,75",1,"6,75",6,7,"2,75",1,1,"4,34","3,3",1,6,"2,75"
18,JK,102,"6,666666667",7,1,1,93,5,6,9,6,,,"5,67","5,8","3,25","2,4","3,5","5,18",3,"3,6","5,67","3,42","6,5","6,25","4,25","3,25","3,25","3,75","6,4",2,0,"4,67","6,2","6,25",2,"3,5","5,75",1,"6,75",6,7,"2,75",1,1,"4,34","3,3",1,6,"2,75"
18,JK,103,"6,666666667",7,1,1,100,5,6,9,6,,,"5,67","5,8","3,25","2,4","3,5","5,18",3,"3,6","5,67","3,42","6,5","6,25","4,25","3,25","3,25","3,75","6,4",2,0,"4,67","6,2","6,25",2,"3,5","5,75",1,"6,75",6,7,"2,75",1,1,"4,34","3,3",1,6,"2,75"
18,JK,104,"6,666666667",7,1,1,94,5,6,9,6,,,"5,67","5,8","3,25","2,4","3,5","5,18",3,"3,6","5,67","3,42","6,5","6,25","4,25","3,25","3,25","3,75","6,4",2,0,"4,67","6,2","6,25",2,"3,5","5,75",1,"6,75",6,7,"2,75",1,1,"4,34","3,3",1,6,"2,75"
19,AC,1,7,6,1,1,85,1,,,1,,,"6,67","6,8",1,1,"4,94","5,71",1,"2,33","6,83","1,08","6,5",7,7,1,"1,25",1,7,"1,33",0,5,"6,8",7,1,"1,5","6,75",1,"6,75",6,7,2,1,1,"5,32","1,67","0,67","6,88","1,25"
19,AC,2,7,6,1,1,74,1,,,1,,,"6,67","6,8",1,1,"4,94","5,71",1,"2,33","6,83","1,08","6,5",7,7,1,"1,25",1,7,"1,33",0,5,"6,8",7,1,"1,5","6,75",1,"6,75",6,7,2,1,1,"5,32","1,67","0,67","6,88","1,25"
19,AC,3,7,6,1,1,67,1,,,1,,,"6,67","6,8",1,1,"4,94","5,71",1,"2,33","6,83","1,08","6,5",7,7,1,"1,25",1,7,"1,33",0,5,"6,8",7,1,"1,5","6,75",1,"6,75",6,7,2,1,1,"5,32","1,67","0,67","6,88","1,25"
19,AC,4,7,6,1,1,92,1,,,1,,,"6,67","6,8",1,1,"4,94","5,71",1,"2,33","6,83","1,08","6,5",7,7,1,"1,25",1,7,"1,33",0,5,"6,8",7,1,"1,5","6,75",1,"6,75",6,7,2,1,1,"5,32","1,67","0,67","6,88","1,25"
19,AC,5,7,6,1,1,82,1,,,1,,,"6,67","6,8",1,1,"4,94","5,71",1,"2,33","6,83","1,08","6,5",7,7,1,"1,25",1,7,"1,33",0,5,"6,8",7,1,"1,5","6,75",1,"6,75",6,7,2,1,1,"5,32","1,67","0,67","6,88","1,25"
19,AC,6,7,"5,666666667",1,1,69,7,,,6,,,"6,67","6,8",1,1,"4,94","5,71",1,"2,33","6,83","1,08","6,5",7,7,1,"1,25",1,7,"1,33",0,5,"6,8",7,1,"1,5","6,75",1,"6,75",6,7,2,1,1,"5,32","1,67","0,67","6,88","1,25"
19,AC,7,7,"5,666666667",1,1,50,7,,,6,,,"6,67","6,8",1,1,"4,94","5,71",1,"2,33","6,83","1,08","6,5",7,7,1,"1,25",1,7,"1,33",0,5,"6,8",7,1,"1,5","6,75",1,"6,75",6,7,2,1,1,"5,32","1,67","0,67","6,88","1,25"
19,AC,8,7,"5,666666667",1,1,65,7,,,6,,,"6,67","6,8",1,1,"4,94","5,71",1,"2,33","6,83","1,08","6,5",7,7,1,"1,25",1,7,"1,33",0,5,"6,8",7,1,"1,5","6,75",1,"6,75",6,7,2,1,1,"5,32","1,67","0,67","6,88","1,25"
19,AC,9,7,"5,666666667",1,1,76,7,,,6,,,"6,67","6,8",1,1,"4,94","5,71",1,"2,33","6,83","1,08","6,5",7,7,1,"1,25",1,7,"1,33",0,5,"6,8",7,1,"1,5","6,75",1,"6,75",6,7,2,1,1,"5,32","1,67","0,67","6,88","1,25"
19,AC,10,7,"5,666666667",1,1,64,7,,,6,,,"6,67","6,8",1,1,"4,94","5,71",1,"2,33","6,83","1,08","6,5",7,7,1,"1,25",1,7,"1,33",0,5,"6,8",7,1,"1,5","6,75",1,"6,75",6,7,2,1,1,"5,32","1,67","0,67","6,88","1,25"
19,AC,11,7,"5,666666667",1,1,55,7,,,6,,,"6,67","6,8",1,1,"4,94","5,71",1,"2,33","6,83","1,08","6,5",7,7,1,"1,25",1,7,"1,33",0,5,"6,8",7,1,"1,5","6,75",1,"6,75",6,7,2,1,1,"5,32","1,67","0,67","6,88","1,25"
19,AC,12,7,"5,666666667",1,1,53,7,,,6,,,"6,67","6,8",1,1,"4,94","5,71",1,"2,33","6,83","1,08","6,5",7,7,1,"1,25",1,7,"1,33",0,5,"6,8",7,1,"1,5","6,75",1,"6,75",6,7,2,1,1,"5,32","1,67","0,67","6,88","1,25"
19,AC,13,7,"5,666666667",1,1,63,7,,,6,,,"6,67","6,8",1,1,"4,94","5,71",1,"2,33","6,83","1,08","6,5",7,7,1,"1,25",1,7,"1,33",0,5,"6,8",7,1,"1,5","6,75",1,"6,75",6,7,2,1,1,"5,32","1,67","0,67","6,88","1,25"
19,AC,14,7,"5,666666667",1,1,60,7,,,6,,,"6,67","6,8",1,1,"4,94","5,71",1,"2,33","6,83","1,08","6,5",7,7,1,"1,25",1,7,"1,33",0,5,"6,8",7,1,"1,5","6,75",1,"6,75",6,7,2,1,1,"5,32","1,67","0,67","6,88","1,25"
19,AC,15,7,"5,666666667",1,1,57,7,,,6,,,"6,67","6,8",1,1,"4,94","5,71",1,"2,33","6,83","1,08","6,5",7,7,1,"1,25",1,7,"1,33",0,5,"6,8",7,1,"1,5","6,75",1,"6,75",6,7,2,1,1,"5,32","1,67","0,67","6,88","1,25"
19,AC,16,7,"4,666666667",1,2,59,7,,,,,,"6,67","6,8",1,1,"4,94","5,71",1,"2,33","6,83","1,08","6,5",7,7,1,"1,25",1,7,"1,33",0,5,"6,8",7,1,"1,5","6,75",1,"6,75",6,7,2,1,1,"5,32","1,67","0,67","6,88","1,25"
19,AC,17,7,"4,666666667",1,2,58,7,,,,,,"6,67","6,8",1,1,"4,94","5,71",1,"2,33","6,83","1,08","6,5",7,7,1,"1,25",1,7,"1,33",0,5,"6,8",7,1,"1,5","6,75",1,"6,75",6,7,2,1,1,"5,32","1,67","0,67","6,88","1,25"
19,AC,18,7,"4,666666667",1,2,57,7,,,,,,"6,67","6,8",1,1,"4,94","5,71",1,"2,33","6,83","1,08","6,5",7,7,1,"1,25",1,7,"1,33",0,5,"6,8",7,1,"1,5","6,75",1,"6,75",6,7,2,1,1,"5,32","1,67","0,67","6,88","1,25"
19,AC,19,7,"4,666666667",1,2,62,7,,,,,,"6,67","6,8",1,1,"4,94","5,71",1,"2,33","6,83","1,08","6,5",7,7,1,"1,25",1,7,"1,33",0,5,"6,8",7,1,"1,5","6,75",1,"6,75",6,7,2,1,1,"5,32","1,67","0,67","6,88","1,25"
19,AC,20,7,"4,666666667",1,2,64,7,,,,,,"6,67","6,8",1,1,"4,94","5,71",1,"2,33","6,83","1,08","6,5",7,7,1,"1,25",1,7,"1,33",0,5,"6,8",7,1,"1,5","6,75",1,"6,75",6,7,2,1,1,"5,32","1,67","0,67","6,88","1,25"
19,AC,21,7,"5,5",1,"1,5",56,7,,,,,,"6,67","6,8",1,1,"4,94","5,71",1,"2,33","6,83","1,08","6,5",7,7,1,"1,25",1,7,"1,33",0,5,"6,8",7,1,"1,5","6,75",1,"6,75",6,7,2,1,1,"5,32","1,67","0,67","6,88","1,25"
19,AC,22,7,"5,5",1,"1,5",55,7,,,,,,"6,67","6,8",1,1,"4,94","5,71",1,"2,33","6,83","1,08","6,5",7,7,1,"1,25",1,7,"1,33",0,5,"6,8",7,1,"1,5","6,75",1,"6,75",6,7,2,1,1,"5,32","1,67","0,67","6,88","1,25"
19,AC,23,7,"5,5",1,"1,5",62,7,,,,,,"6,67","6,8",1,1,"4,94","5,71",1,"2,33","6,83","1,08","6,5",7,7,1,"1,25",1,7,"1,33",0,5,"6,8",7,1,"1,5","6,75",1,"6,75",6,7,2,1,1,"5,32","1,67","0,67","6,88","1,25"
19,AC,24,7,"5,5",1,"1,5",64,7,,,,,,"6,67","6,8",1,1,"4,94","5,71",1,"2,33","6,83","1,08","6,5",7,7,1,"1,25",1,7,"1,33",0,5,"6,8",7,1,"1,5","6,75",1,"6,75",6,7,2,1,1,"5,32","1,67","0,67","6,88","1,25"
19,AC,25,7,"5,5",1,"1,5",59,7,,,,,,"6,67","6,8",1,1,"4,94","5,71",1,"2,33","6,83","1,08","6,5",7,7,1,"1,25",1,7,"1,33",0,5,"6,8",7,1,"1,5","6,75",1,"6,75",6,7,2,1,1,"5,32","1,67","0,67","6,88","1,25"
19,AC,26,7,7,1,1,60,8,,,6,,,"6,67","6,8",1,1,"4,94","5,71",1,"2,33","6,83","1,08","6,5",7,7,1,"1,25",1,7,"1,33",0,5,"6,8",7,1,"1,5","6,75",1,"6,75",6,7,2,1,1,"5,32","1,67","0,67","6,88","1,25"
19,AC,27,7,7,1,1,55,8,,,6,,,"6,67","6,8",1,1,"4,94","5,71",1,"2,33","6,83","1,08","6,5",7,7,1,"1,25",1,7,"1,33",0,5,"6,8",7,1,"1,5","6,75",1,"6,75",6,7,2,1,1,"5,32","1,67","0,67","6,88","1,25"
19,AC,28,7,7,1,1,54,8,,,6,,,"6,67","6,8",1,1,"4,94","5,71",1,"2,33","6,83","1,08","6,5",7,7,1,"1,25",1,7,"1,33",0,5,"6,8",7,1,"1,5","6,75",1,"6,75",6,7,2,1,1,"5,32","1,67","0,67","6,88","1,25"
19,AC,29,7,7,1,1,61,8,,,6,,,"6,67","6,8",1,1,"4,94","5,71",1,"2,33","6,83","1,08","6,5",7,7,1,"1,25",1,7,"1,33",0,5,"6,8",7,1,"1,5","6,75",1,"6,75",6,7,2,1,1,"5,32","1,67","0,67","6,88","1,25"
19,AC,30,7,7,1,1,70,8,,,6,,,"6,67","6,8",1,1,"4,94","5,71",1,"2,33","6,83","1,08","6,5",7,7,1,"1,25",1,7,"1,33",0,5,"6,8",7,1,"1,5","6,75",1,"6,75",6,7,2,1,1,"5,32","1,67","0,67","6,88","1,25"
19,AC,31,7,7,1,1,69,8,4,,6,1,,"6,67","6,8",1,1,"4,94","5,71",1,"2,33","6,83","1,08","6,5",7,7,1,"1,25",1,7,"1,33",0,5,"6,8",7,1,"1,5","6,75",1,"6,75",6,7,2,1,1,"5,32","1,67","0,67","6,88","1,25"
19,AC,32,7,7,1,1,67,8,4,,6,1,,"6,67","6,8",1,1,"4,94","5,71",1,"2,33","6,83","1,08","6,5",7,7,1,"1,25",1,7,"1,33",0,5,"6,8",7,1,"1,5","6,75",1,"6,75",6,7,2,1,1,"5,32","1,67","0,67","6,88","1,25"
19,AC,33,7,7,1,1,69,8,4,,6,1,,"6,67","6,8",1,1,"4,94","5,71",1,"2,33","6,83","1,08","6,5",7,7,1,"1,25",1,7,"1,33",0,5,"6,8",7,1,"1,5","6,75",1,"6,75",6,7,2,1,1,"5,32","1,67","0,67","6,88","1,25"
19,AC,34,7,7,1,1,69,8,4,,6,1,,"6,67","6,8",1,1,"4,94","5,71",1,"2,33","6,83","1,08","6,5",7,7,1,"1,25",1,7,"1,33",0,5,"6,8",7,1,"1,5","6,75",1,"6,75",6,7,2,1,1,"5,32","1,67","0,67","6,88","1,25"
19,AC,35,7,7,1,1,78,8,4,,6,1,,"6,67","6,8",1,1,"4,94","5,71",1,"2,33","6,83","1,08","6,5",7,7,1,"1,25",1,7,"1,33",0,5,"6,8",7,1,"1,5","6,75",1,"6,75",6,7,2,1,1,"5,32","1,67","0,67","6,88","1,25"
19,AC,36,7,7,1,1,77,5,,,9,,,"6,67","6,8",1,1,"4,94","5,71",1,"2,33","6,83","1,08","6,5",7,7,1,"1,25",1,7,"1,33",0,5,"6,8",7,1,"1,5","6,75",1,"6,75",6,7,2,1,1,"5,32","1,67","0,67","6,88","1,25"
19,AC,37,7,7,1,1,70,5,,,9,,,"6,67","6,8",1,1,"4,94","5,71",1,"2,33","6,83","1,08","6,5",7,7,1,"1,25",1,7,"1,33",0,5,"6,8",7,1,"1,5","6,75",1,"6,75",6,7,2,1,1,"5,32","1,67","0,67","6,88","1,25"
19,AC,38,7,7,1,1,65,5,,,9,,,"6,67","6,8",1,1,"4,94","5,71",1,"2,33","6,83","1,08","6,5",7,7,1,"1,25",1,7,"1,33",0,5,"6,8",7,1,"1,5","6,75",1,"6,75",6,7,2,1,1,"5,32","1,67","0,67","6,88","1,25"
19,AC,39,7,7,1,1,65,5,,,9,,,"6,67","6,8",1,1,"4,94","5,71",1,"2,33","6,83","1,08","6,5",7,7,1,"1,25",1,7,"1,33",0,5,"6,8",7,1,"1,5","6,75",1,"6,75",6,7,2,1,1,"5,32","1,67","0,67","6,88","1,25"
19,AC,40,7,7,1,1,70,5,,,9,,,"6,67","6,8",1,1,"4,94","5,71",1,"2,33","6,83","1,08","6,5",7,7,1,"1,25",1,7,"1,33",0,5,"6,8",7,1,"1,5","6,75",1,"6,75",6,7,2,1,1,"5,32","1,67","0,67","6,88","1,25"
19,AC,41,7,7,1,1,67,5,,,,,,"6,67","6,8",1,1,"4,94","5,71",1,"2,33","6,83","1,08","6,5",7,7,1,"1,25",1,7,"1,33",0,5,"6,8",7,1,"1,5","6,75",1,"6,75",6,7,2,1,1,"5,32","1,67","0,67","6,88","1,25"
19,AC,42,7,7,1,1,56,5,,,,,,"6,67","6,8",1,1,"4,94","5,71",1,"2,33","6,83","1,08","6,5",7,7,1,"1,25",1,7,"1,33",0,5,"6,8",7,1,"1,5","6,75",1,"6,75",6,7,2,1,1,"5,32","1,67","0,67","6,88","1,25"
19,AC,43,7,7,1,1,52,5,,,,,,"6,67","6,8",1,1,"4,94","5,71",1,"2,33","6,83","1,08","6,5",7,7,1,"1,25",1,7,"1,33",0,5,"6,8",7,1,"1,5","6,75",1,"6,75",6,7,2,1,1,"5,32","1,67","0,67","6,88","1,25"
19,AC,44,7,7,1,1,56,5,,,,,,"6,67","6,8",1,1,"4,94","5,71",1,"2,33","6,83","1,08","6,5",7,7,1,"1,25",1,7,"1,33",0,5,"6,8",7,1,"1,5","6,75",1,"6,75",6,7,2,1,1,"5,32","1,67","0,67","6,88","1,25"
19,AC,45,7,7,1,1,52,5,,,,,,"6,67","6,8",1,1,"4,94","5,71",1,"2,33","6,83","1,08","6,5",7,7,1,"1,25",1,7,"1,33",0,5,"6,8",7,1,"1,5","6,75",1,"6,75",6,7,2,1,1,"5,32","1,67","0,67","6,88","1,25"
19,AC,46,7,7,1,1,56,5,,,6,,,"6,67","6,8",1,1,"4,94","5,71",1,"2,33","6,83","1,08","6,5",7,7,1,"1,25",1,7,"1,33",0,5,"6,8",7,1,"1,5","6,75",1,"6,75",6,7,2,1,1,"5,32","1,67","0,67","6,88","1,25"
19,AC,47,7,7,1,1,62,5,,,6,,,"6,67","6,8",1,1,"4,94","5,71",1,"2,33","6,83","1,08","6,5",7,7,1,"1,25",1,7,"1,33",0,5,"6,8",7,1,"1,5","6,75",1,"6,75",6,7,2,1,1,"5,32","1,67","0,67","6,88","1,25"
19,AC,48,7,7,1,1,63,5,,,6,,,"6,67","6,8",1,1,"4,94","5,71",1,"2,33","6,83","1,08","6,5",7,7,1,"1,25",1,7,"1,33",0,5,"6,8",7,1,"1,5","6,75",1,"6,75",6,7,2,1,1,"5,32","1,67","0,67","6,88","1,25"
19,AC,49,7,7,1,1,72,5,,,6,,,"6,67","6,8",1,1,"4,94","5,71",1,"2,33","6,83","1,08","6,5",7,7,1,"1,25",1,7,"1,33",0,5,"6,8",7,1,"1,5","6,75",1,"6,75",6,7,2,1,1,"5,32","1,67","0,67","6,88","1,25"
19,AC,50,7,7,1,1,60,5,,,6,,,"6,67","6,8",1,1,"4,94","5,71",1,"2,33","6,83","1,08","6,5",7,7,1,"1,25",1,7,"1,33",0,5,"6,8",7,1,"1,5","6,75",1,"6,75",6,7,2,1,1,"5,32","1,67","0,67","6,88","1,25"
19,AC,51,7,7,1,1,56,5,,,6,,,"6,67","6,8",1,1,"4,94","5,71",1,"2,33","6,83","1,08","6,5",7,7,1,"1,25",1,7,"1,33",0,5,"6,8",7,1,"1,5","6,75",1,"6,75",6,7,2,1,1,"5,32","1,67","0,67","6,88","1,25"
19,AC,52,7,7,1,1,57,5,,,6,,,"6,67","6,8",1,1,"4,94","5,71",1,"2,33","6,83","1,08","6,5",7,7,1,"1,25",1,7,"1,33",0,5,"6,8",7,1,"1,5","6,75",1,"6,75",6,7,2,1,1,"5,32","1,67","0,67","6,88","1,25"
19,AC,53,7,7,1,1,59,5,,,6,,,"6,67","6,8",1,1,"4,94","5,71",1,"2,33","6,83","1,08","6,5",7,7,1,"1,25",1,7,"1,33",0,5,"6,8",7,1,"1,5","6,75",1,"6,75",6,7,2,1,1,"5,32","1,67","0,67","6,88","1,25"
19,AC,54,7,7,1,1,59,5,,,6,,,"6,67","6,8",1,1,"4,94","5,71",1,"2,33","6,83","1,08","6,5",7,7,1,"1,25",1,7,"1,33",0,5,"6,8",7,1,"1,5","6,75",1,"6,75",6,7,2,1,1,"5,32","1,67","0,67","6,88","1,25"
19,AC,55,7,7,1,1,64,5,,,6,,,"6,67","6,8",1,1,"4,94","5,71",1,"2,33","6,83","1,08","6,5",7,7,1,"1,25",1,7,"1,33",0,5,"6,8",7,1,"1,5","6,75",1,"6,75",6,7,2,1,1,"5,32","1,67","0,67","6,88","1,25"
19,AC,56,7,7,1,1,71,5,,,1,,,"6,67","6,8",1,1,"4,94","5,71",1,"2,33","6,83","1,08","6,5",7,7,1,"1,25",1,7,"1,33",0,5,"6,8",7,1,"1,5","6,75",1,"6,75",6,7,2,1,1,"5,32","1,67","0,67","6,88","1,25"
19,AC,57,7,7,1,1,75,5,,,1,,,"6,67","6,8",1,1,"4,94","5,71",1,"2,33","6,83","1,08","6,5",7,7,1,"1,25",1,7,"1,33",0,5,"6,8",7,1,"1,5","6,75",1,"6,75",6,7,2,1,1,"5,32","1,67","0,67","6,88","1,25"
19,AC,58,7,7,1,1,78,5,,,1,,,"6,67","6,8",1,1,"4,94","5,71",1,"2,33","6,83","1,08","6,5",7,7,1,"1,25",1,7,"1,33",0,5,"6,8",7,1,"1,5","6,75",1,"6,75",6,7,2,1,1,"5,32","1,67","0,67","6,88","1,25"
19,AC,59,7,7,1,1,79,5,,,1,,,"6,67","6,8",1,1,"4,94","5,71",1,"2,33","6,83","1,08","6,5",7,7,1,"1,25",1,7,"1,33",0,5,"6,8",7,1,"1,5","6,75",1,"6,75",6,7,2,1,1,"5,32","1,67","0,67","6,88","1,25"
19,AC,60,7,7,1,1,72,5,,,1,,,"6,67","6,8",1,1,"4,94","5,71",1,"2,33","6,83","1,08","6,5",7,7,1,"1,25",1,7,"1,33",0,5,"6,8",7,1,"1,5","6,75",1,"6,75",6,7,2,1,1,"5,32","1,67","0,67","6,88","1,25"
19,AC,61,7,7,1,1,87,5,,,8,,,"6,67","6,8",1,1,"4,94","5,71",1,"2,33","6,83","1,08","6,5",7,7,1,"1,25",1,7,"1,33",0,5,"6,8",7,1,"1,5","6,75",1,"6,75",6,7,2,1,1,"5,32","1,67","0,67","6,88","1,25"
19,AC,62,7,7,1,1,78,5,,,8,,,"6,67","6,8",1,1,"4,94","5,71",1,"2,33","6,83","1,08","6,5",7,7,1,"1,25",1,7,"1,33",0,5,"6,8",7,1,"1,5","6,75",1,"6,75",6,7,2,1,1,"5,32","1,67","0,67","6,88","1,25"
19,AC,63,7,7,1,1,80,5,,,8,,,"6,67","6,8",1,1,"4,94","5,71",1,"2,33","6,83","1,08","6,5",7,7,1,"1,25",1,7,"1,33",0,5,"6,8",7,1,"1,5","6,75",1,"6,75",6,7,2,1,1,"5,32","1,67","0,67","6,88","1,25"
19,AC,64,7,7,1,1,77,5,,,8,,,"6,67","6,8",1,1,"4,94","5,71",1,"2,33","6,83","1,08","6,5",7,7,1,"1,25",1,7,"1,33",0,5,"6,8",7,1,"1,5","6,75",1,"6,75",6,7,2,1,1,"5,32","1,67","0,67","6,88","1,25"
19,AC,65,7,7,1,1,73,5,,,8,,,"6,67","6,8",1,1,"4,94","5,71",1,"2,33","6,83","1,08","6,5",7,7,1,"1,25",1,7,"1,33",0,5,"6,8",7,1,"1,5","6,75",1,"6,75",6,7,2,1,1,"5,32","1,67","0,67","6,88","1,25"
19,AC,66,7,7,1,1,74,5,,,,,,"6,67","6,8",1,1,"4,94","5,71",1,"2,33","6,83","1,08","6,5",7,7,1,"1,25",1,7,"1,33",0,5,"6,8",7,1,"1,5","6,75",1,"6,75",6,7,2,1,1,"5,32","1,67","0,67","6,88","1,25"
19,AC,67,7,7,1,1,65,5,,,,,,"6,67","6,8",1,1,"4,94","5,71",1,"2,33","6,83","1,08","6,5",7,7,1,"1,25",1,7,"1,33",0,5,"6,8",7,1,"1,5","6,75",1,"6,75",6,7,2,1,1,"5,32","1,67","0,67","6,88","1,25"
19,AC,68,7,7,1,1,65,5,,,,,,"6,67","6,8",1,1,"4,94","5,71",1,"2,33","6,83","1,08","6,5",7,7,1,"1,25",1,7,"1,33",0,5,"6,8",7,1,"1,5","6,75",1,"6,75",6,7,2,1,1,"5,32","1,67","0,67","6,88","1,25"
19,AC,69,7,7,1,1,67,5,,,,,,"6,67","6,8",1,1,"4,94","5,71",1,"2,33","6,83","1,08","6,5",7,7,1,"1,25",1,7,"1,33",0,5,"6,8",7,1,"1,5","6,75",1,"6,75",6,7,2,1,1,"5,32","1,67","0,67","6,88","1,25"
19,AC,70,7,7,1,1,69,5,,,,,,"6,67","6,8",1,1,"4,94","5,71",1,"2,33","6,83","1,08","6,5",7,7,1,"1,25",1,7,"1,33",0,5,"6,8",7,1,"1,5","6,75",1,"6,75",6,7,2,1,1,"5,32","1,67","0,67","6,88","1,25"
19,AC,71,7,7,1,1,78,5,,,,,,"6,67","6,8",1,1,"4,94","5,71",1,"2,33","6,83","1,08","6,5",7,7,1,"1,25",1,7,"1,33",0,5,"6,8",7,1,"1,5","6,75",1,"6,75",6,7,2,1,1,"5,32","1,67","0,67","6,88","1,25"
19,AC,72,7,7,1,1,79,5,,,,,,"6,67","6,8",1,1,"4,94","5,71",1,"2,33","6,83","1,08","6,5",7,7,1,"1,25",1,7,"1,33",0,5,"6,8",7,1,"1,5","6,75",1,"6,75",6,7,2,1,1,"5,32","1,67","0,67","6,88","1,25"
19,AC,73,7,7,1,1,77,5,,,,,,"6,67","6,8",1,1,"4,94","5,71",1,"2,33","6,83","1,08","6,5",7,7,1,"1,25",1,7,"1,33",0,5,"6,8",7,1,"1,5","6,75",1,"6,75",6,7,2,1,1,"5,32","1,67","0,67","6,88","1,25"
19,AC,74,7,7,1,1,67,5,,,,,,"6,67","6,8",1,1,"4,94","5,71",1,"2,33","6,83","1,08","6,5",7,7,1,"1,25",1,7,"1,33",0,5,"6,8",7,1,"1,5","6,75",1,"6,75",6,7,2,1,1,"5,32","1,67","0,67","6,88","1,25"
19,AC,75,7,7,1,1,64,5,,,,,,"6,67","6,8",1,1,"4,94","5,71",1,"2,33","6,83","1,08","6,5",7,7,1,"1,25",1,7,"1,33",0,5,"6,8",7,1,"1,5","6,75",1,"6,75",6,7,2,1,1,"5,32","1,67","0,67","6,88","1,25"
19,AC,76,7,7,1,1,75,5,,,6,,,"6,67","6,8",1,1,"4,94","5,71",1,"2,33","6,83","1,08","6,5",7,7,1,"1,25",1,7,"1,33",0,5,"6,8",7,1,"1,5","6,75",1,"6,75",6,7,2,1,1,"5,32","1,67","0,67","6,88","1,25"
19,AC,77,7,7,1,1,70,5,,,6,,,"6,67","6,8",1,1,"4,94","5,71",1,"2,33","6,83","1,08","6,5",7,7,1,"1,25",1,7,"1,33",0,5,"6,8",7,1,"1,5","6,75",1,"6,75",6,7,2,1,1,"5,32","1,67","0,67","6,88","1,25"
19,AC,78,7,7,1,1,69,5,,,6,,,"6,67","6,8",1,1,"4,94","5,71",1,"2,33","6,83","1,08","6,5",7,7,1,"1,25",1,7,"1,33",0,5,"6,8",7,1,"1,5","6,75",1,"6,75",6,7,2,1,1,"5,32","1,67","0,67","6,88","1,25"
19,AC,79,7,7,1,1,79,5,,,6,,,"6,67","6,8",1,1,"4,94","5,71",1,"2,33","6,83","1,08","6,5",7,7,1,"1,25",1,7,"1,33",0,5,"6,8",7,1,"1,5","6,75",1,"6,75",6,7,2,1,1,"5,32","1,67","0,67","6,88","1,25"
19,AC,80,7,7,1,1,77,5,,,6,,,"6,67","6,8",1,1,"4,94","5,71",1,"2,33","6,83","1,08","6,5",7,7,1,"1,25",1,7,"1,33",0,5,"6,8",7,1,"1,5","6,75",1,"6,75",6,7,2,1,1,"5,32","1,67","0,67","6,88","1,25"
19,AC,81,"5,5",6,2,"1,666666667",77,7,8,,1,6,,"6,67","6,8",1,1,"4,94","5,71",1,"2,33","6,83","1,08","6,5",7,7,1,"1,25",1,7,"1,33",0,5,"6,8",7,1,"1,5","6,75",1,"6,75",6,7,2,1,1,"5,32","1,67","0,67","6,88","1,25"
19,AC,82,"5,5",6,2,"1,666666667",87,7,8,,1,6,,"6,67","6,8",1,1,"4,94","5,71",1,"2,33","6,83","1,08","6,5",7,7,1,"1,25",1,7,"1,33",0,5,"6,8",7,1,"1,5","6,75",1,"6,75",6,7,2,1,1,"5,32","1,67","0,67","6,88","1,25"
19,AC,83,"5,5",6,2,"1,666666667",80,7,8,,1,6,,"6,67","6,8",1,1,"4,94","5,71",1,"2,33","6,83","1,08","6,5",7,7,1,"1,25",1,7,"1,33",0,5,"6,8",7,1,"1,5","6,75",1,"6,75",6,7,2,1,1,"5,32","1,67","0,67","6,88","1,25"
19,AC,84,"5,5",6,2,"1,666666667",90,7,8,,1,6,,"6,67","6,8",1,1,"4,94","5,71",1,"2,33","6,83","1,08","6,5",7,7,1,"1,25",1,7,"1,33",0,5,"6,8",7,1,"1,5","6,75",1,"6,75",6,7,2,1,1,"5,32","1,67","0,67","6,88","1,25"
19,AC,85,"5,5",6,2,"1,666666667",88,7,8,,1,6,,"6,67","6,8",1,1,"4,94","5,71",1,"2,33","6,83","1,08","6,5",7,7,1,"1,25",1,7,"1,33",0,5,"6,8",7,1,"1,5","6,75",1,"6,75",6,7,2,1,1,"5,32","1,67","0,67","6,88","1,25"
19,AC,86,7,7,1,1,84,5,,,6,,,"6,67","6,8",1,1,"4,94","5,71",1,"2,33","6,83","1,08","6,5",7,7,1,"1,25",1,7,"1,33",0,5,"6,8",7,1,"1,5","6,75",1,"6,75",6,7,2,1,1,"5,32","1,67","0,67","6,88","1,25"
19,AC,87,7,7,1,1,85,5,,,6,,,"6,67","6,8",1,1,"4,94","5,71",1,"2,33","6,83","1,08","6,5",7,7,1,"1,25",1,7,"1,33",0,5,"6,8",7,1,"1,5","6,75",1,"6,75",6,7,2,1,1,"5,32","1,67","0,67","6,88","1,25"
19,AC,88,7,7,1,1,77,5,,,6,,,"6,67","6,8",1,1,"4,94","5,71",1,"2,33","6,83","1,08","6,5",7,7,1,"1,25",1,7,"1,33",0,5,"6,8",7,1,"1,5","6,75",1,"6,75",6,7,2,1,1,"5,32","1,67","0,67","6,88","1,25"
19,AC,89,7,7,1,1,83,5,,,6,,,"6,67","6,8",1,1,"4,94","5,71",1,"2,33","6,83","1,08","6,5",7,7,1,"1,25",1,7,"1,33",0,5,"6,8",7,1,"1,5","6,75",1,"6,75",6,7,2,1,1,"5,32","1,67","0,67","6,88","1,25"
19,AC,90,7,7,1,1,69,5,,,6,,,"6,67","6,8",1,1,"4,94","5,71",1,"2,33","6,83","1,08","6,5",7,7,1,"1,25",1,7,"1,33",0,5,"6,8",7,1,"1,5","6,75",1,"6,75",6,7,2,1,1,"5,32","1,67","0,67","6,88","1,25"
19,AC,91,7,7,1,1,72,5,,,6,,,"6,67","6,8",1,1,"4,94","5,71",1,"2,33","6,83","1,08","6,5",7,7,1,"1,25",1,7,"1,33",0,5,"6,8",7,1,"1,5","6,75",1,"6,75",6,7,2,1,1,"5,32","1,67","0,67","6,88","1,25"
19,AC,92,7,7,1,1,79,5,,,6,,,"6,67","6,8",1,1,"4,94","5,71",1,"2,33","6,83","1,08","6,5",7,7,1,"1,25",1,7,"1,33",0,5,"6,8",7,1,"1,5","6,75",1,"6,75",6,7,2,1,1,"5,32","1,67","0,67","6,88","1,25"
19,AC,93,7,7,1,1,75,5,,,6,,,"6,67","6,8",1,1,"4,94","5,71",1,"2,33","6,83","1,08","6,5",7,7,1,"1,25",1,7,"1,33",0,5,"6,8",7,1,"1,5","6,75",1,"6,75",6,7,2,1,1,"5,32","1,67","0,67","6,88","1,25"
19,AC,94,7,7,1,1,80,5,,,6,,,"6,67","6,8",1,1,"4,94","5,71",1,"2,33","6,83","1,08","6,5",7,7,1,"1,25",1,7,"1,33",0,5,"6,8",7,1,"1,5","6,75",1,"6,75",6,7,2,1,1,"5,32","1,67","0,67","6,88","1,25"
19,AC,95,7,7,1,1,81,5,,,6,,,"6,67","6,8",1,1,"4,94","5,71",1,"2,33","6,83","1,08","6,5",7,7,1,"1,25",1,7,"1,33",0,5,"6,8",7,1,"1,5","6,75",1,"6,75",6,7,2,1,1,"5,32","1,67","0,67","6,88","1,25"
19,AC,96,7,7,1,1,73,5,,,6,8,,"6,67","6,8",1,1,"4,94","5,71",1,"2,33","6,83","1,08","6,5",7,7,1,"1,25",1,7,"1,33",0,5,"6,8",7,1,"1,5","6,75",1,"6,75",6,7,2,1,1,"5,32","1,67","0,67","6,88","1,25"
19,AC,97,7,7,1,1,77,5,,,6,8,,"6,67","6,8",1,1,"4,94","5,71",1,"2,33","6,83","1,08","6,5",7,7,1,"1,25",1,7,"1,33",0,5,"6,8",7,1,"1,5","6,75",1,"6,75",6,7,2,1,1,"5,32","1,67","0,67","6,88","1,25"
19,AC,98,7,7,1,1,73,5,,,6,8,,"6,67","6,8",1,1,"4,94","5,71",1,"2,33","6,83","1,08","6,5",7,7,1,"1,25",1,7,"1,33",0,5,"6,8",7,1,"1,5","6,75",1,"6,75",6,7,2,1,1,"5,32","1,67","0,67","6,88","1,25"
19,AC,99,7,7,1,1,78,5,,,6,8,,"6,67","6,8",1,1,"4,94","5,71",1,"2,33","6,83","1,08","6,5",7,7,1,"1,25",1,7,"1,33",0,5,"6,8",7,1,"1,5","6,75",1,"6,75",6,7,2,1,1,"5,32","1,67","0,67","6,88","1,25"
19,AC,100,7,7,1,1,71,5,,,6,8,,"6,67","6,8",1,1,"4,94","5,71",1,"2,33","6,83","1,08","6,5",7,7,1,"1,25",1,7,"1,33",0,5,"6,8",7,1,"1,5","6,75",1,"6,75",6,7,2,1,1,"5,32","1,67","0,67","6,88","1,25"
19,AC,101,7,7,1,1,64,5,,,,,,"6,67","6,8",1,1,"4,94","5,71",1,"2,33","6,83","1,08","6,5",7,7,1,"1,25",1,7,"1,33",0,5,"6,8",7,1,"1,5","6,75",1,"6,75",6,7,2,1,1,"5,32","1,67","0,67","6,88","1,25"
19,AC,102,7,7,1,1,70,5,,,,,,"6,67","6,8",1,1,"4,94","5,71",1,"2,33","6,83","1,08","6,5",7,7,1,"1,25",1,7,"1,33",0,5,"6,8",7,1,"1,5","6,75",1,"6,75",6,7,2,1,1,"5,32","1,67","0,67","6,88","1,25"
19,AC,103,7,7,1,1,65,5,,,,,,"6,67","6,8",1,1,"4,94","5,71",1,"2,33","6,83","1,08","6,5",7,7,1,"1,25",1,7,"1,33",0,5,"6,8",7,1,"1,5","6,75",1,"6,75",6,7,2,1,1,"5,32","1,67","0,67","6,88","1,25"
19,AC,104,7,7,1,1,80,5,,,,,,"6,67","6,8",1,1,"4,94","5,71",1,"2,33","6,83","1,08","6,5",7,7,1,"1,25",1,7,"1,33",0,5,"6,8",7,1,"1,5","6,75",1,"6,75",6,7,2,1,1,"5,32","1,67","0,67","6,88","1,25"
19,AC,105,7,7,1,1,85,5,,,,,,"6,67","6,8",1,1,"4,94","5,71",1,"2,33","6,83","1,08","6,5",7,7,1,"1,25",1,7,"1,33",0,5,"6,8",7,1,"1,5","6,75",1,"6,75",6,7,2,1,1,"5,32","1,67","0,67","6,88","1,25"
19,AC,106,7,7,1,1,98,5,,,1,,,"6,67","6,8",1,1,"4,94","5,71",1,"2,33","6,83","1,08","6,5",7,7,1,"1,25",1,7,"1,33",0,5,"6,8",7,1,"1,5","6,75",1,"6,75",6,7,2,1,1,"5,32","1,67","0,67","6,88","1,25"
19,AC,107,7,7,1,1,79,5,,,1,,,"6,67","6,8",1,1,"4,94","5,71",1,"2,33","6,83","1,08","6,5",7,7,1,"1,25",1,7,"1,33",0,5,"6,8",7,1,"1,5","6,75",1,"6,75",6,7,2,1,1,"5,32","1,67","0,67","6,88","1,25"
19,AC,108,7,7,1,1,68,5,,,1,,,"6,67","6,8",1,1,"4,94","5,71",1,"2,33","6,83","1,08","6,5",7,7,1,"1,25",1,7,"1,33",0,5,"6,8",7,1,"1,5","6,75",1,"6,75",6,7,2,1,1,"5,32","1,67","0,67","6,88","1,25"
19,AC,109,7,7,1,1,94,5,,,1,,,"6,67","6,8",1,1,"4,94","5,71",1,"2,33","6,83","1,08","6,5",7,7,1,"1,25",1,7,"1,33",0,5,"6,8",7,1,"1,5","6,75",1,"6,75",6,7,2,1,1,"5,32","1,67","0,67","6,88","1,25"
19,AC,110,7,7,1,1,95,5,,,1,,,"6,67","6,8",1,1,"4,94","5,71",1,"2,33","6,83","1,08","6,5",7,7,1,"1,25",1,7,"1,33",0,5,"6,8",7,1,"1,5","6,75",1,"6,75",6,7,2,1,1,"5,32","1,67","0,67","6,88","1,25"
19,AC,111,7,7,1,1,96,5,6,,1,,,"6,67","6,8",1,1,"4,94","5,71",1,"2,33","6,83","1,08","6,5",7,7,1,"1,25",1,7,"1,33",0,5,"6,8",7,1,"1,5","6,75",1,"6,75",6,7,2,1,1,"5,32","1,67","0,67","6,88","1,25"
19,AC,112,7,7,1,1,94,5,6,,1,,,"6,67","6,8",1,1,"4,94","5,71",1,"2,33","6,83","1,08","6,5",7,7,1,"1,25",1,7,"1,33",0,5,"6,8",7,1,"1,5","6,75",1,"6,75",6,7,2,1,1,"5,32","1,67","0,67","6,88","1,25"
19,AC,113,7,7,1,1,85,5,6,,1,,,"6,67","6,8",1,1,"4,94","5,71",1,"2,33","6,83","1,08","6,5",7,7,1,"1,25",1,7,"1,33",0,5,"6,8",7,1,"1,5","6,75",1,"6,75",6,7,2,1,1,"5,32","1,67","0,67","6,88","1,25"
19,AC,114,7,7,1,1,93,5,6,,1,,,"6,67","6,8",1,1,"4,94","5,71",1,"2,33","6,83","1,08","6,5",7,7,1,"1,25",1,7,"1,33",0,5,"6,8",7,1,"1,5","6,75",1,"6,75",6,7,2,1,1,"5,32","1,67","0,67","6,88","1,25"
19,AC,115,7,7,1,1,99,5,6,,1,,,"6,67","6,8",1,1,"4,94","5,71",1,"2,33","6,83","1,08","6,5",7,7,1,"1,25",1,7,"1,33",0,5,"6,8",7,1,"1,5","6,75",1,"6,75",6,7,2,1,1,"5,32","1,67","0,67","6,88","1,25"
19,AC,116,7,7,1,1,80,6,,,,,,"6,67","6,8",1,1,"4,94","5,71",1,"2,33","6,83","1,08","6,5",7,7,1,"1,25",1,7,"1,33",0,5,"6,8",7,1,"1,5","6,75",1,"6,75",6,7,2,1,1,"5,32","1,67","0,67","6,88","1,25"
19,AC,117,7,7,1,1,79,6,,,,,,"6,67","6,8",1,1,"4,94","5,71",1,"2,33","6,83","1,08","6,5",7,7,1,"1,25",1,7,"1,33",0,5,"6,8",7,1,"1,5","6,75",1,"6,75",6,7,2,1,1,"5,32","1,67","0,67","6,88","1,25"
19,AC,118,7,7,1,1,90,6,,,,,,"6,67","6,8",1,1,"4,94","5,71",1,"2,33","6,83","1,08","6,5",7,7,1,"1,25",1,7,"1,33",0,5,"6,8",7,1,"1,5","6,75",1,"6,75",6,7,2,1,1,"5,32","1,67","0,67","6,88","1,25"
19,AC,119,7,7,1,1,79,6,,,,,,"6,67","6,8",1,1,"4,94","5,71",1,"2,33","6,83","1,08","6,5",7,7,1,"1,25",1,7,"1,33",0,5,"6,8",7,1,"1,5","6,75",1,"6,75",6,7,2,1,1,"5,32","1,67","0,67","6,88","1,25"
19,AC,120,7,7,1,1,75,6,,,,,,"6,67","6,8",1,1,"4,94","5,71",1,"2,33","6,83","1,08","6,5",7,7,1,"1,25",1,7,"1,33",0,5,"6,8",7,1,"1,5","6,75",1,"6,75",6,7,2,1,1,"5,32","1,67","0,67","6,88","1,25"
19,AC,121,7,7,1,1,78,8,9,,8,,,"6,67","6,8",1,1,"4,94","5,71",1,"2,33","6,83","1,08","6,5",7,7,1,"1,25",1,7,"1,33",0,5,"6,8",7,1,"1,5","6,75",1,"6,75",6,7,2,1,1,"5,32","1,67","0,67","6,88","1,25"
19,AC,122,7,7,1,1,93,8,9,,8,,,"6,67","6,8",1,1,"4,94","5,71",1,"2,33","6,83","1,08","6,5",7,7,1,"1,25",1,7,"1,33",0,5,"6,8",7,1,"1,5","6,75",1,"6,75",6,7,2,1,1,"5,32","1,67","0,67","6,88","1,25"
19,AC,123,7,7,1,1,92,8,9,,8,,,"6,67","6,8",1,1,"4,94","5,71",1,"2,33","6,83","1,08","6,5",7,7,1,"1,25",1,7,"1,33",0,5,"6,8",7,1,"1,5","6,75",1,"6,75",6,7,2,1,1,"5,32","1,67","0,67","6,88","1,25"
19,AC,124,7,7,1,1,98,8,9,,8,,,"6,67","6,8",1,1,"4,94","5,71",1,"2,33","6,83","1,08","6,5",7,7,1,"1,25",1,7,"1,33",0,5,"6,8",7,1,"1,5","6,75",1,"6,75",6,7,2,1,1,"5,32","1,67","0,67","6,88","1,25"
19,AC,125,7,7,1,1,81,8,9,,8,,,"6,67","6,8",1,1,"4,94","5,71",1,"2,33","6,83","1,08","6,5",7,7,1,"1,25",1,7,"1,33",0,5,"6,8",7,1,"1,5","6,75",1,"6,75",6,7,2,1,1,"5,32","1,67","0,67","6,88","1,25"
20,JB,1,6,"6,5",1,1,46,1,4,,1,,,"6,33","6,2","1,75","2,4","5,31","6,53","1,81","2,07","6,75","1,67",7,"6,75","6,5","1,5",1,"2,5",6,"1,33","0,33",5,"6,4","6,75",1,"1,5","6,75",1,"5,75",6,"6,75","1,25",1,3,"5,92","1,94","0,83","6,75","1,25"
20,JB,2,6,"6,5",1,1,40,1,4,,1,,,"6,33","6,2","1,75","2,4","5,31","6,53","1,81","2,07","6,75","1,67",7,"6,75","6,5","1,5",1,"2,5",6,"1,33","0,33",5,"6,4","6,75",1,"1,5","6,75",1,"5,75",6,"6,75","1,25",1,3,"5,92","1,94","0,83","6,75","1,25"
20,JB,3,6,"6,5",1,1,31,1,4,,1,,,"6,33","6,2","1,75","2,4","5,31","6,53","1,81","2,07","6,75","1,67",7,"6,75","6,5","1,5",1,"2,5",6,"1,33","0,33",5,"6,4","6,75",1,"1,5","6,75",1,"5,75",6,"6,75","1,25",1,3,"5,92","1,94","0,83","6,75","1,25"
20,JB,4,6,"6,5",1,1,27,1,4,,1,,,"6,33","6,2","1,75","2,4","5,31","6,53","1,81","2,07","6,75","1,67",7,"6,75","6,5","1,5",1,"2,5",6,"1,33","0,33",5,"6,4","6,75",1,"1,5","6,75",1,"5,75",6,"6,75","1,25",1,3,"5,92","1,94","0,83","6,75","1,25"
20,JB,5,6,"6,5",1,1,45,1,4,,1,,,"6,33","6,2","1,75","2,4","5,31","6,53","1,81","2,07","6,75","1,67",7,"6,75","6,5","1,5",1,"2,5",6,"1,33","0,33",5,"6,4","6,75",1,"1,5","6,75",1,"5,75",6,"6,75","1,25",1,3,"5,92","1,94","0,83","6,75","1,25"
20,JB,6,"6,666666667",6,1,2,46,4,,,6,,,"6,33","6,2","1,75","2,4","5,31","6,53","1,81","2,07","6,75","1,67",7,"6,75","6,5","1,5",1,"2,5",6,"1,33","0,33",5,"6,4","6,75",1,"1,5","6,75",1,"5,75",6,"6,75","1,25",1,3,"5,92","1,94","0,83","6,75","1,25"
20,JB,7,"6,666666667",6,1,2,45,4,,,6,,,"6,33","6,2","1,75","2,4","5,31","6,53","1,81","2,07","6,75","1,67",7,"6,75","6,5","1,5",1,"2,5",6,"1,33","0,33",5,"6,4","6,75",1,"1,5","6,75",1,"5,75",6,"6,75","1,25",1,3,"5,92","1,94","0,83","6,75","1,25"
20,JB,8,"6,666666667",6,1,2,48,4,,,6,,,"6,33","6,2","1,75","2,4","5,31","6,53","1,81","2,07","6,75","1,67",7,"6,75","6,5","1,5",1,"2,5",6,"1,33","0,33",5,"6,4","6,75",1,"1,5","6,75",1,"5,75",6,"6,75","1,25",1,3,"5,92","1,94","0,83","6,75","1,25"
20,JB,9,"6,666666667",6,1,2,58,4,,,6,,,"6,33","6,2","1,75","2,4","5,31","6,53","1,81","2,07","6,75","1,67",7,"6,75","6,5","1,5",1,"2,5",6,"1,33","0,33",5,"6,4","6,75",1,"1,5","6,75",1,"5,75",6,"6,75","1,25",1,3,"5,92","1,94","0,83","6,75","1,25"
20,JB,10,"6,666666667",6,1,2,68,4,,,6,,,"6,33","6,2","1,75","2,4","5,31","6,53","1,81","2,07","6,75","1,67",7,"6,75","6,5","1,5",1,"2,5",6,"1,33","0,33",5,"6,4","6,75",1,"1,5","6,75",1,"5,75",6,"6,75","1,25",1,3,"5,92","1,94","0,83","6,75","1,25"
20,JB,11,"6,25","6,666666667",1,1,100,3,,,6,,,"6,33","6,2","1,75","2,4","5,31","6,53","1,81","2,07","6,75","1,67",7,"6,75","6,5","1,5",1,"2,5",6,"1,33","0,33",5,"6,4","6,75",1,"1,5","6,75",1,"5,75",6,"6,75","1,25",1,3,"5,92","1,94","0,83","6,75","1,25"
20,JB,12,"6,25","6,666666667",1,1,99,3,,,6,,,"6,33","6,2","1,75","2,4","5,31","6,53","1,81","2,07","6,75","1,67",7,"6,75","6,5","1,5",1,"2,5",6,"1,33","0,33",5,"6,4","6,75",1,"1,5","6,75",1,"5,75",6,"6,75","1,25",1,3,"5,92","1,94","0,83","6,75","1,25"
20,JB,13,"6,25","6,666666667",1,1,71,3,,,6,,,"6,33","6,2","1,75","2,4","5,31","6,53","1,81","2,07","6,75","1,67",7,"6,75","6,5","1,5",1,"2,5",6,"1,33","0,33",5,"6,4","6,75",1,"1,5","6,75",1,"5,75",6,"6,75","1,25",1,3,"5,92","1,94","0,83","6,75","1,25"
20,JB,14,"6,25","6,666666667",1,1,100,3,,,6,,,"6,33","6,2","1,75","2,4","5,31","6,53","1,81","2,07","6,75","1,67",7,"6,75","6,5","1,5",1,"2,5",6,"1,33","0,33",5,"6,4","6,75",1,"1,5","6,75",1,"5,75",6,"6,75","1,25",1,3,"5,92","1,94","0,83","6,75","1,25"
20,JB,15,"6,25","6,666666667",1,1,100,3,,,6,,,"6,33","6,2","1,75","2,4","5,31","6,53","1,81","2,07","6,75","1,67",7,"6,75","6,5","1,5",1,"2,5",6,"1,33","0,33",5,"6,4","6,75",1,"1,5","6,75",1,"5,75",6,"6,75","1,25",1,3,"5,92","1,94","0,83","6,75","1,25"
20,JB,16,7,"6,666666667",1,1,100,5,,,6,,,"6,33","6,2","1,75","2,4","5,31","6,53","1,81","2,07","6,75","1,67",7,"6,75","6,5","1,5",1,"2,5",6,"1,33","0,33",5,"6,4","6,75",1,"1,5","6,75",1,"5,75",6,"6,75","1,25",1,3,"5,92","1,94","0,83","6,75","1,25"
20,JB,17,7,"6,666666667",1,1,100,5,,,6,,,"6,33","6,2","1,75","2,4","5,31","6,53","1,81","2,07","6,75","1,67",7,"6,75","6,5","1,5",1,"2,5",6,"1,33","0,33",5,"6,4","6,75",1,"1,5","6,75",1,"5,75",6,"6,75","1,25",1,3,"5,92","1,94","0,83","6,75","1,25"
20,JB,18,7,"6,666666667",1,1,92,5,,,6,,,"6,33","6,2","1,75","2,4","5,31","6,53","1,81","2,07","6,75","1,67",7,"6,75","6,5","1,5",1,"2,5",6,"1,33","0,33",5,"6,4","6,75",1,"1,5","6,75",1,"5,75",6,"6,75","1,25",1,3,"5,92","1,94","0,83","6,75","1,25"
20,JB,19,7,"6,666666667",1,1,100,5,,,6,,,"6,33","6,2","1,75","2,4","5,31","6,53","1,81","2,07","6,75","1,67",7,"6,75","6,5","1,5",1,"2,5",6,"1,33","0,33",5,"6,4","6,75",1,"1,5","6,75",1,"5,75",6,"6,75","1,25",1,3,"5,92","1,94","0,83","6,75","1,25"
20,JB,20,7,"6,666666667",1,1,73,5,,,6,,,"6,33","6,2","1,75","2,4","5,31","6,53","1,81","2,07","6,75","1,67",7,"6,75","6,5","1,5",1,"2,5",6,"1,33","0,33",5,"6,4","6,75",1,"1,5","6,75",1,"5,75",6,"6,75","1,25",1,3,"5,92","1,94","0,83","6,75","1,25"
20,JB,21,"5,666666667",7,2,1,60,5,,,9,,,"6,33","6,2","1,75","2,4","5,31","6,53","1,81","2,07","6,75","1,67",7,"6,75","6,5","1,5",1,"2,5",6,"1,33","0,33",5,"6,4","6,75",1,"1,5","6,75",1,"5,75",6,"6,75","1,25",1,3,"5,92","1,94","0,83","6,75","1,25"
20,JB,22,"5,666666667",7,2,1,62,5,,,9,,,"6,33","6,2","1,75","2,4","5,31","6,53","1,81","2,07","6,75","1,67",7,"6,75","6,5","1,5",1,"2,5",6,"1,33","0,33",5,"6,4","6,75",1,"1,5","6,75",1,"5,75",6,"6,75","1,25",1,3,"5,92","1,94","0,83","6,75","1,25"
20,JB,23,"5,666666667",7,2,1,82,5,,,9,,,"6,33","6,2","1,75","2,4","5,31","6,53","1,81","2,07","6,75","1,67",7,"6,75","6,5","1,5",1,"2,5",6,"1,33","0,33",5,"6,4","6,75",1,"1,5","6,75",1,"5,75",6,"6,75","1,25",1,3,"5,92","1,94","0,83","6,75","1,25"
20,JB,24,"5,666666667",7,2,1,81,5,,,9,,,"6,33","6,2","1,75","2,4","5,31","6,53","1,81","2,07","6,75","1,67",7,"6,75","6,5","1,5",1,"2,5",6,"1,33","0,33",5,"6,4","6,75",1,"1,5","6,75",1,"5,75",6,"6,75","1,25",1,3,"5,92","1,94","0,83","6,75","1,25"
20,JB,25,"5,666666667",7,2,1,85,5,,,9,,,"6,33","6,2","1,75","2,4","5,31","6,53","1,81","2,07","6,75","1,67",7,"6,75","6,5","1,5",1,"2,5",6,"1,33","0,33",5,"6,4","6,75",1,"1,5","6,75",1,"5,75",6,"6,75","1,25",1,3,"5,92","1,94","0,83","6,75","1,25"
20,JB,26,7,7,1,1,57,5,,,9,,,"6,33","6,2","1,75","2,4","5,31","6,53","1,81","2,07","6,75","1,67",7,"6,75","6,5","1,5",1,"2,5",6,"1,33","0,33",5,"6,4","6,75",1,"1,5","6,75",1,"5,75",6,"6,75","1,25",1,3,"5,92","1,94","0,83","6,75","1,25"
20,JB,27,7,7,1,1,43,5,,,9,,,"6,33","6,2","1,75","2,4","5,31","6,53","1,81","2,07","6,75","1,67",7,"6,75","6,5","1,5",1,"2,5",6,"1,33","0,33",5,"6,4","6,75",1,"1,5","6,75",1,"5,75",6,"6,75","1,25",1,3,"5,92","1,94","0,83","6,75","1,25"
20,JB,28,7,7,1,1,38,5,,,9,,,"6,33","6,2","1,75","2,4","5,31","6,53","1,81","2,07","6,75","1,67",7,"6,75","6,5","1,5",1,"2,5",6,"1,33","0,33",5,"6,4","6,75",1,"1,5","6,75",1,"5,75",6,"6,75","1,25",1,3,"5,92","1,94","0,83","6,75","1,25"
20,JB,29,7,7,1,1,38,5,,,9,,,"6,33","6,2","1,75","2,4","5,31","6,53","1,81","2,07","6,75","1,67",7,"6,75","6,5","1,5",1,"2,5",6,"1,33","0,33",5,"6,4","6,75",1,"1,5","6,75",1,"5,75",6,"6,75","1,25",1,3,"5,92","1,94","0,83","6,75","1,25"
20,JB,30,7,7,1,1,37,5,,,9,,,"6,33","6,2","1,75","2,4","5,31","6,53","1,81","2,07","6,75","1,67",7,"6,75","6,5","1,5",1,"2,5",6,"1,33","0,33",5,"6,4","6,75",1,"1,5","6,75",1,"5,75",6,"6,75","1,25",1,3,"5,92","1,94","0,83","6,75","1,25"
20,JB,31,5,7,"2,333333333",1,44,5,,,9,,,"6,33","6,2","1,75","2,4","5,31","6,53","1,81","2,07","6,75","1,67",7,"6,75","6,5","1,5",1,"2,5",6,"1,33","0,33",5,"6,4","6,75",1,"1,5","6,75",1,"5,75",6,"6,75","1,25",1,3,"5,92","1,94","0,83","6,75","1,25"
20,JB,32,5,7,"2,333333333",1,45,5,,,9,,,"6,33","6,2","1,75","2,4","5,31","6,53","1,81","2,07","6,75","1,67",7,"6,75","6,5","1,5",1,"2,5",6,"1,33","0,33",5,"6,4","6,75",1,"1,5","6,75",1,"5,75",6,"6,75","1,25",1,3,"5,92","1,94","0,83","6,75","1,25"
20,JB,33,5,7,"2,333333333",1,48,5,,,9,,,"6,33","6,2","1,75","2,4","5,31","6,53","1,81","2,07","6,75","1,67",7,"6,75","6,5","1,5",1,"2,5",6,"1,33","0,33",5,"6,4","6,75",1,"1,5","6,75",1,"5,75",6,"6,75","1,25",1,3,"5,92","1,94","0,83","6,75","1,25"
20,JB,34,5,7,"2,333333333",1,47,5,,,9,,,"6,33","6,2","1,75","2,4","5,31","6,53","1,81","2,07","6,75","1,67",7,"6,75","6,5","1,5",1,"2,5",6,"1,33","0,33",5,"6,4","6,75",1,"1,5","6,75",1,"5,75",6,"6,75","1,25",1,3,"5,92","1,94","0,83","6,75","1,25"
20,JB,35,5,7,"2,333333333",1,39,5,,,9,,,"6,33","6,2","1,75","2,4","5,31","6,53","1,81","2,07","6,75","1,67",7,"6,75","6,5","1,5",1,"2,5",6,"1,33","0,33",5,"6,4","6,75",1,"1,5","6,75",1,"5,75",6,"6,75","1,25",1,3,"5,92","1,94","0,83","6,75","1,25"
20,JB,36,7,7,1,1,32,5,,,,,,"6,33","6,2","1,75","2,4","5,31","6,53","1,81","2,07","6,75","1,67",7,"6,75","6,5","1,5",1,"2,5",6,"1,33","0,33",5,"6,4","6,75",1,"1,5","6,75",1,"5,75",6,"6,75","1,25",1,3,"5,92","1,94","0,83","6,75","1,25"
20,JB,37,7,7,1,1,32,5,,,,,,"6,33","6,2","1,75","2,4","5,31","6,53","1,81","2,07","6,75","1,67",7,"6,75","6,5","1,5",1,"2,5",6,"1,33","0,33",5,"6,4","6,75",1,"1,5","6,75",1,"5,75",6,"6,75","1,25",1,3,"5,92","1,94","0,83","6,75","1,25"
20,JB,38,7,7,1,1,48,5,,,,,,"6,33","6,2","1,75","2,4","5,31","6,53","1,81","2,07","6,75","1,67",7,"6,75","6,5","1,5",1,"2,5",6,"1,33","0,33",5,"6,4","6,75",1,"1,5","6,75",1,"5,75",6,"6,75","1,25",1,3,"5,92","1,94","0,83","6,75","1,25"
20,JB,39,7,7,1,1,46,5,,,,,,"6,33","6,2","1,75","2,4","5,31","6,53","1,81","2,07","6,75","1,67",7,"6,75","6,5","1,5",1,"2,5",6,"1,33","0,33",5,"6,4","6,75",1,"1,5","6,75",1,"5,75",6,"6,75","1,25",1,3,"5,92","1,94","0,83","6,75","1,25"
20,JB,40,7,7,1,1,48,5,,,,,,"6,33","6,2","1,75","2,4","5,31","6,53","1,81","2,07","6,75","1,67",7,"6,75","6,5","1,5",1,"2,5",6,"1,33","0,33",5,"6,4","6,75",1,"1,5","6,75",1,"5,75",6,"6,75","1,25",1,3,"5,92","1,94","0,83","6,75","1,25"
20,JB,41,5,7,"2,333333333",1,43,5,,,9,,,"6,33","6,2","1,75","2,4","5,31","6,53","1,81","2,07","6,75","1,67",7,"6,75","6,5","1,5",1,"2,5",6,"1,33","0,33",5,"6,4","6,75",1,"1,5","6,75",1,"5,75",6,"6,75","1,25",1,3,"5,92","1,94","0,83","6,75","1,25"
20,JB,42,5,7,"2,333333333",1,44,5,,,9,,,"6,33","6,2","1,75","2,4","5,31","6,53","1,81","2,07","6,75","1,67",7,"6,75","6,5","1,5",1,"2,5",6,"1,33","0,33",5,"6,4","6,75",1,"1,5","6,75",1,"5,75",6,"6,75","1,25",1,3,"5,92","1,94","0,83","6,75","1,25"
20,JB,43,5,7,"2,333333333",1,50,5,,,9,,,"6,33","6,2","1,75","2,4","5,31","6,53","1,81","2,07","6,75","1,67",7,"6,75","6,5","1,5",1,"2,5",6,"1,33","0,33",5,"6,4","6,75",1,"1,5","6,75",1,"5,75",6,"6,75","1,25",1,3,"5,92","1,94","0,83","6,75","1,25"
20,JB,44,5,7,"2,333333333",1,46,5,,,9,,,"6,33","6,2","1,75","2,4","5,31","6,53","1,81","2,07","6,75","1,67",7,"6,75","6,5","1,5",1,"2,5",6,"1,33","0,33",5,"6,4","6,75",1,"1,5","6,75",1,"5,75",6,"6,75","1,25",1,3,"5,92","1,94","0,83","6,75","1,25"
20,JB,45,5,7,"2,333333333",1,37,5,,,9,,,"6,33","6,2","1,75","2,4","5,31","6,53","1,81","2,07","6,75","1,67",7,"6,75","6,5","1,5",1,"2,5",6,"1,33","0,33",5,"6,4","6,75",1,"1,5","6,75",1,"5,75",6,"6,75","1,25",1,3,"5,92","1,94","0,83","6,75","1,25"
20,JB,46,"6,2",7,"1,2",1,42,2,7,,1,,,"6,33","6,2","1,75","2,4","5,31","6,53","1,81","2,07","6,75","1,67",7,"6,75","6,5","1,5",1,"2,5",6,"1,33","0,33",5,"6,4","6,75",1,"1,5","6,75",1,"5,75",6,"6,75","1,25",1,3,"5,92","1,94","0,83","6,75","1,25"
20,JB,47,"6,2",7,"1,2",1,57,2,7,,1,,,"6,33","6,2","1,75","2,4","5,31","6,53","1,81","2,07","6,75","1,67",7,"6,75","6,5","1,5",1,"2,5",6,"1,33","0,33",5,"6,4","6,75",1,"1,5","6,75",1,"5,75",6,"6,75","1,25",1,3,"5,92","1,94","0,83","6,75","1,25"
20,JB,48,"6,2",7,"1,2",1,45,2,7,,1,,,"6,33","6,2","1,75","2,4","5,31","6,53","1,81","2,07","6,75","1,67",7,"6,75","6,5","1,5",1,"2,5",6,"1,33","0,33",5,"6,4","6,75",1,"1,5","6,75",1,"5,75",6,"6,75","1,25",1,3,"5,92","1,94","0,83","6,75","1,25"
20,JB,49,"6,2",7,"1,2",1,38,2,7,,1,,,"6,33","6,2","1,75","2,4","5,31","6,53","1,81","2,07","6,75","1,67",7,"6,75","6,5","1,5",1,"2,5",6,"1,33","0,33",5,"6,4","6,75",1,"1,5","6,75",1,"5,75",6,"6,75","1,25",1,3,"5,92","1,94","0,83","6,75","1,25"
20,JB,50,"6,2",7,"1,2",1,49,2,7,,1,,,"6,33","6,2","1,75","2,4","5,31","6,53","1,81","2,07","6,75","1,67",7,"6,75","6,5","1,5",1,"2,5",6,"1,33","0,33",5,"6,4","6,75",1,"1,5","6,75",1,"5,75",6,"6,75","1,25",1,3,"5,92","1,94","0,83","6,75","1,25"
20,JB,51,"6,666666667","5,5",1,"1,5",52,7,,,,,,"6,33","6,2","1,75","2,4","5,31","6,53","1,81","2,07","6,75","1,67",7,"6,75","6,5","1,5",1,"2,5",6,"1,33","0,33",5,"6,4","6,75",1,"1,5","6,75",1,"5,75",6,"6,75","1,25",1,3,"5,92","1,94","0,83","6,75","1,25"
20,JB,52,"6,666666667","5,5",1,"1,5",43,7,,,,,,"6,33","6,2","1,75","2,4","5,31","6,53","1,81","2,07","6,75","1,67",7,"6,75","6,5","1,5",1,"2,5",6,"1,33","0,33",5,"6,4","6,75",1,"1,5","6,75",1,"5,75",6,"6,75","1,25",1,3,"5,92","1,94","0,83","6,75","1,25"
20,JB,53,"6,666666667","5,5",1,"1,5",46,7,,,,,,"6,33","6,2","1,75","2,4","5,31","6,53","1,81","2,07","6,75","1,67",7,"6,75","6,5","1,5",1,"2,5",6,"1,33","0,33",5,"6,4","6,75",1,"1,5","6,75",1,"5,75",6,"6,75","1,25",1,3,"5,92","1,94","0,83","6,75","1,25"
20,JB,54,"6,666666667","5,5",1,"1,5",74,7,,,,,,"6,33","6,2","1,75","2,4","5,31","6,53","1,81","2,07","6,75","1,67",7,"6,75","6,5","1,5",1,"2,5",6,"1,33","0,33",5,"6,4","6,75",1,"1,5","6,75",1,"5,75",6,"6,75","1,25",1,3,"5,92","1,94","0,83","6,75","1,25"
20,JB,55,"6,666666667","5,5",1,"1,5",72,7,,,,,,"6,33","6,2","1,75","2,4","5,31","6,53","1,81","2,07","6,75","1,67",7,"6,75","6,5","1,5",1,"2,5",6,"1,33","0,33",5,"6,4","6,75",1,"1,5","6,75",1,"5,75",6,"6,75","1,25",1,3,"5,92","1,94","0,83","6,75","1,25"
20,JB,56,6,6,"1,333333333","1,5",61,7,,,,,,"6,33","6,2","1,75","2,4","5,31","6,53","1,81","2,07","6,75","1,67",7,"6,75","6,5","1,5",1,"2,5",6,"1,33","0,33",5,"6,4","6,75",1,"1,5","6,75",1,"5,75",6,"6,75","1,25",1,3,"5,92","1,94","0,83","6,75","1,25"
20,JB,57,6,6,"1,333333333","1,5",66,7,,,,,,"6,33","6,2","1,75","2,4","5,31","6,53","1,81","2,07","6,75","1,67",7,"6,75","6,5","1,5",1,"2,5",6,"1,33","0,33",5,"6,4","6,75",1,"1,5","6,75",1,"5,75",6,"6,75","1,25",1,3,"5,92","1,94","0,83","6,75","1,25"
20,JB,58,6,6,"1,333333333","1,5",64,7,,,,,,"6,33","6,2","1,75","2,4","5,31","6,53","1,81","2,07","6,75","1,67",7,"6,75","6,5","1,5",1,"2,5",6,"1,33","0,33",5,"6,4","6,75",1,"1,5","6,75",1,"5,75",6,"6,75","1,25",1,3,"5,92","1,94","0,83","6,75","1,25"
20,JB,59,6,6,"1,333333333","1,5",73,7,,,,,,"6,33","6,2","1,75","2,4","5,31","6,53","1,81","2,07","6,75","1,67",7,"6,75","6,5","1,5",1,"2,5",6,"1,33","0,33",5,"6,4","6,75",1,"1,5","6,75",1,"5,75",6,"6,75","1,25",1,3,"5,92","1,94","0,83","6,75","1,25"
20,JB,60,6,6,"1,333333333","1,5",87,7,,,,,,"6,33","6,2","1,75","2,4","5,31","6,53","1,81","2,07","6,75","1,67",7,"6,75","6,5","1,5",1,"2,5",6,"1,33","0,33",5,"6,4","6,75",1,"1,5","6,75",1,"5,75",6,"6,75","1,25",1,3,"5,92","1,94","0,83","6,75","1,25"
20,JB,61,"5,5","5,5","2,5","2,5",91,7,,,9,,,"6,33","6,2","1,75","2,4","5,31","6,53","1,81","2,07","6,75","1,67",7,"6,75","6,5","1,5",1,"2,5",6,"1,33","0,33",5,"6,4","6,75",1,"1,5","6,75",1,"5,75",6,"6,75","1,25",1,3,"5,92","1,94","0,83","6,75","1,25"
20,JB,62,"5,5","5,5","2,5","2,5",100,7,,,9,,,"6,33","6,2","1,75","2,4","5,31","6,53","1,81","2,07","6,75","1,67",7,"6,75","6,5","1,5",1,"2,5",6,"1,33","0,33",5,"6,4","6,75",1,"1,5","6,75",1,"5,75",6,"6,75","1,25",1,3,"5,92","1,94","0,83","6,75","1,25"
20,JB,63,"5,5","5,5","2,5","2,5",100,7,,,9,,,"6,33","6,2","1,75","2,4","5,31","6,53","1,81","2,07","6,75","1,67",7,"6,75","6,5","1,5",1,"2,5",6,"1,33","0,33",5,"6,4","6,75",1,"1,5","6,75",1,"5,75",6,"6,75","1,25",1,3,"5,92","1,94","0,83","6,75","1,25"
20,JB,64,"5,5","5,5","2,5","2,5",100,7,,,9,,,"6,33","6,2","1,75","2,4","5,31","6,53","1,81","2,07","6,75","1,67",7,"6,75","6,5","1,5",1,"2,5",6,"1,33","0,33",5,"6,4","6,75",1,"1,5","6,75",1,"5,75",6,"6,75","1,25",1,3,"5,92","1,94","0,83","6,75","1,25"
20,JB,65,"5,5","5,5","2,5","2,5",91,7,,,9,,,"6,33","6,2","1,75","2,4","5,31","6,53","1,81","2,07","6,75","1,67",7,"6,75","6,5","1,5",1,"2,5",6,"1,33","0,33",5,"6,4","6,75",1,"1,5","6,75",1,"5,75",6,"6,75","1,25",1,3,"5,92","1,94","0,83","6,75","1,25"
20,JB,66,5,"5,5","2,666666667","2,5",100,7,,,9,,,"6,33","6,2","1,75","2,4","5,31","6,53","1,81","2,07","6,75","1,67",7,"6,75","6,5","1,5",1,"2,5",6,"1,33","0,33",5,"6,4","6,75",1,"1,5","6,75",1,"5,75",6,"6,75","1,25",1,3,"5,92","1,94","0,83","6,75","1,25"
20,JB,67,5,"5,5","2,666666667","2,5",93,7,,,9,,,"6,33","6,2","1,75","2,4","5,31","6,53","1,81","2,07","6,75","1,67",7,"6,75","6,5","1,5",1,"2,5",6,"1,33","0,33",5,"6,4","6,75",1,"1,5","6,75",1,"5,75",6,"6,75","1,25",1,3,"5,92","1,94","0,83","6,75","1,25"
20,JB,68,5,"5,5","2,666666667","2,5",90,7,,,9,,,"6,33","6,2","1,75","2,4","5,31","6,53","1,81","2,07","6,75","1,67",7,"6,75","6,5","1,5",1,"2,5",6,"1,33","0,33",5,"6,4","6,75",1,"1,5","6,75",1,"5,75",6,"6,75","1,25",1,3,"5,92","1,94","0,83","6,75","1,25"
20,JB,69,5,"5,5","2,666666667","2,5",66,7,,,9,,,"6,33","6,2","1,75","2,4","5,31","6,53","1,81","2,07","6,75","1,67",7,"6,75","6,5","1,5",1,"2,5",6,"1,33","0,33",5,"6,4","6,75",1,"1,5","6,75",1,"5,75",6,"6,75","1,25",1,3,"5,92","1,94","0,83","6,75","1,25"
20,JB,70,5,"5,5","2,666666667","2,5",52,7,,,9,,,"6,33","6,2","1,75","2,4","5,31","6,53","1,81","2,07","6,75","1,67",7,"6,75","6,5","1,5",1,"2,5",6,"1,33","0,33",5,"6,4","6,75",1,"1,5","6,75",1,"5,75",6,"6,75","1,25",1,3,"5,92","1,94","0,83","6,75","1,25"
20,JB,71,"5,5","5,5","2,5","2,5",41,7,,,9,,,"6,33","6,2","1,75","2,4","5,31","6,53","1,81","2,07","6,75","1,67",7,"6,75","6,5","1,5",1,"2,5",6,"1,33","0,33",5,"6,4","6,75",1,"1,5","6,75",1,"5,75",6,"6,75","1,25",1,3,"5,92","1,94","0,83","6,75","1,25"
20,JB,72,"5,5","5,5","2,5","2,5",59,7,,,9,,,"6,33","6,2","1,75","2,4","5,31","6,53","1,81","2,07","6,75","1,67",7,"6,75","6,5","1,5",1,"2,5",6,"1,33","0,33",5,"6,4","6,75",1,"1,5","6,75",1,"5,75",6,"6,75","1,25",1,3,"5,92","1,94","0,83","6,75","1,25"
20,JB,73,"5,5","5,5","2,5","2,5",56,7,,,9,,,"6,33","6,2","1,75","2,4","5,31","6,53","1,81","2,07","6,75","1,67",7,"6,75","6,5","1,5",1,"2,5",6,"1,33","0,33",5,"6,4","6,75",1,"1,5","6,75",1,"5,75",6,"6,75","1,25",1,3,"5,92","1,94","0,83","6,75","1,25"
20,JB,74,"5,5","5,5","2,5","2,5",69,7,,,9,,,"6,33","6,2","1,75","2,4","5,31","6,53","1,81","2,07","6,75","1,67",7,"6,75","6,5","1,5",1,"2,5",6,"1,33","0,33",5,"6,4","6,75",1,"1,5","6,75",1,"5,75",6,"6,75","1,25",1,3,"5,92","1,94","0,83","6,75","1,25"
20,JB,75,"5,5","5,5","2,5","2,5",95,7,,,9,,,"6,33","6,2","1,75","2,4","5,31","6,53","1,81","2,07","6,75","1,67",7,"6,75","6,5","1,5",1,"2,5",6,"1,33","0,33",5,"6,4","6,75",1,"1,5","6,75",1,"5,75",6,"6,75","1,25",1,3,"5,92","1,94","0,83","6,75","1,25"
20,JB,76,"6,666666667","6,333333333",1,1,92,7,,,6,,,"6,33","6,2","1,75","2,4","5,31","6,53","1,81","2,07","6,75","1,67",7,"6,75","6,5","1,5",1,"2,5",6,"1,33","0,33",5,"6,4","6,75",1,"1,5","6,75",1,"5,75",6,"6,75","1,25",1,3,"5,92","1,94","0,83","6,75","1,25"
20,JB,77,"6,666666667","6,333333333",1,1,83,7,,,6,,,"6,33","6,2","1,75","2,4","5,31","6,53","1,81","2,07","6,75","1,67",7,"6,75","6,5","1,5",1,"2,5",6,"1,33","0,33",5,"6,4","6,75",1,"1,5","6,75",1,"5,75",6,"6,75","1,25",1,3,"5,92","1,94","0,83","6,75","1,25"
20,JB,78,"6,666666667","6,333333333",1,1,64,7,,,6,,,"6,33","6,2","1,75","2,4","5,31","6,53","1,81","2,07","6,75","1,67",7,"6,75","6,5","1,5",1,"2,5",6,"1,33","0,33",5,"6,4","6,75",1,"1,5","6,75",1,"5,75",6,"6,75","1,25",1,3,"5,92","1,94","0,83","6,75","1,25"
20,JB,79,"6,666666667","6,333333333",1,1,47,7,,,6,,,"6,33","6,2","1,75","2,4","5,31","6,53","1,81","2,07","6,75","1,67",7,"6,75","6,5","1,5",1,"2,5",6,"1,33","0,33",5,"6,4","6,75",1,"1,5","6,75",1,"5,75",6,"6,75","1,25",1,3,"5,92","1,94","0,83","6,75","1,25"
20,JB,80,"6,666666667","6,333333333",1,1,44,7,,,6,,,"6,33","6,2","1,75","2,4","5,31","6,53","1,81","2,07","6,75","1,67",7,"6,75","6,5","1,5",1,"2,5",6,"1,33","0,33",5,"6,4","6,75",1,"1,5","6,75",1,"5,75",6,"6,75","1,25",1,3,"5,92","1,94","0,83","6,75","1,25"
20,JB,81,"6,333333333",7,1,1,40,7,,,,,,"6,33","6,2","1,75","2,4","5,31","6,53","1,81","2,07","6,75","1,67",7,"6,75","6,5","1,5",1,"2,5",6,"1,33","0,33",5,"6,4","6,75",1,"1,5","6,75",1,"5,75",6,"6,75","1,25",1,3,"5,92","1,94","0,83","6,75","1,25"
20,JB,82,"6,333333333",7,1,1,51,7,,,,,,"6,33","6,2","1,75","2,4","5,31","6,53","1,81","2,07","6,75","1,67",7,"6,75","6,5","1,5",1,"2,5",6,"1,33","0,33",5,"6,4","6,75",1,"1,5","6,75",1,"5,75",6,"6,75","1,25",1,3,"5,92","1,94","0,83","6,75","1,25"
20,JB,83,"6,333333333",7,1,1,59,7,,,,,,"6,33","6,2","1,75","2,4","5,31","6,53","1,81","2,07","6,75","1,67",7,"6,75","6,5","1,5",1,"2,5",6,"1,33","0,33",5,"6,4","6,75",1,"1,5","6,75",1,"5,75",6,"6,75","1,25",1,3,"5,92","1,94","0,83","6,75","1,25"
20,JB,84,"6,333333333",7,1,1,73,7,,,,,,"6,33","6,2","1,75","2,4","5,31","6,53","1,81","2,07","6,75","1,67",7,"6,75","6,5","1,5",1,"2,5",6,"1,33","0,33",5,"6,4","6,75",1,"1,5","6,75",1,"5,75",6,"6,75","1,25",1,3,"5,92","1,94","0,83","6,75","1,25"
20,JB,85,"6,333333333",7,1,1,67,7,,,,,,"6,33","6,2","1,75","2,4","5,31","6,53","1,81","2,07","6,75","1,67",7,"6,75","6,5","1,5",1,"2,5",6,"1,33","0,33",5,"6,4","6,75",1,"1,5","6,75",1,"5,75",6,"6,75","1,25",1,3,"5,92","1,94","0,83","6,75","1,25"
20,JB,86,"6,333333333",6,"1,333333333","1,5",95,7,,,9,,,"6,33","6,2","1,75","2,4","5,31","6,53","1,81","2,07","6,75","1,67",7,"6,75","6,5","1,5",1,"2,5",6,"1,33","0,33",5,"6,4","6,75",1,"1,5","6,75",1,"5,75",6,"6,75","1,25",1,3,"5,92","1,94","0,83","6,75","1,25"
20,JB,87,"6,333333333",6,"1,333333333","1,5",100,7,,,9,,,"6,33","6,2","1,75","2,4","5,31","6,53","1,81","2,07","6,75","1,67",7,"6,75","6,5","1,5",1,"2,5",6,"1,33","0,33",5,"6,4","6,75",1,"1,5","6,75",1,"5,75",6,"6,75","1,25",1,3,"5,92","1,94","0,83","6,75","1,25"
20,JB,88,"6,333333333",6,"1,333333333","1,5",93,7,,,9,,,"6,33","6,2","1,75","2,4","5,31","6,53","1,81","2,07","6,75","1,67",7,"6,75","6,5","1,5",1,"2,5",6,"1,33","0,33",5,"6,4","6,75",1,"1,5","6,75",1,"5,75",6,"6,75","1,25",1,3,"5,92","1,94","0,83","6,75","1,25"
20,JB,89,"6,333333333",6,"1,333333333","1,5",81,7,,,9,,,"6,33","6,2","1,75","2,4","5,31","6,53","1,81","2,07","6,75","1,67",7,"6,75","6,5","1,5",1,"2,5",6,"1,33","0,33",5,"6,4","6,75",1,"1,5","6,75",1,"5,75",6,"6,75","1,25",1,3,"5,92","1,94","0,83","6,75","1,25"
20,JB,90,"6,333333333",6,"1,333333333","1,5",100,7,,,9,,,"6,33","6,2","1,75","2,4","5,31","6,53","1,81","2,07","6,75","1,67",7,"6,75","6,5","1,5",1,"2,5",6,"1,33","0,33",5,"6,4","6,75",1,"1,5","6,75",1,"5,75",6,"6,75","1,25",1,3,"5,92","1,94","0,83","6,75","1,25"
20,JB,91,5,"5,5","2,666666667","2,5",90,7,,,9,,,"6,33","6,2","1,75","2,4","5,31","6,53","1,81","2,07","6,75","1,67",7,"6,75","6,5","1,5",1,"2,5",6,"1,33","0,33",5,"6,4","6,75",1,"1,5","6,75",1,"5,75",6,"6,75","1,25",1,3,"5,92","1,94","0,83","6,75","1,25"
20,JB,92,5,"5,5","2,666666667","2,5",89,7,,,9,,,"6,33","6,2","1,75","2,4","5,31","6,53","1,81","2,07","6,75","1,67",7,"6,75","6,5","1,5",1,"2,5",6,"1,33","0,33",5,"6,4","6,75",1,"1,5","6,75",1,"5,75",6,"6,75","1,25",1,3,"5,92","1,94","0,83","6,75","1,25"
20,JB,93,5,"5,5","2,666666667","2,5",97,7,,,9,,,"6,33","6,2","1,75","2,4","5,31","6,53","1,81","2,07","6,75","1,67",7,"6,75","6,5","1,5",1,"2,5",6,"1,33","0,33",5,"6,4","6,75",1,"1,5","6,75",1,"5,75",6,"6,75","1,25",1,3,"5,92","1,94","0,83","6,75","1,25"
20,JB,94,5,"5,5","2,666666667","2,5",100,7,,,9,,,"6,33","6,2","1,75","2,4","5,31","6,53","1,81","2,07","6,75","1,67",7,"6,75","6,5","1,5",1,"2,5",6,"1,33","0,33",5,"6,4","6,75",1,"1,5","6,75",1,"5,75",6,"6,75","1,25",1,3,"5,92","1,94","0,83","6,75","1,25"
20,JB,95,5,"5,5","2,666666667","2,5",83,7,,,9,,,"6,33","6,2","1,75","2,4","5,31","6,53","1,81","2,07","6,75","1,67",7,"6,75","6,5","1,5",1,"2,5",6,"1,33","0,33",5,"6,4","6,75",1,"1,5","6,75",1,"5,75",6,"6,75","1,25",1,3,"5,92","1,94","0,83","6,75","1,25"
20,JB,96,5,"5,5","2,666666667","2,5",68,7,,,9,,,"6,33","6,2","1,75","2,4","5,31","6,53","1,81","2,07","6,75","1,67",7,"6,75","6,5","1,5",1,"2,5",6,"1,33","0,33",5,"6,4","6,75",1,"1,5","6,75",1,"5,75",6,"6,75","1,25",1,3,"5,92","1,94","0,83","6,75","1,25"
20,JB,97,5,"5,5","2,666666667","2,5",84,7,,,9,,,"6,33","6,2","1,75","2,4","5,31","6,53","1,81","2,07","6,75","1,67",7,"6,75","6,5","1,5",1,"2,5",6,"1,33","0,33",5,"6,4","6,75",1,"1,5","6,75",1,"5,75",6,"6,75","1,25",1,3,"5,92","1,94","0,83","6,75","1,25"
20,JB,98,5,"5,5","2,666666667","2,5",86,7,,,9,,,"6,33","6,2","1,75","2,4","5,31","6,53","1,81","2,07","6,75","1,67",7,"6,75","6,5","1,5",1,"2,5",6,"1,33","0,33",5,"6,4","6,75",1,"1,5","6,75",1,"5,75",6,"6,75","1,25",1,3,"5,92","1,94","0,83","6,75","1,25"
20,JB,99,5,"5,5","2,666666667","2,5",93,7,,,9,,,"6,33","6,2","1,75","2,4","5,31","6,53","1,81","2,07","6,75","1,67",7,"6,75","6,5","1,5",1,"2,5",6,"1,33","0,33",5,"6,4","6,75",1,"1,5","6,75",1,"5,75",6,"6,75","1,25",1,3,"5,92","1,94","0,83","6,75","1,25"
20,JB,100,5,"5,5","2,666666667","2,5",100,7,,,9,,,"6,33","6,2","1,75","2,4","5,31","6,53","1,81","2,07","6,75","1,67",7,"6,75","6,5","1,5",1,"2,5",6,"1,33","0,33",5,"6,4","6,75",1,"1,5","6,75",1,"5,75",6,"6,75","1,25",1,3,"5,92","1,94","0,83","6,75","1,25"
20,JB,101,"5,333333333",6,"2,333333333",1,100,7,,,,,,"6,33","6,2","1,75","2,4","5,31","6,53","1,81","2,07","6,75","1,67",7,"6,75","6,5","1,5",1,"2,5",6,"1,33","0,33",5,"6,4","6,75",1,"1,5","6,75",1,"5,75",6,"6,75","1,25",1,3,"5,92","1,94","0,83","6,75","1,25"
20,JB,102,"5,333333333",6,"2,333333333",1,100,7,,,,,,"6,33","6,2","1,75","2,4","5,31","6,53","1,81","2,07","6,75","1,67",7,"6,75","6,5","1,5",1,"2,5",6,"1,33","0,33",5,"6,4","6,75",1,"1,5","6,75",1,"5,75",6,"6,75","1,25",1,3,"5,92","1,94","0,83","6,75","1,25"
20,JB,103,"5,333333333",6,"2,333333333",1,77,7,,,,,,"6,33","6,2","1,75","2,4","5,31","6,53","1,81","2,07","6,75","1,67",7,"6,75","6,5","1,5",1,"2,5",6,"1,33","0,33",5,"6,4","6,75",1,"1,5","6,75",1,"5,75",6,"6,75","1,25",1,3,"5,92","1,94","0,83","6,75","1,25"
20,JB,104,"5,333333333",6,"2,333333333",1,61,7,,,,,,"6,33","6,2","1,75","2,4","5,31","6,53","1,81","2,07","6,75","1,67",7,"6,75","6,5","1,5",1,"2,5",6,"1,33","0,33",5,"6,4","6,75",1,"1,5","6,75",1,"5,75",6,"6,75","1,25",1,3,"5,92","1,94","0,83","6,75","1,25"
20,JB,105,"5,333333333",6,"2,333333333",1,49,7,,,,,,"6,33","6,2","1,75","2,4","5,31","6,53","1,81","2,07","6,75","1,67",7,"6,75","6,5","1,5",1,"2,5",6,"1,33","0,33",5,"6,4","6,75",1,"1,5","6,75",1,"5,75",6,"6,75","1,25",1,3,"5,92","1,94","0,83","6,75","1,25"
20,JB,106,5,"5,5","2,666666667","2,5",40,7,,,9,,,"6,33","6,2","1,75","2,4","5,31","6,53","1,81","2,07","6,75","1,67",7,"6,75","6,5","1,5",1,"2,5",6,"1,33","0,33",5,"6,4","6,75",1,"1,5","6,75",1,"5,75",6,"6,75","1,25",1,3,"5,92","1,94","0,83","6,75","1,25"
20,JB,107,5,"5,5","2,666666667","2,5",38,7,,,9,,,"6,33","6,2","1,75","2,4","5,31","6,53","1,81","2,07","6,75","1,67",7,"6,75","6,5","1,5",1,"2,5",6,"1,33","0,33",5,"6,4","6,75",1,"1,5","6,75",1,"5,75",6,"6,75","1,25",1,3,"5,92","1,94","0,83","6,75","1,25"
20,JB,108,5,"5,5","2,666666667","2,5",35,7,,,9,,,"6,33","6,2","1,75","2,4","5,31","6,53","1,81","2,07","6,75","1,67",7,"6,75","6,5","1,5",1,"2,5",6,"1,33","0,33",5,"6,4","6,75",1,"1,5","6,75",1,"5,75",6,"6,75","1,25",1,3,"5,92","1,94","0,83","6,75","1,25"
20,JB,109,5,"5,5","2,666666667","2,5",35,7,,,9,,,"6,33","6,2","1,75","2,4","5,31","6,53","1,81","2,07","6,75","1,67",7,"6,75","6,5","1,5",1,"2,5",6,"1,33","0,33",5,"6,4","6,75",1,"1,5","6,75",1,"5,75",6,"6,75","1,25",1,3,"5,92","1,94","0,83","6,75","1,25"
20,JB,110,5,"5,5","2,666666667","2,5",34,7,,,9,,,"6,33","6,2","1,75","2,4","5,31","6,53","1,81","2,07","6,75","1,67",7,"6,75","6,5","1,5",1,"2,5",6,"1,33","0,33",5,"6,4","6,75",1,"1,5","6,75",1,"5,75",6,"6,75","1,25",1,3,"5,92","1,94","0,83","6,75","1,25"
20,JB,111,"6,666666667","6,333333333",1,1,37,7,,,1,,,"6,33","6,2","1,75","2,4","5,31","6,53","1,81","2,07","6,75","1,67",7,"6,75","6,5","1,5",1,"2,5",6,"1,33","0,33",5,"6,4","6,75",1,"1,5","6,75",1,"5,75",6,"6,75","1,25",1,3,"5,92","1,94","0,83","6,75","1,25"
20,JB,112,"6,666666667","6,333333333",1,1,55,7,,,1,,,"6,33","6,2","1,75","2,4","5,31","6,53","1,81","2,07","6,75","1,67",7,"6,75","6,5","1,5",1,"2,5",6,"1,33","0,33",5,"6,4","6,75",1,"1,5","6,75",1,"5,75",6,"6,75","1,25",1,3,"5,92","1,94","0,83","6,75","1,25"
20,JB,113,"6,666666667","6,333333333",1,1,49,7,,,1,,,"6,33","6,2","1,75","2,4","5,31","6,53","1,81","2,07","6,75","1,67",7,"6,75","6,5","1,5",1,"2,5",6,"1,33","0,33",5,"6,4","6,75",1,"1,5","6,75",1,"5,75",6,"6,75","1,25",1,3,"5,92","1,94","0,83","6,75","1,25"
20,JB,114,"6,666666667","6,333333333",1,1,46,7,,,1,,,"6,33","6,2","1,75","2,4","5,31","6,53","1,81","2,07","6,75","1,67",7,"6,75","6,5","1,5",1,"2,5",6,"1,33","0,33",5,"6,4","6,75",1,"1,5","6,75",1,"5,75",6,"6,75","1,25",1,3,"5,92","1,94","0,83","6,75","1,25"
20,JB,115,"6,666666667","6,333333333",1,1,51,7,,,1,,,"6,33","6,2","1,75","2,4","5,31","6,53","1,81","2,07","6,75","1,67",7,"6,75","6,5","1,5",1,"2,5",6,"1,33","0,33",5,"6,4","6,75",1,"1,5","6,75",1,"5,75",6,"6,75","1,25",1,3,"5,92","1,94","0,83","6,75","1,25"
20,JB,116,"6,666666667",7,1,1,55,7,,,5,6,,"6,33","6,2","1,75","2,4","5,31","6,53","1,81","2,07","6,75","1,67",7,"6,75","6,5","1,5",1,"2,5",6,"1,33","0,33",5,"6,4","6,75",1,"1,5","6,75",1,"5,75",6,"6,75","1,25",1,3,"5,92","1,94","0,83","6,75","1,25"
20,JB,117,"6,666666667",7,1,1,59,7,,,5,6,,"6,33","6,2","1,75","2,4","5,31","6,53","1,81","2,07","6,75","1,67",7,"6,75","6,5","1,5",1,"2,5",6,"1,33","0,33",5,"6,4","6,75",1,"1,5","6,75",1,"5,75",6,"6,75","1,25",1,3,"5,92","1,94","0,83","6,75","1,25"
20,JB,118,"6,666666667",7,1,1,70,7,,,5,6,,"6,33","6,2","1,75","2,4","5,31","6,53","1,81","2,07","6,75","1,67",7,"6,75","6,5","1,5",1,"2,5",6,"1,33","0,33",5,"6,4","6,75",1,"1,5","6,75",1,"5,75",6,"6,75","1,25",1,3,"5,92","1,94","0,83","6,75","1,25"
20,JB,119,"6,666666667",7,1,1,70,7,,,5,6,,"6,33","6,2","1,75","2,4","5,31","6,53","1,81","2,07","6,75","1,67",7,"6,75","6,5","1,5",1,"2,5",6,"1,33","0,33",5,"6,4","6,75",1,"1,5","6,75",1,"5,75",6,"6,75","1,25",1,3,"5,92","1,94","0,83","6,75","1,25"
20,JB,120,"6,666666667",7,1,1,59,7,,,5,6,,"6,33","6,2","1,75","2,4","5,31","6,53","1,81","2,07","6,75","1,67",7,"6,75","6,5","1,5",1,"2,5",6,"1,33","0,33",5,"6,4","6,75",1,"1,5","6,75",1,"5,75",6,"6,75","1,25",1,3,"5,92","1,94","0,83","6,75","1,25"
20,JB,121,"6,666666667",7,1,1,48,7,,,5,,,"6,33","6,2","1,75","2,4","5,31","6,53","1,81","2,07","6,75","1,67",7,"6,75","6,5","1,5",1,"2,5",6,"1,33","0,33",5,"6,4","6,75",1,"1,5","6,75",1,"5,75",6,"6,75","1,25",1,3,"5,92","1,94","0,83","6,75","1,25"
20,JB,122,"6,666666667",7,1,1,45,7,,,5,,,"6,33","6,2","1,75","2,4","5,31","6,53","1,81","2,07","6,75","1,67",7,"6,75","6,5","1,5",1,"2,5",6,"1,33","0,33",5,"6,4","6,75",1,"1,5","6,75",1,"5,75",6,"6,75","1,25",1,3,"5,92","1,94","0,83","6,75","1,25"
20,JB,123,"6,666666667",7,1,1,49,7,,,5,,,"6,33","6,2","1,75","2,4","5,31","6,53","1,81","2,07","6,75","1,67",7,"6,75","6,5","1,5",1,"2,5",6,"1,33","0,33",5,"6,4","6,75",1,"1,5","6,75",1,"5,75",6,"6,75","1,25",1,3,"5,92","1,94","0,83","6,75","1,25"
20,JB,124,"6,666666667",7,1,1,41,7,,,5,,,"6,33","6,2","1,75","2,4","5,31","6,53","1,81","2,07","6,75","1,67",7,"6,75","6,5","1,5",1,"2,5",6,"1,33","0,33",5,"6,4","6,75",1,"1,5","6,75",1,"5,75",6,"6,75","1,25",1,3,"5,92","1,94","0,83","6,75","1,25"
20,JB,125,"6,666666667",7,1,1,48,7,,,5,,,"6,33","6,2","1,75","2,4","5,31","6,53","1,81","2,07","6,75","1,67",7,"6,75","6,5","1,5",1,"2,5",6,"1,33","0,33",5,"6,4","6,75",1,"1,5","6,75",1,"5,75",6,"6,75","1,25",1,3,"5,92","1,94","0,83","6,75","1,25"
20,JB,126,"6,666666667",7,1,1,80,7,,,5,6,,"6,33","6,2","1,75","2,4","5,31","6,53","1,81","2,07","6,75","1,67",7,"6,75","6,5","1,5",1,"2,5",6,"1,33","0,33",5,"6,4","6,75",1,"1,5","6,75",1,"5,75",6,"6,75","1,25",1,3,"5,92","1,94","0,83","6,75","1,25"
20,JB,127,"6,666666667",7,1,1,89,7,,,5,6,,"6,33","6,2","1,75","2,4","5,31","6,53","1,81","2,07","6,75","1,67",7,"6,75","6,5","1,5",1,"2,5",6,"1,33","0,33",5,"6,4","6,75",1,"1,5","6,75",1,"5,75",6,"6,75","1,25",1,3,"5,92","1,94","0,83","6,75","1,25"
20,JB,128,"6,666666667",7,1,1,67,7,,,5,6,,"6,33","6,2","1,75","2,4","5,31","6,53","1,81","2,07","6,75","1,67",7,"6,75","6,5","1,5",1,"2,5",6,"1,33","0,33",5,"6,4","6,75",1,"1,5","6,75",1,"5,75",6,"6,75","1,25",1,3,"5,92","1,94","0,83","6,75","1,25"
20,JB,129,"6,666666667",7,1,1,80,7,,,5,6,,"6,33","6,2","1,75","2,4","5,31","6,53","1,81","2,07","6,75","1,67",7,"6,75","6,5","1,5",1,"2,5",6,"1,33","0,33",5,"6,4","6,75",1,"1,5","6,75",1,"5,75",6,"6,75","1,25",1,3,"5,92","1,94","0,83","6,75","1,25"
20,JB,130,"6,666666667",7,1,1,78,7,,,5,6,,"6,33","6,2","1,75","2,4","5,31","6,53","1,81","2,07","6,75","1,67",7,"6,75","6,5","1,5",1,"2,5",6,"1,33","0,33",5,"6,4","6,75",1,"1,5","6,75",1,"5,75",6,"6,75","1,25",1,3,"5,92","1,94","0,83","6,75","1,25"
20,JB,131,"6,666666667",7,1,1,72,7,,,5,6,,"6,33","6,2","1,75","2,4","5,31","6,53","1,81","2,07","6,75","1,67",7,"6,75","6,5","1,5",1,"2,5",6,"1,33","0,33",5,"6,4","6,75",1,"1,5","6,75",1,"5,75",6,"6,75","1,25",1,3,"5,92","1,94","0,83","6,75","1,25"
20,JB,132,"6,666666667",7,1,1,70,7,,,5,6,,"6,33","6,2","1,75","2,4","5,31","6,53","1,81","2,07","6,75","1,67",7,"6,75","6,5","1,5",1,"2,5",6,"1,33","0,33",5,"6,4","6,75",1,"1,5","6,75",1,"5,75",6,"6,75","1,25",1,3,"5,92","1,94","0,83","6,75","1,25"
20,JB,133,"6,666666667",7,1,1,79,7,,,5,6,,"6,33","6,2","1,75","2,4","5,31","6,53","1,81","2,07","6,75","1,67",7,"6,75","6,5","1,5",1,"2,5",6,"1,33","0,33",5,"6,4","6,75",1,"1,5","6,75",1,"5,75",6,"6,75","1,25",1,3,"5,92","1,94","0,83","6,75","1,25"
20,JB,134,"6,666666667",7,1,1,88,7,,,5,6,,"6,33","6,2","1,75","2,4","5,31","6,53","1,81","2,07","6,75","1,67",7,"6,75","6,5","1,5",1,"2,5",6,"1,33","0,33",5,"6,4","6,75",1,"1,5","6,75",1,"5,75",6,"6,75","1,25",1,3,"5,92","1,94","0,83","6,75","1,25"
20,JB,135,"6,666666667",7,1,1,70,7,,,5,6,,"6,33","6,2","1,75","2,4","5,31","6,53","1,81","2,07","6,75","1,67",7,"6,75","6,5","1,5",1,"2,5",6,"1,33","0,33",5,"6,4","6,75",1,"1,5","6,75",1,"5,75",6,"6,75","1,25",1,3,"5,92","1,94","0,83","6,75","1,25"
20,JB,136,"6,666666667",7,1,1,73,7,,,5,6,,"6,33","6,2","1,75","2,4","5,31","6,53","1,81","2,07","6,75","1,67",7,"6,75","6,5","1,5",1,"2,5",6,"1,33","0,33",5,"6,4","6,75",1,"1,5","6,75",1,"5,75",6,"6,75","1,25",1,3,"5,92","1,94","0,83","6,75","1,25"
20,JB,137,"6,666666667",7,1,1,68,7,,,5,6,,"6,33","6,2","1,75","2,4","5,31","6,53","1,81","2,07","6,75","1,67",7,"6,75","6,5","1,5",1,"2,5",6,"1,33","0,33",5,"6,4","6,75",1,"1,5","6,75",1,"5,75",6,"6,75","1,25",1,3,"5,92","1,94","0,83","6,75","1,25"
20,JB,138,"6,666666667",7,1,1,80,7,,,5,6,,"6,33","6,2","1,75","2,4","5,31","6,53","1,81","2,07","6,75","1,67",7,"6,75","6,5","1,5",1,"2,5",6,"1,33","0,33",5,"6,4","6,75",1,"1,5","6,75",1,"5,75",6,"6,75","1,25",1,3,"5,92","1,94","0,83","6,75","1,25"
20,JB,139,"6,666666667",7,1,1,75,7,,,5,6,,"6,33","6,2","1,75","2,4","5,31","6,53","1,81","2,07","6,75","1,67",7,"6,75","6,5","1,5",1,"2,5",6,"1,33","0,33",5,"6,4","6,75",1,"1,5","6,75",1,"5,75",6,"6,75","1,25",1,3,"5,92","1,94","0,83","6,75","1,25"
20,JB,140,"6,666666667",7,1,1,68,7,,,5,6,,"6,33","6,2","1,75","2,4","5,31","6,53","1,81","2,07","6,75","1,67",7,"6,75","6,5","1,5",1,"2,5",6,"1,33","0,33",5,"6,4","6,75",1,"1,5","6,75",1,"5,75",6,"6,75","1,25",1,3,"5,92","1,94","0,83","6,75","1,25"
20,JB,141,"6,666666667",7,1,1,60,7,,,5,6,,"6,33","6,2","1,75","2,4","5,31","6,53","1,81","2,07","6,75","1,67",7,"6,75","6,5","1,5",1,"2,5",6,"1,33","0,33",5,"6,4","6,75",1,"1,5","6,75",1,"5,75",6,"6,75","1,25",1,3,"5,92","1,94","0,83","6,75","1,25"
20,JB,142,"6,666666667",7,1,1,54,7,,,5,6,,"6,33","6,2","1,75","2,4","5,31","6,53","1,81","2,07","6,75","1,67",7,"6,75","6,5","1,5",1,"2,5",6,"1,33","0,33",5,"6,4","6,75",1,"1,5","6,75",1,"5,75",6,"6,75","1,25",1,3,"5,92","1,94","0,83","6,75","1,25"
20,JB,143,"6,666666667",7,1,1,53,7,,,5,6,,"6,33","6,2","1,75","2,4","5,31","6,53","1,81","2,07","6,75","1,67",7,"6,75","6,5","1,5",1,"2,5",6,"1,33","0,33",5,"6,4","6,75",1,"1,5","6,75",1,"5,75",6,"6,75","1,25",1,3,"5,92","1,94","0,83","6,75","1,25"
20,JB,144,"6,666666667",7,1,1,70,7,,,5,6,,"6,33","6,2","1,75","2,4","5,31","6,53","1,81","2,07","6,75","1,67",7,"6,75","6,5","1,5",1,"2,5",6,"1,33","0,33",5,"6,4","6,75",1,"1,5","6,75",1,"5,75",6,"6,75","1,25",1,3,"5,92","1,94","0,83","6,75","1,25"
20,JB,145,"6,666666667",7,1,1,66,7,,,5,6,,"6,33","6,2","1,75","2,4","5,31","6,53","1,81","2,07","6,75","1,67",7,"6,75","6,5","1,5",1,"2,5",6,"1,33","0,33",5,"6,4","6,75",1,"1,5","6,75",1,"5,75",6,"6,75","1,25",1,3,"5,92","1,94","0,83","6,75","1,25"
20,JB,146,"6,666666667",7,1,1,79,7,,,5,6,,"6,33","6,2","1,75","2,4","5,31","6,53","1,81","2,07","6,75","1,67",7,"6,75","6,5","1,5",1,"2,5",6,"1,33","0,33",5,"6,4","6,75",1,"1,5","6,75",1,"5,75",6,"6,75","1,25",1,3,"5,92","1,94","0,83","6,75","1,25"
20,JB,147,"6,666666667",7,1,1,72,7,,,5,6,,"6,33","6,2","1,75","2,4","5,31","6,53","1,81","2,07","6,75","1,67",7,"6,75","6,5","1,5",1,"2,5",6,"1,33","0,33",5,"6,4","6,75",1,"1,5","6,75",1,"5,75",6,"6,75","1,25",1,3,"5,92","1,94","0,83","6,75","1,25"
20,JB,148,"6,666666667",7,1,1,66,7,,,5,6,,"6,33","6,2","1,75","2,4","5,31","6,53","1,81","2,07","6,75","1,67",7,"6,75","6,5","1,5",1,"2,5",6,"1,33","0,33",5,"6,4","6,75",1,"1,5","6,75",1,"5,75",6,"6,75","1,25",1,3,"5,92","1,94","0,83","6,75","1,25"
20,JB,149,"6,666666667",7,1,1,54,7,,,5,6,,"6,33","6,2","1,75","2,4","5,31","6,53","1,81","2,07","6,75","1,67",7,"6,75","6,5","1,5",1,"2,5",6,"1,33","0,33",5,"6,4","6,75",1,"1,5","6,75",1,"5,75",6,"6,75","1,25",1,3,"5,92","1,94","0,83","6,75","1,25"
20,JB,150,"6,666666667",7,1,1,51,7,,,5,6,,"6,33","6,2","1,75","2,4","5,31","6,53","1,81","2,07","6,75","1,67",7,"6,75","6,5","1,5",1,"2,5",6,"1,33","0,33",5,"6,4","6,75",1,"1,5","6,75",1,"5,75",6,"6,75","1,25",1,3,"5,92","1,94","0,83","6,75","1,25"
20,JB,151,"6,666666667",7,1,1,64,7,,,5,6,,"6,33","6,2","1,75","2,4","5,31","6,53","1,81","2,07","6,75","1,67",7,"6,75","6,5","1,5",1,"2,5",6,"1,33","0,33",5,"6,4","6,75",1,"1,5","6,75",1,"5,75",6,"6,75","1,25",1,3,"5,92","1,94","0,83","6,75","1,25"
20,JB,152,"6,666666667",7,1,1,63,7,,,5,6,,"6,33","6,2","1,75","2,4","5,31","6,53","1,81","2,07","6,75","1,67",7,"6,75","6,5","1,5",1,"2,5",6,"1,33","0,33",5,"6,4","6,75",1,"1,5","6,75",1,"5,75",6,"6,75","1,25",1,3,"5,92","1,94","0,83","6,75","1,25"
20,JB,153,"6,666666667",7,1,1,86,7,,,5,6,,"6,33","6,2","1,75","2,4","5,31","6,53","1,81","2,07","6,75","1,67",7,"6,75","6,5","1,5",1,"2,5",6,"1,33","0,33",5,"6,4","6,75",1,"1,5","6,75",1,"5,75",6,"6,75","1,25",1,3,"5,92","1,94","0,83","6,75","1,25"
20,JB,154,"6,666666667",7,1,1,80,7,,,5,6,,"6,33","6,2","1,75","2,4","5,31","6,53","1,81","2,07","6,75","1,67",7,"6,75","6,5","1,5",1,"2,5",6,"1,33","0,33",5,"6,4","6,75",1,"1,5","6,75",1,"5,75",6,"6,75","1,25",1,3,"5,92","1,94","0,83","6,75","1,25"
20,JB,155,"6,666666667",7,1,1,73,7,,,5,6,,"6,33","6,2","1,75","2,4","5,31","6,53","1,81","2,07","6,75","1,67",7,"6,75","6,5","1,5",1,"2,5",6,"1,33","0,33",5,"6,4","6,75",1,"1,5","6,75",1,"5,75",6,"6,75","1,25",1,3,"5,92","1,94","0,83","6,75","1,25"
20,JB,156,"6,75",7,1,1,68,7,9,,5,6,,"6,33","6,2","1,75","2,4","5,31","6,53","1,81","2,07","6,75","1,67",7,"6,75","6,5","1,5",1,"2,5",6,"1,33","0,33",5,"6,4","6,75",1,"1,5","6,75",1,"5,75",6,"6,75","1,25",1,3,"5,92","1,94","0,83","6,75","1,25"
20,JB,157,"6,75",7,1,1,82,7,9,,5,6,,"6,33","6,2","1,75","2,4","5,31","6,53","1,81","2,07","6,75","1,67",7,"6,75","6,5","1,5",1,"2,5",6,"1,33","0,33",5,"6,4","6,75",1,"1,5","6,75",1,"5,75",6,"6,75","1,25",1,3,"5,92","1,94","0,83","6,75","1,25"
20,JB,158,"6,75",7,1,1,75,7,9,,5,6,,"6,33","6,2","1,75","2,4","5,31","6,53","1,81","2,07","6,75","1,67",7,"6,75","6,5","1,5",1,"2,5",6,"1,33","0,33",5,"6,4","6,75",1,"1,5","6,75",1,"5,75",6,"6,75","1,25",1,3,"5,92","1,94","0,83","6,75","1,25"
20,JB,159,"6,75",7,1,1,72,7,9,,5,6,,"6,33","6,2","1,75","2,4","5,31","6,53","1,81","2,07","6,75","1,67",7,"6,75","6,5","1,5",1,"2,5",6,"1,33","0,33",5,"6,4","6,75",1,"1,5","6,75",1,"5,75",6,"6,75","1,25",1,3,"5,92","1,94","0,83","6,75","1,25"
20,JB,160,"6,75",7,1,1,68,7,9,,5,6,,"6,33","6,2","1,75","2,4","5,31","6,53","1,81","2,07","6,75","1,67",7,"6,75","6,5","1,5",1,"2,5",6,"1,33","0,33",5,"6,4","6,75",1,"1,5","6,75",1,"5,75",6,"6,75","1,25",1,3,"5,92","1,94","0,83","6,75","1,25"
20,JB,161,"6,75",7,1,1,67,7,9,,5,6,,"6,33","6,2","1,75","2,4","5,31","6,53","1,81","2,07","6,75","1,67",7,"6,75","6,5","1,5",1,"2,5",6,"1,33","0,33",5,"6,4","6,75",1,"1,5","6,75",1,"5,75",6,"6,75","1,25",1,3,"5,92","1,94","0,83","6,75","1,25"
20,JB,162,"6,75",7,1,1,67,7,9,,5,6,,"6,33","6,2","1,75","2,4","5,31","6,53","1,81","2,07","6,75","1,67",7,"6,75","6,5","1,5",1,"2,5",6,"1,33","0,33",5,"6,4","6,75",1,"1,5","6,75",1,"5,75",6,"6,75","1,25",1,3,"5,92","1,94","0,83","6,75","1,25"
20,JB,163,"6,75",7,1,1,81,7,9,,5,6,,"6,33","6,2","1,75","2,4","5,31","6,53","1,81","2,07","6,75","1,67",7,"6,75","6,5","1,5",1,"2,5",6,"1,33","0,33",5,"6,4","6,75",1,"1,5","6,75",1,"5,75",6,"6,75","1,25",1,3,"5,92","1,94","0,83","6,75","1,25"
20,JB,164,"6,75",7,1,1,,7,9,,5,6,,"6,33","6,2","1,75","2,4","5,31","6,53","1,81","2,07","6,75","1,67",7,"6,75","6,5","1,5",1,"2,5",6,"1,33","0,33",5,"6,4","6,75",1,"1,5","6,75",1,"5,75",6,"6,75","1,25",1,3,"5,92","1,94","0,83","6,75","1,25"
21,AA,1,6,7,1,1,47,1,4,,6,,,7,"6,8",1,2,"6,06","5,88","2,25","2,67","6,75","1,75","6,5",7,"6,75","1,5","2,5","1,25","6,4","4,67",2,"5,67","5,6",7,1,"1,25",7,1,"6,5","6,25",7,"1,75","1,5",1,"5,97","2,46","3,33",7,"1,13"
21,AA,2,6,7,1,1,35,1,4,,6,,,7,"6,8",1,2,"6,06","5,88","2,25","2,67","6,75","1,75","6,5",7,"6,75","1,5","2,5","1,25","6,4","4,67",2,"5,67","5,6",7,1,"1,25",7,1,"6,5","6,25",7,"1,75","1,5",1,"5,97","2,46","3,33",7,"1,13"
21,AA,3,6,7,1,1,26,1,4,,6,,,7,"6,8",1,2,"6,06","5,88","2,25","2,67","6,75","1,75","6,5",7,"6,75","1,5","2,5","1,25","6,4","4,67",2,"5,67","5,6",7,1,"1,25",7,1,"6,5","6,25",7,"1,75","1,5",1,"5,97","2,46","3,33",7,"1,13"
21,AA,4,6,7,1,1,20,1,4,,6,,,7,"6,8",1,2,"6,06","5,88","2,25","2,67","6,75","1,75","6,5",7,"6,75","1,5","2,5","1,25","6,4","4,67",2,"5,67","5,6",7,1,"1,25",7,1,"6,5","6,25",7,"1,75","1,5",1,"5,97","2,46","3,33",7,"1,13"
21,AA,5,6,7,1,1,16,1,4,,6,,,7,"6,8",1,2,"6,06","5,88","2,25","2,67","6,75","1,75","6,5",7,"6,75","1,5","2,5","1,25","6,4","4,67",2,"5,67","5,6",7,1,"1,25",7,1,"6,5","6,25",7,"1,75","1,5",1,"5,97","2,46","3,33",7,"1,13"
21,AA,6,"6,25",7,1,1,22,1,,,1,,,7,"6,8",1,2,"6,06","5,88","2,25","2,67","6,75","1,75","6,5",7,"6,75","1,5","2,5","1,25","6,4","4,67",2,"5,67","5,6",7,1,"1,25",7,1,"6,5","6,25",7,"1,75","1,5",1,"5,97","2,46","3,33",7,"1,13"
21,AA,7,"6,25",7,1,1,27,1,,,1,,,7,"6,8",1,2,"6,06","5,88","2,25","2,67","6,75","1,75","6,5",7,"6,75","1,5","2,5","1,25","6,4","4,67",2,"5,67","5,6",7,1,"1,25",7,1,"6,5","6,25",7,"1,75","1,5",1,"5,97","2,46","3,33",7,"1,13"
21,AA,8,"6,25",7,1,1,22,1,,,1,,,7,"6,8",1,2,"6,06","5,88","2,25","2,67","6,75","1,75","6,5",7,"6,75","1,5","2,5","1,25","6,4","4,67",2,"5,67","5,6",7,1,"1,25",7,1,"6,5","6,25",7,"1,75","1,5",1,"5,97","2,46","3,33",7,"1,13"
21,AA,9,"6,25",7,1,1,43,1,,,1,,,7,"6,8",1,2,"6,06","5,88","2,25","2,67","6,75","1,75","6,5",7,"6,75","1,5","2,5","1,25","6,4","4,67",2,"5,67","5,6",7,1,"1,25",7,1,"6,5","6,25",7,"1,75","1,5",1,"5,97","2,46","3,33",7,"1,13"
21,AA,10,"6,25",7,1,1,35,1,,,1,,,7,"6,8",1,2,"6,06","5,88","2,25","2,67","6,75","1,75","6,5",7,"6,75","1,5","2,5","1,25","6,4","4,67",2,"5,67","5,6",7,1,"1,25",7,1,"6,5","6,25",7,"1,75","1,5",1,"5,97","2,46","3,33",7,"1,13"
21,AA,11,7,7,1,1,28,6,,,1,8,,7,"6,8",1,2,"6,06","5,88","2,25","2,67","6,75","1,75","6,5",7,"6,75","1,5","2,5","1,25","6,4","4,67",2,"5,67","5,6",7,1,"1,25",7,1,"6,5","6,25",7,"1,75","1,5",1,"5,97","2,46","3,33",7,"1,13"
21,AA,12,7,7,1,1,28,6,,,1,8,,7,"6,8",1,2,"6,06","5,88","2,25","2,67","6,75","1,75","6,5",7,"6,75","1,5","2,5","1,25","6,4","4,67",2,"5,67","5,6",7,1,"1,25",7,1,"6,5","6,25",7,"1,75","1,5",1,"5,97","2,46","3,33",7,"1,13"
21,AA,13,7,7,1,1,34,6,,,1,8,,7,"6,8",1,2,"6,06","5,88","2,25","2,67","6,75","1,75","6,5",7,"6,75","1,5","2,5","1,25","6,4","4,67",2,"5,67","5,6",7,1,"1,25",7,1,"6,5","6,25",7,"1,75","1,5",1,"5,97","2,46","3,33",7,"1,13"
21,AA,14,7,7,1,1,27,6,,,1,8,,7,"6,8",1,2,"6,06","5,88","2,25","2,67","6,75","1,75","6,5",7,"6,75","1,5","2,5","1,25","6,4","4,67",2,"5,67","5,6",7,1,"1,25",7,1,"6,5","6,25",7,"1,75","1,5",1,"5,97","2,46","3,33",7,"1,13"
21,AA,15,7,7,1,1,26,6,,,1,8,,7,"6,8",1,2,"6,06","5,88","2,25","2,67","6,75","1,75","6,5",7,"6,75","1,5","2,5","1,25","6,4","4,67",2,"5,67","5,6",7,1,"1,25",7,1,"6,5","6,25",7,"1,75","1,5",1,"5,97","2,46","3,33",7,"1,13"
21,AA,16,"6,333333333",7,1,1,30,7,,,1,,,7,"6,8",1,2,"6,06","5,88","2,25","2,67","6,75","1,75","6,5",7,"6,75","1,5","2,5","1,25","6,4","4,67",2,"5,67","5,6",7,1,"1,25",7,1,"6,5","6,25",7,"1,75","1,5",1,"5,97","2,46","3,33",7,"1,13"
21,AA,17,"6,333333333",7,1,1,26,7,,,1,,,7,"6,8",1,2,"6,06","5,88","2,25","2,67","6,75","1,75","6,5",7,"6,75","1,5","2,5","1,25","6,4","4,67",2,"5,67","5,6",7,1,"1,25",7,1,"6,5","6,25",7,"1,75","1,5",1,"5,97","2,46","3,33",7,"1,13"
21,AA,18,"6,333333333",7,1,1,46,7,,,1,,,7,"6,8",1,2,"6,06","5,88","2,25","2,67","6,75","1,75","6,5",7,"6,75","1,5","2,5","1,25","6,4","4,67",2,"5,67","5,6",7,1,"1,25",7,1,"6,5","6,25",7,"1,75","1,5",1,"5,97","2,46","3,33",7,"1,13"
21,AA,19,"6,333333333",7,1,1,67,7,,,1,,,7,"6,8",1,2,"6,06","5,88","2,25","2,67","6,75","1,75","6,5",7,"6,75","1,5","2,5","1,25","6,4","4,67",2,"5,67","5,6",7,1,"1,25",7,1,"6,5","6,25",7,"1,75","1,5",1,"5,97","2,46","3,33",7,"1,13"
21,AA,20,"6,333333333",7,1,1,77,7,,,1,,,7,"6,8",1,2,"6,06","5,88","2,25","2,67","6,75","1,75","6,5",7,"6,75","1,5","2,5","1,25","6,4","4,67",2,"5,67","5,6",7,1,"1,25",7,1,"6,5","6,25",7,"1,75","1,5",1,"5,97","2,46","3,33",7,"1,13"
21,AA,21,6,,1,,100,7,,,9,,,7,"6,8",1,2,"6,06","5,88","2,25","2,67","6,75","1,75","6,5",7,"6,75","1,5","2,5","1,25","6,4","4,67",2,"5,67","5,6",7,1,"1,25",7,1,"6,5","6,25",7,"1,75","1,5",1,"5,97","2,46","3,33",7,"1,13"
21,AA,22,6,,1,,93,7,,,9,,,7,"6,8",1,2,"6,06","5,88","2,25","2,67","6,75","1,75","6,5",7,"6,75","1,5","2,5","1,25","6,4","4,67",2,"5,67","5,6",7,1,"1,25",7,1,"6,5","6,25",7,"1,75","1,5",1,"5,97","2,46","3,33",7,"1,13"
21,AA,23,6,,1,,100,7,,,9,,,7,"6,8",1,2,"6,06","5,88","2,25","2,67","6,75","1,75","6,5",7,"6,75","1,5","2,5","1,25","6,4","4,67",2,"5,67","5,6",7,1,"1,25",7,1,"6,5","6,25",7,"1,75","1,5",1,"5,97","2,46","3,33",7,"1,13"
21,AA,24,6,,1,,95,7,,,9,,,7,"6,8",1,2,"6,06","5,88","2,25","2,67","6,75","1,75","6,5",7,"6,75","1,5","2,5","1,25","6,4","4,67",2,"5,67","5,6",7,1,"1,25",7,1,"6,5","6,25",7,"1,75","1,5",1,"5,97","2,46","3,33",7,"1,13"
21,AA,25,6,,1,,61,7,,,9,,,7,"6,8",1,2,"6,06","5,88","2,25","2,67","6,75","1,75","6,5",7,"6,75","1,5","2,5","1,25","6,4","4,67",2,"5,67","5,6",7,1,"1,25",7,1,"6,5","6,25",7,"1,75","1,5",1,"5,97","2,46","3,33",7,"1,13"
21,AA,26,"6,333333333",7,1,1,38,7,,,8,,,7,"6,8",1,2,"6,06","5,88","2,25","2,67","6,75","1,75","6,5",7,"6,75","1,5","2,5","1,25","6,4","4,67",2,"5,67","5,6",7,1,"1,25",7,1,"6,5","6,25",7,"1,75","1,5",1,"5,97","2,46","3,33",7,"1,13"
21,AA,27,"6,333333333",7,1,1,26,7,,,8,,,7,"6,8",1,2,"6,06","5,88","2,25","2,67","6,75","1,75","6,5",7,"6,75","1,5","2,5","1,25","6,4","4,67",2,"5,67","5,6",7,1,"1,25",7,1,"6,5","6,25",7,"1,75","1,5",1,"5,97","2,46","3,33",7,"1,13"
21,AA,28,"6,333333333",7,1,1,51,7,,,8,,,7,"6,8",1,2,"6,06","5,88","2,25","2,67","6,75","1,75","6,5",7,"6,75","1,5","2,5","1,25","6,4","4,67",2,"5,67","5,6",7,1,"1,25",7,1,"6,5","6,25",7,"1,75","1,5",1,"5,97","2,46","3,33",7,"1,13"
21,AA,29,"6,333333333",7,1,1,50,7,,,8,,,7,"6,8",1,2,"6,06","5,88","2,25","2,67","6,75","1,75","6,5",7,"6,75","1,5","2,5","1,25","6,4","4,67",2,"5,67","5,6",7,1,"1,25",7,1,"6,5","6,25",7,"1,75","1,5",1,"5,97","2,46","3,33",7,"1,13"
21,AA,30,"6,333333333",7,1,1,54,7,,,8,,,7,"6,8",1,2,"6,06","5,88","2,25","2,67","6,75","1,75","6,5",7,"6,75","1,5","2,5","1,25","6,4","4,67",2,"5,67","5,6",7,1,"1,25",7,1,"6,5","6,25",7,"1,75","1,5",1,"5,97","2,46","3,33",7,"1,13"
21,AA,31,"6,333333333",7,1,1,40,7,,,8,,,7,"6,8",1,2,"6,06","5,88","2,25","2,67","6,75","1,75","6,5",7,"6,75","1,5","2,5","1,25","6,4","4,67",2,"5,67","5,6",7,1,"1,25",7,1,"6,5","6,25",7,"1,75","1,5",1,"5,97","2,46","3,33",7,"1,13"
21,AA,32,"6,333333333",7,1,1,29,7,,,8,,,7,"6,8",1,2,"6,06","5,88","2,25","2,67","6,75","1,75","6,5",7,"6,75","1,5","2,5","1,25","6,4","4,67",2,"5,67","5,6",7,1,"1,25",7,1,"6,5","6,25",7,"1,75","1,5",1,"5,97","2,46","3,33",7,"1,13"
21,AA,33,"6,333333333",7,1,1,24,7,,,8,,,7,"6,8",1,2,"6,06","5,88","2,25","2,67","6,75","1,75","6,5",7,"6,75","1,5","2,5","1,25","6,4","4,67",2,"5,67","5,6",7,1,"1,25",7,1,"6,5","6,25",7,"1,75","1,5",1,"5,97","2,46","3,33",7,"1,13"
21,AA,34,"6,333333333",7,1,1,19,7,,,8,,,7,"6,8",1,2,"6,06","5,88","2,25","2,67","6,75","1,75","6,5",7,"6,75","1,5","2,5","1,25","6,4","4,67",2,"5,67","5,6",7,1,"1,25",7,1,"6,5","6,25",7,"1,75","1,5",1,"5,97","2,46","3,33",7,"1,13"
21,AA,35,"6,333333333",7,1,1,23,7,,,8,,,7,"6,8",1,2,"6,06","5,88","2,25","2,67","6,75","1,75","6,5",7,"6,75","1,5","2,5","1,25","6,4","4,67",2,"5,67","5,6",7,1,"1,25",7,1,"6,5","6,25",7,"1,75","1,5",1,"5,97","2,46","3,33",7,"1,13"
21,AA,36,"6,333333333",7,1,1,21,7,8,,6,,,7,"6,8",1,2,"6,06","5,88","2,25","2,67","6,75","1,75","6,5",7,"6,75","1,5","2,5","1,25","6,4","4,67",2,"5,67","5,6",7,1,"1,25",7,1,"6,5","6,25",7,"1,75","1,5",1,"5,97","2,46","3,33",7,"1,13"
21,AA,37,"6,333333333",7,1,1,17,7,8,,6,,,7,"6,8",1,2,"6,06","5,88","2,25","2,67","6,75","1,75","6,5",7,"6,75","1,5","2,5","1,25","6,4","4,67",2,"5,67","5,6",7,1,"1,25",7,1,"6,5","6,25",7,"1,75","1,5",1,"5,97","2,46","3,33",7,"1,13"
21,AA,38,"6,333333333",7,1,1,19,7,8,,6,,,7,"6,8",1,2,"6,06","5,88","2,25","2,67","6,75","1,75","6,5",7,"6,75","1,5","2,5","1,25","6,4","4,67",2,"5,67","5,6",7,1,"1,25",7,1,"6,5","6,25",7,"1,75","1,5",1,"5,97","2,46","3,33",7,"1,13"
21,AA,39,"6,333333333",7,1,1,22,7,8,,6,,,7,"6,8",1,2,"6,06","5,88","2,25","2,67","6,75","1,75","6,5",7,"6,75","1,5","2,5","1,25","6,4","4,67",2,"5,67","5,6",7,1,"1,25",7,1,"6,5","6,25",7,"1,75","1,5",1,"5,97","2,46","3,33",7,"1,13"
21,AA,40,"6,333333333",7,1,1,16,7,8,,6,,,7,"6,8",1,2,"6,06","5,88","2,25","2,67","6,75","1,75","6,5",7,"6,75","1,5","2,5","1,25","6,4","4,67",2,"5,67","5,6",7,1,"1,25",7,1,"6,5","6,25",7,"1,75","1,5",1,"5,97","2,46","3,33",7,"1,13"
21,AA,41,6,7,1,1,10,7,,,,,,7,"6,8",1,2,"6,06","5,88","2,25","2,67","6,75","1,75","6,5",7,"6,75","1,5","2,5","1,25","6,4","4,67",2,"5,67","5,6",7,1,"1,25",7,1,"6,5","6,25",7,"1,75","1,5",1,"5,97","2,46","3,33",7,"1,13"
21,AA,42,6,7,1,1,11,7,,,,,,7,"6,8",1,2,"6,06","5,88","2,25","2,67","6,75","1,75","6,5",7,"6,75","1,5","2,5","1,25","6,4","4,67",2,"5,67","5,6",7,1,"1,25",7,1,"6,5","6,25",7,"1,75","1,5",1,"5,97","2,46","3,33",7,"1,13"
21,AA,43,6,7,1,1,23,7,,,,,,7,"6,8",1,2,"6,06","5,88","2,25","2,67","6,75","1,75","6,5",7,"6,75","1,5","2,5","1,25","6,4","4,67",2,"5,67","5,6",7,1,"1,25",7,1,"6,5","6,25",7,"1,75","1,5",1,"5,97","2,46","3,33",7,"1,13"
21,AA,44,6,7,1,1,18,7,,,,,,7,"6,8",1,2,"6,06","5,88","2,25","2,67","6,75","1,75","6,5",7,"6,75","1,5","2,5","1,25","6,4","4,67",2,"5,67","5,6",7,1,"1,25",7,1,"6,5","6,25",7,"1,75","1,5",1,"5,97","2,46","3,33",7,"1,13"
21,AA,45,6,7,1,1,13,7,,,,,,7,"6,8",1,2,"6,06","5,88","2,25","2,67","6,75","1,75","6,5",7,"6,75","1,5","2,5","1,25","6,4","4,67",2,"5,67","5,6",7,1,"1,25",7,1,"6,5","6,25",7,"1,75","1,5",1,"5,97","2,46","3,33",7,"1,13"
21,AA,46,5,7,1,1,7,7,,,9,,,7,"6,8",1,2,"6,06","5,88","2,25","2,67","6,75","1,75","6,5",7,"6,75","1,5","2,5","1,25","6,4","4,67",2,"5,67","5,6",7,1,"1,25",7,1,"6,5","6,25",7,"1,75","1,5",1,"5,97","2,46","3,33",7,"1,13"
21,AA,47,5,7,1,1,5,7,,,9,,,7,"6,8",1,2,"6,06","5,88","2,25","2,67","6,75","1,75","6,5",7,"6,75","1,5","2,5","1,25","6,4","4,67",2,"5,67","5,6",7,1,"1,25",7,1,"6,5","6,25",7,"1,75","1,5",1,"5,97","2,46","3,33",7,"1,13"
21,AA,48,5,7,1,1,6,7,,,9,,,7,"6,8",1,2,"6,06","5,88","2,25","2,67","6,75","1,75","6,5",7,"6,75","1,5","2,5","1,25","6,4","4,67",2,"5,67","5,6",7,1,"1,25",7,1,"6,5","6,25",7,"1,75","1,5",1,"5,97","2,46","3,33",7,"1,13"
21,AA,49,5,7,1,1,6,7,,,9,,,7,"6,8",1,2,"6,06","5,88","2,25","2,67","6,75","1,75","6,5",7,"6,75","1,5","2,5","1,25","6,4","4,67",2,"5,67","5,6",7,1,"1,25",7,1,"6,5","6,25",7,"1,75","1,5",1,"5,97","2,46","3,33",7,"1,13"
21,AA,50,5,7,1,1,6,7,,,9,,,7,"6,8",1,2,"6,06","5,88","2,25","2,67","6,75","1,75","6,5",7,"6,75","1,5","2,5","1,25","6,4","4,67",2,"5,67","5,6",7,1,"1,25",7,1,"6,5","6,25",7,"1,75","1,5",1,"5,97","2,46","3,33",7,"1,13"
21,AA,51,"6,333333333",7,1,1,5,7,,,,,,7,"6,8",1,2,"6,06","5,88","2,25","2,67","6,75","1,75","6,5",7,"6,75","1,5","2,5","1,25","6,4","4,67",2,"5,67","5,6",7,1,"1,25",7,1,"6,5","6,25",7,"1,75","1,5",1,"5,97","2,46","3,33",7,"1,13"
21,AA,52,"6,333333333",7,1,1,24,7,,,,,,7,"6,8",1,2,"6,06","5,88","2,25","2,67","6,75","1,75","6,5",7,"6,75","1,5","2,5","1,25","6,4","4,67",2,"5,67","5,6",7,1,"1,25",7,1,"6,5","6,25",7,"1,75","1,5",1,"5,97","2,46","3,33",7,"1,13"
21,AA,53,"6,333333333",7,1,1,28,7,,,,,,7,"6,8",1,2,"6,06","5,88","2,25","2,67","6,75","1,75","6,5",7,"6,75","1,5","2,5","1,25","6,4","4,67",2,"5,67","5,6",7,1,"1,25",7,1,"6,5","6,25",7,"1,75","1,5",1,"5,97","2,46","3,33",7,"1,13"
21,AA,54,"6,333333333",7,1,1,25,7,,,,,,7,"6,8",1,2,"6,06","5,88","2,25","2,67","6,75","1,75","6,5",7,"6,75","1,5","2,5","1,25","6,4","4,67",2,"5,67","5,6",7,1,"1,25",7,1,"6,5","6,25",7,"1,75","1,5",1,"5,97","2,46","3,33",7,"1,13"
21,AA,55,"6,333333333",7,1,1,67,7,,,,,,7,"6,8",1,2,"6,06","5,88","2,25","2,67","6,75","1,75","6,5",7,"6,75","1,5","2,5","1,25","6,4","4,67",2,"5,67","5,6",7,1,"1,25",7,1,"6,5","6,25",7,"1,75","1,5",1,"5,97","2,46","3,33",7,"1,13"
21,AA,56,7,6,1,"1,5",42,5,,,1,,,7,"6,8",1,2,"6,06","5,88","2,25","2,67","6,75","1,75","6,5",7,"6,75","1,5","2,5","1,25","6,4","4,67",2,"5,67","5,6",7,1,"1,25",7,1,"6,5","6,25",7,"1,75","1,5",1,"5,97","2,46","3,33",7,"1,13"
21,AA,57,7,6,1,"1,5",24,5,,,1,,,7,"6,8",1,2,"6,06","5,88","2,25","2,67","6,75","1,75","6,5",7,"6,75","1,5","2,5","1,25","6,4","4,67",2,"5,67","5,6",7,1,"1,25",7,1,"6,5","6,25",7,"1,75","1,5",1,"5,97","2,46","3,33",7,"1,13"
21,AA,58,7,6,1,"1,5",38,5,,,1,,,7,"6,8",1,2,"6,06","5,88","2,25","2,67","6,75","1,75","6,5",7,"6,75","1,5","2,5","1,25","6,4","4,67",2,"5,67","5,6",7,1,"1,25",7,1,"6,5","6,25",7,"1,75","1,5",1,"5,97","2,46","3,33",7,"1,13"
21,AA,59,7,6,1,"1,5",79,5,,,1,,,7,"6,8",1,2,"6,06","5,88","2,25","2,67","6,75","1,75","6,5",7,"6,75","1,5","2,5","1,25","6,4","4,67",2,"5,67","5,6",7,1,"1,25",7,1,"6,5","6,25",7,"1,75","1,5",1,"5,97","2,46","3,33",7,"1,13"
21,AA,60,7,6,1,"1,5",71,5,,,1,,,7,"6,8",1,2,"6,06","5,88","2,25","2,67","6,75","1,75","6,5",7,"6,75","1,5","2,5","1,25","6,4","4,67",2,"5,67","5,6",7,1,"1,25",7,1,"6,5","6,25",7,"1,75","1,5",1,"5,97","2,46","3,33",7,"1,13"
21,AA,61,7,7,1,1,79,7,,,9,,,7,"6,8",1,2,"6,06","5,88","2,25","2,67","6,75","1,75","6,5",7,"6,75","1,5","2,5","1,25","6,4","4,67",2,"5,67","5,6",7,1,"1,25",7,1,"6,5","6,25",7,"1,75","1,5",1,"5,97","2,46","3,33",7,"1,13"
21,AA,62,7,7,1,1,69,7,,,9,,,7,"6,8",1,2,"6,06","5,88","2,25","2,67","6,75","1,75","6,5",7,"6,75","1,5","2,5","1,25","6,4","4,67",2,"5,67","5,6",7,1,"1,25",7,1,"6,5","6,25",7,"1,75","1,5",1,"5,97","2,46","3,33",7,"1,13"
21,AA,63,7,7,1,1,60,7,,,9,,,7,"6,8",1,2,"6,06","5,88","2,25","2,67","6,75","1,75","6,5",7,"6,75","1,5","2,5","1,25","6,4","4,67",2,"5,67","5,6",7,1,"1,25",7,1,"6,5","6,25",7,"1,75","1,5",1,"5,97","2,46","3,33",7,"1,13"
21,AA,64,7,7,1,1,69,7,,,9,,,7,"6,8",1,2,"6,06","5,88","2,25","2,67","6,75","1,75","6,5",7,"6,75","1,5","2,5","1,25","6,4","4,67",2,"5,67","5,6",7,1,"1,25",7,1,"6,5","6,25",7,"1,75","1,5",1,"5,97","2,46","3,33",7,"1,13"
21,AA,65,7,7,1,1,78,7,,,9,,,7,"6,8",1,2,"6,06","5,88","2,25","2,67","6,75","1,75","6,5",7,"6,75","1,5","2,5","1,25","6,4","4,67",2,"5,67","5,6",7,1,"1,25",7,1,"6,5","6,25",7,"1,75","1,5",1,"5,97","2,46","3,33",7,"1,13"
21,AA,66,7,7,1,1,71,7,,,9,,,7,"6,8",1,2,"6,06","5,88","2,25","2,67","6,75","1,75","6,5",7,"6,75","1,5","2,5","1,25","6,4","4,67",2,"5,67","5,6",7,1,"1,25",7,1,"6,5","6,25",7,"1,75","1,5",1,"5,97","2,46","3,33",7,"1,13"
21,AA,67,7,7,1,1,44,7,,,9,,,7,"6,8",1,2,"6,06","5,88","2,25","2,67","6,75","1,75","6,5",7,"6,75","1,5","2,5","1,25","6,4","4,67",2,"5,67","5,6",7,1,"1,25",7,1,"6,5","6,25",7,"1,75","1,5",1,"5,97","2,46","3,33",7,"1,13"
21,AA,68,7,7,1,1,25,7,,,9,,,7,"6,8",1,2,"6,06","5,88","2,25","2,67","6,75","1,75","6,5",7,"6,75","1,5","2,5","1,25","6,4","4,67",2,"5,67","5,6",7,1,"1,25",7,1,"6,5","6,25",7,"1,75","1,5",1,"5,97","2,46","3,33",7,"1,13"
21,AA,69,7,7,1,1,16,7,,,9,,,7,"6,8",1,2,"6,06","5,88","2,25","2,67","6,75","1,75","6,5",7,"6,75","1,5","2,5","1,25","6,4","4,67",2,"5,67","5,6",7,1,"1,25",7,1,"6,5","6,25",7,"1,75","1,5",1,"5,97","2,46","3,33",7,"1,13"
21,AA,70,7,7,1,1,14,7,,,9,,,7,"6,8",1,2,"6,06","5,88","2,25","2,67","6,75","1,75","6,5",7,"6,75","1,5","2,5","1,25","6,4","4,67",2,"5,67","5,6",7,1,"1,25",7,1,"6,5","6,25",7,"1,75","1,5",1,"5,97","2,46","3,33",7,"1,13"
21,AA,71,7,7,1,1,24,7,8,,6,,,7,"6,8",1,2,"6,06","5,88","2,25","2,67","6,75","1,75","6,5",7,"6,75","1,5","2,5","1,25","6,4","4,67",2,"5,67","5,6",7,1,"1,25",7,1,"6,5","6,25",7,"1,75","1,5",1,"5,97","2,46","3,33",7,"1,13"
21,AA,72,7,7,1,1,22,7,8,,6,,,7,"6,8",1,2,"6,06","5,88","2,25","2,67","6,75","1,75","6,5",7,"6,75","1,5","2,5","1,25","6,4","4,67",2,"5,67","5,6",7,1,"1,25",7,1,"6,5","6,25",7,"1,75","1,5",1,"5,97","2,46","3,33",7,"1,13"
21,AA,73,7,7,1,1,55,7,8,,6,,,7,"6,8",1,2,"6,06","5,88","2,25","2,67","6,75","1,75","6,5",7,"6,75","1,5","2,5","1,25","6,4","4,67",2,"5,67","5,6",7,1,"1,25",7,1,"6,5","6,25",7,"1,75","1,5",1,"5,97","2,46","3,33",7,"1,13"
21,AA,74,7,7,1,1,100,7,8,,6,,,7,"6,8",1,2,"6,06","5,88","2,25","2,67","6,75","1,75","6,5",7,"6,75","1,5","2,5","1,25","6,4","4,67",2,"5,67","5,6",7,1,"1,25",7,1,"6,5","6,25",7,"1,75","1,5",1,"5,97","2,46","3,33",7,"1,13"
21,AA,75,7,7,1,1,100,7,8,,6,,,7,"6,8",1,2,"6,06","5,88","2,25","2,67","6,75","1,75","6,5",7,"6,75","1,5","2,5","1,25","6,4","4,67",2,"5,67","5,6",7,1,"1,25",7,1,"6,5","6,25",7,"1,75","1,5",1,"5,97","2,46","3,33",7,"1,13"
21,AA,76,,7,,1,94,7,,,9,,,7,"6,8",1,2,"6,06","5,88","2,25","2,67","6,75","1,75","6,5",7,"6,75","1,5","2,5","1,25","6,4","4,67",2,"5,67","5,6",7,1,"1,25",7,1,"6,5","6,25",7,"1,75","1,5",1,"5,97","2,46","3,33",7,"1,13"
21,AA,77,,7,,1,100,7,,,9,,,7,"6,8",1,2,"6,06","5,88","2,25","2,67","6,75","1,75","6,5",7,"6,75","1,5","2,5","1,25","6,4","4,67",2,"5,67","5,6",7,1,"1,25",7,1,"6,5","6,25",7,"1,75","1,5",1,"5,97","2,46","3,33",7,"1,13"
21,AA,78,,7,,1,100,7,,,9,,,7,"6,8",1,2,"6,06","5,88","2,25","2,67","6,75","1,75","6,5",7,"6,75","1,5","2,5","1,25","6,4","4,67",2,"5,67","5,6",7,1,"1,25",7,1,"6,5","6,25",7,"1,75","1,5",1,"5,97","2,46","3,33",7,"1,13"
21,AA,79,,7,,1,78,7,,,9,,,7,"6,8",1,2,"6,06","5,88","2,25","2,67","6,75","1,75","6,5",7,"6,75","1,5","2,5","1,25","6,4","4,67",2,"5,67","5,6",7,1,"1,25",7,1,"6,5","6,25",7,"1,75","1,5",1,"5,97","2,46","3,33",7,"1,13"
21,AA,80,,7,,1,53,7,,,9,,,7,"6,8",1,2,"6,06","5,88","2,25","2,67","6,75","1,75","6,5",7,"6,75","1,5","2,5","1,25","6,4","4,67",2,"5,67","5,6",7,1,"1,25",7,1,"6,5","6,25",7,"1,75","1,5",1,"5,97","2,46","3,33",7,"1,13"
21,AA,81,,7,,1,56,7,,,9,,,7,"6,8",1,2,"6,06","5,88","2,25","2,67","6,75","1,75","6,5",7,"6,75","1,5","2,5","1,25","6,4","4,67",2,"5,67","5,6",7,1,"1,25",7,1,"6,5","6,25",7,"1,75","1,5",1,"5,97","2,46","3,33",7,"1,13"
21,AA,82,,7,,1,42,7,,,9,,,7,"6,8",1,2,"6,06","5,88","2,25","2,67","6,75","1,75","6,5",7,"6,75","1,5","2,5","1,25","6,4","4,67",2,"5,67","5,6",7,1,"1,25",7,1,"6,5","6,25",7,"1,75","1,5",1,"5,97","2,46","3,33",7,"1,13"
21,AA,83,,7,,1,33,7,,,9,,,7,"6,8",1,2,"6,06","5,88","2,25","2,67","6,75","1,75","6,5",7,"6,75","1,5","2,5","1,25","6,4","4,67",2,"5,67","5,6",7,1,"1,25",7,1,"6,5","6,25",7,"1,75","1,5",1,"5,97","2,46","3,33",7,"1,13"
21,AA,84,,7,,1,41,7,,,9,,,7,"6,8",1,2,"6,06","5,88","2,25","2,67","6,75","1,75","6,5",7,"6,75","1,5","2,5","1,25","6,4","4,67",2,"5,67","5,6",7,1,"1,25",7,1,"6,5","6,25",7,"1,75","1,5",1,"5,97","2,46","3,33",7,"1,13"
21,AA,85,,7,,1,52,7,,,9,,,7,"6,8",1,2,"6,06","5,88","2,25","2,67","6,75","1,75","6,5",7,"6,75","1,5","2,5","1,25","6,4","4,67",2,"5,67","5,6",7,1,"1,25",7,1,"6,5","6,25",7,"1,75","1,5",1,"5,97","2,46","3,33",7,"1,13"
21,AA,86,7,7,1,1,42,7,8,,6,,,7,"6,8",1,2,"6,06","5,88","2,25","2,67","6,75","1,75","6,5",7,"6,75","1,5","2,5","1,25","6,4","4,67",2,"5,67","5,6",7,1,"1,25",7,1,"6,5","6,25",7,"1,75","1,5",1,"5,97","2,46","3,33",7,"1,13"
21,AA,87,7,7,1,1,43,7,8,,6,,,7,"6,8",1,2,"6,06","5,88","2,25","2,67","6,75","1,75","6,5",7,"6,75","1,5","2,5","1,25","6,4","4,67",2,"5,67","5,6",7,1,"1,25",7,1,"6,5","6,25",7,"1,75","1,5",1,"5,97","2,46","3,33",7,"1,13"
21,AA,88,7,7,1,1,71,7,8,,6,,,7,"6,8",1,2,"6,06","5,88","2,25","2,67","6,75","1,75","6,5",7,"6,75","1,5","2,5","1,25","6,4","4,67",2,"5,67","5,6",7,1,"1,25",7,1,"6,5","6,25",7,"1,75","1,5",1,"5,97","2,46","3,33",7,"1,13"
21,AA,89,7,7,1,1,62,7,8,,6,,,7,"6,8",1,2,"6,06","5,88","2,25","2,67","6,75","1,75","6,5",7,"6,75","1,5","2,5","1,25","6,4","4,67",2,"5,67","5,6",7,1,"1,25",7,1,"6,5","6,25",7,"1,75","1,5",1,"5,97","2,46","3,33",7,"1,13"
21,AA,90,7,7,1,1,59,7,8,,6,,,7,"6,8",1,2,"6,06","5,88","2,25","2,67","6,75","1,75","6,5",7,"6,75","1,5","2,5","1,25","6,4","4,67",2,"5,67","5,6",7,1,"1,25",7,1,"6,5","6,25",7,"1,75","1,5",1,"5,97","2,46","3,33",7,"1,13"
21,AA,91,7,7,1,1,48,7,8,,6,,,7,"6,8",1,2,"6,06","5,88","2,25","2,67","6,75","1,75","6,5",7,"6,75","1,5","2,5","1,25","6,4","4,67",2,"5,67","5,6",7,1,"1,25",7,1,"6,5","6,25",7,"1,75","1,5",1,"5,97","2,46","3,33",7,"1,13"
21,AA,92,7,7,1,1,38,7,8,,6,,,7,"6,8",1,2,"6,06","5,88","2,25","2,67","6,75","1,75","6,5",7,"6,75","1,5","2,5","1,25","6,4","4,67",2,"5,67","5,6",7,1,"1,25",7,1,"6,5","6,25",7,"1,75","1,5",1,"5,97","2,46","3,33",7,"1,13"
21,AA,93,7,7,1,1,44,7,8,,6,,,7,"6,8",1,2,"6,06","5,88","2,25","2,67","6,75","1,75","6,5",7,"6,75","1,5","2,5","1,25","6,4","4,67",2,"5,67","5,6",7,1,"1,25",7,1,"6,5","6,25",7,"1,75","1,5",1,"5,97","2,46","3,33",7,"1,13"
21,AA,94,7,7,1,1,36,7,8,,6,,,7,"6,8",1,2,"6,06","5,88","2,25","2,67","6,75","1,75","6,5",7,"6,75","1,5","2,5","1,25","6,4","4,67",2,"5,67","5,6",7,1,"1,25",7,1,"6,5","6,25",7,"1,75","1,5",1,"5,97","2,46","3,33",7,"1,13"
21,AA,95,7,7,1,1,30,7,8,,6,,,7,"6,8",1,2,"6,06","5,88","2,25","2,67","6,75","1,75","6,5",7,"6,75","1,5","2,5","1,25","6,4","4,67",2,"5,67","5,6",7,1,"1,25",7,1,"6,5","6,25",7,"1,75","1,5",1,"5,97","2,46","3,33",7,"1,13"
21,AA,96,7,7,1,1,21,7,,,1,8,,7,"6,8",1,2,"6,06","5,88","2,25","2,67","6,75","1,75","6,5",7,"6,75","1,5","2,5","1,25","6,4","4,67",2,"5,67","5,6",7,1,"1,25",7,1,"6,5","6,25",7,"1,75","1,5",1,"5,97","2,46","3,33",7,"1,13"
21,AA,97,7,7,1,1,14,7,,,1,8,,7,"6,8",1,2,"6,06","5,88","2,25","2,67","6,75","1,75","6,5",7,"6,75","1,5","2,5","1,25","6,4","4,67",2,"5,67","5,6",7,1,"1,25",7,1,"6,5","6,25",7,"1,75","1,5",1,"5,97","2,46","3,33",7,"1,13"
21,AA,98,7,7,1,1,15,7,,,1,8,,7,"6,8",1,2,"6,06","5,88","2,25","2,67","6,75","1,75","6,5",7,"6,75","1,5","2,5","1,25","6,4","4,67",2,"5,67","5,6",7,1,"1,25",7,1,"6,5","6,25",7,"1,75","1,5",1,"5,97","2,46","3,33",7,"1,13"
21,AA,99,7,7,1,1,17,7,,,1,8,,7,"6,8",1,2,"6,06","5,88","2,25","2,67","6,75","1,75","6,5",7,"6,75","1,5","2,5","1,25","6,4","4,67",2,"5,67","5,6",7,1,"1,25",7,1,"6,5","6,25",7,"1,75","1,5",1,"5,97","2,46","3,33",7,"1,13"
21,AA,100,7,7,1,1,12,7,,,1,8,,7,"6,8",1,2,"6,06","5,88","2,25","2,67","6,75","1,75","6,5",7,"6,75","1,5","2,5","1,25","6,4","4,67",2,"5,67","5,6",7,1,"1,25",7,1,"6,5","6,25",7,"1,75","1,5",1,"5,97","2,46","3,33",7,"1,13"
21,AA,101,5,7,4,1,13,7,,,1,,,7,"6,8",1,2,"6,06","5,88","2,25","2,67","6,75","1,75","6,5",7,"6,75","1,5","2,5","1,25","6,4","4,67",2,"5,67","5,6",7,1,"1,25",7,1,"6,5","6,25",7,"1,75","1,5",1,"5,97","2,46","3,33",7,"1,13"
21,AA,102,5,7,4,1,11,7,,,1,,,7,"6,8",1,2,"6,06","5,88","2,25","2,67","6,75","1,75","6,5",7,"6,75","1,5","2,5","1,25","6,4","4,67",2,"5,67","5,6",7,1,"1,25",7,1,"6,5","6,25",7,"1,75","1,5",1,"5,97","2,46","3,33",7,"1,13"
21,AA,103,7,7,1,1,33,8,,,1,6,,7,"6,8",1,2,"6,06","5,88","2,25","2,67","6,75","1,75","6,5",7,"6,75","1,5","2,5","1,25","6,4","4,67",2,"5,67","5,6",7,1,"1,25",7,1,"6,5","6,25",7,"1,75","1,5",1,"5,97","2,46","3,33",7,"1,13"
21,AA,104,7,7,1,1,43,8,,,1,6,,7,"6,8",1,2,"6,06","5,88","2,25","2,67","6,75","1,75","6,5",7,"6,75","1,5","2,5","1,25","6,4","4,67",2,"5,67","5,6",7,1,"1,25",7,1,"6,5","6,25",7,"1,75","1,5",1,"5,97","2,46","3,33",7,"1,13"
21,AA,105,7,7,1,1,46,8,,,1,6,,7,"6,8",1,2,"6,06","5,88","2,25","2,67","6,75","1,75","6,5",7,"6,75","1,5","2,5","1,25","6,4","4,67",2,"5,67","5,6",7,1,"1,25",7,1,"6,5","6,25",7,"1,75","1,5",1,"5,97","2,46","3,33",7,"1,13"
21,AA,106,7,7,1,1,58,8,,,1,6,,7,"6,8",1,2,"6,06","5,88","2,25","2,67","6,75","1,75","6,5",7,"6,75","1,5","2,5","1,25","6,4","4,67",2,"5,67","5,6",7,1,"1,25",7,1,"6,5","6,25",7,"1,75","1,5",1,"5,97","2,46","3,33",7,"1,13"
21,AA,107,7,7,1,1,42,8,,,1,6,,7,"6,8",1,2,"6,06","5,88","2,25","2,67","6,75","1,75","6,5",7,"6,75","1,5","2,5","1,25","6,4","4,67",2,"5,67","5,6",7,1,"1,25",7,1,"6,5","6,25",7,"1,75","1,5",1,"5,97","2,46","3,33",7,"1,13"
21,AA,108,7,7,1,1,36,8,,,6,,,7,"6,8",1,2,"6,06","5,88","2,25","2,67","6,75","1,75","6,5",7,"6,75","1,5","2,5","1,25","6,4","4,67",2,"5,67","5,6",7,1,"1,25",7,1,"6,5","6,25",7,"1,75","1,5",1,"5,97","2,46","3,33",7,"1,13"
21,AA,109,7,7,1,1,89,8,,,6,,,7,"6,8",1,2,"6,06","5,88","2,25","2,67","6,75","1,75","6,5",7,"6,75","1,5","2,5","1,25","6,4","4,67",2,"5,67","5,6",7,1,"1,25",7,1,"6,5","6,25",7,"1,75","1,5",1,"5,97","2,46","3,33",7,"1,13"
21,AA,110,7,7,1,1,94,8,,,6,,,7,"6,8",1,2,"6,06","5,88","2,25","2,67","6,75","1,75","6,5",7,"6,75","1,5","2,5","1,25","6,4","4,67",2,"5,67","5,6",7,1,"1,25",7,1,"6,5","6,25",7,"1,75","1,5",1,"5,97","2,46","3,33",7,"1,13"
21,AA,111,7,7,1,1,60,8,,,6,,,7,"6,8",1,2,"6,06","5,88","2,25","2,67","6,75","1,75","6,5",7,"6,75","1,5","2,5","1,25","6,4","4,67",2,"5,67","5,6",7,1,"1,25",7,1,"6,5","6,25",7,"1,75","1,5",1,"5,97","2,46","3,33",7,"1,13"
21,AA,112,7,7,1,1,50,8,,,6,,,7,"6,8",1,2,"6,06","5,88","2,25","2,67","6,75","1,75","6,5",7,"6,75","1,5","2,5","1,25","6,4","4,67",2,"5,67","5,6",7,1,"1,25",7,1,"6,5","6,25",7,"1,75","1,5",1,"5,97","2,46","3,33",7,"1,13"
21,AA,113,7,7,1,1,47,8,,,6,,,7,"6,8",1,2,"6,06","5,88","2,25","2,67","6,75","1,75","6,5",7,"6,75","1,5","2,5","1,25","6,4","4,67",2,"5,67","5,6",7,1,"1,25",7,1,"6,5","6,25",7,"1,75","1,5",1,"5,97","2,46","3,33",7,"1,13"
21,AA,114,7,7,1,1,32,8,,,6,,,7,"6,8",1,2,"6,06","5,88","2,25","2,67","6,75","1,75","6,5",7,"6,75","1,5","2,5","1,25","6,4","4,67",2,"5,67","5,6",7,1,"1,25",7,1,"6,5","6,25",7,"1,75","1,5",1,"5,97","2,46","3,33",7,"1,13"
21,AA,115,7,7,1,1,34,8,,,6,,,7,"6,8",1,2,"6,06","5,88","2,25","2,67","6,75","1,75","6,5",7,"6,75","1,5","2,5","1,25","6,4","4,67",2,"5,67","5,6",7,1,"1,25",7,1,"6,5","6,25",7,"1,75","1,5",1,"5,97","2,46","3,33",7,"1,13"
21,AA,116,7,7,1,1,37,8,,,6,,,7,"6,8",1,2,"6,06","5,88","2,25","2,67","6,75","1,75","6,5",7,"6,75","1,5","2,5","1,25","6,4","4,67",2,"5,67","5,6",7,1,"1,25",7,1,"6,5","6,25",7,"1,75","1,5",1,"5,97","2,46","3,33",7,"1,13"
21,AA,117,7,7,1,1,38,8,,,6,,,7,"6,8",1,2,"6,06","5,88","2,25","2,67","6,75","1,75","6,5",7,"6,75","1,5","2,5","1,25","6,4","4,67",2,"5,67","5,6",7,1,"1,25",7,1,"6,5","6,25",7,"1,75","1,5",1,"5,97","2,46","3,33",7,"1,13"
21,AA,118,7,7,1,1,32,8,,,6,,,7,"6,8",1,2,"6,06","5,88","2,25","2,67","6,75","1,75","6,5",7,"6,75","1,5","2,5","1,25","6,4","4,67",2,"5,67","5,6",7,1,"1,25",7,1,"6,5","6,25",7,"1,75","1,5",1,"5,97","2,46","3,33",7,"1,13"
21,AA,119,7,7,1,1,28,8,,,6,,,7,"6,8",1,2,"6,06","5,88","2,25","2,67","6,75","1,75","6,5",7,"6,75","1,5","2,5","1,25","6,4","4,67",2,"5,67","5,6",7,1,"1,25",7,1,"6,5","6,25",7,"1,75","1,5",1,"5,97","2,46","3,33",7,"1,13"
21,AA,120,7,7,1,1,27,8,,,6,,,7,"6,8",1,2,"6,06","5,88","2,25","2,67","6,75","1,75","6,5",7,"6,75","1,5","2,5","1,25","6,4","4,67",2,"5,67","5,6",7,1,"1,25",7,1,"6,5","6,25",7,"1,75","1,5",1,"5,97","2,46","3,33",7,"1,13"
21,AA,121,7,7,1,1,20,8,,,6,,,7,"6,8",1,2,"6,06","5,88","2,25","2,67","6,75","1,75","6,5",7,"6,75","1,5","2,5","1,25","6,4","4,67",2,"5,67","5,6",7,1,"1,25",7,1,"6,5","6,25",7,"1,75","1,5",1,"5,97","2,46","3,33",7,"1,13"
21,AA,122,7,7,1,1,35,8,,,6,,,7,"6,8",1,2,"6,06","5,88","2,25","2,67","6,75","1,75","6,5",7,"6,75","1,5","2,5","1,25","6,4","4,67",2,"5,67","5,6",7,1,"1,25",7,1,"6,5","6,25",7,"1,75","1,5",1,"5,97","2,46","3,33",7,"1,13"
21,AA,123,7,7,1,1,87,8,,,6,,,7,"6,8",1,2,"6,06","5,88","2,25","2,67","6,75","1,75","6,5",7,"6,75","1,5","2,5","1,25","6,4","4,67",2,"5,67","5,6",7,1,"1,25",7,1,"6,5","6,25",7,"1,75","1,5",1,"5,97","2,46","3,33",7,"1,13"
21,AA,124,7,7,1,1,81,8,,,6,,,7,"6,8",1,2,"6,06","5,88","2,25","2,67","6,75","1,75","6,5",7,"6,75","1,5","2,5","1,25","6,4","4,67",2,"5,67","5,6",7,1,"1,25",7,1,"6,5","6,25",7,"1,75","1,5",1,"5,97","2,46","3,33",7,"1,13"
21,AA,125,7,7,1,1,54,8,,,6,,,7,"6,8",1,2,"6,06","5,88","2,25","2,67","6,75","1,75","6,5",7,"6,75","1,5","2,5","1,25","6,4","4,67",2,"5,67","5,6",7,1,"1,25",7,1,"6,5","6,25",7,"1,75","1,5",1,"5,97","2,46","3,33",7,"1,13"
21,AA,126,7,7,1,1,40,8,,,6,,,7,"6,8",1,2,"6,06","5,88","2,25","2,67","6,75","1,75","6,5",7,"6,75","1,5","2,5","1,25","6,4","4,67",2,"5,67","5,6",7,1,"1,25",7,1,"6,5","6,25",7,"1,75","1,5",1,"5,97","2,46","3,33",7,"1,13"
21,AA,127,7,7,1,1,24,8,,,6,,,7,"6,8",1,2,"6,06","5,88","2,25","2,67","6,75","1,75","6,5",7,"6,75","1,5","2,5","1,25","6,4","4,67",2,"5,67","5,6",7,1,"1,25",7,1,"6,5","6,25",7,"1,75","1,5",1,"5,97","2,46","3,33",7,"1,13"
21,AA,128,7,7,1,1,16,8,,,6,,,7,"6,8",1,2,"6,06","5,88","2,25","2,67","6,75","1,75","6,5",7,"6,75","1,5","2,5","1,25","6,4","4,67",2,"5,67","5,6",7,1,"1,25",7,1,"6,5","6,25",7,"1,75","1,5",1,"5,97","2,46","3,33",7,"1,13"
21,AA,129,7,7,1,1,24,8,,,6,,,7,"6,8",1,2,"6,06","5,88","2,25","2,67","6,75","1,75","6,5",7,"6,75","1,5","2,5","1,25","6,4","4,67",2,"5,67","5,6",7,1,"1,25",7,1,"6,5","6,25",7,"1,75","1,5",1,"5,97","2,46","3,33",7,"1,13"
21,AA,130,7,7,1,1,25,8,,,6,,,7,"6,8",1,2,"6,06","5,88","2,25","2,67","6,75","1,75","6,5",7,"6,75","1,5","2,5","1,25","6,4","4,67",2,"5,67","5,6",7,1,"1,25",7,1,"6,5","6,25",7,"1,75","1,5",1,"5,97","2,46","3,33",7,"1,13"
21,AA,131,7,7,1,1,32,8,,,6,,,7,"6,8",1,2,"6,06","5,88","2,25","2,67","6,75","1,75","6,5",7,"6,75","1,5","2,5","1,25","6,4","4,67",2,"5,67","5,6",7,1,"1,25",7,1,"6,5","6,25",7,"1,75","1,5",1,"5,97","2,46","3,33",7,"1,13"
21,AA,132,7,7,1,1,36,8,,,6,,,7,"6,8",1,2,"6,06","5,88","2,25","2,67","6,75","1,75","6,5",7,"6,75","1,5","2,5","1,25","6,4","4,67",2,"5,67","5,6",7,1,"1,25",7,1,"6,5","6,25",7,"1,75","1,5",1,"5,97","2,46","3,33",7,"1,13"
21,AA,133,7,7,1,1,24,8,,,6,,,7,"6,8",1,2,"6,06","5,88","2,25","2,67","6,75","1,75","6,5",7,"6,75","1,5","2,5","1,25","6,4","4,67",2,"5,67","5,6",7,1,"1,25",7,1,"6,5","6,25",7,"1,75","1,5",1,"5,97","2,46","3,33",7,"1,13"
21,AA,134,7,7,1,1,24,8,,,6,,,7,"6,8",1,2,"6,06","5,88","2,25","2,67","6,75","1,75","6,5",7,"6,75","1,5","2,5","1,25","6,4","4,67",2,"5,67","5,6",7,1,"1,25",7,1,"6,5","6,25",7,"1,75","1,5",1,"5,97","2,46","3,33",7,"1,13"
21,AA,135,7,7,1,1,24,8,,,6,,,7,"6,8",1,2,"6,06","5,88","2,25","2,67","6,75","1,75","6,5",7,"6,75","1,5","2,5","1,25","6,4","4,67",2,"5,67","5,6",7,1,"1,25",7,1,"6,5","6,25",7,"1,75","1,5",1,"5,97","2,46","3,33",7,"1,13"
21,AA,136,7,7,1,1,50,8,,,6,,,7,"6,8",1,2,"6,06","5,88","2,25","2,67","6,75","1,75","6,5",7,"6,75","1,5","2,5","1,25","6,4","4,67",2,"5,67","5,6",7,1,"1,25",7,1,"6,5","6,25",7,"1,75","1,5",1,"5,97","2,46","3,33",7,"1,13"
21,AA,137,7,7,1,1,34,8,,,6,,,7,"6,8",1,2,"6,06","5,88","2,25","2,67","6,75","1,75","6,5",7,"6,75","1,5","2,5","1,25","6,4","4,67",2,"5,67","5,6",7,1,"1,25",7,1,"6,5","6,25",7,"1,75","1,5",1,"5,97","2,46","3,33",7,"1,13"
21,AA,138,7,7,1,1,36,8,9,,6,,,7,"6,8",1,2,"6,06","5,88","2,25","2,67","6,75","1,75","6,5",7,"6,75","1,5","2,5","1,25","6,4","4,67",2,"5,67","5,6",7,1,"1,25",7,1,"6,5","6,25",7,"1,75","1,5",1,"5,97","2,46","3,33",7,"1,13"
21,AA,139,7,7,1,1,64,8,9,,6,,,7,"6,8",1,2,"6,06","5,88","2,25","2,67","6,75","1,75","6,5",7,"6,75","1,5","2,5","1,25","6,4","4,67",2,"5,67","5,6",7,1,"1,25",7,1,"6,5","6,25",7,"1,75","1,5",1,"5,97","2,46","3,33",7,"1,13"
21,AA,140,7,7,1,1,100,8,9,,6,,,7,"6,8",1,2,"6,06","5,88","2,25","2,67","6,75","1,75","6,5",7,"6,75","1,5","2,5","1,25","6,4","4,67",2,"5,67","5,6",7,1,"1,25",7,1,"6,5","6,25",7,"1,75","1,5",1,"5,97","2,46","3,33",7,"1,13"
21,AA,141,7,7,1,1,100,8,9,,6,,,7,"6,8",1,2,"6,06","5,88","2,25","2,67","6,75","1,75","6,5",7,"6,75","1,5","2,5","1,25","6,4","4,67",2,"5,67","5,6",7,1,"1,25",7,1,"6,5","6,25",7,"1,75","1,5",1,"5,97","2,46","3,33",7,"1,13"
21,AA,142,7,7,1,1,100,8,9,,6,,,7,"6,8",1,2,"6,06","5,88","2,25","2,67","6,75","1,75","6,5",7,"6,75","1,5","2,5","1,25","6,4","4,67",2,"5,67","5,6",7,1,"1,25",7,1,"6,5","6,25",7,"1,75","1,5",1,"5,97","2,46","3,33",7,"1,13"
21,AA,143,7,7,1,1,,8,9,,6,,,7,"6,8",1,2,"6,06","5,88","2,25","2,67","6,75","1,75","6,5",7,"6,75","1,5","2,5","1,25","6,4","4,67",2,"5,67","5,6",7,1,"1,25",7,1,"6,5","6,25",7,"1,75","1,5",1,"5,97","2,46","3,33",7,"1,13"
22,DC,1,"5,5",7,"1,5",1,79,5,,,9,,,6,"5,8","2,75","1,8","4,94","5,88","1,75","2,27","5,75",3,"5,75","5,5",6,2,"3,5","3,5","6,4","2,33","0,67","4,67","6,2",7,"1,25","2,75",6,1,"6,25","4,25",6,3,"1,5","1,33","5,41","2,01","1,5","6,5",2
22,DC,2,"5,5",7,"1,5",1,98,5,,,9,,,6,"5,8","2,75","1,8","4,94","5,88","1,75","2,27","5,75",3,"5,75","5,5",6,2,"3,5","3,5","6,4","2,33","0,67","4,67","6,2",7,"1,25","2,75",6,1,"6,25","4,25",6,3,"1,5","1,33","5,41","2,01","1,5","6,5",2
22,DC,3,"5,5",7,"1,5",1,88,5,,,9,,,6,"5,8","2,75","1,8","4,94","5,88","1,75","2,27","5,75",3,"5,75","5,5",6,2,"3,5","3,5","6,4","2,33","0,67","4,67","6,2",7,"1,25","2,75",6,1,"6,25","4,25",6,3,"1,5","1,33","5,41","2,01","1,5","6,5",2
22,DC,4,"5,5",7,"1,5",1,85,5,,,9,,,6,"5,8","2,75","1,8","4,94","5,88","1,75","2,27","5,75",3,"5,75","5,5",6,2,"3,5","3,5","6,4","2,33","0,67","4,67","6,2",7,"1,25","2,75",6,1,"6,25","4,25",6,3,"1,5","1,33","5,41","2,01","1,5","6,5",2
22,DC,5,"5,5",7,"1,5",1,86,5,,,9,,,6,"5,8","2,75","1,8","4,94","5,88","1,75","2,27","5,75",3,"5,75","5,5",6,2,"3,5","3,5","6,4","2,33","0,67","4,67","6,2",7,"1,25","2,75",6,1,"6,25","4,25",6,3,"1,5","1,33","5,41","2,01","1,5","6,5",2
22,DC,6,7,7,1,1,76,5,,,6,,,6,"5,8","2,75","1,8","4,94","5,88","1,75","2,27","5,75",3,"5,75","5,5",6,2,"3,5","3,5","6,4","2,33","0,67","4,67","6,2",7,"1,25","2,75",6,1,"6,25","4,25",6,3,"1,5","1,33","5,41","2,01","1,5","6,5",2
22,DC,7,7,7,1,1,80,5,,,6,,,6,"5,8","2,75","1,8","4,94","5,88","1,75","2,27","5,75",3,"5,75","5,5",6,2,"3,5","3,5","6,4","2,33","0,67","4,67","6,2",7,"1,25","2,75",6,1,"6,25","4,25",6,3,"1,5","1,33","5,41","2,01","1,5","6,5",2
22,DC,8,7,7,1,1,76,5,,,6,,,6,"5,8","2,75","1,8","4,94","5,88","1,75","2,27","5,75",3,"5,75","5,5",6,2,"3,5","3,5","6,4","2,33","0,67","4,67","6,2",7,"1,25","2,75",6,1,"6,25","4,25",6,3,"1,5","1,33","5,41","2,01","1,5","6,5",2
22,DC,9,7,7,1,1,86,5,,,6,,,6,"5,8","2,75","1,8","4,94","5,88","1,75","2,27","5,75",3,"5,75","5,5",6,2,"3,5","3,5","6,4","2,33","0,67","4,67","6,2",7,"1,25","2,75",6,1,"6,25","4,25",6,3,"1,5","1,33","5,41","2,01","1,5","6,5",2
22,DC,10,7,7,1,1,79,5,,,6,,,6,"5,8","2,75","1,8","4,94","5,88","1,75","2,27","5,75",3,"5,75","5,5",6,2,"3,5","3,5","6,4","2,33","0,67","4,67","6,2",7,"1,25","2,75",6,1,"6,25","4,25",6,3,"1,5","1,33","5,41","2,01","1,5","6,5",2
22,DC,11,7,7,1,1,84,5,,,6,,,6,"5,8","2,75","1,8","4,94","5,88","1,75","2,27","5,75",3,"5,75","5,5",6,2,"3,5","3,5","6,4","2,33","0,67","4,67","6,2",7,"1,25","2,75",6,1,"6,25","4,25",6,3,"1,5","1,33","5,41","2,01","1,5","6,5",2
22,DC,12,7,7,1,1,89,5,,,6,,,6,"5,8","2,75","1,8","4,94","5,88","1,75","2,27","5,75",3,"5,75","5,5",6,2,"3,5","3,5","6,4","2,33","0,67","4,67","6,2",7,"1,25","2,75",6,1,"6,25","4,25",6,3,"1,5","1,33","5,41","2,01","1,5","6,5",2
22,DC,13,7,7,1,1,75,5,,,6,,,6,"5,8","2,75","1,8","4,94","5,88","1,75","2,27","5,75",3,"5,75","5,5",6,2,"3,5","3,5","6,4","2,33","0,67","4,67","6,2",7,"1,25","2,75",6,1,"6,25","4,25",6,3,"1,5","1,33","5,41","2,01","1,5","6,5",2
22,DC,14,7,7,1,1,89,5,,,6,,,6,"5,8","2,75","1,8","4,94","5,88","1,75","2,27","5,75",3,"5,75","5,5",6,2,"3,5","3,5","6,4","2,33","0,67","4,67","6,2",7,"1,25","2,75",6,1,"6,25","4,25",6,3,"1,5","1,33","5,41","2,01","1,5","6,5",2
22,DC,15,7,7,1,1,84,5,,,6,,,6,"5,8","2,75","1,8","4,94","5,88","1,75","2,27","5,75",3,"5,75","5,5",6,2,"3,5","3,5","6,4","2,33","0,67","4,67","6,2",7,"1,25","2,75",6,1,"6,25","4,25",6,3,"1,5","1,33","5,41","2,01","1,5","6,5",2
22,DC,16,7,"6,666666667",1,1,93,5,,,6,,,6,"5,8","2,75","1,8","4,94","5,88","1,75","2,27","5,75",3,"5,75","5,5",6,2,"3,5","3,5","6,4","2,33","0,67","4,67","6,2",7,"1,25","2,75",6,1,"6,25","4,25",6,3,"1,5","1,33","5,41","2,01","1,5","6,5",2
22,DC,17,7,"6,666666667",1,1,79,5,,,6,,,6,"5,8","2,75","1,8","4,94","5,88","1,75","2,27","5,75",3,"5,75","5,5",6,2,"3,5","3,5","6,4","2,33","0,67","4,67","6,2",7,"1,25","2,75",6,1,"6,25","4,25",6,3,"1,5","1,33","5,41","2,01","1,5","6,5",2
22,DC,18,7,"6,666666667",1,1,72,5,,,6,,,6,"5,8","2,75","1,8","4,94","5,88","1,75","2,27","5,75",3,"5,75","5,5",6,2,"3,5","3,5","6,4","2,33","0,67","4,67","6,2",7,"1,25","2,75",6,1,"6,25","4,25",6,3,"1,5","1,33","5,41","2,01","1,5","6,5",2
22,DC,19,7,"6,666666667",1,1,69,5,,,6,,,6,"5,8","2,75","1,8","4,94","5,88","1,75","2,27","5,75",3,"5,75","5,5",6,2,"3,5","3,5","6,4","2,33","0,67","4,67","6,2",7,"1,25","2,75",6,1,"6,25","4,25",6,3,"1,5","1,33","5,41","2,01","1,5","6,5",2
22,DC,20,7,"6,666666667",1,1,71,5,,,6,,,6,"5,8","2,75","1,8","4,94","5,88","1,75","2,27","5,75",3,"5,75","5,5",6,2,"3,5","3,5","6,4","2,33","0,67","4,67","6,2",7,"1,25","2,75",6,1,"6,25","4,25",6,3,"1,5","1,33","5,41","2,01","1,5","6,5",2
22,DC,21,7,7,1,1,68,5,,,9,,,6,"5,8","2,75","1,8","4,94","5,88","1,75","2,27","5,75",3,"5,75","5,5",6,2,"3,5","3,5","6,4","2,33","0,67","4,67","6,2",7,"1,25","2,75",6,1,"6,25","4,25",6,3,"1,5","1,33","5,41","2,01","1,5","6,5",2
22,DC,22,7,7,1,1,69,5,,,9,,,6,"5,8","2,75","1,8","4,94","5,88","1,75","2,27","5,75",3,"5,75","5,5",6,2,"3,5","3,5","6,4","2,33","0,67","4,67","6,2",7,"1,25","2,75",6,1,"6,25","4,25",6,3,"1,5","1,33","5,41","2,01","1,5","6,5",2
22,DC,23,7,7,1,1,71,5,,,9,,,6,"5,8","2,75","1,8","4,94","5,88","1,75","2,27","5,75",3,"5,75","5,5",6,2,"3,5","3,5","6,4","2,33","0,67","4,67","6,2",7,"1,25","2,75",6,1,"6,25","4,25",6,3,"1,5","1,33","5,41","2,01","1,5","6,5",2
22,DC,24,7,7,1,1,77,5,,,9,,,6,"5,8","2,75","1,8","4,94","5,88","1,75","2,27","5,75",3,"5,75","5,5",6,2,"3,5","3,5","6,4","2,33","0,67","4,67","6,2",7,"1,25","2,75",6,1,"6,25","4,25",6,3,"1,5","1,33","5,41","2,01","1,5","6,5",2
22,DC,25,7,7,1,1,77,5,,,9,,,6,"5,8","2,75","1,8","4,94","5,88","1,75","2,27","5,75",3,"5,75","5,5",6,2,"3,5","3,5","6,4","2,33","0,67","4,67","6,2",7,"1,25","2,75",6,1,"6,25","4,25",6,3,"1,5","1,33","5,41","2,01","1,5","6,5",2
22,DC,26,7,7,1,1,83,5,,,9,,,6,"5,8","2,75","1,8","4,94","5,88","1,75","2,27","5,75",3,"5,75","5,5",6,2,"3,5","3,5","6,4","2,33","0,67","4,67","6,2",7,"1,25","2,75",6,1,"6,25","4,25",6,3,"1,5","1,33","5,41","2,01","1,5","6,5",2
22,DC,27,7,7,1,1,77,5,,,9,,,6,"5,8","2,75","1,8","4,94","5,88","1,75","2,27","5,75",3,"5,75","5,5",6,2,"3,5","3,5","6,4","2,33","0,67","4,67","6,2",7,"1,25","2,75",6,1,"6,25","4,25",6,3,"1,5","1,33","5,41","2,01","1,5","6,5",2
22,DC,28,7,7,1,1,73,5,,,9,,,6,"5,8","2,75","1,8","4,94","5,88","1,75","2,27","5,75",3,"5,75","5,5",6,2,"3,5","3,5","6,4","2,33","0,67","4,67","6,2",7,"1,25","2,75",6,1,"6,25","4,25",6,3,"1,5","1,33","5,41","2,01","1,5","6,5",2
22,DC,29,7,7,1,1,68,5,,,9,,,6,"5,8","2,75","1,8","4,94","5,88","1,75","2,27","5,75",3,"5,75","5,5",6,2,"3,5","3,5","6,4","2,33","0,67","4,67","6,2",7,"1,25","2,75",6,1,"6,25","4,25",6,3,"1,5","1,33","5,41","2,01","1,5","6,5",2
22,DC,30,7,7,1,1,59,5,,,9,,,6,"5,8","2,75","1,8","4,94","5,88","1,75","2,27","5,75",3,"5,75","5,5",6,2,"3,5","3,5","6,4","2,33","0,67","4,67","6,2",7,"1,25","2,75",6,1,"6,25","4,25",6,3,"1,5","1,33","5,41","2,01","1,5","6,5",2
22,DC,31,"5,5",7,"2,5",1,62,5,,,9,,,6,"5,8","2,75","1,8","4,94","5,88","1,75","2,27","5,75",3,"5,75","5,5",6,2,"3,5","3,5","6,4","2,33","0,67","4,67","6,2",7,"1,25","2,75",6,1,"6,25","4,25",6,3,"1,5","1,33","5,41","2,01","1,5","6,5",2
22,DC,32,"5,5",7,"2,5",1,60,5,,,9,,,6,"5,8","2,75","1,8","4,94","5,88","1,75","2,27","5,75",3,"5,75","5,5",6,2,"3,5","3,5","6,4","2,33","0,67","4,67","6,2",7,"1,25","2,75",6,1,"6,25","4,25",6,3,"1,5","1,33","5,41","2,01","1,5","6,5",2
22,DC,33,"5,5",7,"2,5",1,66,5,,,9,,,6,"5,8","2,75","1,8","4,94","5,88","1,75","2,27","5,75",3,"5,75","5,5",6,2,"3,5","3,5","6,4","2,33","0,67","4,67","6,2",7,"1,25","2,75",6,1,"6,25","4,25",6,3,"1,5","1,33","5,41","2,01","1,5","6,5",2
22,DC,34,"5,5",7,"2,5",1,60,5,,,9,,,6,"5,8","2,75","1,8","4,94","5,88","1,75","2,27","5,75",3,"5,75","5,5",6,2,"3,5","3,5","6,4","2,33","0,67","4,67","6,2",7,"1,25","2,75",6,1,"6,25","4,25",6,3,"1,5","1,33","5,41","2,01","1,5","6,5",2
22,DC,35,"5,5",7,"2,5",1,59,5,,,9,,,6,"5,8","2,75","1,8","4,94","5,88","1,75","2,27","5,75",3,"5,75","5,5",6,2,"3,5","3,5","6,4","2,33","0,67","4,67","6,2",7,"1,25","2,75",6,1,"6,25","4,25",6,3,"1,5","1,33","5,41","2,01","1,5","6,5",2
22,DC,36,7,7,1,1,73,5,,,1,9,,6,"5,8","2,75","1,8","4,94","5,88","1,75","2,27","5,75",3,"5,75","5,5",6,2,"3,5","3,5","6,4","2,33","0,67","4,67","6,2",7,"1,25","2,75",6,1,"6,25","4,25",6,3,"1,5","1,33","5,41","2,01","1,5","6,5",2
22,DC,37,7,7,1,1,82,5,,,1,9,,6,"5,8","2,75","1,8","4,94","5,88","1,75","2,27","5,75",3,"5,75","5,5",6,2,"3,5","3,5","6,4","2,33","0,67","4,67","6,2",7,"1,25","2,75",6,1,"6,25","4,25",6,3,"1,5","1,33","5,41","2,01","1,5","6,5",2
22,DC,38,7,7,1,1,63,5,,,1,9,,6,"5,8","2,75","1,8","4,94","5,88","1,75","2,27","5,75",3,"5,75","5,5",6,2,"3,5","3,5","6,4","2,33","0,67","4,67","6,2",7,"1,25","2,75",6,1,"6,25","4,25",6,3,"1,5","1,33","5,41","2,01","1,5","6,5",2
22,DC,39,7,7,1,1,59,5,,,1,9,,6,"5,8","2,75","1,8","4,94","5,88","1,75","2,27","5,75",3,"5,75","5,5",6,2,"3,5","3,5","6,4","2,33","0,67","4,67","6,2",7,"1,25","2,75",6,1,"6,25","4,25",6,3,"1,5","1,33","5,41","2,01","1,5","6,5",2
22,DC,40,7,7,1,1,73,5,,,1,9,,6,"5,8","2,75","1,8","4,94","5,88","1,75","2,27","5,75",3,"5,75","5,5",6,2,"3,5","3,5","6,4","2,33","0,67","4,67","6,2",7,"1,25","2,75",6,1,"6,25","4,25",6,3,"1,5","1,33","5,41","2,01","1,5","6,5",2
22,DC,41,6,"6,333333333",1,1,78,5,,,1,,,6,"5,8","2,75","1,8","4,94","5,88","1,75","2,27","5,75",3,"5,75","5,5",6,2,"3,5","3,5","6,4","2,33","0,67","4,67","6,2",7,"1,25","2,75",6,1,"6,25","4,25",6,3,"1,5","1,33","5,41","2,01","1,5","6,5",2
22,DC,42,6,"6,333333333",1,1,68,5,,,1,,,6,"5,8","2,75","1,8","4,94","5,88","1,75","2,27","5,75",3,"5,75","5,5",6,2,"3,5","3,5","6,4","2,33","0,67","4,67","6,2",7,"1,25","2,75",6,1,"6,25","4,25",6,3,"1,5","1,33","5,41","2,01","1,5","6,5",2
22,DC,43,6,"6,333333333",1,1,67,5,,,1,,,6,"5,8","2,75","1,8","4,94","5,88","1,75","2,27","5,75",3,"5,75","5,5",6,2,"3,5","3,5","6,4","2,33","0,67","4,67","6,2",7,"1,25","2,75",6,1,"6,25","4,25",6,3,"1,5","1,33","5,41","2,01","1,5","6,5",2
22,DC,44,6,"6,333333333",1,1,64,5,,,1,,,6,"5,8","2,75","1,8","4,94","5,88","1,75","2,27","5,75",3,"5,75","5,5",6,2,"3,5","3,5","6,4","2,33","0,67","4,67","6,2",7,"1,25","2,75",6,1,"6,25","4,25",6,3,"1,5","1,33","5,41","2,01","1,5","6,5",2
22,DC,45,6,"6,333333333",1,1,59,5,,,1,,,6,"5,8","2,75","1,8","4,94","5,88","1,75","2,27","5,75",3,"5,75","5,5",6,2,"3,5","3,5","6,4","2,33","0,67","4,67","6,2",7,"1,25","2,75",6,1,"6,25","4,25",6,3,"1,5","1,33","5,41","2,01","1,5","6,5",2
22,DC,46,7,7,1,1,55,5,,,9,,,6,"5,8","2,75","1,8","4,94","5,88","1,75","2,27","5,75",3,"5,75","5,5",6,2,"3,5","3,5","6,4","2,33","0,67","4,67","6,2",7,"1,25","2,75",6,1,"6,25","4,25",6,3,"1,5","1,33","5,41","2,01","1,5","6,5",2
22,DC,47,7,7,1,1,60,5,,,9,,,6,"5,8","2,75","1,8","4,94","5,88","1,75","2,27","5,75",3,"5,75","5,5",6,2,"3,5","3,5","6,4","2,33","0,67","4,67","6,2",7,"1,25","2,75",6,1,"6,25","4,25",6,3,"1,5","1,33","5,41","2,01","1,5","6,5",2
22,DC,48,7,7,1,1,64,5,,,9,,,6,"5,8","2,75","1,8","4,94","5,88","1,75","2,27","5,75",3,"5,75","5,5",6,2,"3,5","3,5","6,4","2,33","0,67","4,67","6,2",7,"1,25","2,75",6,1,"6,25","4,25",6,3,"1,5","1,33","5,41","2,01","1,5","6,5",2
22,DC,49,7,7,1,1,81,5,,,9,,,6,"5,8","2,75","1,8","4,94","5,88","1,75","2,27","5,75",3,"5,75","5,5",6,2,"3,5","3,5","6,4","2,33","0,67","4,67","6,2",7,"1,25","2,75",6,1,"6,25","4,25",6,3,"1,5","1,33","5,41","2,01","1,5","6,5",2
22,DC,50,7,7,1,1,70,5,,,9,,,6,"5,8","2,75","1,8","4,94","5,88","1,75","2,27","5,75",3,"5,75","5,5",6,2,"3,5","3,5","6,4","2,33","0,67","4,67","6,2",7,"1,25","2,75",6,1,"6,25","4,25",6,3,"1,5","1,33","5,41","2,01","1,5","6,5",2
22,DC,51,7,7,1,1,66,5,,,9,,,6,"5,8","2,75","1,8","4,94","5,88","1,75","2,27","5,75",3,"5,75","5,5",6,2,"3,5","3,5","6,4","2,33","0,67","4,67","6,2",7,"1,25","2,75",6,1,"6,25","4,25",6,3,"1,5","1,33","5,41","2,01","1,5","6,5",2
22,DC,52,7,7,1,1,78,5,,,9,,,6,"5,8","2,75","1,8","4,94","5,88","1,75","2,27","5,75",3,"5,75","5,5",6,2,"3,5","3,5","6,4","2,33","0,67","4,67","6,2",7,"1,25","2,75",6,1,"6,25","4,25",6,3,"1,5","1,33","5,41","2,01","1,5","6,5",2
22,DC,53,7,7,1,1,60,5,,,9,,,6,"5,8","2,75","1,8","4,94","5,88","1,75","2,27","5,75",3,"5,75","5,5",6,2,"3,5","3,5","6,4","2,33","0,67","4,67","6,2",7,"1,25","2,75",6,1,"6,25","4,25",6,3,"1,5","1,33","5,41","2,01","1,5","6,5",2
22,DC,54,7,7,1,1,52,5,,,9,,,6,"5,8","2,75","1,8","4,94","5,88","1,75","2,27","5,75",3,"5,75","5,5",6,2,"3,5","3,5","6,4","2,33","0,67","4,67","6,2",7,"1,25","2,75",6,1,"6,25","4,25",6,3,"1,5","1,33","5,41","2,01","1,5","6,5",2
22,DC,55,7,7,1,1,95,5,,,9,,,6,"5,8","2,75","1,8","4,94","5,88","1,75","2,27","5,75",3,"5,75","5,5",6,2,"3,5","3,5","6,4","2,33","0,67","4,67","6,2",7,"1,25","2,75",6,1,"6,25","4,25",6,3,"1,5","1,33","5,41","2,01","1,5","6,5",2
22,DC,56,7,7,1,1,77,5,,,9,,,6,"5,8","2,75","1,8","4,94","5,88","1,75","2,27","5,75",3,"5,75","5,5",6,2,"3,5","3,5","6,4","2,33","0,67","4,67","6,2",7,"1,25","2,75",6,1,"6,25","4,25",6,3,"1,5","1,33","5,41","2,01","1,5","6,5",2
22,DC,57,7,7,1,1,76,5,,,9,,,6,"5,8","2,75","1,8","4,94","5,88","1,75","2,27","5,75",3,"5,75","5,5",6,2,"3,5","3,5","6,4","2,33","0,67","4,67","6,2",7,"1,25","2,75",6,1,"6,25","4,25",6,3,"1,5","1,33","5,41","2,01","1,5","6,5",2
22,DC,58,7,7,1,1,76,5,,,9,,,6,"5,8","2,75","1,8","4,94","5,88","1,75","2,27","5,75",3,"5,75","5,5",6,2,"3,5","3,5","6,4","2,33","0,67","4,67","6,2",7,"1,25","2,75",6,1,"6,25","4,25",6,3,"1,5","1,33","5,41","2,01","1,5","6,5",2
22,DC,59,7,7,1,1,73,5,,,9,,,6,"5,8","2,75","1,8","4,94","5,88","1,75","2,27","5,75",3,"5,75","5,5",6,2,"3,5","3,5","6,4","2,33","0,67","4,67","6,2",7,"1,25","2,75",6,1,"6,25","4,25",6,3,"1,5","1,33","5,41","2,01","1,5","6,5",2
22,DC,60,7,7,1,1,67,5,,,9,,,6,"5,8","2,75","1,8","4,94","5,88","1,75","2,27","5,75",3,"5,75","5,5",6,2,"3,5","3,5","6,4","2,33","0,67","4,67","6,2",7,"1,25","2,75",6,1,"6,25","4,25",6,3,"1,5","1,33","5,41","2,01","1,5","6,5",2
22,DC,61,7,"6,666666667",1,1,63,5,,,6,,,6,"5,8","2,75","1,8","4,94","5,88","1,75","2,27","5,75",3,"5,75","5,5",6,2,"3,5","3,5","6,4","2,33","0,67","4,67","6,2",7,"1,25","2,75",6,1,"6,25","4,25",6,3,"1,5","1,33","5,41","2,01","1,5","6,5",2
22,DC,62,7,"6,666666667",1,1,55,5,,,6,,,6,"5,8","2,75","1,8","4,94","5,88","1,75","2,27","5,75",3,"5,75","5,5",6,2,"3,5","3,5","6,4","2,33","0,67","4,67","6,2",7,"1,25","2,75",6,1,"6,25","4,25",6,3,"1,5","1,33","5,41","2,01","1,5","6,5",2
22,DC,63,7,"6,666666667",1,1,50,5,,,6,,,6,"5,8","2,75","1,8","4,94","5,88","1,75","2,27","5,75",3,"5,75","5,5",6,2,"3,5","3,5","6,4","2,33","0,67","4,67","6,2",7,"1,25","2,75",6,1,"6,25","4,25",6,3,"1,5","1,33","5,41","2,01","1,5","6,5",2
22,DC,64,7,"6,666666667",1,1,54,5,,,6,,,6,"5,8","2,75","1,8","4,94","5,88","1,75","2,27","5,75",3,"5,75","5,5",6,2,"3,5","3,5","6,4","2,33","0,67","4,67","6,2",7,"1,25","2,75",6,1,"6,25","4,25",6,3,"1,5","1,33","5,41","2,01","1,5","6,5",2
22,DC,65,7,"6,666666667",1,1,56,5,,,6,,,6,"5,8","2,75","1,8","4,94","5,88","1,75","2,27","5,75",3,"5,75","5,5",6,2,"3,5","3,5","6,4","2,33","0,67","4,67","6,2",7,"1,25","2,75",6,1,"6,25","4,25",6,3,"1,5","1,33","5,41","2,01","1,5","6,5",2
22,DC,66,7,7,1,1,68,5,,,9,,,6,"5,8","2,75","1,8","4,94","5,88","1,75","2,27","5,75",3,"5,75","5,5",6,2,"3,5","3,5","6,4","2,33","0,67","4,67","6,2",7,"1,25","2,75",6,1,"6,25","4,25",6,3,"1,5","1,33","5,41","2,01","1,5","6,5",2
22,DC,67,7,7,1,1,92,5,,,9,,,6,"5,8","2,75","1,8","4,94","5,88","1,75","2,27","5,75",3,"5,75","5,5",6,2,"3,5","3,5","6,4","2,33","0,67","4,67","6,2",7,"1,25","2,75",6,1,"6,25","4,25",6,3,"1,5","1,33","5,41","2,01","1,5","6,5",2
22,DC,68,7,7,1,1,100,5,,,9,,,6,"5,8","2,75","1,8","4,94","5,88","1,75","2,27","5,75",3,"5,75","5,5",6,2,"3,5","3,5","6,4","2,33","0,67","4,67","6,2",7,"1,25","2,75",6,1,"6,25","4,25",6,3,"1,5","1,33","5,41","2,01","1,5","6,5",2
22,DC,69,7,7,1,1,89,5,,,9,,,6,"5,8","2,75","1,8","4,94","5,88","1,75","2,27","5,75",3,"5,75","5,5",6,2,"3,5","3,5","6,4","2,33","0,67","4,67","6,2",7,"1,25","2,75",6,1,"6,25","4,25",6,3,"1,5","1,33","5,41","2,01","1,5","6,5",2
22,DC,70,7,7,1,1,64,5,,,9,,,6,"5,8","2,75","1,8","4,94","5,88","1,75","2,27","5,75",3,"5,75","5,5",6,2,"3,5","3,5","6,4","2,33","0,67","4,67","6,2",7,"1,25","2,75",6,1,"6,25","4,25",6,3,"1,5","1,33","5,41","2,01","1,5","6,5",2
22,DC,71,7,7,1,1,56,5,,,9,,,6,"5,8","2,75","1,8","4,94","5,88","1,75","2,27","5,75",3,"5,75","5,5",6,2,"3,5","3,5","6,4","2,33","0,67","4,67","6,2",7,"1,25","2,75",6,1,"6,25","4,25",6,3,"1,5","1,33","5,41","2,01","1,5","6,5",2
22,DC,72,7,7,1,1,82,5,,,9,,,6,"5,8","2,75","1,8","4,94","5,88","1,75","2,27","5,75",3,"5,75","5,5",6,2,"3,5","3,5","6,4","2,33","0,67","4,67","6,2",7,"1,25","2,75",6,1,"6,25","4,25",6,3,"1,5","1,33","5,41","2,01","1,5","6,5",2
22,DC,73,7,7,1,1,62,5,,,9,,,6,"5,8","2,75","1,8","4,94","5,88","1,75","2,27","5,75",3,"5,75","5,5",6,2,"3,5","3,5","6,4","2,33","0,67","4,67","6,2",7,"1,25","2,75",6,1,"6,25","4,25",6,3,"1,5","1,33","5,41","2,01","1,5","6,5",2
22,DC,74,7,7,1,1,46,5,,,9,,,6,"5,8","2,75","1,8","4,94","5,88","1,75","2,27","5,75",3,"5,75","5,5",6,2,"3,5","3,5","6,4","2,33","0,67","4,67","6,2",7,"1,25","2,75",6,1,"6,25","4,25",6,3,"1,5","1,33","5,41","2,01","1,5","6,5",2
22,DC,75,7,7,1,1,41,5,,,9,,,6,"5,8","2,75","1,8","4,94","5,88","1,75","2,27","5,75",3,"5,75","5,5",6,2,"3,5","3,5","6,4","2,33","0,67","4,67","6,2",7,"1,25","2,75",6,1,"6,25","4,25",6,3,"1,5","1,33","5,41","2,01","1,5","6,5",2
22,DC,76,7,7,1,1,38,5,,,9,,,6,"5,8","2,75","1,8","4,94","5,88","1,75","2,27","5,75",3,"5,75","5,5",6,2,"3,5","3,5","6,4","2,33","0,67","4,67","6,2",7,"1,25","2,75",6,1,"6,25","4,25",6,3,"1,5","1,33","5,41","2,01","1,5","6,5",2
22,DC,77,7,7,1,1,78,5,,,9,,,6,"5,8","2,75","1,8","4,94","5,88","1,75","2,27","5,75",3,"5,75","5,5",6,2,"3,5","3,5","6,4","2,33","0,67","4,67","6,2",7,"1,25","2,75",6,1,"6,25","4,25",6,3,"1,5","1,33","5,41","2,01","1,5","6,5",2
22,DC,78,7,7,1,1,76,5,,,9,,,6,"5,8","2,75","1,8","4,94","5,88","1,75","2,27","5,75",3,"5,75","5,5",6,2,"3,5","3,5","6,4","2,33","0,67","4,67","6,2",7,"1,25","2,75",6,1,"6,25","4,25",6,3,"1,5","1,33","5,41","2,01","1,5","6,5",2
22,DC,79,7,7,1,1,54,5,,,9,,,6,"5,8","2,75","1,8","4,94","5,88","1,75","2,27","5,75",3,"5,75","5,5",6,2,"3,5","3,5","6,4","2,33","0,67","4,67","6,2",7,"1,25","2,75",6,1,"6,25","4,25",6,3,"1,5","1,33","5,41","2,01","1,5","6,5",2
22,DC,80,7,7,1,1,49,5,,,9,,,6,"5,8","2,75","1,8","4,94","5,88","1,75","2,27","5,75",3,"5,75","5,5",6,2,"3,5","3,5","6,4","2,33","0,67","4,67","6,2",7,"1,25","2,75",6,1,"6,25","4,25",6,3,"1,5","1,33","5,41","2,01","1,5","6,5",2
22,DC,81,7,7,1,1,56,5,,,9,,,6,"5,8","2,75","1,8","4,94","5,88","1,75","2,27","5,75",3,"5,75","5,5",6,2,"3,5","3,5","6,4","2,33","0,67","4,67","6,2",7,"1,25","2,75",6,1,"6,25","4,25",6,3,"1,5","1,33","5,41","2,01","1,5","6,5",2
22,DC,82,7,7,1,1,53,5,,,9,,,6,"5,8","2,75","1,8","4,94","5,88","1,75","2,27","5,75",3,"5,75","5,5",6,2,"3,5","3,5","6,4","2,33","0,67","4,67","6,2",7,"1,25","2,75",6,1,"6,25","4,25",6,3,"1,5","1,33","5,41","2,01","1,5","6,5",2
22,DC,83,7,7,1,1,50,5,,,9,,,6,"5,8","2,75","1,8","4,94","5,88","1,75","2,27","5,75",3,"5,75","5,5",6,2,"3,5","3,5","6,4","2,33","0,67","4,67","6,2",7,"1,25","2,75",6,1,"6,25","4,25",6,3,"1,5","1,33","5,41","2,01","1,5","6,5",2
22,DC,84,7,7,1,1,62,5,,,9,,,6,"5,8","2,75","1,8","4,94","5,88","1,75","2,27","5,75",3,"5,75","5,5",6,2,"3,5","3,5","6,4","2,33","0,67","4,67","6,2",7,"1,25","2,75",6,1,"6,25","4,25",6,3,"1,5","1,33","5,41","2,01","1,5","6,5",2
22,DC,85,7,7,1,1,51,5,,,9,,,6,"5,8","2,75","1,8","4,94","5,88","1,75","2,27","5,75",3,"5,75","5,5",6,2,"3,5","3,5","6,4","2,33","0,67","4,67","6,2",7,"1,25","2,75",6,1,"6,25","4,25",6,3,"1,5","1,33","5,41","2,01","1,5","6,5",2
22,DC,86,7,7,1,1,78,5,,,9,,,6,"5,8","2,75","1,8","4,94","5,88","1,75","2,27","5,75",3,"5,75","5,5",6,2,"3,5","3,5","6,4","2,33","0,67","4,67","6,2",7,"1,25","2,75",6,1,"6,25","4,25",6,3,"1,5","1,33","5,41","2,01","1,5","6,5",2
22,DC,87,7,7,1,1,66,5,,,9,,,6,"5,8","2,75","1,8","4,94","5,88","1,75","2,27","5,75",3,"5,75","5,5",6,2,"3,5","3,5","6,4","2,33","0,67","4,67","6,2",7,"1,25","2,75",6,1,"6,25","4,25",6,3,"1,5","1,33","5,41","2,01","1,5","6,5",2
22,DC,88,7,7,1,1,55,5,,,9,,,6,"5,8","2,75","1,8","4,94","5,88","1,75","2,27","5,75",3,"5,75","5,5",6,2,"3,5","3,5","6,4","2,33","0,67","4,67","6,2",7,"1,25","2,75",6,1,"6,25","4,25",6,3,"1,5","1,33","5,41","2,01","1,5","6,5",2
22,DC,89,7,7,1,1,75,5,,,9,,,6,"5,8","2,75","1,8","4,94","5,88","1,75","2,27","5,75",3,"5,75","5,5",6,2,"3,5","3,5","6,4","2,33","0,67","4,67","6,2",7,"1,25","2,75",6,1,"6,25","4,25",6,3,"1,5","1,33","5,41","2,01","1,5","6,5",2
22,DC,90,7,7,1,1,94,5,,,9,,,6,"5,8","2,75","1,8","4,94","5,88","1,75","2,27","5,75",3,"5,75","5,5",6,2,"3,5","3,5","6,4","2,33","0,67","4,67","6,2",7,"1,25","2,75",6,1,"6,25","4,25",6,3,"1,5","1,33","5,41","2,01","1,5","6,5",2
22,DC,91,7,7,1,1,85,5,,,9,,,6,"5,8","2,75","1,8","4,94","5,88","1,75","2,27","5,75",3,"5,75","5,5",6,2,"3,5","3,5","6,4","2,33","0,67","4,67","6,2",7,"1,25","2,75",6,1,"6,25","4,25",6,3,"1,5","1,33","5,41","2,01","1,5","6,5",2
22,DC,92,7,7,1,1,68,5,,,9,,,6,"5,8","2,75","1,8","4,94","5,88","1,75","2,27","5,75",3,"5,75","5,5",6,2,"3,5","3,5","6,4","2,33","0,67","4,67","6,2",7,"1,25","2,75",6,1,"6,25","4,25",6,3,"1,5","1,33","5,41","2,01","1,5","6,5",2
22,DC,93,7,7,1,1,53,5,,,9,,,6,"5,8","2,75","1,8","4,94","5,88","1,75","2,27","5,75",3,"5,75","5,5",6,2,"3,5","3,5","6,4","2,33","0,67","4,67","6,2",7,"1,25","2,75",6,1,"6,25","4,25",6,3,"1,5","1,33","5,41","2,01","1,5","6,5",2
22,DC,94,7,7,1,1,61,5,,,9,,,6,"5,8","2,75","1,8","4,94","5,88","1,75","2,27","5,75",3,"5,75","5,5",6,2,"3,5","3,5","6,4","2,33","0,67","4,67","6,2",7,"1,25","2,75",6,1,"6,25","4,25",6,3,"1,5","1,33","5,41","2,01","1,5","6,5",2
22,DC,95,7,7,1,1,73,5,,,9,,,6,"5,8","2,75","1,8","4,94","5,88","1,75","2,27","5,75",3,"5,75","5,5",6,2,"3,5","3,5","6,4","2,33","0,67","4,67","6,2",7,"1,25","2,75",6,1,"6,25","4,25",6,3,"1,5","1,33","5,41","2,01","1,5","6,5",2
22,DC,96,7,"6,666666667",1,1,76,5,,,1,6,,6,"5,8","2,75","1,8","4,94","5,88","1,75","2,27","5,75",3,"5,75","5,5",6,2,"3,5","3,5","6,4","2,33","0,67","4,67","6,2",7,"1,25","2,75",6,1,"6,25","4,25",6,3,"1,5","1,33","5,41","2,01","1,5","6,5",2
22,DC,97,7,"6,666666667",1,1,80,5,,,1,6,,6,"5,8","2,75","1,8","4,94","5,88","1,75","2,27","5,75",3,"5,75","5,5",6,2,"3,5","3,5","6,4","2,33","0,67","4,67","6,2",7,"1,25","2,75",6,1,"6,25","4,25",6,3,"1,5","1,33","5,41","2,01","1,5","6,5",2
22,DC,98,7,"6,666666667",1,1,81,5,,,1,6,,6,"5,8","2,75","1,8","4,94","5,88","1,75","2,27","5,75",3,"5,75","5,5",6,2,"3,5","3,5","6,4","2,33","0,67","4,67","6,2",7,"1,25","2,75",6,1,"6,25","4,25",6,3,"1,5","1,33","5,41","2,01","1,5","6,5",2
22,DC,99,7,"6,666666667",1,1,92,5,,,1,6,,6,"5,8","2,75","1,8","4,94","5,88","1,75","2,27","5,75",3,"5,75","5,5",6,2,"3,5","3,5","6,4","2,33","0,67","4,67","6,2",7,"1,25","2,75",6,1,"6,25","4,25",6,3,"1,5","1,33","5,41","2,01","1,5","6,5",2
22,DC,100,7,"6,666666667",1,1,80,5,,,1,6,,6,"5,8","2,75","1,8","4,94","5,88","1,75","2,27","5,75",3,"5,75","5,5",6,2,"3,5","3,5","6,4","2,33","0,67","4,67","6,2",7,"1,25","2,75",6,1,"6,25","4,25",6,3,"1,5","1,33","5,41","2,01","1,5","6,5",2
22,DC,101,,,,,82,5,,,9,,,6,"5,8","2,75","1,8","4,94","5,88","1,75","2,27","5,75",3,"5,75","5,5",6,2,"3,5","3,5","6,4","2,33","0,67","4,67","6,2",7,"1,25","2,75",6,1,"6,25","4,25",6,3,"1,5","1,33","5,41","2,01","1,5","6,5",2
22,DC,102,,,,,72,5,,,9,,,6,"5,8","2,75","1,8","4,94","5,88","1,75","2,27","5,75",3,"5,75","5,5",6,2,"3,5","3,5","6,4","2,33","0,67","4,67","6,2",7,"1,25","2,75",6,1,"6,25","4,25",6,3,"1,5","1,33","5,41","2,01","1,5","6,5",2
22,DC,103,,,,,80,5,,,9,,,6,"5,8","2,75","1,8","4,94","5,88","1,75","2,27","5,75",3,"5,75","5,5",6,2,"3,5","3,5","6,4","2,33","0,67","4,67","6,2",7,"1,25","2,75",6,1,"6,25","4,25",6,3,"1,5","1,33","5,41","2,01","1,5","6,5",2
22,DC,104,,,,,99,5,,,9,,,6,"5,8","2,75","1,8","4,94","5,88","1,75","2,27","5,75",3,"5,75","5,5",6,2,"3,5","3,5","6,4","2,33","0,67","4,67","6,2",7,"1,25","2,75",6,1,"6,25","4,25",6,3,"1,5","1,33","5,41","2,01","1,5","6,5",2
22,DC,105,,,,,100,5,,,9,,,6,"5,8","2,75","1,8","4,94","5,88","1,75","2,27","5,75",3,"5,75","5,5",6,2,"3,5","3,5","6,4","2,33","0,67","4,67","6,2",7,"1,25","2,75",6,1,"6,25","4,25",6,3,"1,5","1,33","5,41","2,01","1,5","6,5",2
22,DC,106,,,,,89,5,,,9,,,6,"5,8","2,75","1,8","4,94","5,88","1,75","2,27","5,75",3,"5,75","5,5",6,2,"3,5","3,5","6,4","2,33","0,67","4,67","6,2",7,"1,25","2,75",6,1,"6,25","4,25",6,3,"1,5","1,33","5,41","2,01","1,5","6,5",2
22,DC,107,,,,,75,5,,,9,,,6,"5,8","2,75","1,8","4,94","5,88","1,75","2,27","5,75",3,"5,75","5,5",6,2,"3,5","3,5","6,4","2,33","0,67","4,67","6,2",7,"1,25","2,75",6,1,"6,25","4,25",6,3,"1,5","1,33","5,41","2,01","1,5","6,5",2
22,DC,108,,,,,67,5,,,9,,,6,"5,8","2,75","1,8","4,94","5,88","1,75","2,27","5,75",3,"5,75","5,5",6,2,"3,5","3,5","6,4","2,33","0,67","4,67","6,2",7,"1,25","2,75",6,1,"6,25","4,25",6,3,"1,5","1,33","5,41","2,01","1,5","6,5",2
22,DC,109,,,,,80,5,,,9,,,6,"5,8","2,75","1,8","4,94","5,88","1,75","2,27","5,75",3,"5,75","5,5",6,2,"3,5","3,5","6,4","2,33","0,67","4,67","6,2",7,"1,25","2,75",6,1,"6,25","4,25",6,3,"1,5","1,33","5,41","2,01","1,5","6,5",2
22,DC,110,,,,,70,5,,,9,,,6,"5,8","2,75","1,8","4,94","5,88","1,75","2,27","5,75",3,"5,75","5,5",6,2,"3,5","3,5","6,4","2,33","0,67","4,67","6,2",7,"1,25","2,75",6,1,"6,25","4,25",6,3,"1,5","1,33","5,41","2,01","1,5","6,5",2
22,DC,111,7,"6,666666667",1,1,68,5,,,1,6,,6,"5,8","2,75","1,8","4,94","5,88","1,75","2,27","5,75",3,"5,75","5,5",6,2,"3,5","3,5","6,4","2,33","0,67","4,67","6,2",7,"1,25","2,75",6,1,"6,25","4,25",6,3,"1,5","1,33","5,41","2,01","1,5","6,5",2
22,DC,112,7,"6,666666667",1,1,84,5,,,1,6,,6,"5,8","2,75","1,8","4,94","5,88","1,75","2,27","5,75",3,"5,75","5,5",6,2,"3,5","3,5","6,4","2,33","0,67","4,67","6,2",7,"1,25","2,75",6,1,"6,25","4,25",6,3,"1,5","1,33","5,41","2,01","1,5","6,5",2
22,DC,113,7,"6,666666667",1,1,63,5,,,1,6,,6,"5,8","2,75","1,8","4,94","5,88","1,75","2,27","5,75",3,"5,75","5,5",6,2,"3,5","3,5","6,4","2,33","0,67","4,67","6,2",7,"1,25","2,75",6,1,"6,25","4,25",6,3,"1,5","1,33","5,41","2,01","1,5","6,5",2
22,DC,114,7,"6,666666667",1,1,66,5,,,1,6,,6,"5,8","2,75","1,8","4,94","5,88","1,75","2,27","5,75",3,"5,75","5,5",6,2,"3,5","3,5","6,4","2,33","0,67","4,67","6,2",7,"1,25","2,75",6,1,"6,25","4,25",6,3,"1,5","1,33","5,41","2,01","1,5","6,5",2
22,DC,115,7,"6,666666667",1,1,78,5,,,1,6,,6,"5,8","2,75","1,8","4,94","5,88","1,75","2,27","5,75",3,"5,75","5,5",6,2,"3,5","3,5","6,4","2,33","0,67","4,67","6,2",7,"1,25","2,75",6,1,"6,25","4,25",6,3,"1,5","1,33","5,41","2,01","1,5","6,5",2
22,DC,116,7,7,1,1,86,5,,,6,,,6,"5,8","2,75","1,8","4,94","5,88","1,75","2,27","5,75",3,"5,75","5,5",6,2,"3,5","3,5","6,4","2,33","0,67","4,67","6,2",7,"1,25","2,75",6,1,"6,25","4,25",6,3,"1,5","1,33","5,41","2,01","1,5","6,5",2
22,DC,117,7,7,1,1,72,5,,,6,,,6,"5,8","2,75","1,8","4,94","5,88","1,75","2,27","5,75",3,"5,75","5,5",6,2,"3,5","3,5","6,4","2,33","0,67","4,67","6,2",7,"1,25","2,75",6,1,"6,25","4,25",6,3,"1,5","1,33","5,41","2,01","1,5","6,5",2
22,DC,118,7,7,1,1,66,5,,,6,,,6,"5,8","2,75","1,8","4,94","5,88","1,75","2,27","5,75",3,"5,75","5,5",6,2,"3,5","3,5","6,4","2,33","0,67","4,67","6,2",7,"1,25","2,75",6,1,"6,25","4,25",6,3,"1,5","1,33","5,41","2,01","1,5","6,5",2
22,DC,119,7,7,1,1,72,5,,,6,,,6,"5,8","2,75","1,8","4,94","5,88","1,75","2,27","5,75",3,"5,75","5,5",6,2,"3,5","3,5","6,4","2,33","0,67","4,67","6,2",7,"1,25","2,75",6,1,"6,25","4,25",6,3,"1,5","1,33","5,41","2,01","1,5","6,5",2
22,DC,120,7,7,1,1,74,5,,,6,,,6,"5,8","2,75","1,8","4,94","5,88","1,75","2,27","5,75",3,"5,75","5,5",6,2,"3,5","3,5","6,4","2,33","0,67","4,67","6,2",7,"1,25","2,75",6,1,"6,25","4,25",6,3,"1,5","1,33","5,41","2,01","1,5","6,5",2
22,DC,121,7,7,1,1,53,5,,,1,9,,6,"5,8","2,75","1,8","4,94","5,88","1,75","2,27","5,75",3,"5,75","5,5",6,2,"3,5","3,5","6,4","2,33","0,67","4,67","6,2",7,"1,25","2,75",6,1,"6,25","4,25",6,3,"1,5","1,33","5,41","2,01","1,5","6,5",2
22,DC,122,7,7,1,1,51,5,,,1,9,,6,"5,8","2,75","1,8","4,94","5,88","1,75","2,27","5,75",3,"5,75","5,5",6,2,"3,5","3,5","6,4","2,33","0,67","4,67","6,2",7,"1,25","2,75",6,1,"6,25","4,25",6,3,"1,5","1,33","5,41","2,01","1,5","6,5",2
22,DC,123,7,7,1,1,73,5,,,1,9,,6,"5,8","2,75","1,8","4,94","5,88","1,75","2,27","5,75",3,"5,75","5,5",6,2,"3,5","3,5","6,4","2,33","0,67","4,67","6,2",7,"1,25","2,75",6,1,"6,25","4,25",6,3,"1,5","1,33","5,41","2,01","1,5","6,5",2
22,DC,124,7,7,1,1,67,5,,,1,9,,6,"5,8","2,75","1,8","4,94","5,88","1,75","2,27","5,75",3,"5,75","5,5",6,2,"3,5","3,5","6,4","2,33","0,67","4,67","6,2",7,"1,25","2,75",6,1,"6,25","4,25",6,3,"1,5","1,33","5,41","2,01","1,5","6,5",2
22,DC,125,7,7,1,1,48,5,,,1,9,,6,"5,8","2,75","1,8","4,94","5,88","1,75","2,27","5,75",3,"5,75","5,5",6,2,"3,5","3,5","6,4","2,33","0,67","4,67","6,2",7,"1,25","2,75",6,1,"6,25","4,25",6,3,"1,5","1,33","5,41","2,01","1,5","6,5",2
22,DC,126,7,7,1,1,48,5,,,9,,,6,"5,8","2,75","1,8","4,94","5,88","1,75","2,27","5,75",3,"5,75","5,5",6,2,"3,5","3,5","6,4","2,33","0,67","4,67","6,2",7,"1,25","2,75",6,1,"6,25","4,25",6,3,"1,5","1,33","5,41","2,01","1,5","6,5",2
22,DC,127,7,7,1,1,95,5,,,9,,,6,"5,8","2,75","1,8","4,94","5,88","1,75","2,27","5,75",3,"5,75","5,5",6,2,"3,5","3,5","6,4","2,33","0,67","4,67","6,2",7,"1,25","2,75",6,1,"6,25","4,25",6,3,"1,5","1,33","5,41","2,01","1,5","6,5",2
22,DC,128,7,7,1,1,72,5,,,9,,,6,"5,8","2,75","1,8","4,94","5,88","1,75","2,27","5,75",3,"5,75","5,5",6,2,"3,5","3,5","6,4","2,33","0,67","4,67","6,2",7,"1,25","2,75",6,1,"6,25","4,25",6,3,"1,5","1,33","5,41","2,01","1,5","6,5",2
22,DC,129,7,7,1,1,56,5,,,9,,,6,"5,8","2,75","1,8","4,94","5,88","1,75","2,27","5,75",3,"5,75","5,5",6,2,"3,5","3,5","6,4","2,33","0,67","4,67","6,2",7,"1,25","2,75",6,1,"6,25","4,25",6,3,"1,5","1,33","5,41","2,01","1,5","6,5",2
22,DC,130,7,7,1,1,62,5,,,9,,,6,"5,8","2,75","1,8","4,94","5,88","1,75","2,27","5,75",3,"5,75","5,5",6,2,"3,5","3,5","6,4","2,33","0,67","4,67","6,2",7,"1,25","2,75",6,1,"6,25","4,25",6,3,"1,5","1,33","5,41","2,01","1,5","6,5",2
22,DC,131,"6,333333333",7,1,1,61,,,,6,,,6,"5,8","2,75","1,8","4,94","5,88","1,75","2,27","5,75",3,"5,75","5,5",6,2,"3,5","3,5","6,4","2,33","0,67","4,67","6,2",7,"1,25","2,75",6,1,"6,25","4,25",6,3,"1,5","1,33","5,41","2,01","1,5","6,5",2
22,DC,132,"6,333333333",7,1,1,50,,,,6,,,6,"5,8","2,75","1,8","4,94","5,88","1,75","2,27","5,75",3,"5,75","5,5",6,2,"3,5","3,5","6,4","2,33","0,67","4,67","6,2",7,"1,25","2,75",6,1,"6,25","4,25",6,3,"1,5","1,33","5,41","2,01","1,5","6,5",2
22,DC,133,"6,333333333",7,1,1,43,,,,6,,,6,"5,8","2,75","1,8","4,94","5,88","1,75","2,27","5,75",3,"5,75","5,5",6,2,"3,5","3,5","6,4","2,33","0,67","4,67","6,2",7,"1,25","2,75",6,1,"6,25","4,25",6,3,"1,5","1,33","5,41","2,01","1,5","6,5",2
22,DC,134,"6,333333333",7,1,1,48,,,,6,,,6,"5,8","2,75","1,8","4,94","5,88","1,75","2,27","5,75",3,"5,75","5,5",6,2,"3,5","3,5","6,4","2,33","0,67","4,67","6,2",7,"1,25","2,75",6,1,"6,25","4,25",6,3,"1,5","1,33","5,41","2,01","1,5","6,5",2
22,DC,135,"6,333333333",7,1,1,62,,,,6,,,6,"5,8","2,75","1,8","4,94","5,88","1,75","2,27","5,75",3,"5,75","5,5",6,2,"3,5","3,5","6,4","2,33","0,67","4,67","6,2",7,"1,25","2,75",6,1,"6,25","4,25",6,3,"1,5","1,33","5,41","2,01","1,5","6,5",2
22,DC,136,"6,333333333",7,1,1,46,,,,6,,,6,"5,8","2,75","1,8","4,94","5,88","1,75","2,27","5,75",3,"5,75","5,5",6,2,"3,5","3,5","6,4","2,33","0,67","4,67","6,2",7,"1,25","2,75",6,1,"6,25","4,25",6,3,"1,5","1,33","5,41","2,01","1,5","6,5",2
22,DC,137,"6,333333333",7,1,1,65,,,,6,,,6,"5,8","2,75","1,8","4,94","5,88","1,75","2,27","5,75",3,"5,75","5,5",6,2,"3,5","3,5","6,4","2,33","0,67","4,67","6,2",7,"1,25","2,75",6,1,"6,25","4,25",6,3,"1,5","1,33","5,41","2,01","1,5","6,5",2
22,DC,138,"6,333333333",7,1,1,58,,,,6,,,6,"5,8","2,75","1,8","4,94","5,88","1,75","2,27","5,75",3,"5,75","5,5",6,2,"3,5","3,5","6,4","2,33","0,67","4,67","6,2",7,"1,25","2,75",6,1,"6,25","4,25",6,3,"1,5","1,33","5,41","2,01","1,5","6,5",2
22,DC,139,"6,333333333",7,1,1,49,,,,6,,,6,"5,8","2,75","1,8","4,94","5,88","1,75","2,27","5,75",3,"5,75","5,5",6,2,"3,5","3,5","6,4","2,33","0,67","4,67","6,2",7,"1,25","2,75",6,1,"6,25","4,25",6,3,"1,5","1,33","5,41","2,01","1,5","6,5",2
22,DC,140,"6,333333333",7,1,1,40,,,,6,,,6,"5,8","2,75","1,8","4,94","5,88","1,75","2,27","5,75",3,"5,75","5,5",6,2,"3,5","3,5","6,4","2,33","0,67","4,67","6,2",7,"1,25","2,75",6,1,"6,25","4,25",6,3,"1,5","1,33","5,41","2,01","1,5","6,5",2
23,MG,1,"6,333333333",7,1,1,56,1,4,,1,9,,"6,17","6,6",1,1,"5,25","5,71","1,38","1,93","5,83","1,42",5,"6,75","5,75","1,5","1,5","1,25","5,6","1,67","0,33",4,"6,4","6,25",1,"2,25",6,1,"6,75",7,7,"3,75","1,75",1,"5,48","1,65",1,"6,13","1,63"
23,MG,2,"6,333333333",7,1,1,55,1,4,,1,9,,"6,17","6,6",1,1,"5,25","5,71","1,38","1,93","5,83","1,42",5,"6,75","5,75","1,5","1,5","1,25","5,6","1,67","0,33",4,"6,4","6,25",1,"2,25",6,1,"6,75",7,7,"3,75","1,75",1,"5,48","1,65",1,"6,13","1,63"
23,MG,3,"6,333333333",7,1,1,60,1,4,,1,9,,"6,17","6,6",1,1,"5,25","5,71","1,38","1,93","5,83","1,42",5,"6,75","5,75","1,5","1,5","1,25","5,6","1,67","0,33",4,"6,4","6,25",1,"2,25",6,1,"6,75",7,7,"3,75","1,75",1,"5,48","1,65",1,"6,13","1,63"
23,MG,4,"6,333333333",7,1,1,60,1,4,,1,9,,"6,17","6,6",1,1,"5,25","5,71","1,38","1,93","5,83","1,42",5,"6,75","5,75","1,5","1,5","1,25","5,6","1,67","0,33",4,"6,4","6,25",1,"2,25",6,1,"6,75",7,7,"3,75","1,75",1,"5,48","1,65",1,"6,13","1,63"
23,MG,5,"6,333333333",7,1,1,60,1,4,,1,9,,"6,17","6,6",1,1,"5,25","5,71","1,38","1,93","5,83","1,42",5,"6,75","5,75","1,5","1,5","1,25","5,6","1,67","0,33",4,"6,4","6,25",1,"2,25",6,1,"6,75",7,7,"3,75","1,75",1,"5,48","1,65",1,"6,13","1,63"
23,MG,6,7,7,1,1,62,5,,,6,,,"6,17","6,6",1,1,"5,25","5,71","1,38","1,93","5,83","1,42",5,"6,75","5,75","1,5","1,5","1,25","5,6","1,67","0,33",4,"6,4","6,25",1,"2,25",6,1,"6,75",7,7,"3,75","1,75",1,"5,48","1,65",1,"6,13","1,63"
23,MG,7,7,7,1,1,58,5,,,6,,,"6,17","6,6",1,1,"5,25","5,71","1,38","1,93","5,83","1,42",5,"6,75","5,75","1,5","1,5","1,25","5,6","1,67","0,33",4,"6,4","6,25",1,"2,25",6,1,"6,75",7,7,"3,75","1,75",1,"5,48","1,65",1,"6,13","1,63"
23,MG,8,7,7,1,1,57,5,,,6,,,"6,17","6,6",1,1,"5,25","5,71","1,38","1,93","5,83","1,42",5,"6,75","5,75","1,5","1,5","1,25","5,6","1,67","0,33",4,"6,4","6,25",1,"2,25",6,1,"6,75",7,7,"3,75","1,75",1,"5,48","1,65",1,"6,13","1,63"
23,MG,9,7,7,1,1,55,5,,,6,,,"6,17","6,6",1,1,"5,25","5,71","1,38","1,93","5,83","1,42",5,"6,75","5,75","1,5","1,5","1,25","5,6","1,67","0,33",4,"6,4","6,25",1,"2,25",6,1,"6,75",7,7,"3,75","1,75",1,"5,48","1,65",1,"6,13","1,63"
23,MG,10,7,7,1,1,47,5,,,6,,,"6,17","6,6",1,1,"5,25","5,71","1,38","1,93","5,83","1,42",5,"6,75","5,75","1,5","1,5","1,25","5,6","1,67","0,33",4,"6,4","6,25",1,"2,25",6,1,"6,75",7,7,"3,75","1,75",1,"5,48","1,65",1,"6,13","1,63"
23,MG,11,7,7,1,1,46,4,5,,6,,,"6,17","6,6",1,1,"5,25","5,71","1,38","1,93","5,83","1,42",5,"6,75","5,75","1,5","1,5","1,25","5,6","1,67","0,33",4,"6,4","6,25",1,"2,25",6,1,"6,75",7,7,"3,75","1,75",1,"5,48","1,65",1,"6,13","1,63"
23,MG,12,7,7,1,1,45,4,5,,6,,,"6,17","6,6",1,1,"5,25","5,71","1,38","1,93","5,83","1,42",5,"6,75","5,75","1,5","1,5","1,25","5,6","1,67","0,33",4,"6,4","6,25",1,"2,25",6,1,"6,75",7,7,"3,75","1,75",1,"5,48","1,65",1,"6,13","1,63"
23,MG,13,7,7,1,1,45,4,5,,6,,,"6,17","6,6",1,1,"5,25","5,71","1,38","1,93","5,83","1,42",5,"6,75","5,75","1,5","1,5","1,25","5,6","1,67","0,33",4,"6,4","6,25",1,"2,25",6,1,"6,75",7,7,"3,75","1,75",1,"5,48","1,65",1,"6,13","1,63"
23,MG,14,7,7,1,1,42,4,5,,6,,,"6,17","6,6",1,1,"5,25","5,71","1,38","1,93","5,83","1,42",5,"6,75","5,75","1,5","1,5","1,25","5,6","1,67","0,33",4,"6,4","6,25",1,"2,25",6,1,"6,75",7,7,"3,75","1,75",1,"5,48","1,65",1,"6,13","1,63"
23,MG,15,7,7,1,1,39,4,5,,6,,,"6,17","6,6",1,1,"5,25","5,71","1,38","1,93","5,83","1,42",5,"6,75","5,75","1,5","1,5","1,25","5,6","1,67","0,33",4,"6,4","6,25",1,"2,25",6,1,"6,75",7,7,"3,75","1,75",1,"5,48","1,65",1,"6,13","1,63"
23,MG,16,7,"6,666666667",1,1,36,5,,,6,,,"6,17","6,6",1,1,"5,25","5,71","1,38","1,93","5,83","1,42",5,"6,75","5,75","1,5","1,5","1,25","5,6","1,67","0,33",4,"6,4","6,25",1,"2,25",6,1,"6,75",7,7,"3,75","1,75",1,"5,48","1,65",1,"6,13","1,63"
23,MG,17,7,"6,666666667",1,1,34,5,,,6,,,"6,17","6,6",1,1,"5,25","5,71","1,38","1,93","5,83","1,42",5,"6,75","5,75","1,5","1,5","1,25","5,6","1,67","0,33",4,"6,4","6,25",1,"2,25",6,1,"6,75",7,7,"3,75","1,75",1,"5,48","1,65",1,"6,13","1,63"
23,MG,18,7,"6,666666667",1,1,35,5,,,6,,,"6,17","6,6",1,1,"5,25","5,71","1,38","1,93","5,83","1,42",5,"6,75","5,75","1,5","1,5","1,25","5,6","1,67","0,33",4,"6,4","6,25",1,"2,25",6,1,"6,75",7,7,"3,75","1,75",1,"5,48","1,65",1,"6,13","1,63"
23,MG,19,7,"6,666666667",1,1,35,5,,,6,,,"6,17","6,6",1,1,"5,25","5,71","1,38","1,93","5,83","1,42",5,"6,75","5,75","1,5","1,5","1,25","5,6","1,67","0,33",4,"6,4","6,25",1,"2,25",6,1,"6,75",7,7,"3,75","1,75",1,"5,48","1,65",1,"6,13","1,63"
23,MG,20,7,"6,666666667",1,1,37,5,,,6,,,"6,17","6,6",1,1,"5,25","5,71","1,38","1,93","5,83","1,42",5,"6,75","5,75","1,5","1,5","1,25","5,6","1,67","0,33",4,"6,4","6,25",1,"2,25",6,1,"6,75",7,7,"3,75","1,75",1,"5,48","1,65",1,"6,13","1,63"
23,MG,21,7,7,1,1,36,5,,,6,,,"6,17","6,6",1,1,"5,25","5,71","1,38","1,93","5,83","1,42",5,"6,75","5,75","1,5","1,5","1,25","5,6","1,67","0,33",4,"6,4","6,25",1,"2,25",6,1,"6,75",7,7,"3,75","1,75",1,"5,48","1,65",1,"6,13","1,63"
23,MG,22,7,7,1,1,33,5,,,6,,,"6,17","6,6",1,1,"5,25","5,71","1,38","1,93","5,83","1,42",5,"6,75","5,75","1,5","1,5","1,25","5,6","1,67","0,33",4,"6,4","6,25",1,"2,25",6,1,"6,75",7,7,"3,75","1,75",1,"5,48","1,65",1,"6,13","1,63"
23,MG,23,7,7,1,1,35,5,,,6,,,"6,17","6,6",1,1,"5,25","5,71","1,38","1,93","5,83","1,42",5,"6,75","5,75","1,5","1,5","1,25","5,6","1,67","0,33",4,"6,4","6,25",1,"2,25",6,1,"6,75",7,7,"3,75","1,75",1,"5,48","1,65",1,"6,13","1,63"
23,MG,24,7,7,1,1,46,5,,,6,,,"6,17","6,6",1,1,"5,25","5,71","1,38","1,93","5,83","1,42",5,"6,75","5,75","1,5","1,5","1,25","5,6","1,67","0,33",4,"6,4","6,25",1,"2,25",6,1,"6,75",7,7,"3,75","1,75",1,"5,48","1,65",1,"6,13","1,63"
23,MG,25,7,7,1,1,47,5,,,6,,,"6,17","6,6",1,1,"5,25","5,71","1,38","1,93","5,83","1,42",5,"6,75","5,75","1,5","1,5","1,25","5,6","1,67","0,33",4,"6,4","6,25",1,"2,25",6,1,"6,75",7,7,"3,75","1,75",1,"5,48","1,65",1,"6,13","1,63"
23,MG,26,7,7,1,1,50,5,,,1,6,,"6,17","6,6",1,1,"5,25","5,71","1,38","1,93","5,83","1,42",5,"6,75","5,75","1,5","1,5","1,25","5,6","1,67","0,33",4,"6,4","6,25",1,"2,25",6,1,"6,75",7,7,"3,75","1,75",1,"5,48","1,65",1,"6,13","1,63"
23,MG,27,7,7,1,1,56,5,,,1,6,,"6,17","6,6",1,1,"5,25","5,71","1,38","1,93","5,83","1,42",5,"6,75","5,75","1,5","1,5","1,25","5,6","1,67","0,33",4,"6,4","6,25",1,"2,25",6,1,"6,75",7,7,"3,75","1,75",1,"5,48","1,65",1,"6,13","1,63"
23,MG,28,7,7,1,1,56,5,,,1,6,,"6,17","6,6",1,1,"5,25","5,71","1,38","1,93","5,83","1,42",5,"6,75","5,75","1,5","1,5","1,25","5,6","1,67","0,33",4,"6,4","6,25",1,"2,25",6,1,"6,75",7,7,"3,75","1,75",1,"5,48","1,65",1,"6,13","1,63"
23,MG,29,7,7,1,1,56,5,,,1,6,,"6,17","6,6",1,1,"5,25","5,71","1,38","1,93","5,83","1,42",5,"6,75","5,75","1,5","1,5","1,25","5,6","1,67","0,33",4,"6,4","6,25",1,"2,25",6,1,"6,75",7,7,"3,75","1,75",1,"5,48","1,65",1,"6,13","1,63"
23,MG,30,7,7,1,1,64,5,,,1,6,,"6,17","6,6",1,1,"5,25","5,71","1,38","1,93","5,83","1,42",5,"6,75","5,75","1,5","1,5","1,25","5,6","1,67","0,33",4,"6,4","6,25",1,"2,25",6,1,"6,75",7,7,"3,75","1,75",1,"5,48","1,65",1,"6,13","1,63"
23,MG,31,"6,5",7,1,1,57,5,,,1,3,,"6,17","6,6",1,1,"5,25","5,71","1,38","1,93","5,83","1,42",5,"6,75","5,75","1,5","1,5","1,25","5,6","1,67","0,33",4,"6,4","6,25",1,"2,25",6,1,"6,75",7,7,"3,75","1,75",1,"5,48","1,65",1,"6,13","1,63"
23,MG,32,"6,5",7,1,1,50,5,,,1,3,,"6,17","6,6",1,1,"5,25","5,71","1,38","1,93","5,83","1,42",5,"6,75","5,75","1,5","1,5","1,25","5,6","1,67","0,33",4,"6,4","6,25",1,"2,25",6,1,"6,75",7,7,"3,75","1,75",1,"5,48","1,65",1,"6,13","1,63"
23,MG,33,"6,5",7,1,1,52,5,,,1,3,,"6,17","6,6",1,1,"5,25","5,71","1,38","1,93","5,83","1,42",5,"6,75","5,75","1,5","1,5","1,25","5,6","1,67","0,33",4,"6,4","6,25",1,"2,25",6,1,"6,75",7,7,"3,75","1,75",1,"5,48","1,65",1,"6,13","1,63"
23,MG,34,"6,5",7,1,1,42,5,,,1,3,,"6,17","6,6",1,1,"5,25","5,71","1,38","1,93","5,83","1,42",5,"6,75","5,75","1,5","1,5","1,25","5,6","1,67","0,33",4,"6,4","6,25",1,"2,25",6,1,"6,75",7,7,"3,75","1,75",1,"5,48","1,65",1,"6,13","1,63"
23,MG,35,"6,5",7,1,1,47,5,,,1,3,,"6,17","6,6",1,1,"5,25","5,71","1,38","1,93","5,83","1,42",5,"6,75","5,75","1,5","1,5","1,25","5,6","1,67","0,33",4,"6,4","6,25",1,"2,25",6,1,"6,75",7,7,"3,75","1,75",1,"5,48","1,65",1,"6,13","1,63"
23,MG,36,7,"6,666666667",1,1,46,5,,,6,,,"6,17","6,6",1,1,"5,25","5,71","1,38","1,93","5,83","1,42",5,"6,75","5,75","1,5","1,5","1,25","5,6","1,67","0,33",4,"6,4","6,25",1,"2,25",6,1,"6,75",7,7,"3,75","1,75",1,"5,48","1,65",1,"6,13","1,63"
23,MG,37,7,"6,666666667",1,1,42,5,,,6,,,"6,17","6,6",1,1,"5,25","5,71","1,38","1,93","5,83","1,42",5,"6,75","5,75","1,5","1,5","1,25","5,6","1,67","0,33",4,"6,4","6,25",1,"2,25",6,1,"6,75",7,7,"3,75","1,75",1,"5,48","1,65",1,"6,13","1,63"
23,MG,38,7,"6,666666667",1,1,42,5,,,6,,,"6,17","6,6",1,1,"5,25","5,71","1,38","1,93","5,83","1,42",5,"6,75","5,75","1,5","1,5","1,25","5,6","1,67","0,33",4,"6,4","6,25",1,"2,25",6,1,"6,75",7,7,"3,75","1,75",1,"5,48","1,65",1,"6,13","1,63"
23,MG,39,7,"6,666666667",1,1,39,5,,,6,,,"6,17","6,6",1,1,"5,25","5,71","1,38","1,93","5,83","1,42",5,"6,75","5,75","1,5","1,5","1,25","5,6","1,67","0,33",4,"6,4","6,25",1,"2,25",6,1,"6,75",7,7,"3,75","1,75",1,"5,48","1,65",1,"6,13","1,63"
23,MG,40,7,"6,666666667",1,1,34,5,,,6,,,"6,17","6,6",1,1,"5,25","5,71","1,38","1,93","5,83","1,42",5,"6,75","5,75","1,5","1,5","1,25","5,6","1,67","0,33",4,"6,4","6,25",1,"2,25",6,1,"6,75",7,7,"3,75","1,75",1,"5,48","1,65",1,"6,13","1,63"
23,MG,41,"6,333333333","6,333333333",1,1,39,5,,,6,,,"6,17","6,6",1,1,"5,25","5,71","1,38","1,93","5,83","1,42",5,"6,75","5,75","1,5","1,5","1,25","5,6","1,67","0,33",4,"6,4","6,25",1,"2,25",6,1,"6,75",7,7,"3,75","1,75",1,"5,48","1,65",1,"6,13","1,63"
23,MG,42,"6,333333333","6,333333333",1,1,41,5,,,6,,,"6,17","6,6",1,1,"5,25","5,71","1,38","1,93","5,83","1,42",5,"6,75","5,75","1,5","1,5","1,25","5,6","1,67","0,33",4,"6,4","6,25",1,"2,25",6,1,"6,75",7,7,"3,75","1,75",1,"5,48","1,65",1,"6,13","1,63"
23,MG,43,"6,333333333","6,333333333",1,1,43,5,,,6,,,"6,17","6,6",1,1,"5,25","5,71","1,38","1,93","5,83","1,42",5,"6,75","5,75","1,5","1,5","1,25","5,6","1,67","0,33",4,"6,4","6,25",1,"2,25",6,1,"6,75",7,7,"3,75","1,75",1,"5,48","1,65",1,"6,13","1,63"
23,MG,44,"6,333333333","6,333333333",1,1,46,5,,,6,,,"6,17","6,6",1,1,"5,25","5,71","1,38","1,93","5,83","1,42",5,"6,75","5,75","1,5","1,5","1,25","5,6","1,67","0,33",4,"6,4","6,25",1,"2,25",6,1,"6,75",7,7,"3,75","1,75",1,"5,48","1,65",1,"6,13","1,63"
23,MG,45,"6,333333333","6,333333333",1,1,46,5,,,6,,,"6,17","6,6",1,1,"5,25","5,71","1,38","1,93","5,83","1,42",5,"6,75","5,75","1,5","1,5","1,25","5,6","1,67","0,33",4,"6,4","6,25",1,"2,25",6,1,"6,75",7,7,"3,75","1,75",1,"5,48","1,65",1,"6,13","1,63"
23,MG,46,7,"6,666666667",1,1,53,5,,,6,,,"6,17","6,6",1,1,"5,25","5,71","1,38","1,93","5,83","1,42",5,"6,75","5,75","1,5","1,5","1,25","5,6","1,67","0,33",4,"6,4","6,25",1,"2,25",6,1,"6,75",7,7,"3,75","1,75",1,"5,48","1,65",1,"6,13","1,63"
23,MG,47,7,"6,666666667",1,1,52,5,,,6,,,"6,17","6,6",1,1,"5,25","5,71","1,38","1,93","5,83","1,42",5,"6,75","5,75","1,5","1,5","1,25","5,6","1,67","0,33",4,"6,4","6,25",1,"2,25",6,1,"6,75",7,7,"3,75","1,75",1,"5,48","1,65",1,"6,13","1,63"
23,MG,48,7,"6,666666667",1,1,52,5,,,6,,,"6,17","6,6",1,1,"5,25","5,71","1,38","1,93","5,83","1,42",5,"6,75","5,75","1,5","1,5","1,25","5,6","1,67","0,33",4,"6,4","6,25",1,"2,25",6,1,"6,75",7,7,"3,75","1,75",1,"5,48","1,65",1,"6,13","1,63"
23,MG,49,7,"6,666666667",1,1,51,5,,,6,,,"6,17","6,6",1,1,"5,25","5,71","1,38","1,93","5,83","1,42",5,"6,75","5,75","1,5","1,5","1,25","5,6","1,67","0,33",4,"6,4","6,25",1,"2,25",6,1,"6,75",7,7,"3,75","1,75",1,"5,48","1,65",1,"6,13","1,63"
23,MG,50,7,"6,666666667",1,1,43,5,,,6,,,"6,17","6,6",1,1,"5,25","5,71","1,38","1,93","5,83","1,42",5,"6,75","5,75","1,5","1,5","1,25","5,6","1,67","0,33",4,"6,4","6,25",1,"2,25",6,1,"6,75",7,7,"3,75","1,75",1,"5,48","1,65",1,"6,13","1,63"
23,MG,51,7,"6,666666667",1,1,,5,,,6,,,"6,17","6,6",1,1,"5,25","5,71","1,38","1,93","5,83","1,42",5,"6,75","5,75","1,5","1,5","1,25","5,6","1,67","0,33",4,"6,4","6,25",1,"2,25",6,1,"6,75",7,7,"3,75","1,75",1,"5,48","1,65",1,"6,13","1,63"
23,MG,52,7,"6,666666667",1,1,,5,,,6,,,"6,17","6,6",1,1,"5,25","5,71","1,38","1,93","5,83","1,42",5,"6,75","5,75","1,5","1,5","1,25","5,6","1,67","0,33",4,"6,4","6,25",1,"2,25",6,1,"6,75",7,7,"3,75","1,75",1,"5,48","1,65",1,"6,13","1,63"
23,MG,53,7,"6,666666667",1,1,,5,,,6,,,"6,17","6,6",1,1,"5,25","5,71","1,38","1,93","5,83","1,42",5,"6,75","5,75","1,5","1,5","1,25","5,6","1,67","0,33",4,"6,4","6,25",1,"2,25",6,1,"6,75",7,7,"3,75","1,75",1,"5,48","1,65",1,"6,13","1,63"
23,MG,54,7,"6,666666667",1,1,,5,,,6,,,"6,17","6,6",1,1,"5,25","5,71","1,38","1,93","5,83","1,42",5,"6,75","5,75","1,5","1,5","1,25","5,6","1,67","0,33",4,"6,4","6,25",1,"2,25",6,1,"6,75",7,7,"3,75","1,75",1,"5,48","1,65",1,"6,13","1,63"
23,MG,55,7,"6,666666667",1,1,,5,,,6,,,"6,17","6,6",1,1,"5,25","5,71","1,38","1,93","5,83","1,42",5,"6,75","5,75","1,5","1,5","1,25","5,6","1,67","0,33",4,"6,4","6,25",1,"2,25",6,1,"6,75",7,7,"3,75","1,75",1,"5,48","1,65",1,"6,13","1,63"
23,MG,56,7,7,1,1,,2,5,,1,9,,"6,17","6,6",1,1,"5,25","5,71","1,38","1,93","5,83","1,42",5,"6,75","5,75","1,5","1,5","1,25","5,6","1,67","0,33",4,"6,4","6,25",1,"2,25",6,1,"6,75",7,7,"3,75","1,75",1,"5,48","1,65",1,"6,13","1,63"
23,MG,57,7,7,1,1,,2,5,,1,9,,"6,17","6,6",1,1,"5,25","5,71","1,38","1,93","5,83","1,42",5,"6,75","5,75","1,5","1,5","1,25","5,6","1,67","0,33",4,"6,4","6,25",1,"2,25",6,1,"6,75",7,7,"3,75","1,75",1,"5,48","1,65",1,"6,13","1,63"
23,MG,58,7,7,1,1,,2,5,,1,9,,"6,17","6,6",1,1,"5,25","5,71","1,38","1,93","5,83","1,42",5,"6,75","5,75","1,5","1,5","1,25","5,6","1,67","0,33",4,"6,4","6,25",1,"2,25",6,1,"6,75",7,7,"3,75","1,75",1,"5,48","1,65",1,"6,13","1,63"
23,MG,59,7,7,1,1,44,2,5,,1,9,,"6,17","6,6",1,1,"5,25","5,71","1,38","1,93","5,83","1,42",5,"6,75","5,75","1,5","1,5","1,25","5,6","1,67","0,33",4,"6,4","6,25",1,"2,25",6,1,"6,75",7,7,"3,75","1,75",1,"5,48","1,65",1,"6,13","1,63"
23,MG,60,7,7,1,1,59,2,5,,1,9,,"6,17","6,6",1,1,"5,25","5,71","1,38","1,93","5,83","1,42",5,"6,75","5,75","1,5","1,5","1,25","5,6","1,67","0,33",4,"6,4","6,25",1,"2,25",6,1,"6,75",7,7,"3,75","1,75",1,"5,48","1,65",1,"6,13","1,63"
23,MG,61,7,7,1,1,62,2,5,,9,,,"6,17","6,6",1,1,"5,25","5,71","1,38","1,93","5,83","1,42",5,"6,75","5,75","1,5","1,5","1,25","5,6","1,67","0,33",4,"6,4","6,25",1,"2,25",6,1,"6,75",7,7,"3,75","1,75",1,"5,48","1,65",1,"6,13","1,63"
23,MG,62,7,7,1,1,62,2,5,,9,,,"6,17","6,6",1,1,"5,25","5,71","1,38","1,93","5,83","1,42",5,"6,75","5,75","1,5","1,5","1,25","5,6","1,67","0,33",4,"6,4","6,25",1,"2,25",6,1,"6,75",7,7,"3,75","1,75",1,"5,48","1,65",1,"6,13","1,63"
23,MG,63,7,7,1,1,51,2,5,,9,,,"6,17","6,6",1,1,"5,25","5,71","1,38","1,93","5,83","1,42",5,"6,75","5,75","1,5","1,5","1,25","5,6","1,67","0,33",4,"6,4","6,25",1,"2,25",6,1,"6,75",7,7,"3,75","1,75",1,"5,48","1,65",1,"6,13","1,63"
23,MG,64,7,7,1,1,61,2,5,,9,,,"6,17","6,6",1,1,"5,25","5,71","1,38","1,93","5,83","1,42",5,"6,75","5,75","1,5","1,5","1,25","5,6","1,67","0,33",4,"6,4","6,25",1,"2,25",6,1,"6,75",7,7,"3,75","1,75",1,"5,48","1,65",1,"6,13","1,63"
23,MG,65,7,7,1,1,52,2,5,,9,,,"6,17","6,6",1,1,"5,25","5,71","1,38","1,93","5,83","1,42",5,"6,75","5,75","1,5","1,5","1,25","5,6","1,67","0,33",4,"6,4","6,25",1,"2,25",6,1,"6,75",7,7,"3,75","1,75",1,"5,48","1,65",1,"6,13","1,63"
23,MG,66,7,7,1,1,67,2,5,,9,,,"6,17","6,6",1,1,"5,25","5,71","1,38","1,93","5,83","1,42",5,"6,75","5,75","1,5","1,5","1,25","5,6","1,67","0,33",4,"6,4","6,25",1,"2,25",6,1,"6,75",7,7,"3,75","1,75",1,"5,48","1,65",1,"6,13","1,63"
23,MG,67,7,7,1,1,56,2,5,,9,,,"6,17","6,6",1,1,"5,25","5,71","1,38","1,93","5,83","1,42",5,"6,75","5,75","1,5","1,5","1,25","5,6","1,67","0,33",4,"6,4","6,25",1,"2,25",6,1,"6,75",7,7,"3,75","1,75",1,"5,48","1,65",1,"6,13","1,63"
23,MG,68,7,7,1,1,64,2,5,,9,,,"6,17","6,6",1,1,"5,25","5,71","1,38","1,93","5,83","1,42",5,"6,75","5,75","1,5","1,5","1,25","5,6","1,67","0,33",4,"6,4","6,25",1,"2,25",6,1,"6,75",7,7,"3,75","1,75",1,"5,48","1,65",1,"6,13","1,63"
23,MG,69,7,7,1,1,70,2,5,,9,,,"6,17","6,6",1,1,"5,25","5,71","1,38","1,93","5,83","1,42",5,"6,75","5,75","1,5","1,5","1,25","5,6","1,67","0,33",4,"6,4","6,25",1,"2,25",6,1,"6,75",7,7,"3,75","1,75",1,"5,48","1,65",1,"6,13","1,63"
23,MG,70,7,7,1,1,69,2,5,,9,,,"6,17","6,6",1,1,"5,25","5,71","1,38","1,93","5,83","1,42",5,"6,75","5,75","1,5","1,5","1,25","5,6","1,67","0,33",4,"6,4","6,25",1,"2,25",6,1,"6,75",7,7,"3,75","1,75",1,"5,48","1,65",1,"6,13","1,63"
23,MG,71,"6,666666667",7,1,1,58,5,,,1,,,"6,17","6,6",1,1,"5,25","5,71","1,38","1,93","5,83","1,42",5,"6,75","5,75","1,5","1,5","1,25","5,6","1,67","0,33",4,"6,4","6,25",1,"2,25",6,1,"6,75",7,7,"3,75","1,75",1,"5,48","1,65",1,"6,13","1,63"
23,MG,72,"6,666666667",7,1,1,56,5,,,1,,,"6,17","6,6",1,1,"5,25","5,71","1,38","1,93","5,83","1,42",5,"6,75","5,75","1,5","1,5","1,25","5,6","1,67","0,33",4,"6,4","6,25",1,"2,25",6,1,"6,75",7,7,"3,75","1,75",1,"5,48","1,65",1,"6,13","1,63"
23,MG,73,"6,666666667",7,1,1,55,5,,,1,,,"6,17","6,6",1,1,"5,25","5,71","1,38","1,93","5,83","1,42",5,"6,75","5,75","1,5","1,5","1,25","5,6","1,67","0,33",4,"6,4","6,25",1,"2,25",6,1,"6,75",7,7,"3,75","1,75",1,"5,48","1,65",1,"6,13","1,63"
23,MG,74,"6,666666667",7,1,1,60,5,,,1,,,"6,17","6,6",1,1,"5,25","5,71","1,38","1,93","5,83","1,42",5,"6,75","5,75","1,5","1,5","1,25","5,6","1,67","0,33",4,"6,4","6,25",1,"2,25",6,1,"6,75",7,7,"3,75","1,75",1,"5,48","1,65",1,"6,13","1,63"
23,MG,75,7,7,1,1,25,5,,,1,,,"6,17","6,6",1,1,"5,25","5,71","1,38","1,93","5,83","1,42",5,"6,75","5,75","1,5","1,5","1,25","5,6","1,67","0,33",4,"6,4","6,25",1,"2,25",6,1,"6,75",7,7,"3,75","1,75",1,"5,48","1,65",1,"6,13","1,63"
23,MG,76,7,7,1,1,28,5,,,1,,,"6,17","6,6",1,1,"5,25","5,71","1,38","1,93","5,83","1,42",5,"6,75","5,75","1,5","1,5","1,25","5,6","1,67","0,33",4,"6,4","6,25",1,"2,25",6,1,"6,75",7,7,"3,75","1,75",1,"5,48","1,65",1,"6,13","1,63"
23,MG,77,7,7,1,1,28,5,,,1,,,"6,17","6,6",1,1,"5,25","5,71","1,38","1,93","5,83","1,42",5,"6,75","5,75","1,5","1,5","1,25","5,6","1,67","0,33",4,"6,4","6,25",1,"2,25",6,1,"6,75",7,7,"3,75","1,75",1,"5,48","1,65",1,"6,13","1,63"
23,MG,78,7,"6,666666667",1,1,34,5,,,6,,,"6,17","6,6",1,1,"5,25","5,71","1,38","1,93","5,83","1,42",5,"6,75","5,75","1,5","1,5","1,25","5,6","1,67","0,33",4,"6,4","6,25",1,"2,25",6,1,"6,75",7,7,"3,75","1,75",1,"5,48","1,65",1,"6,13","1,63"
23,MG,79,7,"6,666666667",1,1,38,5,,,6,,,"6,17","6,6",1,1,"5,25","5,71","1,38","1,93","5,83","1,42",5,"6,75","5,75","1,5","1,5","1,25","5,6","1,67","0,33",4,"6,4","6,25",1,"2,25",6,1,"6,75",7,7,"3,75","1,75",1,"5,48","1,65",1,"6,13","1,63"
23,MG,80,7,"6,666666667",1,1,43,5,,,6,,,"6,17","6,6",1,1,"5,25","5,71","1,38","1,93","5,83","1,42",5,"6,75","5,75","1,5","1,5","1,25","5,6","1,67","0,33",4,"6,4","6,25",1,"2,25",6,1,"6,75",7,7,"3,75","1,75",1,"5,48","1,65",1,"6,13","1,63"
23,MG,81,7,"6,666666667",1,1,39,5,,,6,,,"6,17","6,6",1,1,"5,25","5,71","1,38","1,93","5,83","1,42",5,"6,75","5,75","1,5","1,5","1,25","5,6","1,67","0,33",4,"6,4","6,25",1,"2,25",6,1,"6,75",7,7,"3,75","1,75",1,"5,48","1,65",1,"6,13","1,63"
23,MG,82,7,"6,666666667",1,1,32,5,,,6,,,"6,17","6,6",1,1,"5,25","5,71","1,38","1,93","5,83","1,42",5,"6,75","5,75","1,5","1,5","1,25","5,6","1,67","0,33",4,"6,4","6,25",1,"2,25",6,1,"6,75",7,7,"3,75","1,75",1,"5,48","1,65",1,"6,13","1,63"
23,MG,83,7,7,1,1,29,5,,,9,,,"6,17","6,6",1,1,"5,25","5,71","1,38","1,93","5,83","1,42",5,"6,75","5,75","1,5","1,5","1,25","5,6","1,67","0,33",4,"6,4","6,25",1,"2,25",6,1,"6,75",7,7,"3,75","1,75",1,"5,48","1,65",1,"6,13","1,63"
23,MG,84,7,7,1,1,47,5,,,9,,,"6,17","6,6",1,1,"5,25","5,71","1,38","1,93","5,83","1,42",5,"6,75","5,75","1,5","1,5","1,25","5,6","1,67","0,33",4,"6,4","6,25",1,"2,25",6,1,"6,75",7,7,"3,75","1,75",1,"5,48","1,65",1,"6,13","1,63"
23,MG,85,7,7,1,1,51,5,,,9,,,"6,17","6,6",1,1,"5,25","5,71","1,38","1,93","5,83","1,42",5,"6,75","5,75","1,5","1,5","1,25","5,6","1,67","0,33",4,"6,4","6,25",1,"2,25",6,1,"6,75",7,7,"3,75","1,75",1,"5,48","1,65",1,"6,13","1,63"
23,MG,86,7,7,1,1,55,5,,,9,,,"6,17","6,6",1,1,"5,25","5,71","1,38","1,93","5,83","1,42",5,"6,75","5,75","1,5","1,5","1,25","5,6","1,67","0,33",4,"6,4","6,25",1,"2,25",6,1,"6,75",7,7,"3,75","1,75",1,"5,48","1,65",1,"6,13","1,63"
23,MG,87,7,7,1,1,58,5,,,9,,,"6,17","6,6",1,1,"5,25","5,71","1,38","1,93","5,83","1,42",5,"6,75","5,75","1,5","1,5","1,25","5,6","1,67","0,33",4,"6,4","6,25",1,"2,25",6,1,"6,75",7,7,"3,75","1,75",1,"5,48","1,65",1,"6,13","1,63"
23,MG,88,7,7,1,1,58,5,,,9,,,"6,17","6,6",1,1,"5,25","5,71","1,38","1,93","5,83","1,42",5,"6,75","5,75","1,5","1,5","1,25","5,6","1,67","0,33",4,"6,4","6,25",1,"2,25",6,1,"6,75",7,7,"3,75","1,75",1,"5,48","1,65",1,"6,13","1,63"
23,MG,89,7,7,1,1,58,5,,,9,,,"6,17","6,6",1,1,"5,25","5,71","1,38","1,93","5,83","1,42",5,"6,75","5,75","1,5","1,5","1,25","5,6","1,67","0,33",4,"6,4","6,25",1,"2,25",6,1,"6,75",7,7,"3,75","1,75",1,"5,48","1,65",1,"6,13","1,63"
23,MG,90,7,7,1,1,65,5,,,9,,,"6,17","6,6",1,1,"5,25","5,71","1,38","1,93","5,83","1,42",5,"6,75","5,75","1,5","1,5","1,25","5,6","1,67","0,33",4,"6,4","6,25",1,"2,25",6,1,"6,75",7,7,"3,75","1,75",1,"5,48","1,65",1,"6,13","1,63"
23,MG,91,7,7,1,1,66,5,,,9,,,"6,17","6,6",1,1,"5,25","5,71","1,38","1,93","5,83","1,42",5,"6,75","5,75","1,5","1,5","1,25","5,6","1,67","0,33",4,"6,4","6,25",1,"2,25",6,1,"6,75",7,7,"3,75","1,75",1,"5,48","1,65",1,"6,13","1,63"
23,MG,92,7,7,1,1,66,5,,,9,,,"6,17","6,6",1,1,"5,25","5,71","1,38","1,93","5,83","1,42",5,"6,75","5,75","1,5","1,5","1,25","5,6","1,67","0,33",4,"6,4","6,25",1,"2,25",6,1,"6,75",7,7,"3,75","1,75",1,"5,48","1,65",1,"6,13","1,63"
23,MG,93,7,7,1,1,68,5,,,9,,,"6,17","6,6",1,1,"5,25","5,71","1,38","1,93","5,83","1,42",5,"6,75","5,75","1,5","1,5","1,25","5,6","1,67","0,33",4,"6,4","6,25",1,"2,25",6,1,"6,75",7,7,"3,75","1,75",1,"5,48","1,65",1,"6,13","1,63"
23,MG,94,7,7,1,1,67,5,,,9,,,"6,17","6,6",1,1,"5,25","5,71","1,38","1,93","5,83","1,42",5,"6,75","5,75","1,5","1,5","1,25","5,6","1,67","0,33",4,"6,4","6,25",1,"2,25",6,1,"6,75",7,7,"3,75","1,75",1,"5,48","1,65",1,"6,13","1,63"
23,MG,95,7,7,1,1,66,5,,,9,,,"6,17","6,6",1,1,"5,25","5,71","1,38","1,93","5,83","1,42",5,"6,75","5,75","1,5","1,5","1,25","5,6","1,67","0,33",4,"6,4","6,25",1,"2,25",6,1,"6,75",7,7,"3,75","1,75",1,"5,48","1,65",1,"6,13","1,63"
23,MG,96,7,7,1,1,63,5,,,9,,,"6,17","6,6",1,1,"5,25","5,71","1,38","1,93","5,83","1,42",5,"6,75","5,75","1,5","1,5","1,25","5,6","1,67","0,33",4,"6,4","6,25",1,"2,25",6,1,"6,75",7,7,"3,75","1,75",1,"5,48","1,65",1,"6,13","1,63"
23,MG,97,7,7,1,1,55,5,,,9,,,"6,17","6,6",1,1,"5,25","5,71","1,38","1,93","5,83","1,42",5,"6,75","5,75","1,5","1,5","1,25","5,6","1,67","0,33",4,"6,4","6,25",1,"2,25",6,1,"6,75",7,7,"3,75","1,75",1,"5,48","1,65",1,"6,13","1,63"
23,MG,98,7,7,1,1,54,5,,,9,,,"6,17","6,6",1,1,"5,25","5,71","1,38","1,93","5,83","1,42",5,"6,75","5,75","1,5","1,5","1,25","5,6","1,67","0,33",4,"6,4","6,25",1,"2,25",6,1,"6,75",7,7,"3,75","1,75",1,"5,48","1,65",1,"6,13","1,63"
23,MG,99,7,7,1,1,53,5,,,9,,,"6,17","6,6",1,1,"5,25","5,71","1,38","1,93","5,83","1,42",5,"6,75","5,75","1,5","1,5","1,25","5,6","1,67","0,33",4,"6,4","6,25",1,"2,25",6,1,"6,75",7,7,"3,75","1,75",1,"5,48","1,65",1,"6,13","1,63"
23,MG,100,7,7,1,1,46,5,,,9,,,"6,17","6,6",1,1,"5,25","5,71","1,38","1,93","5,83","1,42",5,"6,75","5,75","1,5","1,5","1,25","5,6","1,67","0,33",4,"6,4","6,25",1,"2,25",6,1,"6,75",7,7,"3,75","1,75",1,"5,48","1,65",1,"6,13","1,63"
23,MG,101,7,7,1,1,42,5,,,9,,,"6,17","6,6",1,1,"5,25","5,71","1,38","1,93","5,83","1,42",5,"6,75","5,75","1,5","1,5","1,25","5,6","1,67","0,33",4,"6,4","6,25",1,"2,25",6,1,"6,75",7,7,"3,75","1,75",1,"5,48","1,65",1,"6,13","1,63"
23,MG,102,7,7,1,1,37,5,,,9,,,"6,17","6,6",1,1,"5,25","5,71","1,38","1,93","5,83","1,42",5,"6,75","5,75","1,5","1,5","1,25","5,6","1,67","0,33",4,"6,4","6,25",1,"2,25",6,1,"6,75",7,7,"3,75","1,75",1,"5,48","1,65",1,"6,13","1,63"
23,MG,103,7,"6,666666667",1,1,35,5,9,,6,,,"6,17","6,6",1,1,"5,25","5,71","1,38","1,93","5,83","1,42",5,"6,75","5,75","1,5","1,5","1,25","5,6","1,67","0,33",4,"6,4","6,25",1,"2,25",6,1,"6,75",7,7,"3,75","1,75",1,"5,48","1,65",1,"6,13","1,63"
23,MG,104,7,"6,666666667",1,1,33,5,9,,6,,,"6,17","6,6",1,1,"5,25","5,71","1,38","1,93","5,83","1,42",5,"6,75","5,75","1,5","1,5","1,25","5,6","1,67","0,33",4,"6,4","6,25",1,"2,25",6,1,"6,75",7,7,"3,75","1,75",1,"5,48","1,65",1,"6,13","1,63"
23,MG,105,7,"6,666666667",1,1,40,5,9,,6,,,"6,17","6,6",1,1,"5,25","5,71","1,38","1,93","5,83","1,42",5,"6,75","5,75","1,5","1,5","1,25","5,6","1,67","0,33",4,"6,4","6,25",1,"2,25",6,1,"6,75",7,7,"3,75","1,75",1,"5,48","1,65",1,"6,13","1,63"
23,MG,106,7,"6,666666667",1,1,45,5,9,,6,,,"6,17","6,6",1,1,"5,25","5,71","1,38","1,93","5,83","1,42",5,"6,75","5,75","1,5","1,5","1,25","5,6","1,67","0,33",4,"6,4","6,25",1,"2,25",6,1,"6,75",7,7,"3,75","1,75",1,"5,48","1,65",1,"6,13","1,63"
23,MG,107,7,"6,666666667",1,1,36,5,9,,6,,,"6,17","6,6",1,1,"5,25","5,71","1,38","1,93","5,83","1,42",5,"6,75","5,75","1,5","1,5","1,25","5,6","1,67","0,33",4,"6,4","6,25",1,"2,25",6,1,"6,75",7,7,"3,75","1,75",1,"5,48","1,65",1,"6,13","1,63"
23,MG,108,7,"6,666666667",1,1,39,5,9,,6,,,"6,17","6,6",1,1,"5,25","5,71","1,38","1,93","5,83","1,42",5,"6,75","5,75","1,5","1,5","1,25","5,6","1,67","0,33",4,"6,4","6,25",1,"2,25",6,1,"6,75",7,7,"3,75","1,75",1,"5,48","1,65",1,"6,13","1,63"
24,JA,1,6,7,1,1,65,4,,,,,,6,"5,2","1,5","1,8","4,69","4,82","1,75","2,33","5,17","3,25","5,25","5,25",5,"3,75","3,5","2,5","5,8","4,33",0,"2,67","5,2","5,5","2,5","4,25","5,25","3,25",6,"5,75","5,75","4,25","3,25",2,"4,76","2,04","2,17","5,38","3,38"
24,JA,2,6,7,1,1,71,4,,,,,,6,"5,2","1,5","1,8","4,69","4,82","1,75","2,33","5,17","3,25","5,25","5,25",5,"3,75","3,5","2,5","5,8","4,33",0,"2,67","5,2","5,5","2,5","4,25","5,25","3,25",6,"5,75","5,75","4,25","3,25",2,"4,76","2,04","2,17","5,38","3,38"
24,JA,3,6,7,1,1,68,4,,,,,,6,"5,2","1,5","1,8","4,69","4,82","1,75","2,33","5,17","3,25","5,25","5,25",5,"3,75","3,5","2,5","5,8","4,33",0,"2,67","5,2","5,5","2,5","4,25","5,25","3,25",6,"5,75","5,75","4,25","3,25",2,"4,76","2,04","2,17","5,38","3,38"
24,JA,4,6,7,1,1,53,4,,,,,,6,"5,2","1,5","1,8","4,69","4,82","1,75","2,33","5,17","3,25","5,25","5,25",5,"3,75","3,5","2,5","5,8","4,33",0,"2,67","5,2","5,5","2,5","4,25","5,25","3,25",6,"5,75","5,75","4,25","3,25",2,"4,76","2,04","2,17","5,38","3,38"
24,JA,5,6,7,1,1,61,4,,,,,,6,"5,2","1,5","1,8","4,69","4,82","1,75","2,33","5,17","3,25","5,25","5,25",5,"3,75","3,5","2,5","5,8","4,33",0,"2,67","5,2","5,5","2,5","4,25","5,25","3,25",6,"5,75","5,75","4,25","3,25",2,"4,76","2,04","2,17","5,38","3,38"
24,JA,6,"5,666666667",7,"1,666666667",1,74,5,,,9,,,6,"5,2","1,5","1,8","4,69","4,82","1,75","2,33","5,17","3,25","5,25","5,25",5,"3,75","3,5","2,5","5,8","4,33",0,"2,67","5,2","5,5","2,5","4,25","5,25","3,25",6,"5,75","5,75","4,25","3,25",2,"4,76","2,04","2,17","5,38","3,38"
24,JA,7,"5,666666667",7,"1,666666667",1,72,5,,,9,,,6,"5,2","1,5","1,8","4,69","4,82","1,75","2,33","5,17","3,25","5,25","5,25",5,"3,75","3,5","2,5","5,8","4,33",0,"2,67","5,2","5,5","2,5","4,25","5,25","3,25",6,"5,75","5,75","4,25","3,25",2,"4,76","2,04","2,17","5,38","3,38"
24,JA,8,"5,666666667",7,"1,666666667",1,64,5,,,9,,,6,"5,2","1,5","1,8","4,69","4,82","1,75","2,33","5,17","3,25","5,25","5,25",5,"3,75","3,5","2,5","5,8","4,33",0,"2,67","5,2","5,5","2,5","4,25","5,25","3,25",6,"5,75","5,75","4,25","3,25",2,"4,76","2,04","2,17","5,38","3,38"
24,JA,9,"5,666666667",7,"1,666666667",1,64,5,,,9,,,6,"5,2","1,5","1,8","4,69","4,82","1,75","2,33","5,17","3,25","5,25","5,25",5,"3,75","3,5","2,5","5,8","4,33",0,"2,67","5,2","5,5","2,5","4,25","5,25","3,25",6,"5,75","5,75","4,25","3,25",2,"4,76","2,04","2,17","5,38","3,38"
24,JA,10,"5,666666667",7,"1,666666667",1,61,5,,,9,,,6,"5,2","1,5","1,8","4,69","4,82","1,75","2,33","5,17","3,25","5,25","5,25",5,"3,75","3,5","2,5","5,8","4,33",0,"2,67","5,2","5,5","2,5","4,25","5,25","3,25",6,"5,75","5,75","4,25","3,25",2,"4,76","2,04","2,17","5,38","3,38"
24,JA,11,6,7,1,1,64,5,,,,,,6,"5,2","1,5","1,8","4,69","4,82","1,75","2,33","5,17","3,25","5,25","5,25",5,"3,75","3,5","2,5","5,8","4,33",0,"2,67","5,2","5,5","2,5","4,25","5,25","3,25",6,"5,75","5,75","4,25","3,25",2,"4,76","2,04","2,17","5,38","3,38"
24,JA,12,6,7,1,1,57,5,,,,,,6,"5,2","1,5","1,8","4,69","4,82","1,75","2,33","5,17","3,25","5,25","5,25",5,"3,75","3,5","2,5","5,8","4,33",0,"2,67","5,2","5,5","2,5","4,25","5,25","3,25",6,"5,75","5,75","4,25","3,25",2,"4,76","2,04","2,17","5,38","3,38"
24,JA,13,6,7,1,1,64,5,,,,,,6,"5,2","1,5","1,8","4,69","4,82","1,75","2,33","5,17","3,25","5,25","5,25",5,"3,75","3,5","2,5","5,8","4,33",0,"2,67","5,2","5,5","2,5","4,25","5,25","3,25",6,"5,75","5,75","4,25","3,25",2,"4,76","2,04","2,17","5,38","3,38"
24,JA,14,6,7,1,1,58,5,,,,,,6,"5,2","1,5","1,8","4,69","4,82","1,75","2,33","5,17","3,25","5,25","5,25",5,"3,75","3,5","2,5","5,8","4,33",0,"2,67","5,2","5,5","2,5","4,25","5,25","3,25",6,"5,75","5,75","4,25","3,25",2,"4,76","2,04","2,17","5,38","3,38"
24,JA,15,6,7,1,1,57,5,,,,,,6,"5,2","1,5","1,8","4,69","4,82","1,75","2,33","5,17","3,25","5,25","5,25",5,"3,75","3,5","2,5","5,8","4,33",0,"2,67","5,2","5,5","2,5","4,25","5,25","3,25",6,"5,75","5,75","4,25","3,25",2,"4,76","2,04","2,17","5,38","3,38"
24,JA,16,"6,333333333",7,1,1,69,5,,,,,,6,"5,2","1,5","1,8","4,69","4,82","1,75","2,33","5,17","3,25","5,25","5,25",5,"3,75","3,5","2,5","5,8","4,33",0,"2,67","5,2","5,5","2,5","4,25","5,25","3,25",6,"5,75","5,75","4,25","3,25",2,"4,76","2,04","2,17","5,38","3,38"
24,JA,17,"6,333333333",7,1,1,68,5,,,,,,6,"5,2","1,5","1,8","4,69","4,82","1,75","2,33","5,17","3,25","5,25","5,25",5,"3,75","3,5","2,5","5,8","4,33",0,"2,67","5,2","5,5","2,5","4,25","5,25","3,25",6,"5,75","5,75","4,25","3,25",2,"4,76","2,04","2,17","5,38","3,38"
24,JA,18,"6,333333333",7,1,1,62,5,,,,,,6,"5,2","1,5","1,8","4,69","4,82","1,75","2,33","5,17","3,25","5,25","5,25",5,"3,75","3,5","2,5","5,8","4,33",0,"2,67","5,2","5,5","2,5","4,25","5,25","3,25",6,"5,75","5,75","4,25","3,25",2,"4,76","2,04","2,17","5,38","3,38"
24,JA,19,"6,333333333",7,1,1,61,5,,,,,,6,"5,2","1,5","1,8","4,69","4,82","1,75","2,33","5,17","3,25","5,25","5,25",5,"3,75","3,5","2,5","5,8","4,33",0,"2,67","5,2","5,5","2,5","4,25","5,25","3,25",6,"5,75","5,75","4,25","3,25",2,"4,76","2,04","2,17","5,38","3,38"
24,JA,20,"6,333333333",7,1,1,65,5,,,,,,6,"5,2","1,5","1,8","4,69","4,82","1,75","2,33","5,17","3,25","5,25","5,25",5,"3,75","3,5","2,5","5,8","4,33",0,"2,67","5,2","5,5","2,5","4,25","5,25","3,25",6,"5,75","5,75","4,25","3,25",2,"4,76","2,04","2,17","5,38","3,38"
24,JA,21,"6,333333333",7,1,1,75,5,,,,,,6,"5,2","1,5","1,8","4,69","4,82","1,75","2,33","5,17","3,25","5,25","5,25",5,"3,75","3,5","2,5","5,8","4,33",0,"2,67","5,2","5,5","2,5","4,25","5,25","3,25",6,"5,75","5,75","4,25","3,25",2,"4,76","2,04","2,17","5,38","3,38"
24,JA,22,"6,333333333",7,1,1,70,5,,,,,,6,"5,2","1,5","1,8","4,69","4,82","1,75","2,33","5,17","3,25","5,25","5,25",5,"3,75","3,5","2,5","5,8","4,33",0,"2,67","5,2","5,5","2,5","4,25","5,25","3,25",6,"5,75","5,75","4,25","3,25",2,"4,76","2,04","2,17","5,38","3,38"
24,JA,23,"6,333333333",7,1,1,69,5,,,,,,6,"5,2","1,5","1,8","4,69","4,82","1,75","2,33","5,17","3,25","5,25","5,25",5,"3,75","3,5","2,5","5,8","4,33",0,"2,67","5,2","5,5","2,5","4,25","5,25","3,25",6,"5,75","5,75","4,25","3,25",2,"4,76","2,04","2,17","5,38","3,38"
24,JA,24,"6,333333333",7,1,1,71,5,,,,,,6,"5,2","1,5","1,8","4,69","4,82","1,75","2,33","5,17","3,25","5,25","5,25",5,"3,75","3,5","2,5","5,8","4,33",0,"2,67","5,2","5,5","2,5","4,25","5,25","3,25",6,"5,75","5,75","4,25","3,25",2,"4,76","2,04","2,17","5,38","3,38"
24,JA,25,"6,333333333",7,1,1,69,5,,,,,,6,"5,2","1,5","1,8","4,69","4,82","1,75","2,33","5,17","3,25","5,25","5,25",5,"3,75","3,5","2,5","5,8","4,33",0,"2,67","5,2","5,5","2,5","4,25","5,25","3,25",6,"5,75","5,75","4,25","3,25",2,"4,76","2,04","2,17","5,38","3,38"
24,JA,26,"6,666666667",7,1,1,60,5,,,,,,6,"5,2","1,5","1,8","4,69","4,82","1,75","2,33","5,17","3,25","5,25","5,25",5,"3,75","3,5","2,5","5,8","4,33",0,"2,67","5,2","5,5","2,5","4,25","5,25","3,25",6,"5,75","5,75","4,25","3,25",2,"4,76","2,04","2,17","5,38","3,38"
24,JA,27,"6,666666667",7,1,1,50,5,,,,,,6,"5,2","1,5","1,8","4,69","4,82","1,75","2,33","5,17","3,25","5,25","5,25",5,"3,75","3,5","2,5","5,8","4,33",0,"2,67","5,2","5,5","2,5","4,25","5,25","3,25",6,"5,75","5,75","4,25","3,25",2,"4,76","2,04","2,17","5,38","3,38"
24,JA,28,"6,666666667",7,1,1,47,5,,,,,,6,"5,2","1,5","1,8","4,69","4,82","1,75","2,33","5,17","3,25","5,25","5,25",5,"3,75","3,5","2,5","5,8","4,33",0,"2,67","5,2","5,5","2,5","4,25","5,25","3,25",6,"5,75","5,75","4,25","3,25",2,"4,76","2,04","2,17","5,38","3,38"
24,JA,29,"6,666666667",7,1,1,49,5,,,,,,6,"5,2","1,5","1,8","4,69","4,82","1,75","2,33","5,17","3,25","5,25","5,25",5,"3,75","3,5","2,5","5,8","4,33",0,"2,67","5,2","5,5","2,5","4,25","5,25","3,25",6,"5,75","5,75","4,25","3,25",2,"4,76","2,04","2,17","5,38","3,38"
24,JA,30,"6,666666667",7,1,1,46,5,,,,,,6,"5,2","1,5","1,8","4,69","4,82","1,75","2,33","5,17","3,25","5,25","5,25",5,"3,75","3,5","2,5","5,8","4,33",0,"2,67","5,2","5,5","2,5","4,25","5,25","3,25",6,"5,75","5,75","4,25","3,25",2,"4,76","2,04","2,17","5,38","3,38"
24,JA,31,6,7,"1,333333333",1,53,5,,,,,,6,"5,2","1,5","1,8","4,69","4,82","1,75","2,33","5,17","3,25","5,25","5,25",5,"3,75","3,5","2,5","5,8","4,33",0,"2,67","5,2","5,5","2,5","4,25","5,25","3,25",6,"5,75","5,75","4,25","3,25",2,"4,76","2,04","2,17","5,38","3,38"
24,JA,32,6,7,"1,333333333",1,51,5,,,,,,6,"5,2","1,5","1,8","4,69","4,82","1,75","2,33","5,17","3,25","5,25","5,25",5,"3,75","3,5","2,5","5,8","4,33",0,"2,67","5,2","5,5","2,5","4,25","5,25","3,25",6,"5,75","5,75","4,25","3,25",2,"4,76","2,04","2,17","5,38","3,38"
24,JA,33,6,7,"1,333333333",1,54,5,,,,,,6,"5,2","1,5","1,8","4,69","4,82","1,75","2,33","5,17","3,25","5,25","5,25",5,"3,75","3,5","2,5","5,8","4,33",0,"2,67","5,2","5,5","2,5","4,25","5,25","3,25",6,"5,75","5,75","4,25","3,25",2,"4,76","2,04","2,17","5,38","3,38"
24,JA,34,6,7,"1,333333333",1,60,5,,,,,,6,"5,2","1,5","1,8","4,69","4,82","1,75","2,33","5,17","3,25","5,25","5,25",5,"3,75","3,5","2,5","5,8","4,33",0,"2,67","5,2","5,5","2,5","4,25","5,25","3,25",6,"5,75","5,75","4,25","3,25",2,"4,76","2,04","2,17","5,38","3,38"
24,JA,35,6,7,"1,333333333",1,65,5,,,,,,6,"5,2","1,5","1,8","4,69","4,82","1,75","2,33","5,17","3,25","5,25","5,25",5,"3,75","3,5","2,5","5,8","4,33",0,"2,67","5,2","5,5","2,5","4,25","5,25","3,25",6,"5,75","5,75","4,25","3,25",2,"4,76","2,04","2,17","5,38","3,38"
24,JA,36,6,7,"1,333333333",1,63,5,,,,,,6,"5,2","1,5","1,8","4,69","4,82","1,75","2,33","5,17","3,25","5,25","5,25",5,"3,75","3,5","2,5","5,8","4,33",0,"2,67","5,2","5,5","2,5","4,25","5,25","3,25",6,"5,75","5,75","4,25","3,25",2,"4,76","2,04","2,17","5,38","3,38"
24,JA,37,6,7,"1,333333333",1,64,5,,,,,,6,"5,2","1,5","1,8","4,69","4,82","1,75","2,33","5,17","3,25","5,25","5,25",5,"3,75","3,5","2,5","5,8","4,33",0,"2,67","5,2","5,5","2,5","4,25","5,25","3,25",6,"5,75","5,75","4,25","3,25",2,"4,76","2,04","2,17","5,38","3,38"
24,JA,38,6,7,"1,333333333",1,50,5,,,,,,6,"5,2","1,5","1,8","4,69","4,82","1,75","2,33","5,17","3,25","5,25","5,25",5,"3,75","3,5","2,5","5,8","4,33",0,"2,67","5,2","5,5","2,5","4,25","5,25","3,25",6,"5,75","5,75","4,25","3,25",2,"4,76","2,04","2,17","5,38","3,38"
24,JA,39,6,7,"1,333333333",1,47,5,,,,,,6,"5,2","1,5","1,8","4,69","4,82","1,75","2,33","5,17","3,25","5,25","5,25",5,"3,75","3,5","2,5","5,8","4,33",0,"2,67","5,2","5,5","2,5","4,25","5,25","3,25",6,"5,75","5,75","4,25","3,25",2,"4,76","2,04","2,17","5,38","3,38"
24,JA,40,6,7,"1,333333333",1,71,5,,,,,,6,"5,2","1,5","1,8","4,69","4,82","1,75","2,33","5,17","3,25","5,25","5,25",5,"3,75","3,5","2,5","5,8","4,33",0,"2,67","5,2","5,5","2,5","4,25","5,25","3,25",6,"5,75","5,75","4,25","3,25",2,"4,76","2,04","2,17","5,38","3,38"
24,JA,41,"6,25","6,333333333",1,1,73,5,,,6,,,6,"5,2","1,5","1,8","4,69","4,82","1,75","2,33","5,17","3,25","5,25","5,25",5,"3,75","3,5","2,5","5,8","4,33",0,"2,67","5,2","5,5","2,5","4,25","5,25","3,25",6,"5,75","5,75","4,25","3,25",2,"4,76","2,04","2,17","5,38","3,38"
24,JA,42,"6,25","6,333333333",1,1,77,5,,,6,,,6,"5,2","1,5","1,8","4,69","4,82","1,75","2,33","5,17","3,25","5,25","5,25",5,"3,75","3,5","2,5","5,8","4,33",0,"2,67","5,2","5,5","2,5","4,25","5,25","3,25",6,"5,75","5,75","4,25","3,25",2,"4,76","2,04","2,17","5,38","3,38"
24,JA,43,"6,25","6,333333333",1,1,76,5,,,6,,,6,"5,2","1,5","1,8","4,69","4,82","1,75","2,33","5,17","3,25","5,25","5,25",5,"3,75","3,5","2,5","5,8","4,33",0,"2,67","5,2","5,5","2,5","4,25","5,25","3,25",6,"5,75","5,75","4,25","3,25",2,"4,76","2,04","2,17","5,38","3,38"
24,JA,44,"6,25","6,333333333",1,1,83,5,,,6,,,6,"5,2","1,5","1,8","4,69","4,82","1,75","2,33","5,17","3,25","5,25","5,25",5,"3,75","3,5","2,5","5,8","4,33",0,"2,67","5,2","5,5","2,5","4,25","5,25","3,25",6,"5,75","5,75","4,25","3,25",2,"4,76","2,04","2,17","5,38","3,38"
24,JA,45,"6,25","6,333333333",1,1,61,5,,,6,,,6,"5,2","1,5","1,8","4,69","4,82","1,75","2,33","5,17","3,25","5,25","5,25",5,"3,75","3,5","2,5","5,8","4,33",0,"2,67","5,2","5,5","2,5","4,25","5,25","3,25",6,"5,75","5,75","4,25","3,25",2,"4,76","2,04","2,17","5,38","3,38"
24,JA,46,6,7,"1,333333333",1,59,5,,,,,,6,"5,2","1,5","1,8","4,69","4,82","1,75","2,33","5,17","3,25","5,25","5,25",5,"3,75","3,5","2,5","5,8","4,33",0,"2,67","5,2","5,5","2,5","4,25","5,25","3,25",6,"5,75","5,75","4,25","3,25",2,"4,76","2,04","2,17","5,38","3,38"
24,JA,47,6,7,"1,333333333",1,61,5,,,,,,6,"5,2","1,5","1,8","4,69","4,82","1,75","2,33","5,17","3,25","5,25","5,25",5,"3,75","3,5","2,5","5,8","4,33",0,"2,67","5,2","5,5","2,5","4,25","5,25","3,25",6,"5,75","5,75","4,25","3,25",2,"4,76","2,04","2,17","5,38","3,38"
24,JA,48,6,7,"1,333333333",1,60,5,,,,,,6,"5,2","1,5","1,8","4,69","4,82","1,75","2,33","5,17","3,25","5,25","5,25",5,"3,75","3,5","2,5","5,8","4,33",0,"2,67","5,2","5,5","2,5","4,25","5,25","3,25",6,"5,75","5,75","4,25","3,25",2,"4,76","2,04","2,17","5,38","3,38"
24,JA,49,6,7,"1,333333333",1,59,5,,,,,,6,"5,2","1,5","1,8","4,69","4,82","1,75","2,33","5,17","3,25","5,25","5,25",5,"3,75","3,5","2,5","5,8","4,33",0,"2,67","5,2","5,5","2,5","4,25","5,25","3,25",6,"5,75","5,75","4,25","3,25",2,"4,76","2,04","2,17","5,38","3,38"
24,JA,50,6,7,"1,333333333",1,53,5,,,,,,6,"5,2","1,5","1,8","4,69","4,82","1,75","2,33","5,17","3,25","5,25","5,25",5,"3,75","3,5","2,5","5,8","4,33",0,"2,67","5,2","5,5","2,5","4,25","5,25","3,25",6,"5,75","5,75","4,25","3,25",2,"4,76","2,04","2,17","5,38","3,38"
24,JA,51,7,"6,333333333",1,1,59,5,,,,,,6,"5,2","1,5","1,8","4,69","4,82","1,75","2,33","5,17","3,25","5,25","5,25",5,"3,75","3,5","2,5","5,8","4,33",0,"2,67","5,2","5,5","2,5","4,25","5,25","3,25",6,"5,75","5,75","4,25","3,25",2,"4,76","2,04","2,17","5,38","3,38"
24,JA,52,7,"6,333333333",1,1,62,5,,,,,,6,"5,2","1,5","1,8","4,69","4,82","1,75","2,33","5,17","3,25","5,25","5,25",5,"3,75","3,5","2,5","5,8","4,33",0,"2,67","5,2","5,5","2,5","4,25","5,25","3,25",6,"5,75","5,75","4,25","3,25",2,"4,76","2,04","2,17","5,38","3,38"
24,JA,53,7,"6,333333333",1,1,70,5,,,,,,6,"5,2","1,5","1,8","4,69","4,82","1,75","2,33","5,17","3,25","5,25","5,25",5,"3,75","3,5","2,5","5,8","4,33",0,"2,67","5,2","5,5","2,5","4,25","5,25","3,25",6,"5,75","5,75","4,25","3,25",2,"4,76","2,04","2,17","5,38","3,38"
24,JA,54,7,"6,333333333",1,1,58,5,,,,,,6,"5,2","1,5","1,8","4,69","4,82","1,75","2,33","5,17","3,25","5,25","5,25",5,"3,75","3,5","2,5","5,8","4,33",0,"2,67","5,2","5,5","2,5","4,25","5,25","3,25",6,"5,75","5,75","4,25","3,25",2,"4,76","2,04","2,17","5,38","3,38"
24,JA,55,7,"6,333333333",1,1,50,5,,,,,,6,"5,2","1,5","1,8","4,69","4,82","1,75","2,33","5,17","3,25","5,25","5,25",5,"3,75","3,5","2,5","5,8","4,33",0,"2,67","5,2","5,5","2,5","4,25","5,25","3,25",6,"5,75","5,75","4,25","3,25",2,"4,76","2,04","2,17","5,38","3,38"
24,JA,56,"5,666666667",7,"1,666666667",1,55,5,,,1,,,6,"5,2","1,5","1,8","4,69","4,82","1,75","2,33","5,17","3,25","5,25","5,25",5,"3,75","3,5","2,5","5,8","4,33",0,"2,67","5,2","5,5","2,5","4,25","5,25","3,25",6,"5,75","5,75","4,25","3,25",2,"4,76","2,04","2,17","5,38","3,38"
24,JA,57,"6,333333333",7,"1,333333333",1,35,2,,,,,,6,"5,2","1,5","1,8","4,69","4,82","1,75","2,33","5,17","3,25","5,25","5,25",5,"3,75","3,5","2,5","5,8","4,33",0,"2,67","5,2","5,5","2,5","4,25","5,25","3,25",6,"5,75","5,75","4,25","3,25",2,"4,76","2,04","2,17","5,38","3,38"
24,JA,58,"6,333333333",7,"1,333333333",1,35,2,,,,,,6,"5,2","1,5","1,8","4,69","4,82","1,75","2,33","5,17","3,25","5,25","5,25",5,"3,75","3,5","2,5","5,8","4,33",0,"2,67","5,2","5,5","2,5","4,25","5,25","3,25",6,"5,75","5,75","4,25","3,25",2,"4,76","2,04","2,17","5,38","3,38"
24,JA,59,"6,333333333",7,"1,333333333",1,35,2,,,,,,6,"5,2","1,5","1,8","4,69","4,82","1,75","2,33","5,17","3,25","5,25","5,25",5,"3,75","3,5","2,5","5,8","4,33",0,"2,67","5,2","5,5","2,5","4,25","5,25","3,25",6,"5,75","5,75","4,25","3,25",2,"4,76","2,04","2,17","5,38","3,38"
24,JA,60,"6,333333333",7,"1,333333333",1,41,2,,,,,,6,"5,2","1,5","1,8","4,69","4,82","1,75","2,33","5,17","3,25","5,25","5,25",5,"3,75","3,5","2,5","5,8","4,33",0,"2,67","5,2","5,5","2,5","4,25","5,25","3,25",6,"5,75","5,75","4,25","3,25",2,"4,76","2,04","2,17","5,38","3,38"
24,JA,61,"6,333333333",7,"1,333333333",1,54,2,,,,,,6,"5,2","1,5","1,8","4,69","4,82","1,75","2,33","5,17","3,25","5,25","5,25",5,"3,75","3,5","2,5","5,8","4,33",0,"2,67","5,2","5,5","2,5","4,25","5,25","3,25",6,"5,75","5,75","4,25","3,25",2,"4,76","2,04","2,17","5,38","3,38"
24,JA,62,"6,333333333","6,333333333","1,333333333",1,64,5,,,,,,6,"5,2","1,5","1,8","4,69","4,82","1,75","2,33","5,17","3,25","5,25","5,25",5,"3,75","3,5","2,5","5,8","4,33",0,"2,67","5,2","5,5","2,5","4,25","5,25","3,25",6,"5,75","5,75","4,25","3,25",2,"4,76","2,04","2,17","5,38","3,38"
24,JA,63,"6,333333333","6,333333333","1,333333333",1,85,5,,,,,,6,"5,2","1,5","1,8","4,69","4,82","1,75","2,33","5,17","3,25","5,25","5,25",5,"3,75","3,5","2,5","5,8","4,33",0,"2,67","5,2","5,5","2,5","4,25","5,25","3,25",6,"5,75","5,75","4,25","3,25",2,"4,76","2,04","2,17","5,38","3,38"
24,JA,64,"6,333333333","6,333333333","1,333333333",1,99,5,,,,,,6,"5,2","1,5","1,8","4,69","4,82","1,75","2,33","5,17","3,25","5,25","5,25",5,"3,75","3,5","2,5","5,8","4,33",0,"2,67","5,2","5,5","2,5","4,25","5,25","3,25",6,"5,75","5,75","4,25","3,25",2,"4,76","2,04","2,17","5,38","3,38"
24,JA,65,"6,333333333","6,333333333","1,333333333",1,93,5,,,,,,6,"5,2","1,5","1,8","4,69","4,82","1,75","2,33","5,17","3,25","5,25","5,25",5,"3,75","3,5","2,5","5,8","4,33",0,"2,67","5,2","5,5","2,5","4,25","5,25","3,25",6,"5,75","5,75","4,25","3,25",2,"4,76","2,04","2,17","5,38","3,38"
24,JA,66,"6,333333333","6,333333333","1,333333333",1,76,5,,,,,,6,"5,2","1,5","1,8","4,69","4,82","1,75","2,33","5,17","3,25","5,25","5,25",5,"3,75","3,5","2,5","5,8","4,33",0,"2,67","5,2","5,5","2,5","4,25","5,25","3,25",6,"5,75","5,75","4,25","3,25",2,"4,76","2,04","2,17","5,38","3,38"
24,JA,67,"6,333333333","6,333333333",1,1,70,5,,,6,,,6,"5,2","1,5","1,8","4,69","4,82","1,75","2,33","5,17","3,25","5,25","5,25",5,"3,75","3,5","2,5","5,8","4,33",0,"2,67","5,2","5,5","2,5","4,25","5,25","3,25",6,"5,75","5,75","4,25","3,25",2,"4,76","2,04","2,17","5,38","3,38"
24,JA,68,"6,333333333","6,333333333",1,1,59,5,,,6,,,6,"5,2","1,5","1,8","4,69","4,82","1,75","2,33","5,17","3,25","5,25","5,25",5,"3,75","3,5","2,5","5,8","4,33",0,"2,67","5,2","5,5","2,5","4,25","5,25","3,25",6,"5,75","5,75","4,25","3,25",2,"4,76","2,04","2,17","5,38","3,38"
24,JA,69,"6,333333333","6,333333333",1,1,69,5,,,6,,,6,"5,2","1,5","1,8","4,69","4,82","1,75","2,33","5,17","3,25","5,25","5,25",5,"3,75","3,5","2,5","5,8","4,33",0,"2,67","5,2","5,5","2,5","4,25","5,25","3,25",6,"5,75","5,75","4,25","3,25",2,"4,76","2,04","2,17","5,38","3,38"
24,JA,70,"6,333333333","6,333333333",1,1,80,5,,,6,,,6,"5,2","1,5","1,8","4,69","4,82","1,75","2,33","5,17","3,25","5,25","5,25",5,"3,75","3,5","2,5","5,8","4,33",0,"2,67","5,2","5,5","2,5","4,25","5,25","3,25",6,"5,75","5,75","4,25","3,25",2,"4,76","2,04","2,17","5,38","3,38"
24,JA,71,"6,333333333","6,333333333",1,1,94,5,,,6,,,6,"5,2","1,5","1,8","4,69","4,82","1,75","2,33","5,17","3,25","5,25","5,25",5,"3,75","3,5","2,5","5,8","4,33",0,"2,67","5,2","5,5","2,5","4,25","5,25","3,25",6,"5,75","5,75","4,25","3,25",2,"4,76","2,04","2,17","5,38","3,38"
24,JA,72,"6,333333333","6,333333333",1,1,93,5,,,6,,,6,"5,2","1,5","1,8","4,69","4,82","1,75","2,33","5,17","3,25","5,25","5,25",5,"3,75","3,5","2,5","5,8","4,33",0,"2,67","5,2","5,5","2,5","4,25","5,25","3,25",6,"5,75","5,75","4,25","3,25",2,"4,76","2,04","2,17","5,38","3,38"
24,JA,73,"6,333333333","6,333333333",1,1,93,5,,,6,,,6,"5,2","1,5","1,8","4,69","4,82","1,75","2,33","5,17","3,25","5,25","5,25",5,"3,75","3,5","2,5","5,8","4,33",0,"2,67","5,2","5,5","2,5","4,25","5,25","3,25",6,"5,75","5,75","4,25","3,25",2,"4,76","2,04","2,17","5,38","3,38"
24,JA,74,"6,333333333","6,333333333",1,1,87,5,,,6,,,6,"5,2","1,5","1,8","4,69","4,82","1,75","2,33","5,17","3,25","5,25","5,25",5,"3,75","3,5","2,5","5,8","4,33",0,"2,67","5,2","5,5","2,5","4,25","5,25","3,25",6,"5,75","5,75","4,25","3,25",2,"4,76","2,04","2,17","5,38","3,38"
24,JA,75,"6,333333333","6,333333333",1,1,84,5,,,6,,,6,"5,2","1,5","1,8","4,69","4,82","1,75","2,33","5,17","3,25","5,25","5,25",5,"3,75","3,5","2,5","5,8","4,33",0,"2,67","5,2","5,5","2,5","4,25","5,25","3,25",6,"5,75","5,75","4,25","3,25",2,"4,76","2,04","2,17","5,38","3,38"
24,JA,76,"6,333333333","6,333333333",1,1,80,5,,,6,,,6,"5,2","1,5","1,8","4,69","4,82","1,75","2,33","5,17","3,25","5,25","5,25",5,"3,75","3,5","2,5","5,8","4,33",0,"2,67","5,2","5,5","2,5","4,25","5,25","3,25",6,"5,75","5,75","4,25","3,25",2,"4,76","2,04","2,17","5,38","3,38"
24,JA,77,"6,5",7,1,1,,5,,,6,,,6,"5,2","1,5","1,8","4,69","4,82","1,75","2,33","5,17","3,25","5,25","5,25",5,"3,75","3,5","2,5","5,8","4,33",0,"2,67","5,2","5,5","2,5","4,25","5,25","3,25",6,"5,75","5,75","4,25","3,25",2,"4,76","2,04","2,17","5,38","3,38"
24,JA,78,"6,5",7,1,1,55,5,,,6,,,6,"5,2","1,5","1,8","4,69","4,82","1,75","2,33","5,17","3,25","5,25","5,25",5,"3,75","3,5","2,5","5,8","4,33",0,"2,67","5,2","5,5","2,5","4,25","5,25","3,25",6,"5,75","5,75","4,25","3,25",2,"4,76","2,04","2,17","5,38","3,38"
24,JA,79,"6,5",7,1,1,68,5,,,6,,,6,"5,2","1,5","1,8","4,69","4,82","1,75","2,33","5,17","3,25","5,25","5,25",5,"3,75","3,5","2,5","5,8","4,33",0,"2,67","5,2","5,5","2,5","4,25","5,25","3,25",6,"5,75","5,75","4,25","3,25",2,"4,76","2,04","2,17","5,38","3,38"
24,JA,80,"6,5",7,1,1,83,5,,,6,,,6,"5,2","1,5","1,8","4,69","4,82","1,75","2,33","5,17","3,25","5,25","5,25",5,"3,75","3,5","2,5","5,8","4,33",0,"2,67","5,2","5,5","2,5","4,25","5,25","3,25",6,"5,75","5,75","4,25","3,25",2,"4,76","2,04","2,17","5,38","3,38"
24,JA,81,"6,5",7,1,1,78,5,,,6,,,6,"5,2","1,5","1,8","4,69","4,82","1,75","2,33","5,17","3,25","5,25","5,25",5,"3,75","3,5","2,5","5,8","4,33",0,"2,67","5,2","5,5","2,5","4,25","5,25","3,25",6,"5,75","5,75","4,25","3,25",2,"4,76","2,04","2,17","5,38","3,38"
24,JA,82,"6,333333333",7,1,1,78,5,,,8,,,6,"5,2","1,5","1,8","4,69","4,82","1,75","2,33","5,17","3,25","5,25","5,25",5,"3,75","3,5","2,5","5,8","4,33",0,"2,67","5,2","5,5","2,5","4,25","5,25","3,25",6,"5,75","5,75","4,25","3,25",2,"4,76","2,04","2,17","5,38","3,38"
24,JA,83,"6,333333333",7,1,1,71,5,,,8,,,6,"5,2","1,5","1,8","4,69","4,82","1,75","2,33","5,17","3,25","5,25","5,25",5,"3,75","3,5","2,5","5,8","4,33",0,"2,67","5,2","5,5","2,5","4,25","5,25","3,25",6,"5,75","5,75","4,25","3,25",2,"4,76","2,04","2,17","5,38","3,38"
24,JA,84,"6,333333333",7,1,1,72,5,,,8,,,6,"5,2","1,5","1,8","4,69","4,82","1,75","2,33","5,17","3,25","5,25","5,25",5,"3,75","3,5","2,5","5,8","4,33",0,"2,67","5,2","5,5","2,5","4,25","5,25","3,25",6,"5,75","5,75","4,25","3,25",2,"4,76","2,04","2,17","5,38","3,38"
24,JA,85,"6,333333333",7,1,1,93,5,,,8,,,6,"5,2","1,5","1,8","4,69","4,82","1,75","2,33","5,17","3,25","5,25","5,25",5,"3,75","3,5","2,5","5,8","4,33",0,"2,67","5,2","5,5","2,5","4,25","5,25","3,25",6,"5,75","5,75","4,25","3,25",2,"4,76","2,04","2,17","5,38","3,38"
24,JA,86,"6,333333333",7,1,1,100,5,,,8,,,6,"5,2","1,5","1,8","4,69","4,82","1,75","2,33","5,17","3,25","5,25","5,25",5,"3,75","3,5","2,5","5,8","4,33",0,"2,67","5,2","5,5","2,5","4,25","5,25","3,25",6,"5,75","5,75","4,25","3,25",2,"4,76","2,04","2,17","5,38","3,38"
24,JA,87,"6,25",7,1,1,84,5,,,,,,6,"5,2","1,5","1,8","4,69","4,82","1,75","2,33","5,17","3,25","5,25","5,25",5,"3,75","3,5","2,5","5,8","4,33",0,"2,67","5,2","5,5","2,5","4,25","5,25","3,25",6,"5,75","5,75","4,25","3,25",2,"4,76","2,04","2,17","5,38","3,38"
24,JA,88,"6,25",7,1,1,61,5,,,,,,6,"5,2","1,5","1,8","4,69","4,82","1,75","2,33","5,17","3,25","5,25","5,25",5,"3,75","3,5","2,5","5,8","4,33",0,"2,67","5,2","5,5","2,5","4,25","5,25","3,25",6,"5,75","5,75","4,25","3,25",2,"4,76","2,04","2,17","5,38","3,38"
24,JA,89,"6,25",7,1,1,54,5,,,,,,6,"5,2","1,5","1,8","4,69","4,82","1,75","2,33","5,17","3,25","5,25","5,25",5,"3,75","3,5","2,5","5,8","4,33",0,"2,67","5,2","5,5","2,5","4,25","5,25","3,25",6,"5,75","5,75","4,25","3,25",2,"4,76","2,04","2,17","5,38","3,38"
24,JA,90,"6,25",7,1,1,67,5,,,,,,6,"5,2","1,5","1,8","4,69","4,82","1,75","2,33","5,17","3,25","5,25","5,25",5,"3,75","3,5","2,5","5,8","4,33",0,"2,67","5,2","5,5","2,5","4,25","5,25","3,25",6,"5,75","5,75","4,25","3,25",2,"4,76","2,04","2,17","5,38","3,38"
24,JA,91,"6,25",7,1,1,63,5,,,,,,6,"5,2","1,5","1,8","4,69","4,82","1,75","2,33","5,17","3,25","5,25","5,25",5,"3,75","3,5","2,5","5,8","4,33",0,"2,67","5,2","5,5","2,5","4,25","5,25","3,25",6,"5,75","5,75","4,25","3,25",2,"4,76","2,04","2,17","5,38","3,38"
24,JA,92,7,"6,666666667",1,1,76,5,,,6,,,6,"5,2","1,5","1,8","4,69","4,82","1,75","2,33","5,17","3,25","5,25","5,25",5,"3,75","3,5","2,5","5,8","4,33",0,"2,67","5,2","5,5","2,5","4,25","5,25","3,25",6,"5,75","5,75","4,25","3,25",2,"4,76","2,04","2,17","5,38","3,38"
24,JA,93,7,"6,666666667",1,1,91,5,,,6,,,6,"5,2","1,5","1,8","4,69","4,82","1,75","2,33","5,17","3,25","5,25","5,25",5,"3,75","3,5","2,5","5,8","4,33",0,"2,67","5,2","5,5","2,5","4,25","5,25","3,25",6,"5,75","5,75","4,25","3,25",2,"4,76","2,04","2,17","5,38","3,38"
24,JA,94,7,"6,666666667",1,1,100,5,,,6,,,6,"5,2","1,5","1,8","4,69","4,82","1,75","2,33","5,17","3,25","5,25","5,25",5,"3,75","3,5","2,5","5,8","4,33",0,"2,67","5,2","5,5","2,5","4,25","5,25","3,25",6,"5,75","5,75","4,25","3,25",2,"4,76","2,04","2,17","5,38","3,38"
24,JA,95,7,"6,666666667",1,1,100,5,,,6,,,6,"5,2","1,5","1,8","4,69","4,82","1,75","2,33","5,17","3,25","5,25","5,25",5,"3,75","3,5","2,5","5,8","4,33",0,"2,67","5,2","5,5","2,5","4,25","5,25","3,25",6,"5,75","5,75","4,25","3,25",2,"4,76","2,04","2,17","5,38","3,38"
24,JA,96,7,"6,666666667",1,1,97,5,,,6,,,6,"5,2","1,5","1,8","4,69","4,82","1,75","2,33","5,17","3,25","5,25","5,25",5,"3,75","3,5","2,5","5,8","4,33",0,"2,67","5,2","5,5","2,5","4,25","5,25","3,25",6,"5,75","5,75","4,25","3,25",2,"4,76","2,04","2,17","5,38","3,38"
24,JA,97,6,7,"1,666666667",1,84,5,,,8,,,6,"5,2","1,5","1,8","4,69","4,82","1,75","2,33","5,17","3,25","5,25","5,25",5,"3,75","3,5","2,5","5,8","4,33",0,"2,67","5,2","5,5","2,5","4,25","5,25","3,25",6,"5,75","5,75","4,25","3,25",2,"4,76","2,04","2,17","5,38","3,38"
24,JA,98,6,7,"1,666666667",1,86,5,,,8,,,6,"5,2","1,5","1,8","4,69","4,82","1,75","2,33","5,17","3,25","5,25","5,25",5,"3,75","3,5","2,5","5,8","4,33",0,"2,67","5,2","5,5","2,5","4,25","5,25","3,25",6,"5,75","5,75","4,25","3,25",2,"4,76","2,04","2,17","5,38","3,38"
24,JA,99,6,7,"1,666666667",1,69,5,,,8,,,6,"5,2","1,5","1,8","4,69","4,82","1,75","2,33","5,17","3,25","5,25","5,25",5,"3,75","3,5","2,5","5,8","4,33",0,"2,67","5,2","5,5","2,5","4,25","5,25","3,25",6,"5,75","5,75","4,25","3,25",2,"4,76","2,04","2,17","5,38","3,38"
24,JA,100,6,7,"1,666666667",1,64,5,,,8,,,6,"5,2","1,5","1,8","4,69","4,82","1,75","2,33","5,17","3,25","5,25","5,25",5,"3,75","3,5","2,5","5,8","4,33",0,"2,67","5,2","5,5","2,5","4,25","5,25","3,25",6,"5,75","5,75","4,25","3,25",2,"4,76","2,04","2,17","5,38","3,38"
24,JA,101,6,7,"1,666666667",1,69,5,,,8,,,6,"5,2","1,5","1,8","4,69","4,82","1,75","2,33","5,17","3,25","5,25","5,25",5,"3,75","3,5","2,5","5,8","4,33",0,"2,67","5,2","5,5","2,5","4,25","5,25","3,25",6,"5,75","5,75","4,25","3,25",2,"4,76","2,04","2,17","5,38","3,38"
24,JA,102,"6,5",7,1,1,77,5,,,6,,,6,"5,2","1,5","1,8","4,69","4,82","1,75","2,33","5,17","3,25","5,25","5,25",5,"3,75","3,5","2,5","5,8","4,33",0,"2,67","5,2","5,5","2,5","4,25","5,25","3,25",6,"5,75","5,75","4,25","3,25",2,"4,76","2,04","2,17","5,38","3,38"
24,JA,103,"6,5",7,1,1,82,5,,,6,,,6,"5,2","1,5","1,8","4,69","4,82","1,75","2,33","5,17","3,25","5,25","5,25",5,"3,75","3,5","2,5","5,8","4,33",0,"2,67","5,2","5,5","2,5","4,25","5,25","3,25",6,"5,75","5,75","4,25","3,25",2,"4,76","2,04","2,17","5,38","3,38"
24,JA,104,"6,5",7,1,1,70,5,,,6,,,6,"5,2","1,5","1,8","4,69","4,82","1,75","2,33","5,17","3,25","5,25","5,25",5,"3,75","3,5","2,5","5,8","4,33",0,"2,67","5,2","5,5","2,5","4,25","5,25","3,25",6,"5,75","5,75","4,25","3,25",2,"4,76","2,04","2,17","5,38","3,38"
24,JA,105,"6,5",7,1,1,64,5,,,6,,,6,"5,2","1,5","1,8","4,69","4,82","1,75","2,33","5,17","3,25","5,25","5,25",5,"3,75","3,5","2,5","5,8","4,33",0,"2,67","5,2","5,5","2,5","4,25","5,25","3,25",6,"5,75","5,75","4,25","3,25",2,"4,76","2,04","2,17","5,38","3,38"
24,JA,106,"6,5",7,1,1,85,5,,,6,,,6,"5,2","1,5","1,8","4,69","4,82","1,75","2,33","5,17","3,25","5,25","5,25",5,"3,75","3,5","2,5","5,8","4,33",0,"2,67","5,2","5,5","2,5","4,25","5,25","3,25",6,"5,75","5,75","4,25","3,25",2,"4,76","2,04","2,17","5,38","3,38"
24,JA,107,"6,75",7,1,1,90,5,9,,6,8,,6,"5,2","1,5","1,8","4,69","4,82","1,75","2,33","5,17","3,25","5,25","5,25",5,"3,75","3,5","2,5","5,8","4,33",0,"2,67","5,2","5,5","2,5","4,25","5,25","3,25",6,"5,75","5,75","4,25","3,25",2,"4,76","2,04","2,17","5,38","3,38"
24,JA,108,"6,75",7,1,1,84,5,9,,6,8,,6,"5,2","1,5","1,8","4,69","4,82","1,75","2,33","5,17","3,25","5,25","5,25",5,"3,75","3,5","2,5","5,8","4,33",0,"2,67","5,2","5,5","2,5","4,25","5,25","3,25",6,"5,75","5,75","4,25","3,25",2,"4,76","2,04","2,17","5,38","3,38"
24,JA,109,"6,75",7,1,1,68,5,9,,6,8,,6,"5,2","1,5","1,8","4,69","4,82","1,75","2,33","5,17","3,25","5,25","5,25",5,"3,75","3,5","2,5","5,8","4,33",0,"2,67","5,2","5,5","2,5","4,25","5,25","3,25",6,"5,75","5,75","4,25","3,25",2,"4,76","2,04","2,17","5,38","3,38"
24,JA,110,"6,75",7,1,1,71,5,9,,6,8,,6,"5,2","1,5","1,8","4,69","4,82","1,75","2,33","5,17","3,25","5,25","5,25",5,"3,75","3,5","2,5","5,8","4,33",0,"2,67","5,2","5,5","2,5","4,25","5,25","3,25",6,"5,75","5,75","4,25","3,25",2,"4,76","2,04","2,17","5,38","3,38"
24,JA,111,"6,75",7,1,1,78,5,9,,6,8,,6,"5,2","1,5","1,8","4,69","4,82","1,75","2,33","5,17","3,25","5,25","5,25",5,"3,75","3,5","2,5","5,8","4,33",0,"2,67","5,2","5,5","2,5","4,25","5,25","3,25",6,"5,75","5,75","4,25","3,25",2,"4,76","2,04","2,17","5,38","3,38"
24,JA,112,"6,75",7,1,1,79,5,9,,6,8,,6,"5,2","1,5","1,8","4,69","4,82","1,75","2,33","5,17","3,25","5,25","5,25",5,"3,75","3,5","2,5","5,8","4,33",0,"2,67","5,2","5,5","2,5","4,25","5,25","3,25",6,"5,75","5,75","4,25","3,25",2,"4,76","2,04","2,17","5,38","3,38"
25,ED,1,7,7,1,1,100,2,,,8,,,"5,17",5,"1,25",2,"4,44","5,53","2,31","2,07","5,83","2,25",6,6,"5,5","2,75","1,5","2,5",6,"1,67","0,33","4,33",6,"6,25","1,5",3,6,"1,75",6,6,6,"3,25",2,4,"4,98","2,19",1,"6,13","2,25"
25,ED,2,7,7,1,1,100,2,,,8,,,"5,17",5,"1,25",2,"4,44","5,53","2,31","2,07","5,83","2,25",6,6,"5,5","2,75","1,5","2,5",6,"1,67","0,33","4,33",6,"6,25","1,5",3,6,"1,75",6,6,6,"3,25",2,4,"4,98","2,19",1,"6,13","2,25"
25,ED,3,7,7,1,1,100,2,,,8,,,"5,17",5,"1,25",2,"4,44","5,53","2,31","2,07","5,83","2,25",6,6,"5,5","2,75","1,5","2,5",6,"1,67","0,33","4,33",6,"6,25","1,5",3,6,"1,75",6,6,6,"3,25",2,4,"4,98","2,19",1,"6,13","2,25"
25,ED,4,7,7,1,1,100,2,,,8,,,"5,17",5,"1,25",2,"4,44","5,53","2,31","2,07","5,83","2,25",6,6,"5,5","2,75","1,5","2,5",6,"1,67","0,33","4,33",6,"6,25","1,5",3,6,"1,75",6,6,6,"3,25",2,4,"4,98","2,19",1,"6,13","2,25"
25,ED,5,7,7,1,1,100,2,,,8,,,"5,17",5,"1,25",2,"4,44","5,53","2,31","2,07","5,83","2,25",6,6,"5,5","2,75","1,5","2,5",6,"1,67","0,33","4,33",6,"6,25","1,5",3,6,"1,75",6,6,6,"3,25",2,4,"4,98","2,19",1,"6,13","2,25"
25,ED,6,6,7,1,1,96,5,,,,,,"5,17",5,"1,25",2,"4,44","5,53","2,31","2,07","5,83","2,25",6,6,"5,5","2,75","1,5","2,5",6,"1,67","0,33","4,33",6,"6,25","1,5",3,6,"1,75",6,6,6,"3,25",2,4,"4,98","2,19",1,"6,13","2,25"
25,ED,7,6,7,1,1,100,5,,,,,,"5,17",5,"1,25",2,"4,44","5,53","2,31","2,07","5,83","2,25",6,6,"5,5","2,75","1,5","2,5",6,"1,67","0,33","4,33",6,"6,25","1,5",3,6,"1,75",6,6,6,"3,25",2,4,"4,98","2,19",1,"6,13","2,25"
25,ED,8,6,7,1,1,98,5,,,,,,"5,17",5,"1,25",2,"4,44","5,53","2,31","2,07","5,83","2,25",6,6,"5,5","2,75","1,5","2,5",6,"1,67","0,33","4,33",6,"6,25","1,5",3,6,"1,75",6,6,6,"3,25",2,4,"4,98","2,19",1,"6,13","2,25"
25,ED,9,6,7,1,1,100,5,,,,,,"5,17",5,"1,25",2,"4,44","5,53","2,31","2,07","5,83","2,25",6,6,"5,5","2,75","1,5","2,5",6,"1,67","0,33","4,33",6,"6,25","1,5",3,6,"1,75",6,6,6,"3,25",2,4,"4,98","2,19",1,"6,13","2,25"
25,ED,10,6,7,1,1,98,5,,,,,,"5,17",5,"1,25",2,"4,44","5,53","2,31","2,07","5,83","2,25",6,6,"5,5","2,75","1,5","2,5",6,"1,67","0,33","4,33",6,"6,25","1,5",3,6,"1,75",6,6,6,"3,25",2,4,"4,98","2,19",1,"6,13","2,25"
25,ED,11,7,7,1,1,94,5,,,9,,,"5,17",5,"1,25",2,"4,44","5,53","2,31","2,07","5,83","2,25",6,6,"5,5","2,75","1,5","2,5",6,"1,67","0,33","4,33",6,"6,25","1,5",3,6,"1,75",6,6,6,"3,25",2,4,"4,98","2,19",1,"6,13","2,25"
25,ED,12,7,7,1,1,81,5,,,9,,,"5,17",5,"1,25",2,"4,44","5,53","2,31","2,07","5,83","2,25",6,6,"5,5","2,75","1,5","2,5",6,"1,67","0,33","4,33",6,"6,25","1,5",3,6,"1,75",6,6,6,"3,25",2,4,"4,98","2,19",1,"6,13","2,25"
25,ED,13,7,7,1,1,81,5,,,9,,,"5,17",5,"1,25",2,"4,44","5,53","2,31","2,07","5,83","2,25",6,6,"5,5","2,75","1,5","2,5",6,"1,67","0,33","4,33",6,"6,25","1,5",3,6,"1,75",6,6,6,"3,25",2,4,"4,98","2,19",1,"6,13","2,25"
25,ED,14,7,7,1,1,88,5,,,9,,,"5,17",5,"1,25",2,"4,44","5,53","2,31","2,07","5,83","2,25",6,6,"5,5","2,75","1,5","2,5",6,"1,67","0,33","4,33",6,"6,25","1,5",3,6,"1,75",6,6,6,"3,25",2,4,"4,98","2,19",1,"6,13","2,25"
25,ED,15,7,7,1,1,94,5,,,9,,,"5,17",5,"1,25",2,"4,44","5,53","2,31","2,07","5,83","2,25",6,6,"5,5","2,75","1,5","2,5",6,"1,67","0,33","4,33",6,"6,25","1,5",3,6,"1,75",6,6,6,"3,25",2,4,"4,98","2,19",1,"6,13","2,25"
25,ED,16,7,7,1,1,81,5,,,9,,,"5,17",5,"1,25",2,"4,44","5,53","2,31","2,07","5,83","2,25",6,6,"5,5","2,75","1,5","2,5",6,"1,67","0,33","4,33",6,"6,25","1,5",3,6,"1,75",6,6,6,"3,25",2,4,"4,98","2,19",1,"6,13","2,25"
25,ED,17,7,7,1,1,76,5,,,9,,,"5,17",5,"1,25",2,"4,44","5,53","2,31","2,07","5,83","2,25",6,6,"5,5","2,75","1,5","2,5",6,"1,67","0,33","4,33",6,"6,25","1,5",3,6,"1,75",6,6,6,"3,25",2,4,"4,98","2,19",1,"6,13","2,25"
25,ED,18,7,7,1,1,81,5,,,9,,,"5,17",5,"1,25",2,"4,44","5,53","2,31","2,07","5,83","2,25",6,6,"5,5","2,75","1,5","2,5",6,"1,67","0,33","4,33",6,"6,25","1,5",3,6,"1,75",6,6,6,"3,25",2,4,"4,98","2,19",1,"6,13","2,25"
25,ED,19,7,7,1,1,90,5,,,9,,,"5,17",5,"1,25",2,"4,44","5,53","2,31","2,07","5,83","2,25",6,6,"5,5","2,75","1,5","2,5",6,"1,67","0,33","4,33",6,"6,25","1,5",3,6,"1,75",6,6,6,"3,25",2,4,"4,98","2,19",1,"6,13","2,25"
25,ED,20,7,7,1,1,71,5,,,9,,,"5,17",5,"1,25",2,"4,44","5,53","2,31","2,07","5,83","2,25",6,6,"5,5","2,75","1,5","2,5",6,"1,67","0,33","4,33",6,"6,25","1,5",3,6,"1,75",6,6,6,"3,25",2,4,"4,98","2,19",1,"6,13","2,25"
25,ED,21,7,7,1,1,70,5,,,9,,,"5,17",5,"1,25",2,"4,44","5,53","2,31","2,07","5,83","2,25",6,6,"5,5","2,75","1,5","2,5",6,"1,67","0,33","4,33",6,"6,25","1,5",3,6,"1,75",6,6,6,"3,25",2,4,"4,98","2,19",1,"6,13","2,25"
25,ED,22,7,7,1,1,76,5,,,9,,,"5,17",5,"1,25",2,"4,44","5,53","2,31","2,07","5,83","2,25",6,6,"5,5","2,75","1,5","2,5",6,"1,67","0,33","4,33",6,"6,25","1,5",3,6,"1,75",6,6,6,"3,25",2,4,"4,98","2,19",1,"6,13","2,25"
25,ED,23,7,7,1,1,95,5,,,9,,,"5,17",5,"1,25",2,"4,44","5,53","2,31","2,07","5,83","2,25",6,6,"5,5","2,75","1,5","2,5",6,"1,67","0,33","4,33",6,"6,25","1,5",3,6,"1,75",6,6,6,"3,25",2,4,"4,98","2,19",1,"6,13","2,25"
25,ED,24,7,7,1,1,87,5,,,9,,,"5,17",5,"1,25",2,"4,44","5,53","2,31","2,07","5,83","2,25",6,6,"5,5","2,75","1,5","2,5",6,"1,67","0,33","4,33",6,"6,25","1,5",3,6,"1,75",6,6,6,"3,25",2,4,"4,98","2,19",1,"6,13","2,25"
25,ED,25,7,7,1,1,86,5,,,9,,,"5,17",5,"1,25",2,"4,44","5,53","2,31","2,07","5,83","2,25",6,6,"5,5","2,75","1,5","2,5",6,"1,67","0,33","4,33",6,"6,25","1,5",3,6,"1,75",6,6,6,"3,25",2,4,"4,98","2,19",1,"6,13","2,25"
25,ED,26,7,7,1,1,78,5,,,9,,,"5,17",5,"1,25",2,"4,44","5,53","2,31","2,07","5,83","2,25",6,6,"5,5","2,75","1,5","2,5",6,"1,67","0,33","4,33",6,"6,25","1,5",3,6,"1,75",6,6,6,"3,25",2,4,"4,98","2,19",1,"6,13","2,25"
25,ED,27,7,7,1,1,84,5,,,9,,,"5,17",5,"1,25",2,"4,44","5,53","2,31","2,07","5,83","2,25",6,6,"5,5","2,75","1,5","2,5",6,"1,67","0,33","4,33",6,"6,25","1,5",3,6,"1,75",6,6,6,"3,25",2,4,"4,98","2,19",1,"6,13","2,25"
25,ED,28,7,7,1,1,80,5,,,9,,,"5,17",5,"1,25",2,"4,44","5,53","2,31","2,07","5,83","2,25",6,6,"5,5","2,75","1,5","2,5",6,"1,67","0,33","4,33",6,"6,25","1,5",3,6,"1,75",6,6,6,"3,25",2,4,"4,98","2,19",1,"6,13","2,25"
25,ED,29,7,7,1,1,82,5,,,9,,,"5,17",5,"1,25",2,"4,44","5,53","2,31","2,07","5,83","2,25",6,6,"5,5","2,75","1,5","2,5",6,"1,67","0,33","4,33",6,"6,25","1,5",3,6,"1,75",6,6,6,"3,25",2,4,"4,98","2,19",1,"6,13","2,25"
25,ED,30,7,7,1,1,85,5,,,9,,,"5,17",5,"1,25",2,"4,44","5,53","2,31","2,07","5,83","2,25",6,6,"5,5","2,75","1,5","2,5",6,"1,67","0,33","4,33",6,"6,25","1,5",3,6,"1,75",6,6,6,"3,25",2,4,"4,98","2,19",1,"6,13","2,25"
25,ED,31,7,7,1,1,75,5,,,1,,,"5,17",5,"1,25",2,"4,44","5,53","2,31","2,07","5,83","2,25",6,6,"5,5","2,75","1,5","2,5",6,"1,67","0,33","4,33",6,"6,25","1,5",3,6,"1,75",6,6,6,"3,25",2,4,"4,98","2,19",1,"6,13","2,25"
25,ED,32,7,7,1,1,74,5,,,1,,,"5,17",5,"1,25",2,"4,44","5,53","2,31","2,07","5,83","2,25",6,6,"5,5","2,75","1,5","2,5",6,"1,67","0,33","4,33",6,"6,25","1,5",3,6,"1,75",6,6,6,"3,25",2,4,"4,98","2,19",1,"6,13","2,25"
25,ED,33,7,7,1,1,85,5,,,1,,,"5,17",5,"1,25",2,"4,44","5,53","2,31","2,07","5,83","2,25",6,6,"5,5","2,75","1,5","2,5",6,"1,67","0,33","4,33",6,"6,25","1,5",3,6,"1,75",6,6,6,"3,25",2,4,"4,98","2,19",1,"6,13","2,25"
25,ED,34,7,7,1,1,74,5,,,1,,,"5,17",5,"1,25",2,"4,44","5,53","2,31","2,07","5,83","2,25",6,6,"5,5","2,75","1,5","2,5",6,"1,67","0,33","4,33",6,"6,25","1,5",3,6,"1,75",6,6,6,"3,25",2,4,"4,98","2,19",1,"6,13","2,25"
25,ED,35,7,7,1,1,80,5,,,1,,,"5,17",5,"1,25",2,"4,44","5,53","2,31","2,07","5,83","2,25",6,6,"5,5","2,75","1,5","2,5",6,"1,67","0,33","4,33",6,"6,25","1,5",3,6,"1,75",6,6,6,"3,25",2,4,"4,98","2,19",1,"6,13","2,25"
25,ED,36,7,7,1,1,88,5,,,9,,,"5,17",5,"1,25",2,"4,44","5,53","2,31","2,07","5,83","2,25",6,6,"5,5","2,75","1,5","2,5",6,"1,67","0,33","4,33",6,"6,25","1,5",3,6,"1,75",6,6,6,"3,25",2,4,"4,98","2,19",1,"6,13","2,25"
25,ED,37,7,7,1,1,100,5,,,9,,,"5,17",5,"1,25",2,"4,44","5,53","2,31","2,07","5,83","2,25",6,6,"5,5","2,75","1,5","2,5",6,"1,67","0,33","4,33",6,"6,25","1,5",3,6,"1,75",6,6,6,"3,25",2,4,"4,98","2,19",1,"6,13","2,25"
25,ED,38,7,7,1,1,84,5,,,9,,,"5,17",5,"1,25",2,"4,44","5,53","2,31","2,07","5,83","2,25",6,6,"5,5","2,75","1,5","2,5",6,"1,67","0,33","4,33",6,"6,25","1,5",3,6,"1,75",6,6,6,"3,25",2,4,"4,98","2,19",1,"6,13","2,25"
25,ED,39,7,7,1,1,75,5,,,9,,,"5,17",5,"1,25",2,"4,44","5,53","2,31","2,07","5,83","2,25",6,6,"5,5","2,75","1,5","2,5",6,"1,67","0,33","4,33",6,"6,25","1,5",3,6,"1,75",6,6,6,"3,25",2,4,"4,98","2,19",1,"6,13","2,25"
25,ED,40,7,7,1,1,73,5,,,9,,,"5,17",5,"1,25",2,"4,44","5,53","2,31","2,07","5,83","2,25",6,6,"5,5","2,75","1,5","2,5",6,"1,67","0,33","4,33",6,"6,25","1,5",3,6,"1,75",6,6,6,"3,25",2,4,"4,98","2,19",1,"6,13","2,25"
25,ED,41,7,7,1,1,73,5,,,9,,,"5,17",5,"1,25",2,"4,44","5,53","2,31","2,07","5,83","2,25",6,6,"5,5","2,75","1,5","2,5",6,"1,67","0,33","4,33",6,"6,25","1,5",3,6,"1,75",6,6,6,"3,25",2,4,"4,98","2,19",1,"6,13","2,25"
25,ED,42,7,7,1,1,78,5,,,9,,,"5,17",5,"1,25",2,"4,44","5,53","2,31","2,07","5,83","2,25",6,6,"5,5","2,75","1,5","2,5",6,"1,67","0,33","4,33",6,"6,25","1,5",3,6,"1,75",6,6,6,"3,25",2,4,"4,98","2,19",1,"6,13","2,25"
25,ED,43,7,7,1,1,78,5,,,9,,,"5,17",5,"1,25",2,"4,44","5,53","2,31","2,07","5,83","2,25",6,6,"5,5","2,75","1,5","2,5",6,"1,67","0,33","4,33",6,"6,25","1,5",3,6,"1,75",6,6,6,"3,25",2,4,"4,98","2,19",1,"6,13","2,25"
25,ED,44,7,7,1,1,73,5,,,9,,,"5,17",5,"1,25",2,"4,44","5,53","2,31","2,07","5,83","2,25",6,6,"5,5","2,75","1,5","2,5",6,"1,67","0,33","4,33",6,"6,25","1,5",3,6,"1,75",6,6,6,"3,25",2,4,"4,98","2,19",1,"6,13","2,25"
25,ED,45,7,7,1,1,61,5,,,9,,,"5,17",5,"1,25",2,"4,44","5,53","2,31","2,07","5,83","2,25",6,6,"5,5","2,75","1,5","2,5",6,"1,67","0,33","4,33",6,"6,25","1,5",3,6,"1,75",6,6,6,"3,25",2,4,"4,98","2,19",1,"6,13","2,25"
25,ED,46,7,7,1,1,71,5,,,9,,,"5,17",5,"1,25",2,"4,44","5,53","2,31","2,07","5,83","2,25",6,6,"5,5","2,75","1,5","2,5",6,"1,67","0,33","4,33",6,"6,25","1,5",3,6,"1,75",6,6,6,"3,25",2,4,"4,98","2,19",1,"6,13","2,25"
25,ED,47,7,7,1,1,73,5,,,9,,,"5,17",5,"1,25",2,"4,44","5,53","2,31","2,07","5,83","2,25",6,6,"5,5","2,75","1,5","2,5",6,"1,67","0,33","4,33",6,"6,25","1,5",3,6,"1,75",6,6,6,"3,25",2,4,"4,98","2,19",1,"6,13","2,25"
25,ED,48,7,7,1,1,76,5,,,9,,,"5,17",5,"1,25",2,"4,44","5,53","2,31","2,07","5,83","2,25",6,6,"5,5","2,75","1,5","2,5",6,"1,67","0,33","4,33",6,"6,25","1,5",3,6,"1,75",6,6,6,"3,25",2,4,"4,98","2,19",1,"6,13","2,25"
25,ED,49,7,7,1,1,67,5,,,9,,,"5,17",5,"1,25",2,"4,44","5,53","2,31","2,07","5,83","2,25",6,6,"5,5","2,75","1,5","2,5",6,"1,67","0,33","4,33",6,"6,25","1,5",3,6,"1,75",6,6,6,"3,25",2,4,"4,98","2,19",1,"6,13","2,25"
25,ED,50,7,7,1,1,84,5,,,9,,,"5,17",5,"1,25",2,"4,44","5,53","2,31","2,07","5,83","2,25",6,6,"5,5","2,75","1,5","2,5",6,"1,67","0,33","4,33",6,"6,25","1,5",3,6,"1,75",6,6,6,"3,25",2,4,"4,98","2,19",1,"6,13","2,25"
25,ED,51,7,"6,333333333",1,1,75,5,,,6,,,"5,17",5,"1,25",2,"4,44","5,53","2,31","2,07","5,83","2,25",6,6,"5,5","2,75","1,5","2,5",6,"1,67","0,33","4,33",6,"6,25","1,5",3,6,"1,75",6,6,6,"3,25",2,4,"4,98","2,19",1,"6,13","2,25"
25,ED,52,7,"6,333333333",1,1,71,5,,,6,,,"5,17",5,"1,25",2,"4,44","5,53","2,31","2,07","5,83","2,25",6,6,"5,5","2,75","1,5","2,5",6,"1,67","0,33","4,33",6,"6,25","1,5",3,6,"1,75",6,6,6,"3,25",2,4,"4,98","2,19",1,"6,13","2,25"
25,ED,53,7,"6,333333333",1,1,78,5,,,6,,,"5,17",5,"1,25",2,"4,44","5,53","2,31","2,07","5,83","2,25",6,6,"5,5","2,75","1,5","2,5",6,"1,67","0,33","4,33",6,"6,25","1,5",3,6,"1,75",6,6,6,"3,25",2,4,"4,98","2,19",1,"6,13","2,25"
25,ED,54,7,"6,333333333",1,1,72,5,,,6,,,"5,17",5,"1,25",2,"4,44","5,53","2,31","2,07","5,83","2,25",6,6,"5,5","2,75","1,5","2,5",6,"1,67","0,33","4,33",6,"6,25","1,5",3,6,"1,75",6,6,6,"3,25",2,4,"4,98","2,19",1,"6,13","2,25"
25,ED,55,7,"6,333333333",1,1,63,5,,,6,,,"5,17",5,"1,25",2,"4,44","5,53","2,31","2,07","5,83","2,25",6,6,"5,5","2,75","1,5","2,5",6,"1,67","0,33","4,33",6,"6,25","1,5",3,6,"1,75",6,6,6,"3,25",2,4,"4,98","2,19",1,"6,13","2,25"
25,ED,56,7,7,1,1,63,5,,,6,,,"5,17",5,"1,25",2,"4,44","5,53","2,31","2,07","5,83","2,25",6,6,"5,5","2,75","1,5","2,5",6,"1,67","0,33","4,33",6,"6,25","1,5",3,6,"1,75",6,6,6,"3,25",2,4,"4,98","2,19",1,"6,13","2,25"
25,ED,57,7,7,1,1,65,5,,,6,,,"5,17",5,"1,25",2,"4,44","5,53","2,31","2,07","5,83","2,25",6,6,"5,5","2,75","1,5","2,5",6,"1,67","0,33","4,33",6,"6,25","1,5",3,6,"1,75",6,6,6,"3,25",2,4,"4,98","2,19",1,"6,13","2,25"
25,ED,58,7,7,1,1,78,5,,,6,,,"5,17",5,"1,25",2,"4,44","5,53","2,31","2,07","5,83","2,25",6,6,"5,5","2,75","1,5","2,5",6,"1,67","0,33","4,33",6,"6,25","1,5",3,6,"1,75",6,6,6,"3,25",2,4,"4,98","2,19",1,"6,13","2,25"
25,ED,59,7,7,1,1,61,5,,,6,,,"5,17",5,"1,25",2,"4,44","5,53","2,31","2,07","5,83","2,25",6,6,"5,5","2,75","1,5","2,5",6,"1,67","0,33","4,33",6,"6,25","1,5",3,6,"1,75",6,6,6,"3,25",2,4,"4,98","2,19",1,"6,13","2,25"
25,ED,60,7,7,1,1,74,5,,,6,,,"5,17",5,"1,25",2,"4,44","5,53","2,31","2,07","5,83","2,25",6,6,"5,5","2,75","1,5","2,5",6,"1,67","0,33","4,33",6,"6,25","1,5",3,6,"1,75",6,6,6,"3,25",2,4,"4,98","2,19",1,"6,13","2,25"
25,ED,61,"6,333333333","6,333333333",1,1,76,5,,,6,,,"5,17",5,"1,25",2,"4,44","5,53","2,31","2,07","5,83","2,25",6,6,"5,5","2,75","1,5","2,5",6,"1,67","0,33","4,33",6,"6,25","1,5",3,6,"1,75",6,6,6,"3,25",2,4,"4,98","2,19",1,"6,13","2,25"
25,ED,62,"6,333333333","6,333333333",1,1,71,5,,,6,,,"5,17",5,"1,25",2,"4,44","5,53","2,31","2,07","5,83","2,25",6,6,"5,5","2,75","1,5","2,5",6,"1,67","0,33","4,33",6,"6,25","1,5",3,6,"1,75",6,6,6,"3,25",2,4,"4,98","2,19",1,"6,13","2,25"
25,ED,63,"6,333333333","6,333333333",1,1,77,5,,,6,,,"5,17",5,"1,25",2,"4,44","5,53","2,31","2,07","5,83","2,25",6,6,"5,5","2,75","1,5","2,5",6,"1,67","0,33","4,33",6,"6,25","1,5",3,6,"1,75",6,6,6,"3,25",2,4,"4,98","2,19",1,"6,13","2,25"
25,ED,64,"6,333333333","6,333333333",1,1,91,5,,,6,,,"5,17",5,"1,25",2,"4,44","5,53","2,31","2,07","5,83","2,25",6,6,"5,5","2,75","1,5","2,5",6,"1,67","0,33","4,33",6,"6,25","1,5",3,6,"1,75",6,6,6,"3,25",2,4,"4,98","2,19",1,"6,13","2,25"
25,ED,65,"6,333333333","6,333333333",1,1,93,5,,,6,,,"5,17",5,"1,25",2,"4,44","5,53","2,31","2,07","5,83","2,25",6,6,"5,5","2,75","1,5","2,5",6,"1,67","0,33","4,33",6,"6,25","1,5",3,6,"1,75",6,6,6,"3,25",2,4,"4,98","2,19",1,"6,13","2,25"
25,ED,66,"6,333333333","6,333333333",1,1,78,5,,,6,,,"5,17",5,"1,25",2,"4,44","5,53","2,31","2,07","5,83","2,25",6,6,"5,5","2,75","1,5","2,5",6,"1,67","0,33","4,33",6,"6,25","1,5",3,6,"1,75",6,6,6,"3,25",2,4,"4,98","2,19",1,"6,13","2,25"
25,ED,67,"6,333333333","6,333333333",1,1,87,5,,,6,,,"5,17",5,"1,25",2,"4,44","5,53","2,31","2,07","5,83","2,25",6,6,"5,5","2,75","1,5","2,5",6,"1,67","0,33","4,33",6,"6,25","1,5",3,6,"1,75",6,6,6,"3,25",2,4,"4,98","2,19",1,"6,13","2,25"
25,ED,68,"6,333333333","6,333333333",1,1,80,5,,,6,,,"5,17",5,"1,25",2,"4,44","5,53","2,31","2,07","5,83","2,25",6,6,"5,5","2,75","1,5","2,5",6,"1,67","0,33","4,33",6,"6,25","1,5",3,6,"1,75",6,6,6,"3,25",2,4,"4,98","2,19",1,"6,13","2,25"
25,ED,69,"6,333333333","6,333333333",1,1,83,5,,,6,,,"5,17",5,"1,25",2,"4,44","5,53","2,31","2,07","5,83","2,25",6,6,"5,5","2,75","1,5","2,5",6,"1,67","0,33","4,33",6,"6,25","1,5",3,6,"1,75",6,6,6,"3,25",2,4,"4,98","2,19",1,"6,13","2,25"
25,ED,70,"6,333333333","6,333333333",1,1,76,5,,,6,,,"5,17",5,"1,25",2,"4,44","5,53","2,31","2,07","5,83","2,25",6,6,"5,5","2,75","1,5","2,5",6,"1,67","0,33","4,33",6,"6,25","1,5",3,6,"1,75",6,6,6,"3,25",2,4,"4,98","2,19",1,"6,13","2,25"
25,ED,71,7,7,1,1,78,5,,,9,,,"5,17",5,"1,25",2,"4,44","5,53","2,31","2,07","5,83","2,25",6,6,"5,5","2,75","1,5","2,5",6,"1,67","0,33","4,33",6,"6,25","1,5",3,6,"1,75",6,6,6,"3,25",2,4,"4,98","2,19",1,"6,13","2,25"
25,ED,72,7,7,1,1,79,5,,,9,,,"5,17",5,"1,25",2,"4,44","5,53","2,31","2,07","5,83","2,25",6,6,"5,5","2,75","1,5","2,5",6,"1,67","0,33","4,33",6,"6,25","1,5",3,6,"1,75",6,6,6,"3,25",2,4,"4,98","2,19",1,"6,13","2,25"
25,ED,73,7,7,1,1,75,5,,,9,,,"5,17",5,"1,25",2,"4,44","5,53","2,31","2,07","5,83","2,25",6,6,"5,5","2,75","1,5","2,5",6,"1,67","0,33","4,33",6,"6,25","1,5",3,6,"1,75",6,6,6,"3,25",2,4,"4,98","2,19",1,"6,13","2,25"
25,ED,74,7,7,1,1,68,5,,,9,,,"5,17",5,"1,25",2,"4,44","5,53","2,31","2,07","5,83","2,25",6,6,"5,5","2,75","1,5","2,5",6,"1,67","0,33","4,33",6,"6,25","1,5",3,6,"1,75",6,6,6,"3,25",2,4,"4,98","2,19",1,"6,13","2,25"
25,ED,75,7,7,1,1,72,5,,,9,,,"5,17",5,"1,25",2,"4,44","5,53","2,31","2,07","5,83","2,25",6,6,"5,5","2,75","1,5","2,5",6,"1,67","0,33","4,33",6,"6,25","1,5",3,6,"1,75",6,6,6,"3,25",2,4,"4,98","2,19",1,"6,13","2,25"
25,ED,76,"6,333333333",7,"1,666666667",1,76,5,,,,,,"5,17",5,"1,25",2,"4,44","5,53","2,31","2,07","5,83","2,25",6,6,"5,5","2,75","1,5","2,5",6,"1,67","0,33","4,33",6,"6,25","1,5",3,6,"1,75",6,6,6,"3,25",2,4,"4,98","2,19",1,"6,13","2,25"
25,ED,77,"6,333333333",7,"1,666666667",1,75,5,,,,,,"5,17",5,"1,25",2,"4,44","5,53","2,31","2,07","5,83","2,25",6,6,"5,5","2,75","1,5","2,5",6,"1,67","0,33","4,33",6,"6,25","1,5",3,6,"1,75",6,6,6,"3,25",2,4,"4,98","2,19",1,"6,13","2,25"
25,ED,78,"6,333333333",7,"1,666666667",1,68,5,,,,,,"5,17",5,"1,25",2,"4,44","5,53","2,31","2,07","5,83","2,25",6,6,"5,5","2,75","1,5","2,5",6,"1,67","0,33","4,33",6,"6,25","1,5",3,6,"1,75",6,6,6,"3,25",2,4,"4,98","2,19",1,"6,13","2,25"
25,ED,79,"6,333333333",7,"1,666666667",1,63,5,,,,,,"5,17",5,"1,25",2,"4,44","5,53","2,31","2,07","5,83","2,25",6,6,"5,5","2,75","1,5","2,5",6,"1,67","0,33","4,33",6,"6,25","1,5",3,6,"1,75",6,6,6,"3,25",2,4,"4,98","2,19",1,"6,13","2,25"
25,ED,80,"6,333333333",7,"1,666666667",1,65,5,,,,,,"5,17",5,"1,25",2,"4,44","5,53","2,31","2,07","5,83","2,25",6,6,"5,5","2,75","1,5","2,5",6,"1,67","0,33","4,33",6,"6,25","1,5",3,6,"1,75",6,6,6,"3,25",2,4,"4,98","2,19",1,"6,13","2,25"
25,ED,81,"6,333333333","6,333333333",1,1,58,5,,,6,,,"5,17",5,"1,25",2,"4,44","5,53","2,31","2,07","5,83","2,25",6,6,"5,5","2,75","1,5","2,5",6,"1,67","0,33","4,33",6,"6,25","1,5",3,6,"1,75",6,6,6,"3,25",2,4,"4,98","2,19",1,"6,13","2,25"
25,ED,82,"6,333333333","6,333333333",1,1,77,5,,,6,,,"5,17",5,"1,25",2,"4,44","5,53","2,31","2,07","5,83","2,25",6,6,"5,5","2,75","1,5","2,5",6,"1,67","0,33","4,33",6,"6,25","1,5",3,6,"1,75",6,6,6,"3,25",2,4,"4,98","2,19",1,"6,13","2,25"
25,ED,83,"6,333333333","6,333333333",1,1,61,5,,,6,,,"5,17",5,"1,25",2,"4,44","5,53","2,31","2,07","5,83","2,25",6,6,"5,5","2,75","1,5","2,5",6,"1,67","0,33","4,33",6,"6,25","1,5",3,6,"1,75",6,6,6,"3,25",2,4,"4,98","2,19",1,"6,13","2,25"
25,ED,84,"6,333333333","6,333333333",1,1,65,5,,,6,,,"5,17",5,"1,25",2,"4,44","5,53","2,31","2,07","5,83","2,25",6,6,"5,5","2,75","1,5","2,5",6,"1,67","0,33","4,33",6,"6,25","1,5",3,6,"1,75",6,6,6,"3,25",2,4,"4,98","2,19",1,"6,13","2,25"
25,ED,85,"6,333333333","6,333333333",1,1,72,5,,,6,,,"5,17",5,"1,25",2,"4,44","5,53","2,31","2,07","5,83","2,25",6,6,"5,5","2,75","1,5","2,5",6,"1,67","0,33","4,33",6,"6,25","1,5",3,6,"1,75",6,6,6,"3,25",2,4,"4,98","2,19",1,"6,13","2,25"
25,ED,86,"6,333333333",7,1,1,67,5,,,,,,"5,17",5,"1,25",2,"4,44","5,53","2,31","2,07","5,83","2,25",6,6,"5,5","2,75","1,5","2,5",6,"1,67","0,33","4,33",6,"6,25","1,5",3,6,"1,75",6,6,6,"3,25",2,4,"4,98","2,19",1,"6,13","2,25"
25,ED,87,"6,333333333",7,1,1,52,5,,,,,,"5,17",5,"1,25",2,"4,44","5,53","2,31","2,07","5,83","2,25",6,6,"5,5","2,75","1,5","2,5",6,"1,67","0,33","4,33",6,"6,25","1,5",3,6,"1,75",6,6,6,"3,25",2,4,"4,98","2,19",1,"6,13","2,25"
25,ED,88,"6,333333333",7,1,1,57,5,,,,,,"5,17",5,"1,25",2,"4,44","5,53","2,31","2,07","5,83","2,25",6,6,"5,5","2,75","1,5","2,5",6,"1,67","0,33","4,33",6,"6,25","1,5",3,6,"1,75",6,6,6,"3,25",2,4,"4,98","2,19",1,"6,13","2,25"
25,ED,89,"6,333333333",7,1,1,64,5,,,,,,"5,17",5,"1,25",2,"4,44","5,53","2,31","2,07","5,83","2,25",6,6,"5,5","2,75","1,5","2,5",6,"1,67","0,33","4,33",6,"6,25","1,5",3,6,"1,75",6,6,6,"3,25",2,4,"4,98","2,19",1,"6,13","2,25"
25,ED,90,"6,333333333",7,1,1,61,5,,,,,,"5,17",5,"1,25",2,"4,44","5,53","2,31","2,07","5,83","2,25",6,6,"5,5","2,75","1,5","2,5",6,"1,67","0,33","4,33",6,"6,25","1,5",3,6,"1,75",6,6,6,"3,25",2,4,"4,98","2,19",1,"6,13","2,25"
25,ED,91,"6,666666667",7,1,1,63,5,,,6,,,"5,17",5,"1,25",2,"4,44","5,53","2,31","2,07","5,83","2,25",6,6,"5,5","2,75","1,5","2,5",6,"1,67","0,33","4,33",6,"6,25","1,5",3,6,"1,75",6,6,6,"3,25",2,4,"4,98","2,19",1,"6,13","2,25"
25,ED,92,"6,666666667",7,1,1,59,5,,,6,,,"5,17",5,"1,25",2,"4,44","5,53","2,31","2,07","5,83","2,25",6,6,"5,5","2,75","1,5","2,5",6,"1,67","0,33","4,33",6,"6,25","1,5",3,6,"1,75",6,6,6,"3,25",2,4,"4,98","2,19",1,"6,13","2,25"
25,ED,93,"6,666666667",7,1,1,62,5,,,6,,,"5,17",5,"1,25",2,"4,44","5,53","2,31","2,07","5,83","2,25",6,6,"5,5","2,75","1,5","2,5",6,"1,67","0,33","4,33",6,"6,25","1,5",3,6,"1,75",6,6,6,"3,25",2,4,"4,98","2,19",1,"6,13","2,25"
25,ED,94,"6,666666667",7,1,1,57,5,,,6,,,"5,17",5,"1,25",2,"4,44","5,53","2,31","2,07","5,83","2,25",6,6,"5,5","2,75","1,5","2,5",6,"1,67","0,33","4,33",6,"6,25","1,5",3,6,"1,75",6,6,6,"3,25",2,4,"4,98","2,19",1,"6,13","2,25"
25,ED,95,"6,666666667",7,1,1,61,5,,,6,,,"5,17",5,"1,25",2,"4,44","5,53","2,31","2,07","5,83","2,25",6,6,"5,5","2,75","1,5","2,5",6,"1,67","0,33","4,33",6,"6,25","1,5",3,6,"1,75",6,6,6,"3,25",2,4,"4,98","2,19",1,"6,13","2,25"
25,ED,96,7,"6,666666667",1,1,60,5,,,6,,,"5,17",5,"1,25",2,"4,44","5,53","2,31","2,07","5,83","2,25",6,6,"5,5","2,75","1,5","2,5",6,"1,67","0,33","4,33",6,"6,25","1,5",3,6,"1,75",6,6,6,"3,25",2,4,"4,98","2,19",1,"6,13","2,25"
25,ED,97,7,"6,666666667",1,1,62,5,,,6,,,"5,17",5,"1,25",2,"4,44","5,53","2,31","2,07","5,83","2,25",6,6,"5,5","2,75","1,5","2,5",6,"1,67","0,33","4,33",6,"6,25","1,5",3,6,"1,75",6,6,6,"3,25",2,4,"4,98","2,19",1,"6,13","2,25"
25,ED,98,7,"6,666666667",1,1,73,5,,,6,,,"5,17",5,"1,25",2,"4,44","5,53","2,31","2,07","5,83","2,25",6,6,"5,5","2,75","1,5","2,5",6,"1,67","0,33","4,33",6,"6,25","1,5",3,6,"1,75",6,6,6,"3,25",2,4,"4,98","2,19",1,"6,13","2,25"
25,ED,99,7,"6,666666667",1,1,73,5,,,6,,,"5,17",5,"1,25",2,"4,44","5,53","2,31","2,07","5,83","2,25",6,6,"5,5","2,75","1,5","2,5",6,"1,67","0,33","4,33",6,"6,25","1,5",3,6,"1,75",6,6,6,"3,25",2,4,"4,98","2,19",1,"6,13","2,25"
25,ED,100,7,"6,666666667",1,1,62,5,,,6,,,"5,17",5,"1,25",2,"4,44","5,53","2,31","2,07","5,83","2,25",6,6,"5,5","2,75","1,5","2,5",6,"1,67","0,33","4,33",6,"6,25","1,5",3,6,"1,75",6,6,6,"3,25",2,4,"4,98","2,19",1,"6,13","2,25"
25,ED,101,"6,333333333","6,666666667",1,1,56,5,,,6,,,"5,17",5,"1,25",2,"4,44","5,53","2,31","2,07","5,83","2,25",6,6,"5,5","2,75","1,5","2,5",6,"1,67","0,33","4,33",6,"6,25","1,5",3,6,"1,75",6,6,6,"3,25",2,4,"4,98","2,19",1,"6,13","2,25"
25,ED,102,"6,333333333","6,666666667",1,1,63,5,,,6,,,"5,17",5,"1,25",2,"4,44","5,53","2,31","2,07","5,83","2,25",6,6,"5,5","2,75","1,5","2,5",6,"1,67","0,33","4,33",6,"6,25","1,5",3,6,"1,75",6,6,6,"3,25",2,4,"4,98","2,19",1,"6,13","2,25"
25,ED,103,"6,333333333","6,666666667",1,1,54,5,,,6,,,"5,17",5,"1,25",2,"4,44","5,53","2,31","2,07","5,83","2,25",6,6,"5,5","2,75","1,5","2,5",6,"1,67","0,33","4,33",6,"6,25","1,5",3,6,"1,75",6,6,6,"3,25",2,4,"4,98","2,19",1,"6,13","2,25"
25,ED,104,"6,333333333","6,666666667",1,1,48,5,,,6,,,"5,17",5,"1,25",2,"4,44","5,53","2,31","2,07","5,83","2,25",6,6,"5,5","2,75","1,5","2,5",6,"1,67","0,33","4,33",6,"6,25","1,5",3,6,"1,75",6,6,6,"3,25",2,4,"4,98","2,19",1,"6,13","2,25"
25,ED,105,"6,333333333","6,666666667",1,1,55,5,,,6,,,"5,17",5,"1,25",2,"4,44","5,53","2,31","2,07","5,83","2,25",6,6,"5,5","2,75","1,5","2,5",6,"1,67","0,33","4,33",6,"6,25","1,5",3,6,"1,75",6,6,6,"3,25",2,4,"4,98","2,19",1,"6,13","2,25"
25,ED,106,7,7,1,1,62,5,,,,,,"5,17",5,"1,25",2,"4,44","5,53","2,31","2,07","5,83","2,25",6,6,"5,5","2,75","1,5","2,5",6,"1,67","0,33","4,33",6,"6,25","1,5",3,6,"1,75",6,6,6,"3,25",2,4,"4,98","2,19",1,"6,13","2,25"
25,ED,107,7,7,1,1,59,5,,,,,,"5,17",5,"1,25",2,"4,44","5,53","2,31","2,07","5,83","2,25",6,6,"5,5","2,75","1,5","2,5",6,"1,67","0,33","4,33",6,"6,25","1,5",3,6,"1,75",6,6,6,"3,25",2,4,"4,98","2,19",1,"6,13","2,25"
25,ED,108,7,7,1,1,60,5,,,,,,"5,17",5,"1,25",2,"4,44","5,53","2,31","2,07","5,83","2,25",6,6,"5,5","2,75","1,5","2,5",6,"1,67","0,33","4,33",6,"6,25","1,5",3,6,"1,75",6,6,6,"3,25",2,4,"4,98","2,19",1,"6,13","2,25"
25,ED,109,7,7,1,1,50,5,,,,,,"5,17",5,"1,25",2,"4,44","5,53","2,31","2,07","5,83","2,25",6,6,"5,5","2,75","1,5","2,5",6,"1,67","0,33","4,33",6,"6,25","1,5",3,6,"1,75",6,6,6,"3,25",2,4,"4,98","2,19",1,"6,13","2,25"
25,ED,110,7,7,1,1,45,5,,,,,,"5,17",5,"1,25",2,"4,44","5,53","2,31","2,07","5,83","2,25",6,6,"5,5","2,75","1,5","2,5",6,"1,67","0,33","4,33",6,"6,25","1,5",3,6,"1,75",6,6,6,"3,25",2,4,"4,98","2,19",1,"6,13","2,25"
25,ED,111,7,7,1,1,67,5,9,,9,,,"5,17",5,"1,25",2,"4,44","5,53","2,31","2,07","5,83","2,25",6,6,"5,5","2,75","1,5","2,5",6,"1,67","0,33","4,33",6,"6,25","1,5",3,6,"1,75",6,6,6,"3,25",2,4,"4,98","2,19",1,"6,13","2,25"
25,ED,112,7,7,1,1,60,5,9,,9,,,"5,17",5,"1,25",2,"4,44","5,53","2,31","2,07","5,83","2,25",6,6,"5,5","2,75","1,5","2,5",6,"1,67","0,33","4,33",6,"6,25","1,5",3,6,"1,75",6,6,6,"3,25",2,4,"4,98","2,19",1,"6,13","2,25"
25,ED,113,7,7,1,1,55,5,9,,9,,,"5,17",5,"1,25",2,"4,44","5,53","2,31","2,07","5,83","2,25",6,6,"5,5","2,75","1,5","2,5",6,"1,67","0,33","4,33",6,"6,25","1,5",3,6,"1,75",6,6,6,"3,25",2,4,"4,98","2,19",1,"6,13","2,25"
25,ED,114,7,7,1,1,55,5,9,,9,,,"5,17",5,"1,25",2,"4,44","5,53","2,31","2,07","5,83","2,25",6,6,"5,5","2,75","1,5","2,5",6,"1,67","0,33","4,33",6,"6,25","1,5",3,6,"1,75",6,6,6,"3,25",2,4,"4,98","2,19",1,"6,13","2,25"
25,ED,115,7,7,1,1,46,5,9,,9,,,"5,17",5,"1,25",2,"4,44","5,53","2,31","2,07","5,83","2,25",6,6,"5,5","2,75","1,5","2,5",6,"1,67","0,33","4,33",6,"6,25","1,5",3,6,"1,75",6,6,6,"3,25",2,4,"4,98","2,19",1,"6,13","2,25"
25,ED,116,7,7,1,1,52,5,9,,9,,,"5,17",5,"1,25",2,"4,44","5,53","2,31","2,07","5,83","2,25",6,6,"5,5","2,75","1,5","2,5",6,"1,67","0,33","4,33",6,"6,25","1,5",3,6,"1,75",6,6,6,"3,25",2,4,"4,98","2,19",1,"6,13","2,25"
25,ED,117,7,7,1,1,53,5,9,,9,,,"5,17",5,"1,25",2,"4,44","5,53","2,31","2,07","5,83","2,25",6,6,"5,5","2,75","1,5","2,5",6,"1,67","0,33","4,33",6,"6,25","1,5",3,6,"1,75",6,6,6,"3,25",2,4,"4,98","2,19",1,"6,13","2,25"
26,JL,1,7,"6,333333333",1,1,100,2,4,,6,,,"4,83","4,8","1,25","1,8","3,75","4,12","1,13","1,73","5,33","1,75","5,25","5,5","5,25",3,1,"1,25","5,4",1,"0,67","4,33",6,"5,75",1,"1,25","5,5","1,25","4,5",6,"4,75",1,"1,75",4,"3,93","1,43","0,83","5,63","1,13"
26,JL,2,7,"6,333333333",1,1,100,2,4,,6,,,"4,83","4,8","1,25","1,8","3,75","4,12","1,13","1,73","5,33","1,75","5,25","5,5","5,25",3,1,"1,25","5,4",1,"0,67","4,33",6,"5,75",1,"1,25","5,5","1,25","4,5",6,"4,75",1,"1,75",4,"3,93","1,43","0,83","5,63","1,13"
26,JL,3,7,"6,333333333",1,1,100,2,4,,6,,,"4,83","4,8","1,25","1,8","3,75","4,12","1,13","1,73","5,33","1,75","5,25","5,5","5,25",3,1,"1,25","5,4",1,"0,67","4,33",6,"5,75",1,"1,25","5,5","1,25","4,5",6,"4,75",1,"1,75",4,"3,93","1,43","0,83","5,63","1,13"
26,JL,4,7,"6,333333333",1,1,100,2,4,,6,,,"4,83","4,8","1,25","1,8","3,75","4,12","1,13","1,73","5,33","1,75","5,25","5,5","5,25",3,1,"1,25","5,4",1,"0,67","4,33",6,"5,75",1,"1,25","5,5","1,25","4,5",6,"4,75",1,"1,75",4,"3,93","1,43","0,83","5,63","1,13"
26,JL,5,7,"6,333333333",1,1,100,2,4,,6,,,"4,83","4,8","1,25","1,8","3,75","4,12","1,13","1,73","5,33","1,75","5,25","5,5","5,25",3,1,"1,25","5,4",1,"0,67","4,33",6,"5,75",1,"1,25","5,5","1,25","4,5",6,"4,75",1,"1,75",4,"3,93","1,43","0,83","5,63","1,13"
26,JL,6,7,"6,333333333",1,1,100,4,,,6,,,"4,83","4,8","1,25","1,8","3,75","4,12","1,13","1,73","5,33","1,75","5,25","5,5","5,25",3,1,"1,25","5,4",1,"0,67","4,33",6,"5,75",1,"1,25","5,5","1,25","4,5",6,"4,75",1,"1,75",4,"3,93","1,43","0,83","5,63","1,13"
26,JL,7,7,"6,333333333",1,1,100,4,,,6,,,"4,83","4,8","1,25","1,8","3,75","4,12","1,13","1,73","5,33","1,75","5,25","5,5","5,25",3,1,"1,25","5,4",1,"0,67","4,33",6,"5,75",1,"1,25","5,5","1,25","4,5",6,"4,75",1,"1,75",4,"3,93","1,43","0,83","5,63","1,13"
26,JL,8,7,"6,333333333",1,1,100,4,,,6,,,"4,83","4,8","1,25","1,8","3,75","4,12","1,13","1,73","5,33","1,75","5,25","5,5","5,25",3,1,"1,25","5,4",1,"0,67","4,33",6,"5,75",1,"1,25","5,5","1,25","4,5",6,"4,75",1,"1,75",4,"3,93","1,43","0,83","5,63","1,13"
26,JL,9,7,"6,333333333",1,1,100,4,,,6,,,"4,83","4,8","1,25","1,8","3,75","4,12","1,13","1,73","5,33","1,75","5,25","5,5","5,25",3,1,"1,25","5,4",1,"0,67","4,33",6,"5,75",1,"1,25","5,5","1,25","4,5",6,"4,75",1,"1,75",4,"3,93","1,43","0,83","5,63","1,13"
26,JL,10,7,"6,333333333",1,1,100,4,,,6,,,"4,83","4,8","1,25","1,8","3,75","4,12","1,13","1,73","5,33","1,75","5,25","5,5","5,25",3,1,"1,25","5,4",1,"0,67","4,33",6,"5,75",1,"1,25","5,5","1,25","4,5",6,"4,75",1,"1,75",4,"3,93","1,43","0,83","5,63","1,13"
26,JL,11,7,"6,333333333",1,1,100,4,,,6,,,"4,83","4,8","1,25","1,8","3,75","4,12","1,13","1,73","5,33","1,75","5,25","5,5","5,25",3,1,"1,25","5,4",1,"0,67","4,33",6,"5,75",1,"1,25","5,5","1,25","4,5",6,"4,75",1,"1,75",4,"3,93","1,43","0,83","5,63","1,13"
26,JL,12,7,"6,333333333",1,1,100,4,,,6,,,"4,83","4,8","1,25","1,8","3,75","4,12","1,13","1,73","5,33","1,75","5,25","5,5","5,25",3,1,"1,25","5,4",1,"0,67","4,33",6,"5,75",1,"1,25","5,5","1,25","4,5",6,"4,75",1,"1,75",4,"3,93","1,43","0,83","5,63","1,13"
26,JL,13,7,"6,333333333",1,1,100,4,,,6,,,"4,83","4,8","1,25","1,8","3,75","4,12","1,13","1,73","5,33","1,75","5,25","5,5","5,25",3,1,"1,25","5,4",1,"0,67","4,33",6,"5,75",1,"1,25","5,5","1,25","4,5",6,"4,75",1,"1,75",4,"3,93","1,43","0,83","5,63","1,13"
26,JL,14,7,"6,333333333",1,1,100,4,,,6,,,"4,83","4,8","1,25","1,8","3,75","4,12","1,13","1,73","5,33","1,75","5,25","5,5","5,25",3,1,"1,25","5,4",1,"0,67","4,33",6,"5,75",1,"1,25","5,5","1,25","4,5",6,"4,75",1,"1,75",4,"3,93","1,43","0,83","5,63","1,13"
26,JL,15,7,"6,333333333",1,1,100,4,,,6,,,"4,83","4,8","1,25","1,8","3,75","4,12","1,13","1,73","5,33","1,75","5,25","5,5","5,25",3,1,"1,25","5,4",1,"0,67","4,33",6,"5,75",1,"1,25","5,5","1,25","4,5",6,"4,75",1,"1,75",4,"3,93","1,43","0,83","5,63","1,13"
26,JL,16,7,"6,333333333",1,1,100,4,,,6,,,"4,83","4,8","1,25","1,8","3,75","4,12","1,13","1,73","5,33","1,75","5,25","5,5","5,25",3,1,"1,25","5,4",1,"0,67","4,33",6,"5,75",1,"1,25","5,5","1,25","4,5",6,"4,75",1,"1,75",4,"3,93","1,43","0,83","5,63","1,13"
26,JL,17,7,"6,333333333",1,1,100,4,,,6,,,"4,83","4,8","1,25","1,8","3,75","4,12","1,13","1,73","5,33","1,75","5,25","5,5","5,25",3,1,"1,25","5,4",1,"0,67","4,33",6,"5,75",1,"1,25","5,5","1,25","4,5",6,"4,75",1,"1,75",4,"3,93","1,43","0,83","5,63","1,13"
26,JL,18,7,"6,333333333",1,1,100,4,,,6,,,"4,83","4,8","1,25","1,8","3,75","4,12","1,13","1,73","5,33","1,75","5,25","5,5","5,25",3,1,"1,25","5,4",1,"0,67","4,33",6,"5,75",1,"1,25","5,5","1,25","4,5",6,"4,75",1,"1,75",4,"3,93","1,43","0,83","5,63","1,13"
26,JL,19,7,"6,333333333",1,1,100,4,,,6,,,"4,83","4,8","1,25","1,8","3,75","4,12","1,13","1,73","5,33","1,75","5,25","5,5","5,25",3,1,"1,25","5,4",1,"0,67","4,33",6,"5,75",1,"1,25","5,5","1,25","4,5",6,"4,75",1,"1,75",4,"3,93","1,43","0,83","5,63","1,13"
26,JL,20,7,"6,333333333",1,1,100,4,,,6,,,"4,83","4,8","1,25","1,8","3,75","4,12","1,13","1,73","5,33","1,75","5,25","5,5","5,25",3,1,"1,25","5,4",1,"0,67","4,33",6,"5,75",1,"1,25","5,5","1,25","4,5",6,"4,75",1,"1,75",4,"3,93","1,43","0,83","5,63","1,13"
26,JL,21,"6,666666667","6,333333333",1,1,100,4,,,6,,,"4,83","4,8","1,25","1,8","3,75","4,12","1,13","1,73","5,33","1,75","5,25","5,5","5,25",3,1,"1,25","5,4",1,"0,67","4,33",6,"5,75",1,"1,25","5,5","1,25","4,5",6,"4,75",1,"1,75",4,"3,93","1,43","0,83","5,63","1,13"
26,JL,22,"6,666666667","6,333333333",1,1,100,4,,,6,,,"4,83","4,8","1,25","1,8","3,75","4,12","1,13","1,73","5,33","1,75","5,25","5,5","5,25",3,1,"1,25","5,4",1,"0,67","4,33",6,"5,75",1,"1,25","5,5","1,25","4,5",6,"4,75",1,"1,75",4,"3,93","1,43","0,83","5,63","1,13"
26,JL,23,"6,666666667","6,333333333",1,1,100,4,,,6,,,"4,83","4,8","1,25","1,8","3,75","4,12","1,13","1,73","5,33","1,75","5,25","5,5","5,25",3,1,"1,25","5,4",1,"0,67","4,33",6,"5,75",1,"1,25","5,5","1,25","4,5",6,"4,75",1,"1,75",4,"3,93","1,43","0,83","5,63","1,13"
26,JL,24,"6,666666667","6,333333333",1,1,100,4,,,6,,,"4,83","4,8","1,25","1,8","3,75","4,12","1,13","1,73","5,33","1,75","5,25","5,5","5,25",3,1,"1,25","5,4",1,"0,67","4,33",6,"5,75",1,"1,25","5,5","1,25","4,5",6,"4,75",1,"1,75",4,"3,93","1,43","0,83","5,63","1,13"
26,JL,25,"6,666666667","6,333333333",1,1,100,4,,,6,,,"4,83","4,8","1,25","1,8","3,75","4,12","1,13","1,73","5,33","1,75","5,25","5,5","5,25",3,1,"1,25","5,4",1,"0,67","4,33",6,"5,75",1,"1,25","5,5","1,25","4,5",6,"4,75",1,"1,75",4,"3,93","1,43","0,83","5,63","1,13"
26,JL,26,7,"6,333333333",1,1,100,4,,,6,,,"4,83","4,8","1,25","1,8","3,75","4,12","1,13","1,73","5,33","1,75","5,25","5,5","5,25",3,1,"1,25","5,4",1,"0,67","4,33",6,"5,75",1,"1,25","5,5","1,25","4,5",6,"4,75",1,"1,75",4,"3,93","1,43","0,83","5,63","1,13"
26,JL,27,7,"6,333333333",1,1,100,4,,,6,,,"4,83","4,8","1,25","1,8","3,75","4,12","1,13","1,73","5,33","1,75","5,25","5,5","5,25",3,1,"1,25","5,4",1,"0,67","4,33",6,"5,75",1,"1,25","5,5","1,25","4,5",6,"4,75",1,"1,75",4,"3,93","1,43","0,83","5,63","1,13"
26,JL,28,7,"6,333333333",1,1,100,4,,,6,,,"4,83","4,8","1,25","1,8","3,75","4,12","1,13","1,73","5,33","1,75","5,25","5,5","5,25",3,1,"1,25","5,4",1,"0,67","4,33",6,"5,75",1,"1,25","5,5","1,25","4,5",6,"4,75",1,"1,75",4,"3,93","1,43","0,83","5,63","1,13"
26,JL,29,7,"6,333333333",1,1,100,4,,,6,,,"4,83","4,8","1,25","1,8","3,75","4,12","1,13","1,73","5,33","1,75","5,25","5,5","5,25",3,1,"1,25","5,4",1,"0,67","4,33",6,"5,75",1,"1,25","5,5","1,25","4,5",6,"4,75",1,"1,75",4,"3,93","1,43","0,83","5,63","1,13"
26,JL,30,7,"6,333333333",1,1,100,4,,,6,,,"4,83","4,8","1,25","1,8","3,75","4,12","1,13","1,73","5,33","1,75","5,25","5,5","5,25",3,1,"1,25","5,4",1,"0,67","4,33",6,"5,75",1,"1,25","5,5","1,25","4,5",6,"4,75",1,"1,75",4,"3,93","1,43","0,83","5,63","1,13"
26,JL,31,7,7,1,1,100,4,,,9,,,"4,83","4,8","1,25","1,8","3,75","4,12","1,13","1,73","5,33","1,75","5,25","5,5","5,25",3,1,"1,25","5,4",1,"0,67","4,33",6,"5,75",1,"1,25","5,5","1,25","4,5",6,"4,75",1,"1,75",4,"3,93","1,43","0,83","5,63","1,13"
26,JL,32,7,7,1,1,100,4,,,9,,,"4,83","4,8","1,25","1,8","3,75","4,12","1,13","1,73","5,33","1,75","5,25","5,5","5,25",3,1,"1,25","5,4",1,"0,67","4,33",6,"5,75",1,"1,25","5,5","1,25","4,5",6,"4,75",1,"1,75",4,"3,93","1,43","0,83","5,63","1,13"
26,JL,33,7,7,1,1,99,4,,,9,,,"4,83","4,8","1,25","1,8","3,75","4,12","1,13","1,73","5,33","1,75","5,25","5,5","5,25",3,1,"1,25","5,4",1,"0,67","4,33",6,"5,75",1,"1,25","5,5","1,25","4,5",6,"4,75",1,"1,75",4,"3,93","1,43","0,83","5,63","1,13"
26,JL,34,7,7,1,1,86,4,,,9,,,"4,83","4,8","1,25","1,8","3,75","4,12","1,13","1,73","5,33","1,75","5,25","5,5","5,25",3,1,"1,25","5,4",1,"0,67","4,33",6,"5,75",1,"1,25","5,5","1,25","4,5",6,"4,75",1,"1,75",4,"3,93","1,43","0,83","5,63","1,13"
26,JL,35,7,7,1,1,84,4,,,9,,,"4,83","4,8","1,25","1,8","3,75","4,12","1,13","1,73","5,33","1,75","5,25","5,5","5,25",3,1,"1,25","5,4",1,"0,67","4,33",6,"5,75",1,"1,25","5,5","1,25","4,5",6,"4,75",1,"1,75",4,"3,93","1,43","0,83","5,63","1,13"
26,JL,36,"5,5",7,2,1,92,4,,,9,,,"4,83","4,8","1,25","1,8","3,75","4,12","1,13","1,73","5,33","1,75","5,25","5,5","5,25",3,1,"1,25","5,4",1,"0,67","4,33",6,"5,75",1,"1,25","5,5","1,25","4,5",6,"4,75",1,"1,75",4,"3,93","1,43","0,83","5,63","1,13"
26,JL,37,"5,5",7,2,1,100,4,,,9,,,"4,83","4,8","1,25","1,8","3,75","4,12","1,13","1,73","5,33","1,75","5,25","5,5","5,25",3,1,"1,25","5,4",1,"0,67","4,33",6,"5,75",1,"1,25","5,5","1,25","4,5",6,"4,75",1,"1,75",4,"3,93","1,43","0,83","5,63","1,13"
26,JL,38,"5,5",7,2,1,100,4,,,9,,,"4,83","4,8","1,25","1,8","3,75","4,12","1,13","1,73","5,33","1,75","5,25","5,5","5,25",3,1,"1,25","5,4",1,"0,67","4,33",6,"5,75",1,"1,25","5,5","1,25","4,5",6,"4,75",1,"1,75",4,"3,93","1,43","0,83","5,63","1,13"
26,JL,39,"5,5",7,2,1,100,4,,,9,,,"4,83","4,8","1,25","1,8","3,75","4,12","1,13","1,73","5,33","1,75","5,25","5,5","5,25",3,1,"1,25","5,4",1,"0,67","4,33",6,"5,75",1,"1,25","5,5","1,25","4,5",6,"4,75",1,"1,75",4,"3,93","1,43","0,83","5,63","1,13"
26,JL,40,"5,5",7,2,1,100,4,,,9,,,"4,83","4,8","1,25","1,8","3,75","4,12","1,13","1,73","5,33","1,75","5,25","5,5","5,25",3,1,"1,25","5,4",1,"0,67","4,33",6,"5,75",1,"1,25","5,5","1,25","4,5",6,"4,75",1,"1,75",4,"3,93","1,43","0,83","5,63","1,13"
26,JL,41,7,"6,666666667",1,1,100,4,,,6,,,"4,83","4,8","1,25","1,8","3,75","4,12","1,13","1,73","5,33","1,75","5,25","5,5","5,25",3,1,"1,25","5,4",1,"0,67","4,33",6,"5,75",1,"1,25","5,5","1,25","4,5",6,"4,75",1,"1,75",4,"3,93","1,43","0,83","5,63","1,13"
26,JL,42,7,"6,666666667",1,1,100,4,,,6,,,"4,83","4,8","1,25","1,8","3,75","4,12","1,13","1,73","5,33","1,75","5,25","5,5","5,25",3,1,"1,25","5,4",1,"0,67","4,33",6,"5,75",1,"1,25","5,5","1,25","4,5",6,"4,75",1,"1,75",4,"3,93","1,43","0,83","5,63","1,13"
26,JL,43,7,"6,666666667",1,1,100,4,,,6,,,"4,83","4,8","1,25","1,8","3,75","4,12","1,13","1,73","5,33","1,75","5,25","5,5","5,25",3,1,"1,25","5,4",1,"0,67","4,33",6,"5,75",1,"1,25","5,5","1,25","4,5",6,"4,75",1,"1,75",4,"3,93","1,43","0,83","5,63","1,13"
26,JL,44,7,"6,666666667",1,1,100,4,,,6,,,"4,83","4,8","1,25","1,8","3,75","4,12","1,13","1,73","5,33","1,75","5,25","5,5","5,25",3,1,"1,25","5,4",1,"0,67","4,33",6,"5,75",1,"1,25","5,5","1,25","4,5",6,"4,75",1,"1,75",4,"3,93","1,43","0,83","5,63","1,13"
26,JL,45,7,"6,666666667",1,1,100,4,,,6,,,"4,83","4,8","1,25","1,8","3,75","4,12","1,13","1,73","5,33","1,75","5,25","5,5","5,25",3,1,"1,25","5,4",1,"0,67","4,33",6,"5,75",1,"1,25","5,5","1,25","4,5",6,"4,75",1,"1,75",4,"3,93","1,43","0,83","5,63","1,13"
26,JL,46,7,7,1,1,100,4,,,9,,,"4,83","4,8","1,25","1,8","3,75","4,12","1,13","1,73","5,33","1,75","5,25","5,5","5,25",3,1,"1,25","5,4",1,"0,67","4,33",6,"5,75",1,"1,25","5,5","1,25","4,5",6,"4,75",1,"1,75",4,"3,93","1,43","0,83","5,63","1,13"
26,JL,47,7,7,1,1,100,4,,,9,,,"4,83","4,8","1,25","1,8","3,75","4,12","1,13","1,73","5,33","1,75","5,25","5,5","5,25",3,1,"1,25","5,4",1,"0,67","4,33",6,"5,75",1,"1,25","5,5","1,25","4,5",6,"4,75",1,"1,75",4,"3,93","1,43","0,83","5,63","1,13"
26,JL,48,7,7,1,1,100,4,,,9,,,"4,83","4,8","1,25","1,8","3,75","4,12","1,13","1,73","5,33","1,75","5,25","5,5","5,25",3,1,"1,25","5,4",1,"0,67","4,33",6,"5,75",1,"1,25","5,5","1,25","4,5",6,"4,75",1,"1,75",4,"3,93","1,43","0,83","5,63","1,13"
26,JL,49,7,7,1,1,100,4,,,9,,,"4,83","4,8","1,25","1,8","3,75","4,12","1,13","1,73","5,33","1,75","5,25","5,5","5,25",3,1,"1,25","5,4",1,"0,67","4,33",6,"5,75",1,"1,25","5,5","1,25","4,5",6,"4,75",1,"1,75",4,"3,93","1,43","0,83","5,63","1,13"
26,JL,50,7,7,1,1,100,4,,,9,,,"4,83","4,8","1,25","1,8","3,75","4,12","1,13","1,73","5,33","1,75","5,25","5,5","5,25",3,1,"1,25","5,4",1,"0,67","4,33",6,"5,75",1,"1,25","5,5","1,25","4,5",6,"4,75",1,"1,75",4,"3,93","1,43","0,83","5,63","1,13"
26,JL,51,6,"6,333333333",1,1,100,4,,,6,,,"4,83","4,8","1,25","1,8","3,75","4,12","1,13","1,73","5,33","1,75","5,25","5,5","5,25",3,1,"1,25","5,4",1,"0,67","4,33",6,"5,75",1,"1,25","5,5","1,25","4,5",6,"4,75",1,"1,75",4,"3,93","1,43","0,83","5,63","1,13"
26,JL,52,6,"6,333333333",1,1,100,4,,,6,,,"4,83","4,8","1,25","1,8","3,75","4,12","1,13","1,73","5,33","1,75","5,25","5,5","5,25",3,1,"1,25","5,4",1,"0,67","4,33",6,"5,75",1,"1,25","5,5","1,25","4,5",6,"4,75",1,"1,75",4,"3,93","1,43","0,83","5,63","1,13"
26,JL,53,6,"6,333333333",1,1,100,4,,,6,,,"4,83","4,8","1,25","1,8","3,75","4,12","1,13","1,73","5,33","1,75","5,25","5,5","5,25",3,1,"1,25","5,4",1,"0,67","4,33",6,"5,75",1,"1,25","5,5","1,25","4,5",6,"4,75",1,"1,75",4,"3,93","1,43","0,83","5,63","1,13"
26,JL,54,6,"6,333333333",1,1,100,4,,,6,,,"4,83","4,8","1,25","1,8","3,75","4,12","1,13","1,73","5,33","1,75","5,25","5,5","5,25",3,1,"1,25","5,4",1,"0,67","4,33",6,"5,75",1,"1,25","5,5","1,25","4,5",6,"4,75",1,"1,75",4,"3,93","1,43","0,83","5,63","1,13"
26,JL,55,6,"6,333333333",1,1,,4,,,6,,,"4,83","4,8","1,25","1,8","3,75","4,12","1,13","1,73","5,33","1,75","5,25","5,5","5,25",3,1,"1,25","5,4",1,"0,67","4,33",6,"5,75",1,"1,25","5,5","1,25","4,5",6,"4,75",1,"1,75",4,"3,93","1,43","0,83","5,63","1,13"
26,JL,56,6,"6,333333333",1,1,,4,,,6,,,"4,83","4,8","1,25","1,8","3,75","4,12","1,13","1,73","5,33","1,75","5,25","5,5","5,25",3,1,"1,25","5,4",1,"0,67","4,33",6,"5,75",1,"1,25","5,5","1,25","4,5",6,"4,75",1,"1,75",4,"3,93","1,43","0,83","5,63","1,13"
26,JL,57,6,"6,333333333",1,1,,4,,,6,,,"4,83","4,8","1,25","1,8","3,75","4,12","1,13","1,73","5,33","1,75","5,25","5,5","5,25",3,1,"1,25","5,4",1,"0,67","4,33",6,"5,75",1,"1,25","5,5","1,25","4,5",6,"4,75",1,"1,75",4,"3,93","1,43","0,83","5,63","1,13"
27,OS,1,,,,,54,1,,,,,,7,6,"1,75","1,6","6,56","6,59",2,3,"6,25","2,42",7,"6,75",5,"3,75","2,5",1,"6,8","1,67",0,6,"6,8",7,1,"3,75",7,1,"6,75",7,7,5,3,1,"6,58","2,5","0,83",7,"2,38"
27,OS,2,,,,,51,1,,,,,,7,6,"1,75","1,6","6,56","6,59",2,3,"6,25","2,42",7,"6,75",5,"3,75","2,5",1,"6,8","1,67",0,6,"6,8",7,1,"3,75",7,1,"6,75",7,7,5,3,1,"6,58","2,5","0,83",7,"2,38"
27,OS,3,,,,,53,1,,,,,,7,6,"1,75","1,6","6,56","6,59",2,3,"6,25","2,42",7,"6,75",5,"3,75","2,5",1,"6,8","1,67",0,6,"6,8",7,1,"3,75",7,1,"6,75",7,7,5,3,1,"6,58","2,5","0,83",7,"2,38"
27,OS,4,,,,,48,1,,,,,,7,6,"1,75","1,6","6,56","6,59",2,3,"6,25","2,42",7,"6,75",5,"3,75","2,5",1,"6,8","1,67",0,6,"6,8",7,1,"3,75",7,1,"6,75",7,7,5,3,1,"6,58","2,5","0,83",7,"2,38"
27,OS,5,,,,,46,1,,,,,,7,6,"1,75","1,6","6,56","6,59",2,3,"6,25","2,42",7,"6,75",5,"3,75","2,5",1,"6,8","1,67",0,6,"6,8",7,1,"3,75",7,1,"6,75",7,7,5,3,1,"6,58","2,5","0,83",7,"2,38"
27,OS,6,7,,1,,45,1,,,,,,7,6,"1,75","1,6","6,56","6,59",2,3,"6,25","2,42",7,"6,75",5,"3,75","2,5",1,"6,8","1,67",0,6,"6,8",7,1,"3,75",7,1,"6,75",7,7,5,3,1,"6,58","2,5","0,83",7,"2,38"
27,OS,7,7,,1,,51,1,,,,,,7,6,"1,75","1,6","6,56","6,59",2,3,"6,25","2,42",7,"6,75",5,"3,75","2,5",1,"6,8","1,67",0,6,"6,8",7,1,"3,75",7,1,"6,75",7,7,5,3,1,"6,58","2,5","0,83",7,"2,38"
27,OS,8,7,,1,,60,1,,,,,,7,6,"1,75","1,6","6,56","6,59",2,3,"6,25","2,42",7,"6,75",5,"3,75","2,5",1,"6,8","1,67",0,6,"6,8",7,1,"3,75",7,1,"6,75",7,7,5,3,1,"6,58","2,5","0,83",7,"2,38"
27,OS,9,7,,1,,50,1,,,,,,7,6,"1,75","1,6","6,56","6,59",2,3,"6,25","2,42",7,"6,75",5,"3,75","2,5",1,"6,8","1,67",0,6,"6,8",7,1,"3,75",7,1,"6,75",7,7,5,3,1,"6,58","2,5","0,83",7,"2,38"
27,OS,10,7,,1,,40,1,,,,,,7,6,"1,75","1,6","6,56","6,59",2,3,"6,25","2,42",7,"6,75",5,"3,75","2,5",1,"6,8","1,67",0,6,"6,8",7,1,"3,75",7,1,"6,75",7,7,5,3,1,"6,58","2,5","0,83",7,"2,38"
27,OS,11,7,7,1,1,48,1,,,1,,,7,6,"1,75","1,6","6,56","6,59",2,3,"6,25","2,42",7,"6,75",5,"3,75","2,5",1,"6,8","1,67",0,6,"6,8",7,1,"3,75",7,1,"6,75",7,7,5,3,1,"6,58","2,5","0,83",7,"2,38"
27,OS,12,7,7,1,1,44,1,,,1,,,7,6,"1,75","1,6","6,56","6,59",2,3,"6,25","2,42",7,"6,75",5,"3,75","2,5",1,"6,8","1,67",0,6,"6,8",7,1,"3,75",7,1,"6,75",7,7,5,3,1,"6,58","2,5","0,83",7,"2,38"
27,OS,13,7,7,1,1,45,1,,,1,,,7,6,"1,75","1,6","6,56","6,59",2,3,"6,25","2,42",7,"6,75",5,"3,75","2,5",1,"6,8","1,67",0,6,"6,8",7,1,"3,75",7,1,"6,75",7,7,5,3,1,"6,58","2,5","0,83",7,"2,38"
27,OS,14,7,7,1,1,54,1,,,1,,,7,6,"1,75","1,6","6,56","6,59",2,3,"6,25","2,42",7,"6,75",5,"3,75","2,5",1,"6,8","1,67",0,6,"6,8",7,1,"3,75",7,1,"6,75",7,7,5,3,1,"6,58","2,5","0,83",7,"2,38"
27,OS,15,7,7,1,1,61,1,,,1,,,7,6,"1,75","1,6","6,56","6,59",2,3,"6,25","2,42",7,"6,75",5,"3,75","2,5",1,"6,8","1,67",0,6,"6,8",7,1,"3,75",7,1,"6,75",7,7,5,3,1,"6,58","2,5","0,83",7,"2,38"
27,OS,16,,7,,1,54,7,,,3,5,,7,6,"1,75","1,6","6,56","6,59",2,3,"6,25","2,42",7,"6,75",5,"3,75","2,5",1,"6,8","1,67",0,6,"6,8",7,1,"3,75",7,1,"6,75",7,7,5,3,1,"6,58","2,5","0,83",7,"2,38"
27,OS,17,,7,,1,60,7,,,3,5,,7,6,"1,75","1,6","6,56","6,59",2,3,"6,25","2,42",7,"6,75",5,"3,75","2,5",1,"6,8","1,67",0,6,"6,8",7,1,"3,75",7,1,"6,75",7,7,5,3,1,"6,58","2,5","0,83",7,"2,38"
27,OS,18,,7,,1,69,7,,,3,5,,7,6,"1,75","1,6","6,56","6,59",2,3,"6,25","2,42",7,"6,75",5,"3,75","2,5",1,"6,8","1,67",0,6,"6,8",7,1,"3,75",7,1,"6,75",7,7,5,3,1,"6,58","2,5","0,83",7,"2,38"
27,OS,19,,7,,1,90,7,,,3,5,,7,6,"1,75","1,6","6,56","6,59",2,3,"6,25","2,42",7,"6,75",5,"3,75","2,5",1,"6,8","1,67",0,6,"6,8",7,1,"3,75",7,1,"6,75",7,7,5,3,1,"6,58","2,5","0,83",7,"2,38"
27,OS,20,,7,,1,100,7,,,3,5,,7,6,"1,75","1,6","6,56","6,59",2,3,"6,25","2,42",7,"6,75",5,"3,75","2,5",1,"6,8","1,67",0,6,"6,8",7,1,"3,75",7,1,"6,75",7,7,5,3,1,"6,58","2,5","0,83",7,"2,38"
27,OS,21,7,7,1,1,97,7,,,3,4,5,7,6,"1,75","1,6","6,56","6,59",2,3,"6,25","2,42",7,"6,75",5,"3,75","2,5",1,"6,8","1,67",0,6,"6,8",7,1,"3,75",7,1,"6,75",7,7,5,3,1,"6,58","2,5","0,83",7,"2,38"
27,OS,22,7,7,1,1,72,7,,,3,4,5,7,6,"1,75","1,6","6,56","6,59",2,3,"6,25","2,42",7,"6,75",5,"3,75","2,5",1,"6,8","1,67",0,6,"6,8",7,1,"3,75",7,1,"6,75",7,7,5,3,1,"6,58","2,5","0,83",7,"2,38"
27,OS,23,7,7,1,1,90,7,,,3,4,5,7,6,"1,75","1,6","6,56","6,59",2,3,"6,25","2,42",7,"6,75",5,"3,75","2,5",1,"6,8","1,67",0,6,"6,8",7,1,"3,75",7,1,"6,75",7,7,5,3,1,"6,58","2,5","0,83",7,"2,38"
27,OS,24,7,7,1,1,75,7,,,3,4,5,7,6,"1,75","1,6","6,56","6,59",2,3,"6,25","2,42",7,"6,75",5,"3,75","2,5",1,"6,8","1,67",0,6,"6,8",7,1,"3,75",7,1,"6,75",7,7,5,3,1,"6,58","2,5","0,83",7,"2,38"
27,OS,25,7,7,1,1,58,7,,,3,4,5,7,6,"1,75","1,6","6,56","6,59",2,3,"6,25","2,42",7,"6,75",5,"3,75","2,5",1,"6,8","1,67",0,6,"6,8",7,1,"3,75",7,1,"6,75",7,7,5,3,1,"6,58","2,5","0,83",7,"2,38"
27,OS,26,7,7,1,1,56,7,,,3,5,,7,6,"1,75","1,6","6,56","6,59",2,3,"6,25","2,42",7,"6,75",5,"3,75","2,5",1,"6,8","1,67",0,6,"6,8",7,1,"3,75",7,1,"6,75",7,7,5,3,1,"6,58","2,5","0,83",7,"2,38"
27,OS,27,7,7,1,1,59,7,,,3,5,,7,6,"1,75","1,6","6,56","6,59",2,3,"6,25","2,42",7,"6,75",5,"3,75","2,5",1,"6,8","1,67",0,6,"6,8",7,1,"3,75",7,1,"6,75",7,7,5,3,1,"6,58","2,5","0,83",7,"2,38"
27,OS,28,7,7,1,1,57,7,,,3,5,,7,6,"1,75","1,6","6,56","6,59",2,3,"6,25","2,42",7,"6,75",5,"3,75","2,5",1,"6,8","1,67",0,6,"6,8",7,1,"3,75",7,1,"6,75",7,7,5,3,1,"6,58","2,5","0,83",7,"2,38"
27,OS,29,7,7,1,1,58,7,,,3,5,,7,6,"1,75","1,6","6,56","6,59",2,3,"6,25","2,42",7,"6,75",5,"3,75","2,5",1,"6,8","1,67",0,6,"6,8",7,1,"3,75",7,1,"6,75",7,7,5,3,1,"6,58","2,5","0,83",7,"2,38"
27,OS,30,7,7,1,1,59,7,,,3,5,,7,6,"1,75","1,6","6,56","6,59",2,3,"6,25","2,42",7,"6,75",5,"3,75","2,5",1,"6,8","1,67",0,6,"6,8",7,1,"3,75",7,1,"6,75",7,7,5,3,1,"6,58","2,5","0,83",7,"2,38"
27,OS,31,7,7,1,1,74,7,,,3,5,,7,6,"1,75","1,6","6,56","6,59",2,3,"6,25","2,42",7,"6,75",5,"3,75","2,5",1,"6,8","1,67",0,6,"6,8",7,1,"3,75",7,1,"6,75",7,7,5,3,1,"6,58","2,5","0,83",7,"2,38"
27,OS,32,7,7,1,1,58,7,,,3,5,,7,6,"1,75","1,6","6,56","6,59",2,3,"6,25","2,42",7,"6,75",5,"3,75","2,5",1,"6,8","1,67",0,6,"6,8",7,1,"3,75",7,1,"6,75",7,7,5,3,1,"6,58","2,5","0,83",7,"2,38"
27,OS,33,7,7,1,1,81,7,,,3,5,,7,6,"1,75","1,6","6,56","6,59",2,3,"6,25","2,42",7,"6,75",5,"3,75","2,5",1,"6,8","1,67",0,6,"6,8",7,1,"3,75",7,1,"6,75",7,7,5,3,1,"6,58","2,5","0,83",7,"2,38"
27,OS,34,7,7,1,1,71,7,,,3,5,,7,6,"1,75","1,6","6,56","6,59",2,3,"6,25","2,42",7,"6,75",5,"3,75","2,5",1,"6,8","1,67",0,6,"6,8",7,1,"3,75",7,1,"6,75",7,7,5,3,1,"6,58","2,5","0,83",7,"2,38"
27,OS,35,7,7,1,1,95,7,,,3,5,,7,6,"1,75","1,6","6,56","6,59",2,3,"6,25","2,42",7,"6,75",5,"3,75","2,5",1,"6,8","1,67",0,6,"6,8",7,1,"3,75",7,1,"6,75",7,7,5,3,1,"6,58","2,5","0,83",7,"2,38"
27,OS,36,,7,,1,88,7,,,3,5,,7,6,"1,75","1,6","6,56","6,59",2,3,"6,25","2,42",7,"6,75",5,"3,75","2,5",1,"6,8","1,67",0,6,"6,8",7,1,"3,75",7,1,"6,75",7,7,5,3,1,"6,58","2,5","0,83",7,"2,38"
27,OS,37,,7,,1,70,7,,,3,5,,7,6,"1,75","1,6","6,56","6,59",2,3,"6,25","2,42",7,"6,75",5,"3,75","2,5",1,"6,8","1,67",0,6,"6,8",7,1,"3,75",7,1,"6,75",7,7,5,3,1,"6,58","2,5","0,83",7,"2,38"
27,OS,38,,7,,1,58,7,,,3,5,,7,6,"1,75","1,6","6,56","6,59",2,3,"6,25","2,42",7,"6,75",5,"3,75","2,5",1,"6,8","1,67",0,6,"6,8",7,1,"3,75",7,1,"6,75",7,7,5,3,1,"6,58","2,5","0,83",7,"2,38"
27,OS,39,,7,,1,46,7,,,3,5,,7,6,"1,75","1,6","6,56","6,59",2,3,"6,25","2,42",7,"6,75",5,"3,75","2,5",1,"6,8","1,67",0,6,"6,8",7,1,"3,75",7,1,"6,75",7,7,5,3,1,"6,58","2,5","0,83",7,"2,38"
27,OS,40,,7,,1,47,7,,,3,5,,7,6,"1,75","1,6","6,56","6,59",2,3,"6,25","2,42",7,"6,75",5,"3,75","2,5",1,"6,8","1,67",0,6,"6,8",7,1,"3,75",7,1,"6,75",7,7,5,3,1,"6,58","2,5","0,83",7,"2,38"
27,OS,41,7,7,1,1,54,7,,,3,5,,7,6,"1,75","1,6","6,56","6,59",2,3,"6,25","2,42",7,"6,75",5,"3,75","2,5",1,"6,8","1,67",0,6,"6,8",7,1,"3,75",7,1,"6,75",7,7,5,3,1,"6,58","2,5","0,83",7,"2,38"
27,OS,42,7,7,1,1,65,7,,,3,5,,7,6,"1,75","1,6","6,56","6,59",2,3,"6,25","2,42",7,"6,75",5,"3,75","2,5",1,"6,8","1,67",0,6,"6,8",7,1,"3,75",7,1,"6,75",7,7,5,3,1,"6,58","2,5","0,83",7,"2,38"
27,OS,43,7,7,1,1,81,7,,,3,5,,7,6,"1,75","1,6","6,56","6,59",2,3,"6,25","2,42",7,"6,75",5,"3,75","2,5",1,"6,8","1,67",0,6,"6,8",7,1,"3,75",7,1,"6,75",7,7,5,3,1,"6,58","2,5","0,83",7,"2,38"
27,OS,44,7,7,1,1,76,7,,,3,5,,7,6,"1,75","1,6","6,56","6,59",2,3,"6,25","2,42",7,"6,75",5,"3,75","2,5",1,"6,8","1,67",0,6,"6,8",7,1,"3,75",7,1,"6,75",7,7,5,3,1,"6,58","2,5","0,83",7,"2,38"
27,OS,45,7,7,1,1,70,7,,,3,5,,7,6,"1,75","1,6","6,56","6,59",2,3,"6,25","2,42",7,"6,75",5,"3,75","2,5",1,"6,8","1,67",0,6,"6,8",7,1,"3,75",7,1,"6,75",7,7,5,3,1,"6,58","2,5","0,83",7,"2,38"
27,OS,46,7,7,1,1,70,7,8,,3,5,6,7,6,"1,75","1,6","6,56","6,59",2,3,"6,25","2,42",7,"6,75",5,"3,75","2,5",1,"6,8","1,67",0,6,"6,8",7,1,"3,75",7,1,"6,75",7,7,5,3,1,"6,58","2,5","0,83",7,"2,38"
27,OS,47,7,7,1,1,81,7,8,,3,5,6,7,6,"1,75","1,6","6,56","6,59",2,3,"6,25","2,42",7,"6,75",5,"3,75","2,5",1,"6,8","1,67",0,6,"6,8",7,1,"3,75",7,1,"6,75",7,7,5,3,1,"6,58","2,5","0,83",7,"2,38"
27,OS,48,7,7,1,1,100,7,8,,3,5,6,7,6,"1,75","1,6","6,56","6,59",2,3,"6,25","2,42",7,"6,75",5,"3,75","2,5",1,"6,8","1,67",0,6,"6,8",7,1,"3,75",7,1,"6,75",7,7,5,3,1,"6,58","2,5","0,83",7,"2,38"
27,OS,49,7,7,1,1,94,7,8,,3,5,6,7,6,"1,75","1,6","6,56","6,59",2,3,"6,25","2,42",7,"6,75",5,"3,75","2,5",1,"6,8","1,67",0,6,"6,8",7,1,"3,75",7,1,"6,75",7,7,5,3,1,"6,58","2,5","0,83",7,"2,38"
27,OS,50,7,7,1,1,88,7,8,,3,5,6,7,6,"1,75","1,6","6,56","6,59",2,3,"6,25","2,42",7,"6,75",5,"3,75","2,5",1,"6,8","1,67",0,6,"6,8",7,1,"3,75",7,1,"6,75",7,7,5,3,1,"6,58","2,5","0,83",7,"2,38"
27,OS,51,7,7,1,1,82,8,,,6,9,,7,6,"1,75","1,6","6,56","6,59",2,3,"6,25","2,42",7,"6,75",5,"3,75","2,5",1,"6,8","1,67",0,6,"6,8",7,1,"3,75",7,1,"6,75",7,7,5,3,1,"6,58","2,5","0,83",7,"2,38"
27,OS,52,7,7,1,1,67,8,,,6,9,,7,6,"1,75","1,6","6,56","6,59",2,3,"6,25","2,42",7,"6,75",5,"3,75","2,5",1,"6,8","1,67",0,6,"6,8",7,1,"3,75",7,1,"6,75",7,7,5,3,1,"6,58","2,5","0,83",7,"2,38"
27,OS,53,7,7,1,1,59,8,,,6,9,,7,6,"1,75","1,6","6,56","6,59",2,3,"6,25","2,42",7,"6,75",5,"3,75","2,5",1,"6,8","1,67",0,6,"6,8",7,1,"3,75",7,1,"6,75",7,7,5,3,1,"6,58","2,5","0,83",7,"2,38"
27,OS,54,7,7,1,1,54,8,,,6,9,,7,6,"1,75","1,6","6,56","6,59",2,3,"6,25","2,42",7,"6,75",5,"3,75","2,5",1,"6,8","1,67",0,6,"6,8",7,1,"3,75",7,1,"6,75",7,7,5,3,1,"6,58","2,5","0,83",7,"2,38"
27,OS,55,7,7,1,1,49,8,,,6,9,,7,6,"1,75","1,6","6,56","6,59",2,3,"6,25","2,42",7,"6,75",5,"3,75","2,5",1,"6,8","1,67",0,6,"6,8",7,1,"3,75",7,1,"6,75",7,7,5,3,1,"6,58","2,5","0,83",7,"2,38"
27,OS,56,7,7,1,1,48,,,,1,,,7,6,"1,75","1,6","6,56","6,59",2,3,"6,25","2,42",7,"6,75",5,"3,75","2,5",1,"6,8","1,67",0,6,"6,8",7,1,"3,75",7,1,"6,75",7,7,5,3,1,"6,58","2,5","0,83",7,"2,38"
27,OS,57,7,7,1,1,44,,,,1,,,7,6,"1,75","1,6","6,56","6,59",2,3,"6,25","2,42",7,"6,75",5,"3,75","2,5",1,"6,8","1,67",0,6,"6,8",7,1,"3,75",7,1,"6,75",7,7,5,3,1,"6,58","2,5","0,83",7,"2,38"
27,OS,58,7,7,1,1,41,,,,1,,,7,6,"1,75","1,6","6,56","6,59",2,3,"6,25","2,42",7,"6,75",5,"3,75","2,5",1,"6,8","1,67",0,6,"6,8",7,1,"3,75",7,1,"6,75",7,7,5,3,1,"6,58","2,5","0,83",7,"2,38"
27,OS,59,7,7,1,1,67,,,,1,,,7,6,"1,75","1,6","6,56","6,59",2,3,"6,25","2,42",7,"6,75",5,"3,75","2,5",1,"6,8","1,67",0,6,"6,8",7,1,"3,75",7,1,"6,75",7,7,5,3,1,"6,58","2,5","0,83",7,"2,38"
27,OS,60,7,7,1,1,100,,,,1,,,7,6,"1,75","1,6","6,56","6,59",2,3,"6,25","2,42",7,"6,75",5,"3,75","2,5",1,"6,8","1,67",0,6,"6,8",7,1,"3,75",7,1,"6,75",7,7,5,3,1,"6,58","2,5","0,83",7,"2,38"
27,OS,61,7,7,1,1,92,7,,,1,3,5,7,6,"1,75","1,6","6,56","6,59",2,3,"6,25","2,42",7,"6,75",5,"3,75","2,5",1,"6,8","1,67",0,6,"6,8",7,1,"3,75",7,1,"6,75",7,7,5,3,1,"6,58","2,5","0,83",7,"2,38"
27,OS,62,7,7,1,1,76,7,,,1,3,5,7,6,"1,75","1,6","6,56","6,59",2,3,"6,25","2,42",7,"6,75",5,"3,75","2,5",1,"6,8","1,67",0,6,"6,8",7,1,"3,75",7,1,"6,75",7,7,5,3,1,"6,58","2,5","0,83",7,"2,38"
27,OS,63,7,7,1,1,100,7,,,1,3,5,7,6,"1,75","1,6","6,56","6,59",2,3,"6,25","2,42",7,"6,75",5,"3,75","2,5",1,"6,8","1,67",0,6,"6,8",7,1,"3,75",7,1,"6,75",7,7,5,3,1,"6,58","2,5","0,83",7,"2,38"
27,OS,64,7,7,1,1,85,7,,,1,3,5,7,6,"1,75","1,6","6,56","6,59",2,3,"6,25","2,42",7,"6,75",5,"3,75","2,5",1,"6,8","1,67",0,6,"6,8",7,1,"3,75",7,1,"6,75",7,7,5,3,1,"6,58","2,5","0,83",7,"2,38"
27,OS,65,7,7,1,1,66,7,,,1,3,5,7,6,"1,75","1,6","6,56","6,59",2,3,"6,25","2,42",7,"6,75",5,"3,75","2,5",1,"6,8","1,67",0,6,"6,8",7,1,"3,75",7,1,"6,75",7,7,5,3,1,"6,58","2,5","0,83",7,"2,38"
27,OS,66,,7,,1,94,7,,,3,5,,7,6,"1,75","1,6","6,56","6,59",2,3,"6,25","2,42",7,"6,75",5,"3,75","2,5",1,"6,8","1,67",0,6,"6,8",7,1,"3,75",7,1,"6,75",7,7,5,3,1,"6,58","2,5","0,83",7,"2,38"
27,OS,67,,7,,1,93,7,,,3,5,,7,6,"1,75","1,6","6,56","6,59",2,3,"6,25","2,42",7,"6,75",5,"3,75","2,5",1,"6,8","1,67",0,6,"6,8",7,1,"3,75",7,1,"6,75",7,7,5,3,1,"6,58","2,5","0,83",7,"2,38"
27,OS,68,,7,,1,96,7,,,3,5,,7,6,"1,75","1,6","6,56","6,59",2,3,"6,25","2,42",7,"6,75",5,"3,75","2,5",1,"6,8","1,67",0,6,"6,8",7,1,"3,75",7,1,"6,75",7,7,5,3,1,"6,58","2,5","0,83",7,"2,38"
27,OS,69,,7,,1,77,7,,,3,5,,7,6,"1,75","1,6","6,56","6,59",2,3,"6,25","2,42",7,"6,75",5,"3,75","2,5",1,"6,8","1,67",0,6,"6,8",7,1,"3,75",7,1,"6,75",7,7,5,3,1,"6,58","2,5","0,83",7,"2,38"
27,OS,70,,7,,1,67,7,,,3,5,,7,6,"1,75","1,6","6,56","6,59",2,3,"6,25","2,42",7,"6,75",5,"3,75","2,5",1,"6,8","1,67",0,6,"6,8",7,1,"3,75",7,1,"6,75",7,7,5,3,1,"6,58","2,5","0,83",7,"2,38"
27,OS,71,7,7,1,1,93,7,,,3,5,,7,6,"1,75","1,6","6,56","6,59",2,3,"6,25","2,42",7,"6,75",5,"3,75","2,5",1,"6,8","1,67",0,6,"6,8",7,1,"3,75",7,1,"6,75",7,7,5,3,1,"6,58","2,5","0,83",7,"2,38"
27,OS,72,7,7,1,1,76,7,,,3,5,,7,6,"1,75","1,6","6,56","6,59",2,3,"6,25","2,42",7,"6,75",5,"3,75","2,5",1,"6,8","1,67",0,6,"6,8",7,1,"3,75",7,1,"6,75",7,7,5,3,1,"6,58","2,5","0,83",7,"2,38"
27,OS,73,7,7,1,1,83,7,,,3,5,,7,6,"1,75","1,6","6,56","6,59",2,3,"6,25","2,42",7,"6,75",5,"3,75","2,5",1,"6,8","1,67",0,6,"6,8",7,1,"3,75",7,1,"6,75",7,7,5,3,1,"6,58","2,5","0,83",7,"2,38"
27,OS,74,7,7,1,1,75,7,,,3,5,,7,6,"1,75","1,6","6,56","6,59",2,3,"6,25","2,42",7,"6,75",5,"3,75","2,5",1,"6,8","1,67",0,6,"6,8",7,1,"3,75",7,1,"6,75",7,7,5,3,1,"6,58","2,5","0,83",7,"2,38"
27,OS,75,7,7,1,1,97,7,,,3,5,,7,6,"1,75","1,6","6,56","6,59",2,3,"6,25","2,42",7,"6,75",5,"3,75","2,5",1,"6,8","1,67",0,6,"6,8",7,1,"3,75",7,1,"6,75",7,7,5,3,1,"6,58","2,5","0,83",7,"2,38"
27,OS,76,,7,,1,77,7,,,3,5,,7,6,"1,75","1,6","6,56","6,59",2,3,"6,25","2,42",7,"6,75",5,"3,75","2,5",1,"6,8","1,67",0,6,"6,8",7,1,"3,75",7,1,"6,75",7,7,5,3,1,"6,58","2,5","0,83",7,"2,38"
27,OS,77,,7,,1,62,7,,,3,5,,7,6,"1,75","1,6","6,56","6,59",2,3,"6,25","2,42",7,"6,75",5,"3,75","2,5",1,"6,8","1,67",0,6,"6,8",7,1,"3,75",7,1,"6,75",7,7,5,3,1,"6,58","2,5","0,83",7,"2,38"
27,OS,78,,7,,1,55,7,,,3,5,,7,6,"1,75","1,6","6,56","6,59",2,3,"6,25","2,42",7,"6,75",5,"3,75","2,5",1,"6,8","1,67",0,6,"6,8",7,1,"3,75",7,1,"6,75",7,7,5,3,1,"6,58","2,5","0,83",7,"2,38"
27,OS,79,,7,,1,55,7,,,3,5,,7,6,"1,75","1,6","6,56","6,59",2,3,"6,25","2,42",7,"6,75",5,"3,75","2,5",1,"6,8","1,67",0,6,"6,8",7,1,"3,75",7,1,"6,75",7,7,5,3,1,"6,58","2,5","0,83",7,"2,38"
27,OS,80,,7,,1,67,7,,,3,5,,7,6,"1,75","1,6","6,56","6,59",2,3,"6,25","2,42",7,"6,75",5,"3,75","2,5",1,"6,8","1,67",0,6,"6,8",7,1,"3,75",7,1,"6,75",7,7,5,3,1,"6,58","2,5","0,83",7,"2,38"
27,OS,81,7,7,1,1,66,7,,,3,5,,7,6,"1,75","1,6","6,56","6,59",2,3,"6,25","2,42",7,"6,75",5,"3,75","2,5",1,"6,8","1,67",0,6,"6,8",7,1,"3,75",7,1,"6,75",7,7,5,3,1,"6,58","2,5","0,83",7,"2,38"
27,OS,82,7,7,1,1,53,7,,,3,5,,7,6,"1,75","1,6","6,56","6,59",2,3,"6,25","2,42",7,"6,75",5,"3,75","2,5",1,"6,8","1,67",0,6,"6,8",7,1,"3,75",7,1,"6,75",7,7,5,3,1,"6,58","2,5","0,83",7,"2,38"
27,OS,83,7,7,1,1,46,7,,,3,5,,7,6,"1,75","1,6","6,56","6,59",2,3,"6,25","2,42",7,"6,75",5,"3,75","2,5",1,"6,8","1,67",0,6,"6,8",7,1,"3,75",7,1,"6,75",7,7,5,3,1,"6,58","2,5","0,83",7,"2,38"
27,OS,84,7,7,1,1,79,7,,,3,5,,7,6,"1,75","1,6","6,56","6,59",2,3,"6,25","2,42",7,"6,75",5,"3,75","2,5",1,"6,8","1,67",0,6,"6,8",7,1,"3,75",7,1,"6,75",7,7,5,3,1,"6,58","2,5","0,83",7,"2,38"
27,OS,85,7,7,1,1,62,7,,,3,5,,7,6,"1,75","1,6","6,56","6,59",2,3,"6,25","2,42",7,"6,75",5,"3,75","2,5",1,"6,8","1,67",0,6,"6,8",7,1,"3,75",7,1,"6,75",7,7,5,3,1,"6,58","2,5","0,83",7,"2,38"
27,OS,86,,7,,1,67,7,,,3,5,,7,6,"1,75","1,6","6,56","6,59",2,3,"6,25","2,42",7,"6,75",5,"3,75","2,5",1,"6,8","1,67",0,6,"6,8",7,1,"3,75",7,1,"6,75",7,7,5,3,1,"6,58","2,5","0,83",7,"2,38"
27,OS,87,,7,,1,88,7,,,3,5,,7,6,"1,75","1,6","6,56","6,59",2,3,"6,25","2,42",7,"6,75",5,"3,75","2,5",1,"6,8","1,67",0,6,"6,8",7,1,"3,75",7,1,"6,75",7,7,5,3,1,"6,58","2,5","0,83",7,"2,38"
27,OS,88,,7,,1,100,7,,,3,5,,7,6,"1,75","1,6","6,56","6,59",2,3,"6,25","2,42",7,"6,75",5,"3,75","2,5",1,"6,8","1,67",0,6,"6,8",7,1,"3,75",7,1,"6,75",7,7,5,3,1,"6,58","2,5","0,83",7,"2,38"
27,OS,89,,7,,1,82,7,,,3,5,,7,6,"1,75","1,6","6,56","6,59",2,3,"6,25","2,42",7,"6,75",5,"3,75","2,5",1,"6,8","1,67",0,6,"6,8",7,1,"3,75",7,1,"6,75",7,7,5,3,1,"6,58","2,5","0,83",7,"2,38"
27,OS,90,,7,,1,55,7,,,3,5,,7,6,"1,75","1,6","6,56","6,59",2,3,"6,25","2,42",7,"6,75",5,"3,75","2,5",1,"6,8","1,67",0,6,"6,8",7,1,"3,75",7,1,"6,75",7,7,5,3,1,"6,58","2,5","0,83",7,"2,38"
27,OS,91,7,"6,333333333",1,1,48,7,,,3,5,,7,6,"1,75","1,6","6,56","6,59",2,3,"6,25","2,42",7,"6,75",5,"3,75","2,5",1,"6,8","1,67",0,6,"6,8",7,1,"3,75",7,1,"6,75",7,7,5,3,1,"6,58","2,5","0,83",7,"2,38"
27,OS,92,7,"6,333333333",1,1,62,7,,,3,5,,7,6,"1,75","1,6","6,56","6,59",2,3,"6,25","2,42",7,"6,75",5,"3,75","2,5",1,"6,8","1,67",0,6,"6,8",7,1,"3,75",7,1,"6,75",7,7,5,3,1,"6,58","2,5","0,83",7,"2,38"
27,OS,93,7,"6,333333333",1,1,83,7,,,3,5,,7,6,"1,75","1,6","6,56","6,59",2,3,"6,25","2,42",7,"6,75",5,"3,75","2,5",1,"6,8","1,67",0,6,"6,8",7,1,"3,75",7,1,"6,75",7,7,5,3,1,"6,58","2,5","0,83",7,"2,38"
27,OS,94,7,"6,333333333",1,1,76,7,,,3,5,,7,6,"1,75","1,6","6,56","6,59",2,3,"6,25","2,42",7,"6,75",5,"3,75","2,5",1,"6,8","1,67",0,6,"6,8",7,1,"3,75",7,1,"6,75",7,7,5,3,1,"6,58","2,5","0,83",7,"2,38"
27,OS,95,7,"6,333333333",1,1,72,7,,,3,5,,7,6,"1,75","1,6","6,56","6,59",2,3,"6,25","2,42",7,"6,75",5,"3,75","2,5",1,"6,8","1,67",0,6,"6,8",7,1,"3,75",7,1,"6,75",7,7,5,3,1,"6,58","2,5","0,83",7,"2,38"
27,OS,96,7,7,1,1,59,7,8,,3,5,6,7,6,"1,75","1,6","6,56","6,59",2,3,"6,25","2,42",7,"6,75",5,"3,75","2,5",1,"6,8","1,67",0,6,"6,8",7,1,"3,75",7,1,"6,75",7,7,5,3,1,"6,58","2,5","0,83",7,"2,38"
27,OS,97,7,7,1,1,74,7,8,,3,5,6,7,6,"1,75","1,6","6,56","6,59",2,3,"6,25","2,42",7,"6,75",5,"3,75","2,5",1,"6,8","1,67",0,6,"6,8",7,1,"3,75",7,1,"6,75",7,7,5,3,1,"6,58","2,5","0,83",7,"2,38"
27,OS,98,7,7,1,1,86,7,8,,3,5,6,7,6,"1,75","1,6","6,56","6,59",2,3,"6,25","2,42",7,"6,75",5,"3,75","2,5",1,"6,8","1,67",0,6,"6,8",7,1,"3,75",7,1,"6,75",7,7,5,3,1,"6,58","2,5","0,83",7,"2,38"
27,OS,99,7,7,1,1,85,7,8,,3,5,6,7,6,"1,75","1,6","6,56","6,59",2,3,"6,25","2,42",7,"6,75",5,"3,75","2,5",1,"6,8","1,67",0,6,"6,8",7,1,"3,75",7,1,"6,75",7,7,5,3,1,"6,58","2,5","0,83",7,"2,38"
27,OS,100,7,7,1,1,72,7,8,,3,5,6,7,6,"1,75","1,6","6,56","6,59",2,3,"6,25","2,42",7,"6,75",5,"3,75","2,5",1,"6,8","1,67",0,6,"6,8",7,1,"3,75",7,1,"6,75",7,7,5,3,1,"6,58","2,5","0,83",7,"2,38"
27,OS,101,7,7,1,1,53,8,,,6,,,7,6,"1,75","1,6","6,56","6,59",2,3,"6,25","2,42",7,"6,75",5,"3,75","2,5",1,"6,8","1,67",0,6,"6,8",7,1,"3,75",7,1,"6,75",7,7,5,3,1,"6,58","2,5","0,83",7,"2,38"
27,OS,102,7,7,1,1,49,8,,,6,,,7,6,"1,75","1,6","6,56","6,59",2,3,"6,25","2,42",7,"6,75",5,"3,75","2,5",1,"6,8","1,67",0,6,"6,8",7,1,"3,75",7,1,"6,75",7,7,5,3,1,"6,58","2,5","0,83",7,"2,38"
27,OS,103,7,7,1,1,51,8,,,6,,,7,6,"1,75","1,6","6,56","6,59",2,3,"6,25","2,42",7,"6,75",5,"3,75","2,5",1,"6,8","1,67",0,6,"6,8",7,1,"3,75",7,1,"6,75",7,7,5,3,1,"6,58","2,5","0,83",7,"2,38"
27,OS,104,7,7,1,1,59,8,,,6,,,7,6,"1,75","1,6","6,56","6,59",2,3,"6,25","2,42",7,"6,75",5,"3,75","2,5",1,"6,8","1,67",0,6,"6,8",7,1,"3,75",7,1,"6,75",7,7,5,3,1,"6,58","2,5","0,83",7,"2,38"
27,OS,105,7,7,1,1,65,8,,,6,,,7,6,"1,75","1,6","6,56","6,59",2,3,"6,25","2,42",7,"6,75",5,"3,75","2,5",1,"6,8","1,67",0,6,"6,8",7,1,"3,75",7,1,"6,75",7,7,5,3,1,"6,58","2,5","0,83",7,"2,38"
27,OS,106,7,7,1,1,59,8,,,6,,,7,6,"1,75","1,6","6,56","6,59",2,3,"6,25","2,42",7,"6,75",5,"3,75","2,5",1,"6,8","1,67",0,6,"6,8",7,1,"3,75",7,1,"6,75",7,7,5,3,1,"6,58","2,5","0,83",7,"2,38"
27,OS,107,7,7,1,1,52,8,,,6,,,7,6,"1,75","1,6","6,56","6,59",2,3,"6,25","2,42",7,"6,75",5,"3,75","2,5",1,"6,8","1,67",0,6,"6,8",7,1,"3,75",7,1,"6,75",7,7,5,3,1,"6,58","2,5","0,83",7,"2,38"
27,OS,108,7,7,1,1,43,8,,,6,,,7,6,"1,75","1,6","6,56","6,59",2,3,"6,25","2,42",7,"6,75",5,"3,75","2,5",1,"6,8","1,67",0,6,"6,8",7,1,"3,75",7,1,"6,75",7,7,5,3,1,"6,58","2,5","0,83",7,"2,38"
27,OS,109,7,7,1,1,53,8,,,6,,,7,6,"1,75","1,6","6,56","6,59",2,3,"6,25","2,42",7,"6,75",5,"3,75","2,5",1,"6,8","1,67",0,6,"6,8",7,1,"3,75",7,1,"6,75",7,7,5,3,1,"6,58","2,5","0,83",7,"2,38"
27,OS,110,7,7,1,1,73,8,,,6,,,7,6,"1,75","1,6","6,56","6,59",2,3,"6,25","2,42",7,"6,75",5,"3,75","2,5",1,"6,8","1,67",0,6,"6,8",7,1,"3,75",7,1,"6,75",7,7,5,3,1,"6,58","2,5","0,83",7,"2,38"
27,OS,111,7,7,1,1,97,8,,,1,6,,7,6,"1,75","1,6","6,56","6,59",2,3,"6,25","2,42",7,"6,75",5,"3,75","2,5",1,"6,8","1,67",0,6,"6,8",7,1,"3,75",7,1,"6,75",7,7,5,3,1,"6,58","2,5","0,83",7,"2,38"
27,OS,112,7,7,1,1,100,8,,,1,6,,7,6,"1,75","1,6","6,56","6,59",2,3,"6,25","2,42",7,"6,75",5,"3,75","2,5",1,"6,8","1,67",0,6,"6,8",7,1,"3,75",7,1,"6,75",7,7,5,3,1,"6,58","2,5","0,83",7,"2,38"
27,OS,113,7,7,1,1,86,8,,,1,6,,7,6,"1,75","1,6","6,56","6,59",2,3,"6,25","2,42",7,"6,75",5,"3,75","2,5",1,"6,8","1,67",0,6,"6,8",7,1,"3,75",7,1,"6,75",7,7,5,3,1,"6,58","2,5","0,83",7,"2,38"
27,OS,114,7,7,1,1,58,8,,,1,6,,7,6,"1,75","1,6","6,56","6,59",2,3,"6,25","2,42",7,"6,75",5,"3,75","2,5",1,"6,8","1,67",0,6,"6,8",7,1,"3,75",7,1,"6,75",7,7,5,3,1,"6,58","2,5","0,83",7,"2,38"
27,OS,115,7,7,1,1,54,8,,,1,6,,7,6,"1,75","1,6","6,56","6,59",2,3,"6,25","2,42",7,"6,75",5,"3,75","2,5",1,"6,8","1,67",0,6,"6,8",7,1,"3,75",7,1,"6,75",7,7,5,3,1,"6,58","2,5","0,83",7,"2,38"
27,OS,116,,,,,78,,,,,,,7,6,"1,75","1,6","6,56","6,59",2,3,"6,25","2,42",7,"6,75",5,"3,75","2,5",1,"6,8","1,67",0,6,"6,8",7,1,"3,75",7,1,"6,75",7,7,5,3,1,"6,58","2,5","0,83",7,"2,38"
27,OS,117,,,,,69,,,,,,,7,6,"1,75","1,6","6,56","6,59",2,3,"6,25","2,42",7,"6,75",5,"3,75","2,5",1,"6,8","1,67",0,6,"6,8",7,1,"3,75",7,1,"6,75",7,7,5,3,1,"6,58","2,5","0,83",7,"2,38"
27,OS,118,,,,,53,,,,,,,7,6,"1,75","1,6","6,56","6,59",2,3,"6,25","2,42",7,"6,75",5,"3,75","2,5",1,"6,8","1,67",0,6,"6,8",7,1,"3,75",7,1,"6,75",7,7,5,3,1,"6,58","2,5","0,83",7,"2,38"
27,OS,119,,,,,43,,,,,,,7,6,"1,75","1,6","6,56","6,59",2,3,"6,25","2,42",7,"6,75",5,"3,75","2,5",1,"6,8","1,67",0,6,"6,8",7,1,"3,75",7,1,"6,75",7,7,5,3,1,"6,58","2,5","0,83",7,"2,38"
27,OS,120,,,,,50,,,,,,,7,6,"1,75","1,6","6,56","6,59",2,3,"6,25","2,42",7,"6,75",5,"3,75","2,5",1,"6,8","1,67",0,6,"6,8",7,1,"3,75",7,1,"6,75",7,7,5,3,1,"6,58","2,5","0,83",7,"2,38"
27,OS,121,,,,,68,,,,,,,7,6,"1,75","1,6","6,56","6,59",2,3,"6,25","2,42",7,"6,75",5,"3,75","2,5",1,"6,8","1,67",0,6,"6,8",7,1,"3,75",7,1,"6,75",7,7,5,3,1,"6,58","2,5","0,83",7,"2,38"
27,OS,122,,,,,55,,,,,,,7,6,"1,75","1,6","6,56","6,59",2,3,"6,25","2,42",7,"6,75",5,"3,75","2,5",1,"6,8","1,67",0,6,"6,8",7,1,"3,75",7,1,"6,75",7,7,5,3,1,"6,58","2,5","0,83",7,"2,38"
27,OS,123,,,,,56,,,,,,,7,6,"1,75","1,6","6,56","6,59",2,3,"6,25","2,42",7,"6,75",5,"3,75","2,5",1,"6,8","1,67",0,6,"6,8",7,1,"3,75",7,1,"6,75",7,7,5,3,1,"6,58","2,5","0,83",7,"2,38"
27,OS,124,,,,,73,,,,,,,7,6,"1,75","1,6","6,56","6,59",2,3,"6,25","2,42",7,"6,75",5,"3,75","2,5",1,"6,8","1,67",0,6,"6,8",7,1,"3,75",7,1,"6,75",7,7,5,3,1,"6,58","2,5","0,83",7,"2,38"
27,OS,125,,,,,78,,,,,,,7,6,"1,75","1,6","6,56","6,59",2,3,"6,25","2,42",7,"6,75",5,"3,75","2,5",1,"6,8","1,67",0,6,"6,8",7,1,"3,75",7,1,"6,75",7,7,5,3,1,"6,58","2,5","0,83",7,"2,38"
27,OS,126,7,7,1,1,93,9,,,1,8,,7,6,"1,75","1,6","6,56","6,59",2,3,"6,25","2,42",7,"6,75",5,"3,75","2,5",1,"6,8","1,67",0,6,"6,8",7,1,"3,75",7,1,"6,75",7,7,5,3,1,"6,58","2,5","0,83",7,"2,38"
27,OS,127,7,7,1,1,69,9,,,1,8,,7,6,"1,75","1,6","6,56","6,59",2,3,"6,25","2,42",7,"6,75",5,"3,75","2,5",1,"6,8","1,67",0,6,"6,8",7,1,"3,75",7,1,"6,75",7,7,5,3,1,"6,58","2,5","0,83",7,"2,38"
27,OS,128,7,7,1,1,63,9,,,1,8,,7,6,"1,75","1,6","6,56","6,59",2,3,"6,25","2,42",7,"6,75",5,"3,75","2,5",1,"6,8","1,67",0,6,"6,8",7,1,"3,75",7,1,"6,75",7,7,5,3,1,"6,58","2,5","0,83",7,"2,38"
27,OS,129,7,7,1,1,67,9,,,1,8,,7,6,"1,75","1,6","6,56","6,59",2,3,"6,25","2,42",7,"6,75",5,"3,75","2,5",1,"6,8","1,67",0,6,"6,8",7,1,"3,75",7,1,"6,75",7,7,5,3,1,"6,58","2,5","0,83",7,"2,38"
27,OS,130,7,7,1,1,78,9,,,1,8,,7,6,"1,75","1,6","6,56","6,59",2,3,"6,25","2,42",7,"6,75",5,"3,75","2,5",1,"6,8","1,67",0,6,"6,8",7,1,"3,75",7,1,"6,75",7,7,5,3,1,"6,58","2,5","0,83",7,"2,38"
27,OS,131,7,7,1,1,76,9,,,,,,7,6,"1,75","1,6","6,56","6,59",2,3,"6,25","2,42",7,"6,75",5,"3,75","2,5",1,"6,8","1,67",0,6,"6,8",7,1,"3,75",7,1,"6,75",7,7,5,3,1,"6,58","2,5","0,83",7,"2,38"
27,OS,132,7,7,1,1,62,9,,,,,,7,6,"1,75","1,6","6,56","6,59",2,3,"6,25","2,42",7,"6,75",5,"3,75","2,5",1,"6,8","1,67",0,6,"6,8",7,1,"3,75",7,1,"6,75",7,7,5,3,1,"6,58","2,5","0,83",7,"2,38"
27,OS,133,7,7,1,1,63,9,,,,,,7,6,"1,75","1,6","6,56","6,59",2,3,"6,25","2,42",7,"6,75",5,"3,75","2,5",1,"6,8","1,67",0,6,"6,8",7,1,"3,75",7,1,"6,75",7,7,5,3,1,"6,58","2,5","0,83",7,"2,38"
27,OS,134,7,7,1,1,60,9,,,,,,7,6,"1,75","1,6","6,56","6,59",2,3,"6,25","2,42",7,"6,75",5,"3,75","2,5",1,"6,8","1,67",0,6,"6,8",7,1,"3,75",7,1,"6,75",7,7,5,3,1,"6,58","2,5","0,83",7,"2,38"
27,OS,135,7,7,1,1,55,9,,,,,,7,6,"1,75","1,6","6,56","6,59",2,3,"6,25","2,42",7,"6,75",5,"3,75","2,5",1,"6,8","1,67",0,6,"6,8",7,1,"3,75",7,1,"6,75",7,7,5,3,1,"6,58","2,5","0,83",7,"2,38"
27,OS,136,7,7,1,1,49,9,,,9,,,7,6,"1,75","1,6","6,56","6,59",2,3,"6,25","2,42",7,"6,75",5,"3,75","2,5",1,"6,8","1,67",0,6,"6,8",7,1,"3,75",7,1,"6,75",7,7,5,3,1,"6,58","2,5","0,83",7,"2,38"
27,OS,137,7,7,1,1,39,9,,,9,,,7,6,"1,75","1,6","6,56","6,59",2,3,"6,25","2,42",7,"6,75",5,"3,75","2,5",1,"6,8","1,67",0,6,"6,8",7,1,"3,75",7,1,"6,75",7,7,5,3,1,"6,58","2,5","0,83",7,"2,38"
27,OS,138,7,7,1,1,56,9,,,9,,,7,6,"1,75","1,6","6,56","6,59",2,3,"6,25","2,42",7,"6,75",5,"3,75","2,5",1,"6,8","1,67",0,6,"6,8",7,1,"3,75",7,1,"6,75",7,7,5,3,1,"6,58","2,5","0,83",7,"2,38"
27,OS,139,7,7,1,1,55,9,,,9,,,7,6,"1,75","1,6","6,56","6,59",2,3,"6,25","2,42",7,"6,75",5,"3,75","2,5",1,"6,8","1,67",0,6,"6,8",7,1,"3,75",7,1,"6,75",7,7,5,3,1,"6,58","2,5","0,83",7,"2,38"
27,OS,140,7,7,1,1,51,9,,,9,,,7,6,"1,75","1,6","6,56","6,59",2,3,"6,25","2,42",7,"6,75",5,"3,75","2,5",1,"6,8","1,67",0,6,"6,8",7,1,"3,75",7,1,"6,75",7,7,5,3,1,"6,58","2,5","0,83",7,"2,38"
27,OS,141,7,7,1,1,51,9,,,6,8,,7,6,"1,75","1,6","6,56","6,59",2,3,"6,25","2,42",7,"6,75",5,"3,75","2,5",1,"6,8","1,67",0,6,"6,8",7,1,"3,75",7,1,"6,75",7,7,5,3,1,"6,58","2,5","0,83",7,"2,38"
27,OS,142,7,7,1,1,47,9,,,6,8,,7,6,"1,75","1,6","6,56","6,59",2,3,"6,25","2,42",7,"6,75",5,"3,75","2,5",1,"6,8","1,67",0,6,"6,8",7,1,"3,75",7,1,"6,75",7,7,5,3,1,"6,58","2,5","0,83",7,"2,38"
27,OS,143,7,7,1,1,48,9,,,6,8,,7,6,"1,75","1,6","6,56","6,59",2,3,"6,25","2,42",7,"6,75",5,"3,75","2,5",1,"6,8","1,67",0,6,"6,8",7,1,"3,75",7,1,"6,75",7,7,5,3,1,"6,58","2,5","0,83",7,"2,38"
27,OS,144,7,7,1,1,55,9,,,6,8,,7,6,"1,75","1,6","6,56","6,59",2,3,"6,25","2,42",7,"6,75",5,"3,75","2,5",1,"6,8","1,67",0,6,"6,8",7,1,"3,75",7,1,"6,75",7,7,5,3,1,"6,58","2,5","0,83",7,"2,38"
27,OS,145,7,7,1,1,63,9,,,6,8,,7,6,"1,75","1,6","6,56","6,59",2,3,"6,25","2,42",7,"6,75",5,"3,75","2,5",1,"6,8","1,67",0,6,"6,8",7,1,"3,75",7,1,"6,75",7,7,5,3,1,"6,58","2,5","0,83",7,"2,38"
27,OS,146,7,7,1,1,69,9,,,6,,,7,6,"1,75","1,6","6,56","6,59",2,3,"6,25","2,42",7,"6,75",5,"3,75","2,5",1,"6,8","1,67",0,6,"6,8",7,1,"3,75",7,1,"6,75",7,7,5,3,1,"6,58","2,5","0,83",7,"2,38"
27,OS,147,7,7,1,1,74,9,,,6,,,7,6,"1,75","1,6","6,56","6,59",2,3,"6,25","2,42",7,"6,75",5,"3,75","2,5",1,"6,8","1,67",0,6,"6,8",7,1,"3,75",7,1,"6,75",7,7,5,3,1,"6,58","2,5","0,83",7,"2,38"
27,OS,148,7,7,1,1,67,9,,,6,,,7,6,"1,75","1,6","6,56","6,59",2,3,"6,25","2,42",7,"6,75",5,"3,75","2,5",1,"6,8","1,67",0,6,"6,8",7,1,"3,75",7,1,"6,75",7,7,5,3,1,"6,58","2,5","0,83",7,"2,38"
27,OS,149,7,7,1,1,57,9,,,6,,,7,6,"1,75","1,6","6,56","6,59",2,3,"6,25","2,42",7,"6,75",5,"3,75","2,5",1,"6,8","1,67",0,6,"6,8",7,1,"3,75",7,1,"6,75",7,7,5,3,1,"6,58","2,5","0,83",7,"2,38"
27,OS,150,7,7,1,1,56,9,,,6,,,7,6,"1,75","1,6","6,56","6,59",2,3,"6,25","2,42",7,"6,75",5,"3,75","2,5",1,"6,8","1,67",0,6,"6,8",7,1,"3,75",7,1,"6,75",7,7,5,3,1,"6,58","2,5","0,83",7,"2,38"
27,OS,151,7,7,1,1,63,9,,,6,,,7,6,"1,75","1,6","6,56","6,59",2,3,"6,25","2,42",7,"6,75",5,"3,75","2,5",1,"6,8","1,67",0,6,"6,8",7,1,"3,75",7,1,"6,75",7,7,5,3,1,"6,58","2,5","0,83",7,"2,38"
27,OS,152,7,7,1,1,60,9,,,6,,,7,6,"1,75","1,6","6,56","6,59",2,3,"6,25","2,42",7,"6,75",5,"3,75","2,5",1,"6,8","1,67",0,6,"6,8",7,1,"3,75",7,1,"6,75",7,7,5,3,1,"6,58","2,5","0,83",7,"2,38"
27,OS,153,7,7,1,1,65,9,,,6,,,7,6,"1,75","1,6","6,56","6,59",2,3,"6,25","2,42",7,"6,75",5,"3,75","2,5",1,"6,8","1,67",0,6,"6,8",7,1,"3,75",7,1,"6,75",7,7,5,3,1,"6,58","2,5","0,83",7,"2,38"
27,OS,154,7,7,1,1,61,9,,,6,,,7,6,"1,75","1,6","6,56","6,59",2,3,"6,25","2,42",7,"6,75",5,"3,75","2,5",1,"6,8","1,67",0,6,"6,8",7,1,"3,75",7,1,"6,75",7,7,5,3,1,"6,58","2,5","0,83",7,"2,38"
27,OS,155,7,7,1,1,57,9,,,6,,,7,6,"1,75","1,6","6,56","6,59",2,3,"6,25","2,42",7,"6,75",5,"3,75","2,5",1,"6,8","1,67",0,6,"6,8",7,1,"3,75",7,1,"6,75",7,7,5,3,1,"6,58","2,5","0,83",7,"2,38"
27,OS,156,7,7,1,1,58,9,,,6,,,7,6,"1,75","1,6","6,56","6,59",2,3,"6,25","2,42",7,"6,75",5,"3,75","2,5",1,"6,8","1,67",0,6,"6,8",7,1,"3,75",7,1,"6,75",7,7,5,3,1,"6,58","2,5","0,83",7,"2,38"
27,OS,157,7,7,1,1,60,9,,,6,,,7,6,"1,75","1,6","6,56","6,59",2,3,"6,25","2,42",7,"6,75",5,"3,75","2,5",1,"6,8","1,67",0,6,"6,8",7,1,"3,75",7,1,"6,75",7,7,5,3,1,"6,58","2,5","0,83",7,"2,38"
27,OS,158,7,7,1,1,65,9,,,6,,,7,6,"1,75","1,6","6,56","6,59",2,3,"6,25","2,42",7,"6,75",5,"3,75","2,5",1,"6,8","1,67",0,6,"6,8",7,1,"3,75",7,1,"6,75",7,7,5,3,1,"6,58","2,5","0,83",7,"2,38"
27,OS,159,7,7,1,1,58,9,,,6,,,7,6,"1,75","1,6","6,56","6,59",2,3,"6,25","2,42",7,"6,75",5,"3,75","2,5",1,"6,8","1,67",0,6,"6,8",7,1,"3,75",7,1,"6,75",7,7,5,3,1,"6,58","2,5","0,83",7,"2,38"
27,OS,160,7,7,1,1,50,9,,,6,,,7,6,"1,75","1,6","6,56","6,59",2,3,"6,25","2,42",7,"6,75",5,"3,75","2,5",1,"6,8","1,67",0,6,"6,8",7,1,"3,75",7,1,"6,75",7,7,5,3,1,"6,58","2,5","0,83",7,"2,38"
27,OS,161,7,7,1,1,46,9,,,6,,,7,6,"1,75","1,6","6,56","6,59",2,3,"6,25","2,42",7,"6,75",5,"3,75","2,5",1,"6,8","1,67",0,6,"6,8",7,1,"3,75",7,1,"6,75",7,7,5,3,1,"6,58","2,5","0,83",7,"2,38"
27,OS,162,7,7,1,1,52,9,,,6,,,7,6,"1,75","1,6","6,56","6,59",2,3,"6,25","2,42",7,"6,75",5,"3,75","2,5",1,"6,8","1,67",0,6,"6,8",7,1,"3,75",7,1,"6,75",7,7,5,3,1,"6,58","2,5","0,83",7,"2,38"
27,OS,163,7,7,1,1,66,9,,,6,,,7,6,"1,75","1,6","6,56","6,59",2,3,"6,25","2,42",7,"6,75",5,"3,75","2,5",1,"6,8","1,67",0,6,"6,8",7,1,"3,75",7,1,"6,75",7,7,5,3,1,"6,58","2,5","0,83",7,"2,38"
27,OS,164,7,7,1,1,78,9,,,6,,,7,6,"1,75","1,6","6,56","6,59",2,3,"6,25","2,42",7,"6,75",5,"3,75","2,5",1,"6,8","1,67",0,6,"6,8",7,1,"3,75",7,1,"6,75",7,7,5,3,1,"6,58","2,5","0,83",7,"2,38"
27,OS,165,7,7,1,1,81,9,,,6,,,7,6,"1,75","1,6","6,56","6,59",2,3,"6,25","2,42",7,"6,75",5,"3,75","2,5",1,"6,8","1,67",0,6,"6,8",7,1,"3,75",7,1,"6,75",7,7,5,3,1,"6,58","2,5","0,83",7,"2,38"
27,OS,166,7,7,1,1,65,9,,,,,,7,6,"1,75","1,6","6,56","6,59",2,3,"6,25","2,42",7,"6,75",5,"3,75","2,5",1,"6,8","1,67",0,6,"6,8",7,1,"3,75",7,1,"6,75",7,7,5,3,1,"6,58","2,5","0,83",7,"2,38"
27,OS,167,7,7,1,1,68,9,,,,,,7,6,"1,75","1,6","6,56","6,59",2,3,"6,25","2,42",7,"6,75",5,"3,75","2,5",1,"6,8","1,67",0,6,"6,8",7,1,"3,75",7,1,"6,75",7,7,5,3,1,"6,58","2,5","0,83",7,"2,38"
27,OS,168,7,7,1,1,98,9,,,,,,7,6,"1,75","1,6","6,56","6,59",2,3,"6,25","2,42",7,"6,75",5,"3,75","2,5",1,"6,8","1,67",0,6,"6,8",7,1,"3,75",7,1,"6,75",7,7,5,3,1,"6,58","2,5","0,83",7,"2,38"
27,OS,169,7,7,1,1,100,9,,,,,,7,6,"1,75","1,6","6,56","6,59",2,3,"6,25","2,42",7,"6,75",5,"3,75","2,5",1,"6,8","1,67",0,6,"6,8",7,1,"3,75",7,1,"6,75",7,7,5,3,1,"6,58","2,5","0,83",7,"2,38"
27,OS,170,7,7,1,1,74,9,,,,,,7,6,"1,75","1,6","6,56","6,59",2,3,"6,25","2,42",7,"6,75",5,"3,75","2,5",1,"6,8","1,67",0,6,"6,8",7,1,"3,75",7,1,"6,75",7,7,5,3,1,"6,58","2,5","0,83",7,"2,38"
27,OS,171,7,7,1,1,62,9,,,,,,7,6,"1,75","1,6","6,56","6,59",2,3,"6,25","2,42",7,"6,75",5,"3,75","2,5",1,"6,8","1,67",0,6,"6,8",7,1,"3,75",7,1,"6,75",7,7,5,3,1,"6,58","2,5","0,83",7,"2,38"
27,OS,172,7,7,1,1,94,9,,,,,,7,6,"1,75","1,6","6,56","6,59",2,3,"6,25","2,42",7,"6,75",5,"3,75","2,5",1,"6,8","1,67",0,6,"6,8",7,1,"3,75",7,1,"6,75",7,7,5,3,1,"6,58","2,5","0,83",7,"2,38"
27,OS,173,7,7,1,1,99,9,,,,,,7,6,"1,75","1,6","6,56","6,59",2,3,"6,25","2,42",7,"6,75",5,"3,75","2,5",1,"6,8","1,67",0,6,"6,8",7,1,"3,75",7,1,"6,75",7,7,5,3,1,"6,58","2,5","0,83",7,"2,38"
28,HG,1,,,,,62,7,,,3,,,5,"4,8",3,"1,6","4,31",5,"1,94","2,47","5,42","2,08","5,25","5,75","5,25","2,75","2,25","1,25","5,8",2,"0,33",4,"5,2","5,5","2,25","2,25","5,25","1,5","5,25","5,75","5,5","2,25","1,75","1,33","4,66","2,2","1,17","5,38","2,25"
28,HG,2,,,,,54,7,,,3,,,5,"4,8",3,"1,6","4,31",5,"1,94","2,47","5,42","2,08","5,25","5,75","5,25","2,75","2,25","1,25","5,8",2,"0,33",4,"5,2","5,5","2,25","2,25","5,25","1,5","5,25","5,75","5,5","2,25","1,75","1,33","4,66","2,2","1,17","5,38","2,25"
28,HG,3,,,,,45,7,,,3,,,5,"4,8",3,"1,6","4,31",5,"1,94","2,47","5,42","2,08","5,25","5,75","5,25","2,75","2,25","1,25","5,8",2,"0,33",4,"5,2","5,5","2,25","2,25","5,25","1,5","5,25","5,75","5,5","2,25","1,75","1,33","4,66","2,2","1,17","5,38","2,25"
28,HG,4,,,,,42,7,,,3,,,5,"4,8",3,"1,6","4,31",5,"1,94","2,47","5,42","2,08","5,25","5,75","5,25","2,75","2,25","1,25","5,8",2,"0,33",4,"5,2","5,5","2,25","2,25","5,25","1,5","5,25","5,75","5,5","2,25","1,75","1,33","4,66","2,2","1,17","5,38","2,25"
28,HG,5,,,,,43,7,,,3,,,5,"4,8",3,"1,6","4,31",5,"1,94","2,47","5,42","2,08","5,25","5,75","5,25","2,75","2,25","1,25","5,8",2,"0,33",4,"5,2","5,5","2,25","2,25","5,25","1,5","5,25","5,75","5,5","2,25","1,75","1,33","4,66","2,2","1,17","5,38","2,25"
28,HG,6,7,7,1,1,60,7,,,6,,,5,"4,8",3,"1,6","4,31",5,"1,94","2,47","5,42","2,08","5,25","5,75","5,25","2,75","2,25","1,25","5,8",2,"0,33",4,"5,2","5,5","2,25","2,25","5,25","1,5","5,25","5,75","5,5","2,25","1,75","1,33","4,66","2,2","1,17","5,38","2,25"
28,HG,7,7,7,1,1,77,7,,,6,,,5,"4,8",3,"1,6","4,31",5,"1,94","2,47","5,42","2,08","5,25","5,75","5,25","2,75","2,25","1,25","5,8",2,"0,33",4,"5,2","5,5","2,25","2,25","5,25","1,5","5,25","5,75","5,5","2,25","1,75","1,33","4,66","2,2","1,17","5,38","2,25"
28,HG,8,7,7,1,1,80,7,,,6,,,5,"4,8",3,"1,6","4,31",5,"1,94","2,47","5,42","2,08","5,25","5,75","5,25","2,75","2,25","1,25","5,8",2,"0,33",4,"5,2","5,5","2,25","2,25","5,25","1,5","5,25","5,75","5,5","2,25","1,75","1,33","4,66","2,2","1,17","5,38","2,25"
28,HG,9,7,7,1,1,80,7,,,6,,,5,"4,8",3,"1,6","4,31",5,"1,94","2,47","5,42","2,08","5,25","5,75","5,25","2,75","2,25","1,25","5,8",2,"0,33",4,"5,2","5,5","2,25","2,25","5,25","1,5","5,25","5,75","5,5","2,25","1,75","1,33","4,66","2,2","1,17","5,38","2,25"
28,HG,10,7,7,1,1,79,7,,,6,,,5,"4,8",3,"1,6","4,31",5,"1,94","2,47","5,42","2,08","5,25","5,75","5,25","2,75","2,25","1,25","5,8",2,"0,33",4,"5,2","5,5","2,25","2,25","5,25","1,5","5,25","5,75","5,5","2,25","1,75","1,33","4,66","2,2","1,17","5,38","2,25"
28,HG,11,"6,5",7,1,1,78,7,,,6,,,5,"4,8",3,"1,6","4,31",5,"1,94","2,47","5,42","2,08","5,25","5,75","5,25","2,75","2,25","1,25","5,8",2,"0,33",4,"5,2","5,5","2,25","2,25","5,25","1,5","5,25","5,75","5,5","2,25","1,75","1,33","4,66","2,2","1,17","5,38","2,25"
28,HG,12,"6,5",7,1,1,78,7,,,6,,,5,"4,8",3,"1,6","4,31",5,"1,94","2,47","5,42","2,08","5,25","5,75","5,25","2,75","2,25","1,25","5,8",2,"0,33",4,"5,2","5,5","2,25","2,25","5,25","1,5","5,25","5,75","5,5","2,25","1,75","1,33","4,66","2,2","1,17","5,38","2,25"
28,HG,13,"6,5",7,1,1,66,7,,,6,,,5,"4,8",3,"1,6","4,31",5,"1,94","2,47","5,42","2,08","5,25","5,75","5,25","2,75","2,25","1,25","5,8",2,"0,33",4,"5,2","5,5","2,25","2,25","5,25","1,5","5,25","5,75","5,5","2,25","1,75","1,33","4,66","2,2","1,17","5,38","2,25"
28,HG,14,"6,5",7,1,1,52,7,,,6,,,5,"4,8",3,"1,6","4,31",5,"1,94","2,47","5,42","2,08","5,25","5,75","5,25","2,75","2,25","1,25","5,8",2,"0,33",4,"5,2","5,5","2,25","2,25","5,25","1,5","5,25","5,75","5,5","2,25","1,75","1,33","4,66","2,2","1,17","5,38","2,25"
28,HG,15,"6,5",7,1,1,52,7,,,6,,,5,"4,8",3,"1,6","4,31",5,"1,94","2,47","5,42","2,08","5,25","5,75","5,25","2,75","2,25","1,25","5,8",2,"0,33",4,"5,2","5,5","2,25","2,25","5,25","1,5","5,25","5,75","5,5","2,25","1,75","1,33","4,66","2,2","1,17","5,38","2,25"
28,HG,16,7,"6,666666667",1,1,43,7,,,6,,,5,"4,8",3,"1,6","4,31",5,"1,94","2,47","5,42","2,08","5,25","5,75","5,25","2,75","2,25","1,25","5,8",2,"0,33",4,"5,2","5,5","2,25","2,25","5,25","1,5","5,25","5,75","5,5","2,25","1,75","1,33","4,66","2,2","1,17","5,38","2,25"
28,HG,17,7,"6,666666667",1,1,40,7,,,6,,,5,"4,8",3,"1,6","4,31",5,"1,94","2,47","5,42","2,08","5,25","5,75","5,25","2,75","2,25","1,25","5,8",2,"0,33",4,"5,2","5,5","2,25","2,25","5,25","1,5","5,25","5,75","5,5","2,25","1,75","1,33","4,66","2,2","1,17","5,38","2,25"
28,HG,18,7,"6,666666667",1,1,59,7,,,6,,,5,"4,8",3,"1,6","4,31",5,"1,94","2,47","5,42","2,08","5,25","5,75","5,25","2,75","2,25","1,25","5,8",2,"0,33",4,"5,2","5,5","2,25","2,25","5,25","1,5","5,25","5,75","5,5","2,25","1,75","1,33","4,66","2,2","1,17","5,38","2,25"
28,HG,19,7,"6,666666667",1,1,65,7,,,6,,,5,"4,8",3,"1,6","4,31",5,"1,94","2,47","5,42","2,08","5,25","5,75","5,25","2,75","2,25","1,25","5,8",2,"0,33",4,"5,2","5,5","2,25","2,25","5,25","1,5","5,25","5,75","5,5","2,25","1,75","1,33","4,66","2,2","1,17","5,38","2,25"
28,HG,20,7,"6,666666667",1,1,69,7,,,6,,,5,"4,8",3,"1,6","4,31",5,"1,94","2,47","5,42","2,08","5,25","5,75","5,25","2,75","2,25","1,25","5,8",2,"0,33",4,"5,2","5,5","2,25","2,25","5,25","1,5","5,25","5,75","5,5","2,25","1,75","1,33","4,66","2,2","1,17","5,38","2,25"
28,HG,21,7,7,1,1,67,7,,,6,,,5,"4,8",3,"1,6","4,31",5,"1,94","2,47","5,42","2,08","5,25","5,75","5,25","2,75","2,25","1,25","5,8",2,"0,33",4,"5,2","5,5","2,25","2,25","5,25","1,5","5,25","5,75","5,5","2,25","1,75","1,33","4,66","2,2","1,17","5,38","2,25"
28,HG,22,7,7,1,1,70,7,,,6,,,5,"4,8",3,"1,6","4,31",5,"1,94","2,47","5,42","2,08","5,25","5,75","5,25","2,75","2,25","1,25","5,8",2,"0,33",4,"5,2","5,5","2,25","2,25","5,25","1,5","5,25","5,75","5,5","2,25","1,75","1,33","4,66","2,2","1,17","5,38","2,25"
28,HG,23,7,7,1,1,71,7,,,6,,,5,"4,8",3,"1,6","4,31",5,"1,94","2,47","5,42","2,08","5,25","5,75","5,25","2,75","2,25","1,25","5,8",2,"0,33",4,"5,2","5,5","2,25","2,25","5,25","1,5","5,25","5,75","5,5","2,25","1,75","1,33","4,66","2,2","1,17","5,38","2,25"
28,HG,24,7,7,1,1,64,7,,,6,,,5,"4,8",3,"1,6","4,31",5,"1,94","2,47","5,42","2,08","5,25","5,75","5,25","2,75","2,25","1,25","5,8",2,"0,33",4,"5,2","5,5","2,25","2,25","5,25","1,5","5,25","5,75","5,5","2,25","1,75","1,33","4,66","2,2","1,17","5,38","2,25"
28,HG,25,7,7,1,1,64,7,,,6,,,5,"4,8",3,"1,6","4,31",5,"1,94","2,47","5,42","2,08","5,25","5,75","5,25","2,75","2,25","1,25","5,8",2,"0,33",4,"5,2","5,5","2,25","2,25","5,25","1,5","5,25","5,75","5,5","2,25","1,75","1,33","4,66","2,2","1,17","5,38","2,25"
28,HG,26,,,1,1,65,7,,,6,,,5,"4,8",3,"1,6","4,31",5,"1,94","2,47","5,42","2,08","5,25","5,75","5,25","2,75","2,25","1,25","5,8",2,"0,33",4,"5,2","5,5","2,25","2,25","5,25","1,5","5,25","5,75","5,5","2,25","1,75","1,33","4,66","2,2","1,17","5,38","2,25"
28,HG,27,,,1,1,60,7,,,6,,,5,"4,8",3,"1,6","4,31",5,"1,94","2,47","5,42","2,08","5,25","5,75","5,25","2,75","2,25","1,25","5,8",2,"0,33",4,"5,2","5,5","2,25","2,25","5,25","1,5","5,25","5,75","5,5","2,25","1,75","1,33","4,66","2,2","1,17","5,38","2,25"
28,HG,28,,,1,1,48,7,,,6,,,5,"4,8",3,"1,6","4,31",5,"1,94","2,47","5,42","2,08","5,25","5,75","5,25","2,75","2,25","1,25","5,8",2,"0,33",4,"5,2","5,5","2,25","2,25","5,25","1,5","5,25","5,75","5,5","2,25","1,75","1,33","4,66","2,2","1,17","5,38","2,25"
28,HG,29,,,1,1,58,7,,,6,,,5,"4,8",3,"1,6","4,31",5,"1,94","2,47","5,42","2,08","5,25","5,75","5,25","2,75","2,25","1,25","5,8",2,"0,33",4,"5,2","5,5","2,25","2,25","5,25","1,5","5,25","5,75","5,5","2,25","1,75","1,33","4,66","2,2","1,17","5,38","2,25"
28,HG,30,,,1,1,69,7,,,6,,,5,"4,8",3,"1,6","4,31",5,"1,94","2,47","5,42","2,08","5,25","5,75","5,25","2,75","2,25","1,25","5,8",2,"0,33",4,"5,2","5,5","2,25","2,25","5,25","1,5","5,25","5,75","5,5","2,25","1,75","1,33","4,66","2,2","1,17","5,38","2,25"
28,HG,31,,,,,66,7,,,6,,,5,"4,8",3,"1,6","4,31",5,"1,94","2,47","5,42","2,08","5,25","5,75","5,25","2,75","2,25","1,25","5,8",2,"0,33",4,"5,2","5,5","2,25","2,25","5,25","1,5","5,25","5,75","5,5","2,25","1,75","1,33","4,66","2,2","1,17","5,38","2,25"
28,HG,32,,,,,65,7,,,6,,,5,"4,8",3,"1,6","4,31",5,"1,94","2,47","5,42","2,08","5,25","5,75","5,25","2,75","2,25","1,25","5,8",2,"0,33",4,"5,2","5,5","2,25","2,25","5,25","1,5","5,25","5,75","5,5","2,25","1,75","1,33","4,66","2,2","1,17","5,38","2,25"
28,HG,33,,,,,57,7,,,6,,,5,"4,8",3,"1,6","4,31",5,"1,94","2,47","5,42","2,08","5,25","5,75","5,25","2,75","2,25","1,25","5,8",2,"0,33",4,"5,2","5,5","2,25","2,25","5,25","1,5","5,25","5,75","5,5","2,25","1,75","1,33","4,66","2,2","1,17","5,38","2,25"
28,HG,34,,,,,57,7,,,6,,,5,"4,8",3,"1,6","4,31",5,"1,94","2,47","5,42","2,08","5,25","5,75","5,25","2,75","2,25","1,25","5,8",2,"0,33",4,"5,2","5,5","2,25","2,25","5,25","1,5","5,25","5,75","5,5","2,25","1,75","1,33","4,66","2,2","1,17","5,38","2,25"
28,HG,35,,,,,57,7,,,6,,,5,"4,8",3,"1,6","4,31",5,"1,94","2,47","5,42","2,08","5,25","5,75","5,25","2,75","2,25","1,25","5,8",2,"0,33",4,"5,2","5,5","2,25","2,25","5,25","1,5","5,25","5,75","5,5","2,25","1,75","1,33","4,66","2,2","1,17","5,38","2,25"
28,HG,36,"3,25",7,1,1,58,7,,,6,,,5,"4,8",3,"1,6","4,31",5,"1,94","2,47","5,42","2,08","5,25","5,75","5,25","2,75","2,25","1,25","5,8",2,"0,33",4,"5,2","5,5","2,25","2,25","5,25","1,5","5,25","5,75","5,5","2,25","1,75","1,33","4,66","2,2","1,17","5,38","2,25"
28,HG,37,"3,25",7,1,1,72,7,,,6,,,5,"4,8",3,"1,6","4,31",5,"1,94","2,47","5,42","2,08","5,25","5,75","5,25","2,75","2,25","1,25","5,8",2,"0,33",4,"5,2","5,5","2,25","2,25","5,25","1,5","5,25","5,75","5,5","2,25","1,75","1,33","4,66","2,2","1,17","5,38","2,25"
28,HG,38,"3,25",7,1,1,76,7,,,6,,,5,"4,8",3,"1,6","4,31",5,"1,94","2,47","5,42","2,08","5,25","5,75","5,25","2,75","2,25","1,25","5,8",2,"0,33",4,"5,2","5,5","2,25","2,25","5,25","1,5","5,25","5,75","5,5","2,25","1,75","1,33","4,66","2,2","1,17","5,38","2,25"
28,HG,39,"3,25",7,1,1,69,7,,,6,,,5,"4,8",3,"1,6","4,31",5,"1,94","2,47","5,42","2,08","5,25","5,75","5,25","2,75","2,25","1,25","5,8",2,"0,33",4,"5,2","5,5","2,25","2,25","5,25","1,5","5,25","5,75","5,5","2,25","1,75","1,33","4,66","2,2","1,17","5,38","2,25"
28,HG,40,"3,25",7,1,1,64,7,,,6,,,5,"4,8",3,"1,6","4,31",5,"1,94","2,47","5,42","2,08","5,25","5,75","5,25","2,75","2,25","1,25","5,8",2,"0,33",4,"5,2","5,5","2,25","2,25","5,25","1,5","5,25","5,75","5,5","2,25","1,75","1,33","4,66","2,2","1,17","5,38","2,25"
28,HG,41,"6,5",7,1,1,59,7,,,6,,,5,"4,8",3,"1,6","4,31",5,"1,94","2,47","5,42","2,08","5,25","5,75","5,25","2,75","2,25","1,25","5,8",2,"0,33",4,"5,2","5,5","2,25","2,25","5,25","1,5","5,25","5,75","5,5","2,25","1,75","1,33","4,66","2,2","1,17","5,38","2,25"
28,HG,42,"6,5",7,1,1,55,7,,,6,,,5,"4,8",3,"1,6","4,31",5,"1,94","2,47","5,42","2,08","5,25","5,75","5,25","2,75","2,25","1,25","5,8",2,"0,33",4,"5,2","5,5","2,25","2,25","5,25","1,5","5,25","5,75","5,5","2,25","1,75","1,33","4,66","2,2","1,17","5,38","2,25"
28,HG,43,"6,5",7,1,1,55,7,,,6,,,5,"4,8",3,"1,6","4,31",5,"1,94","2,47","5,42","2,08","5,25","5,75","5,25","2,75","2,25","1,25","5,8",2,"0,33",4,"5,2","5,5","2,25","2,25","5,25","1,5","5,25","5,75","5,5","2,25","1,75","1,33","4,66","2,2","1,17","5,38","2,25"
28,HG,44,"6,5",7,1,1,53,7,,,6,,,5,"4,8",3,"1,6","4,31",5,"1,94","2,47","5,42","2,08","5,25","5,75","5,25","2,75","2,25","1,25","5,8",2,"0,33",4,"5,2","5,5","2,25","2,25","5,25","1,5","5,25","5,75","5,5","2,25","1,75","1,33","4,66","2,2","1,17","5,38","2,25"
28,HG,45,"6,5",7,1,1,48,7,,,6,,,5,"4,8",3,"1,6","4,31",5,"1,94","2,47","5,42","2,08","5,25","5,75","5,25","2,75","2,25","1,25","5,8",2,"0,33",4,"5,2","5,5","2,25","2,25","5,25","1,5","5,25","5,75","5,5","2,25","1,75","1,33","4,66","2,2","1,17","5,38","2,25"
28,HG,46,"6,75",7,1,1,47,7,,,6,,,5,"4,8",3,"1,6","4,31",5,"1,94","2,47","5,42","2,08","5,25","5,75","5,25","2,75","2,25","1,25","5,8",2,"0,33",4,"5,2","5,5","2,25","2,25","5,25","1,5","5,25","5,75","5,5","2,25","1,75","1,33","4,66","2,2","1,17","5,38","2,25"
28,HG,47,"6,75",7,1,1,47,7,,,6,,,5,"4,8",3,"1,6","4,31",5,"1,94","2,47","5,42","2,08","5,25","5,75","5,25","2,75","2,25","1,25","5,8",2,"0,33",4,"5,2","5,5","2,25","2,25","5,25","1,5","5,25","5,75","5,5","2,25","1,75","1,33","4,66","2,2","1,17","5,38","2,25"
28,HG,48,"6,75",7,1,1,45,7,,,6,,,5,"4,8",3,"1,6","4,31",5,"1,94","2,47","5,42","2,08","5,25","5,75","5,25","2,75","2,25","1,25","5,8",2,"0,33",4,"5,2","5,5","2,25","2,25","5,25","1,5","5,25","5,75","5,5","2,25","1,75","1,33","4,66","2,2","1,17","5,38","2,25"
28,HG,49,"6,75",7,1,1,40,7,,,6,,,5,"4,8",3,"1,6","4,31",5,"1,94","2,47","5,42","2,08","5,25","5,75","5,25","2,75","2,25","1,25","5,8",2,"0,33",4,"5,2","5,5","2,25","2,25","5,25","1,5","5,25","5,75","5,5","2,25","1,75","1,33","4,66","2,2","1,17","5,38","2,25"
28,HG,50,"6,75",7,1,1,42,7,,,6,,,5,"4,8",3,"1,6","4,31",5,"1,94","2,47","5,42","2,08","5,25","5,75","5,25","2,75","2,25","1,25","5,8",2,"0,33",4,"5,2","5,5","2,25","2,25","5,25","1,5","5,25","5,75","5,5","2,25","1,75","1,33","4,66","2,2","1,17","5,38","2,25"
28,HG,51,,,1,1,45,7,,,6,,,5,"4,8",3,"1,6","4,31",5,"1,94","2,47","5,42","2,08","5,25","5,75","5,25","2,75","2,25","1,25","5,8",2,"0,33",4,"5,2","5,5","2,25","2,25","5,25","1,5","5,25","5,75","5,5","2,25","1,75","1,33","4,66","2,2","1,17","5,38","2,25"
28,HG,52,,,1,1,70,7,,,6,,,5,"4,8",3,"1,6","4,31",5,"1,94","2,47","5,42","2,08","5,25","5,75","5,25","2,75","2,25","1,25","5,8",2,"0,33",4,"5,2","5,5","2,25","2,25","5,25","1,5","5,25","5,75","5,5","2,25","1,75","1,33","4,66","2,2","1,17","5,38","2,25"
28,HG,53,,,1,1,78,7,,,6,,,5,"4,8",3,"1,6","4,31",5,"1,94","2,47","5,42","2,08","5,25","5,75","5,25","2,75","2,25","1,25","5,8",2,"0,33",4,"5,2","5,5","2,25","2,25","5,25","1,5","5,25","5,75","5,5","2,25","1,75","1,33","4,66","2,2","1,17","5,38","2,25"
28,HG,54,,,1,1,72,7,,,6,,,5,"4,8",3,"1,6","4,31",5,"1,94","2,47","5,42","2,08","5,25","5,75","5,25","2,75","2,25","1,25","5,8",2,"0,33",4,"5,2","5,5","2,25","2,25","5,25","1,5","5,25","5,75","5,5","2,25","1,75","1,33","4,66","2,2","1,17","5,38","2,25"
28,HG,55,,,1,1,67,7,,,6,,,5,"4,8",3,"1,6","4,31",5,"1,94","2,47","5,42","2,08","5,25","5,75","5,25","2,75","2,25","1,25","5,8",2,"0,33",4,"5,2","5,5","2,25","2,25","5,25","1,5","5,25","5,75","5,5","2,25","1,75","1,33","4,66","2,2","1,17","5,38","2,25"
28,HG,56,,,,,61,7,,,6,,,5,"4,8",3,"1,6","4,31",5,"1,94","2,47","5,42","2,08","5,25","5,75","5,25","2,75","2,25","1,25","5,8",2,"0,33",4,"5,2","5,5","2,25","2,25","5,25","1,5","5,25","5,75","5,5","2,25","1,75","1,33","4,66","2,2","1,17","5,38","2,25"
28,HG,57,,,,,53,7,,,6,,,5,"4,8",3,"1,6","4,31",5,"1,94","2,47","5,42","2,08","5,25","5,75","5,25","2,75","2,25","1,25","5,8",2,"0,33",4,"5,2","5,5","2,25","2,25","5,25","1,5","5,25","5,75","5,5","2,25","1,75","1,33","4,66","2,2","1,17","5,38","2,25"
28,HG,58,,,,,58,7,,,6,,,5,"4,8",3,"1,6","4,31",5,"1,94","2,47","5,42","2,08","5,25","5,75","5,25","2,75","2,25","1,25","5,8",2,"0,33",4,"5,2","5,5","2,25","2,25","5,25","1,5","5,25","5,75","5,5","2,25","1,75","1,33","4,66","2,2","1,17","5,38","2,25"
28,HG,59,,,,,54,7,,,6,,,5,"4,8",3,"1,6","4,31",5,"1,94","2,47","5,42","2,08","5,25","5,75","5,25","2,75","2,25","1,25","5,8",2,"0,33",4,"5,2","5,5","2,25","2,25","5,25","1,5","5,25","5,75","5,5","2,25","1,75","1,33","4,66","2,2","1,17","5,38","2,25"
28,HG,60,,,,,52,7,,,6,,,5,"4,8",3,"1,6","4,31",5,"1,94","2,47","5,42","2,08","5,25","5,75","5,25","2,75","2,25","1,25","5,8",2,"0,33",4,"5,2","5,5","2,25","2,25","5,25","1,5","5,25","5,75","5,5","2,25","1,75","1,33","4,66","2,2","1,17","5,38","2,25"
28,HG,61,"6,75","6,666666667",1,1,50,7,,,6,,,5,"4,8",3,"1,6","4,31",5,"1,94","2,47","5,42","2,08","5,25","5,75","5,25","2,75","2,25","1,25","5,8",2,"0,33",4,"5,2","5,5","2,25","2,25","5,25","1,5","5,25","5,75","5,5","2,25","1,75","1,33","4,66","2,2","1,17","5,38","2,25"
28,HG,62,"6,75","6,666666667",1,1,50,7,,,6,,,5,"4,8",3,"1,6","4,31",5,"1,94","2,47","5,42","2,08","5,25","5,75","5,25","2,75","2,25","1,25","5,8",2,"0,33",4,"5,2","5,5","2,25","2,25","5,25","1,5","5,25","5,75","5,5","2,25","1,75","1,33","4,66","2,2","1,17","5,38","2,25"
28,HG,63,"6,75","6,666666667",1,1,50,7,,,6,,,5,"4,8",3,"1,6","4,31",5,"1,94","2,47","5,42","2,08","5,25","5,75","5,25","2,75","2,25","1,25","5,8",2,"0,33",4,"5,2","5,5","2,25","2,25","5,25","1,5","5,25","5,75","5,5","2,25","1,75","1,33","4,66","2,2","1,17","5,38","2,25"
28,HG,64,"6,75","6,666666667",1,1,47,7,,,6,,,5,"4,8",3,"1,6","4,31",5,"1,94","2,47","5,42","2,08","5,25","5,75","5,25","2,75","2,25","1,25","5,8",2,"0,33",4,"5,2","5,5","2,25","2,25","5,25","1,5","5,25","5,75","5,5","2,25","1,75","1,33","4,66","2,2","1,17","5,38","2,25"
28,HG,65,"6,75","6,666666667",1,1,48,7,,,6,,,5,"4,8",3,"1,6","4,31",5,"1,94","2,47","5,42","2,08","5,25","5,75","5,25","2,75","2,25","1,25","5,8",2,"0,33",4,"5,2","5,5","2,25","2,25","5,25","1,5","5,25","5,75","5,5","2,25","1,75","1,33","4,66","2,2","1,17","5,38","2,25"
28,HG,66,"6,25","6,666666667",1,1,48,9,,,,,,5,"4,8",3,"1,6","4,31",5,"1,94","2,47","5,42","2,08","5,25","5,75","5,25","2,75","2,25","1,25","5,8",2,"0,33",4,"5,2","5,5","2,25","2,25","5,25","1,5","5,25","5,75","5,5","2,25","1,75","1,33","4,66","2,2","1,17","5,38","2,25"
28,HG,67,"6,25","6,666666667",1,1,48,9,,,,,,5,"4,8",3,"1,6","4,31",5,"1,94","2,47","5,42","2,08","5,25","5,75","5,25","2,75","2,25","1,25","5,8",2,"0,33",4,"5,2","5,5","2,25","2,25","5,25","1,5","5,25","5,75","5,5","2,25","1,75","1,33","4,66","2,2","1,17","5,38","2,25"
28,HG,68,"6,25","6,666666667",1,1,48,9,,,,,,5,"4,8",3,"1,6","4,31",5,"1,94","2,47","5,42","2,08","5,25","5,75","5,25","2,75","2,25","1,25","5,8",2,"0,33",4,"5,2","5,5","2,25","2,25","5,25","1,5","5,25","5,75","5,5","2,25","1,75","1,33","4,66","2,2","1,17","5,38","2,25"
28,HG,69,"6,25","6,666666667",1,1,46,9,,,,,,5,"4,8",3,"1,6","4,31",5,"1,94","2,47","5,42","2,08","5,25","5,75","5,25","2,75","2,25","1,25","5,8",2,"0,33",4,"5,2","5,5","2,25","2,25","5,25","1,5","5,25","5,75","5,5","2,25","1,75","1,33","4,66","2,2","1,17","5,38","2,25"
28,HG,70,"6,25","6,666666667",1,1,44,9,,,,,,5,"4,8",3,"1,6","4,31",5,"1,94","2,47","5,42","2,08","5,25","5,75","5,25","2,75","2,25","1,25","5,8",2,"0,33",4,"5,2","5,5","2,25","2,25","5,25","1,5","5,25","5,75","5,5","2,25","1,75","1,33","4,66","2,2","1,17","5,38","2,25"
29,VC,1,,1,1,1,,1,,,1,,,"5,83","6,4","1,75","2,2","5,56","5,76","1,19",1,"6,5",1,6,7,"6,5",1,1,1,7,2,0,5,"6,6",7,1,"1,25",7,1,"6,5","6,5","6,75","1,75",1,1,"5,66","1,09",1,7,"1,13"
29,VC,2,,1,1,1,,1,,,1,,,"5,83","6,4","1,75","2,2","5,56","5,76","1,19",1,"6,5",1,6,7,"6,5",1,1,1,7,2,0,5,"6,6",7,1,"1,25",7,1,"6,5","6,5","6,75","1,75",1,1,"5,66","1,09",1,7,"1,13"
29,VC,3,,1,1,1,,1,,,1,,,"5,83","6,4","1,75","2,2","5,56","5,76","1,19",1,"6,5",1,6,7,"6,5",1,1,1,7,2,0,5,"6,6",7,1,"1,25",7,1,"6,5","6,5","6,75","1,75",1,1,"5,66","1,09",1,7,"1,13"
29,VC,4,,1,1,1,,1,,,1,,,"5,83","6,4","1,75","2,2","5,56","5,76","1,19",1,"6,5",1,6,7,"6,5",1,1,1,7,2,0,5,"6,6",7,1,"1,25",7,1,"6,5","6,5","6,75","1,75",1,1,"5,66","1,09",1,7,"1,13"
29,VC,5,,1,1,1,,1,,,1,,,"5,83","6,4","1,75","2,2","5,56","5,76","1,19",1,"6,5",1,6,7,"6,5",1,1,1,7,2,0,5,"6,6",7,1,"1,25",7,1,"6,5","6,5","6,75","1,75",1,1,"5,66","1,09",1,7,"1,13"
29,VC,6,,1,1,1,,7,,,3,,,"5,83","6,4","1,75","2,2","5,56","5,76","1,19",1,"6,5",1,6,7,"6,5",1,1,1,7,2,0,5,"6,6",7,1,"1,25",7,1,"6,5","6,5","6,75","1,75",1,1,"5,66","1,09",1,7,"1,13"
29,VC,7,,1,1,1,,7,,,3,,,"5,83","6,4","1,75","2,2","5,56","5,76","1,19",1,"6,5",1,6,7,"6,5",1,1,1,7,2,0,5,"6,6",7,1,"1,25",7,1,"6,5","6,5","6,75","1,75",1,1,"5,66","1,09",1,7,"1,13"
29,VC,8,,1,1,1,,7,,,3,,,"5,83","6,4","1,75","2,2","5,56","5,76","1,19",1,"6,5",1,6,7,"6,5",1,1,1,7,2,0,5,"6,6",7,1,"1,25",7,1,"6,5","6,5","6,75","1,75",1,1,"5,66","1,09",1,7,"1,13"
29,VC,9,,1,1,1,,7,,,3,,,"5,83","6,4","1,75","2,2","5,56","5,76","1,19",1,"6,5",1,6,7,"6,5",1,1,1,7,2,0,5,"6,6",7,1,"1,25",7,1,"6,5","6,5","6,75","1,75",1,1,"5,66","1,09",1,7,"1,13"
29,VC,10,,1,1,1,,7,,,3,,,"5,83","6,4","1,75","2,2","5,56","5,76","1,19",1,"6,5",1,6,7,"6,5",1,1,1,7,2,0,5,"6,6",7,1,"1,25",7,1,"6,5","6,5","6,75","1,75",1,1,"5,66","1,09",1,7,"1,13"
29,VC,11,7,7,1,1,,8,,,6,,,"5,83","6,4","1,75","2,2","5,56","5,76","1,19",1,"6,5",1,6,7,"6,5",1,1,1,7,2,0,5,"6,6",7,1,"1,25",7,1,"6,5","6,5","6,75","1,75",1,1,"5,66","1,09",1,7,"1,13"
29,VC,12,7,7,1,1,,8,,,6,,,"5,83","6,4","1,75","2,2","5,56","5,76","1,19",1,"6,5",1,6,7,"6,5",1,1,1,7,2,0,5,"6,6",7,1,"1,25",7,1,"6,5","6,5","6,75","1,75",1,1,"5,66","1,09",1,7,"1,13"
29,VC,13,7,7,1,1,,8,,,6,,,"5,83","6,4","1,75","2,2","5,56","5,76","1,19",1,"6,5",1,6,7,"6,5",1,1,1,7,2,0,5,"6,6",7,1,"1,25",7,1,"6,5","6,5","6,75","1,75",1,1,"5,66","1,09",1,7,"1,13"
29,VC,14,7,7,1,1,,8,,,6,,,"5,83","6,4","1,75","2,2","5,56","5,76","1,19",1,"6,5",1,6,7,"6,5",1,1,1,7,2,0,5,"6,6",7,1,"1,25",7,1,"6,5","6,5","6,75","1,75",1,1,"5,66","1,09",1,7,"1,13"
29,VC,15,7,7,1,1,,8,,,6,,,"5,83","6,4","1,75","2,2","5,56","5,76","1,19",1,"6,5",1,6,7,"6,5",1,1,1,7,2,0,5,"6,6",7,1,"1,25",7,1,"6,5","6,5","6,75","1,75",1,1,"5,66","1,09",1,7,"1,13"
29,VC,16,,1,1,1,,7,,,3,,,"5,83","6,4","1,75","2,2","5,56","5,76","1,19",1,"6,5",1,6,7,"6,5",1,1,1,7,2,0,5,"6,6",7,1,"1,25",7,1,"6,5","6,5","6,75","1,75",1,1,"5,66","1,09",1,7,"1,13"
29,VC,17,,1,1,1,,7,,,3,,,"5,83","6,4","1,75","2,2","5,56","5,76","1,19",1,"6,5",1,6,7,"6,5",1,1,1,7,2,0,5,"6,6",7,1,"1,25",7,1,"6,5","6,5","6,75","1,75",1,1,"5,66","1,09",1,7,"1,13"
29,VC,18,,1,1,1,,7,,,3,,,"5,83","6,4","1,75","2,2","5,56","5,76","1,19",1,"6,5",1,6,7,"6,5",1,1,1,7,2,0,5,"6,6",7,1,"1,25",7,1,"6,5","6,5","6,75","1,75",1,1,"5,66","1,09",1,7,"1,13"
29,VC,19,,1,1,1,,7,,,3,,,"5,83","6,4","1,75","2,2","5,56","5,76","1,19",1,"6,5",1,6,7,"6,5",1,1,1,7,2,0,5,"6,6",7,1,"1,25",7,1,"6,5","6,5","6,75","1,75",1,1,"5,66","1,09",1,7,"1,13"
29,VC,20,,1,1,1,,7,,,3,,,"5,83","6,4","1,75","2,2","5,56","5,76","1,19",1,"6,5",1,6,7,"6,5",1,1,1,7,2,0,5,"6,6",7,1,"1,25",7,1,"6,5","6,5","6,75","1,75",1,1,"5,66","1,09",1,7,"1,13"
29,VC,21,,1,1,1,,7,,,3,,,"5,83","6,4","1,75","2,2","5,56","5,76","1,19",1,"6,5",1,6,7,"6,5",1,1,1,7,2,0,5,"6,6",7,1,"1,25",7,1,"6,5","6,5","6,75","1,75",1,1,"5,66","1,09",1,7,"1,13"
29,VC,22,,1,1,1,,7,,,3,,,"5,83","6,4","1,75","2,2","5,56","5,76","1,19",1,"6,5",1,6,7,"6,5",1,1,1,7,2,0,5,"6,6",7,1,"1,25",7,1,"6,5","6,5","6,75","1,75",1,1,"5,66","1,09",1,7,"1,13"
29,VC,23,,1,1,1,,7,,,3,,,"5,83","6,4","1,75","2,2","5,56","5,76","1,19",1,"6,5",1,6,7,"6,5",1,1,1,7,2,0,5,"6,6",7,1,"1,25",7,1,"6,5","6,5","6,75","1,75",1,1,"5,66","1,09",1,7,"1,13"
29,VC,24,,1,1,1,,7,,,3,,,"5,83","6,4","1,75","2,2","5,56","5,76","1,19",1,"6,5",1,6,7,"6,5",1,1,1,7,2,0,5,"6,6",7,1,"1,25",7,1,"6,5","6,5","6,75","1,75",1,1,"5,66","1,09",1,7,"1,13"
29,VC,25,,1,1,1,,7,,,3,,,"5,83","6,4","1,75","2,2","5,56","5,76","1,19",1,"6,5",1,6,7,"6,5",1,1,1,7,2,0,5,"6,6",7,1,"1,25",7,1,"6,5","6,5","6,75","1,75",1,1,"5,66","1,09",1,7,"1,13"
29,VC,26,7,7,1,1,,7,,,6,,,"5,83","6,4","1,75","2,2","5,56","5,76","1,19",1,"6,5",1,6,7,"6,5",1,1,1,7,2,0,5,"6,6",7,1,"1,25",7,1,"6,5","6,5","6,75","1,75",1,1,"5,66","1,09",1,7,"1,13"
29,VC,27,7,7,1,1,,7,,,6,,,"5,83","6,4","1,75","2,2","5,56","5,76","1,19",1,"6,5",1,6,7,"6,5",1,1,1,7,2,0,5,"6,6",7,1,"1,25",7,1,"6,5","6,5","6,75","1,75",1,1,"5,66","1,09",1,7,"1,13"
29,VC,28,7,7,1,1,,7,,,6,,,"5,83","6,4","1,75","2,2","5,56","5,76","1,19",1,"6,5",1,6,7,"6,5",1,1,1,7,2,0,5,"6,6",7,1,"1,25",7,1,"6,5","6,5","6,75","1,75",1,1,"5,66","1,09",1,7,"1,13"
29,VC,29,7,7,1,1,,7,,,6,,,"5,83","6,4","1,75","2,2","5,56","5,76","1,19",1,"6,5",1,6,7,"6,5",1,1,1,7,2,0,5,"6,6",7,1,"1,25",7,1,"6,5","6,5","6,75","1,75",1,1,"5,66","1,09",1,7,"1,13"
29,VC,30,7,7,1,1,,7,,,6,,,"5,83","6,4","1,75","2,2","5,56","5,76","1,19",1,"6,5",1,6,7,"6,5",1,1,1,7,2,0,5,"6,6",7,1,"1,25",7,1,"6,5","6,5","6,75","1,75",1,1,"5,66","1,09",1,7,"1,13"
29,VC,31,7,7,1,1,,4,7,,6,,,"5,83","6,4","1,75","2,2","5,56","5,76","1,19",1,"6,5",1,6,7,"6,5",1,1,1,7,2,0,5,"6,6",7,1,"1,25",7,1,"6,5","6,5","6,75","1,75",1,1,"5,66","1,09",1,7,"1,13"
29,VC,32,7,7,1,1,,4,7,,6,,,"5,83","6,4","1,75","2,2","5,56","5,76","1,19",1,"6,5",1,6,7,"6,5",1,1,1,7,2,0,5,"6,6",7,1,"1,25",7,1,"6,5","6,5","6,75","1,75",1,1,"5,66","1,09",1,7,"1,13"
29,VC,33,7,7,1,1,,4,7,,6,,,"5,83","6,4","1,75","2,2","5,56","5,76","1,19",1,"6,5",1,6,7,"6,5",1,1,1,7,2,0,5,"6,6",7,1,"1,25",7,1,"6,5","6,5","6,75","1,75",1,1,"5,66","1,09",1,7,"1,13"
29,VC,34,7,7,1,1,,4,7,,6,,,"5,83","6,4","1,75","2,2","5,56","5,76","1,19",1,"6,5",1,6,7,"6,5",1,1,1,7,2,0,5,"6,6",7,1,"1,25",7,1,"6,5","6,5","6,75","1,75",1,1,"5,66","1,09",1,7,"1,13"
29,VC,35,7,7,1,1,,4,7,,6,,,"5,83","6,4","1,75","2,2","5,56","5,76","1,19",1,"6,5",1,6,7,"6,5",1,1,1,7,2,0,5,"6,6",7,1,"1,25",7,1,"6,5","6,5","6,75","1,75",1,1,"5,66","1,09",1,7,"1,13"
29,VC,36,"3,666666667",7,"2,6",1,,4,,,2,5,,"5,83","6,4","1,75","2,2","5,56","5,76","1,19",1,"6,5",1,6,7,"6,5",1,1,1,7,2,0,5,"6,6",7,1,"1,25",7,1,"6,5","6,5","6,75","1,75",1,1,"5,66","1,09",1,7,"1,13"
29,VC,37,"3,666666667",7,"2,6",1,,4,,,2,5,,"5,83","6,4","1,75","2,2","5,56","5,76","1,19",1,"6,5",1,6,7,"6,5",1,1,1,7,2,0,5,"6,6",7,1,"1,25",7,1,"6,5","6,5","6,75","1,75",1,1,"5,66","1,09",1,7,"1,13"
29,VC,38,"3,666666667",7,"2,6",1,,4,,,2,5,,"5,83","6,4","1,75","2,2","5,56","5,76","1,19",1,"6,5",1,6,7,"6,5",1,1,1,7,2,0,5,"6,6",7,1,"1,25",7,1,"6,5","6,5","6,75","1,75",1,1,"5,66","1,09",1,7,"1,13"
29,VC,39,"3,666666667",7,"2,6",1,,4,,,2,5,,"5,83","6,4","1,75","2,2","5,56","5,76","1,19",1,"6,5",1,6,7,"6,5",1,1,1,7,2,0,5,"6,6",7,1,"1,25",7,1,"6,5","6,5","6,75","1,75",1,1,"5,66","1,09",1,7,"1,13"
29,VC,40,"3,666666667",7,"2,6",1,,4,,,2,5,,"5,83","6,4","1,75","2,2","5,56","5,76","1,19",1,"6,5",1,6,7,"6,5",1,1,1,7,2,0,5,"6,6",7,1,"1,25",7,1,"6,5","6,5","6,75","1,75",1,1,"5,66","1,09",1,7,"1,13"
29,VC,41,7,7,1,1,,4,,,6,,,"5,83","6,4","1,75","2,2","5,56","5,76","1,19",1,"6,5",1,6,7,"6,5",1,1,1,7,2,0,5,"6,6",7,1,"1,25",7,1,"6,5","6,5","6,75","1,75",1,1,"5,66","1,09",1,7,"1,13"
29,VC,42,7,7,1,1,,4,,,6,,,"5,83","6,4","1,75","2,2","5,56","5,76","1,19",1,"6,5",1,6,7,"6,5",1,1,1,7,2,0,5,"6,6",7,1,"1,25",7,1,"6,5","6,5","6,75","1,75",1,1,"5,66","1,09",1,7,"1,13"
29,VC,43,7,7,1,1,,4,,,6,,,"5,83","6,4","1,75","2,2","5,56","5,76","1,19",1,"6,5",1,6,7,"6,5",1,1,1,7,2,0,5,"6,6",7,1,"1,25",7,1,"6,5","6,5","6,75","1,75",1,1,"5,66","1,09",1,7,"1,13"
29,VC,44,7,7,1,1,,4,,,6,,,"5,83","6,4","1,75","2,2","5,56","5,76","1,19",1,"6,5",1,6,7,"6,5",1,1,1,7,2,0,5,"6,6",7,1,"1,25",7,1,"6,5","6,5","6,75","1,75",1,1,"5,66","1,09",1,7,"1,13"
29,VC,45,7,7,1,1,,4,,,6,,,"5,83","6,4","1,75","2,2","5,56","5,76","1,19",1,"6,5",1,6,7,"6,5",1,1,1,7,2,0,5,"6,6",7,1,"1,25",7,1,"6,5","6,5","6,75","1,75",1,1,"5,66","1,09",1,7,"1,13"
29,VC,46,7,3,1,1,,3,4,,9,,,"5,83","6,4","1,75","2,2","5,56","5,76","1,19",1,"6,5",1,6,7,"6,5",1,1,1,7,2,0,5,"6,6",7,1,"1,25",7,1,"6,5","6,5","6,75","1,75",1,1,"5,66","1,09",1,7,"1,13"
29,VC,47,7,3,1,1,,3,4,,9,,,"5,83","6,4","1,75","2,2","5,56","5,76","1,19",1,"6,5",1,6,7,"6,5",1,1,1,7,2,0,5,"6,6",7,1,"1,25",7,1,"6,5","6,5","6,75","1,75",1,1,"5,66","1,09",1,7,"1,13"
29,VC,48,7,3,1,1,,3,4,,9,,,"5,83","6,4","1,75","2,2","5,56","5,76","1,19",1,"6,5",1,6,7,"6,5",1,1,1,7,2,0,5,"6,6",7,1,"1,25",7,1,"6,5","6,5","6,75","1,75",1,1,"5,66","1,09",1,7,"1,13"
29,VC,49,7,3,1,1,,3,4,,9,,,"5,83","6,4","1,75","2,2","5,56","5,76","1,19",1,"6,5",1,6,7,"6,5",1,1,1,7,2,0,5,"6,6",7,1,"1,25",7,1,"6,5","6,5","6,75","1,75",1,1,"5,66","1,09",1,7,"1,13"
29,VC,50,7,3,1,1,,3,4,,9,,,"5,83","6,4","1,75","2,2","5,56","5,76","1,19",1,"6,5",1,6,7,"6,5",1,1,1,7,2,0,5,"6,6",7,1,"1,25",7,1,"6,5","6,5","6,75","1,75",1,1,"5,66","1,09",1,7,"1,13"
29,VC,51,7,7,1,1,,3,8,,6,,,"5,83","6,4","1,75","2,2","5,56","5,76","1,19",1,"6,5",1,6,7,"6,5",1,1,1,7,2,0,5,"6,6",7,1,"1,25",7,1,"6,5","6,5","6,75","1,75",1,1,"5,66","1,09",1,7,"1,13"
29,VC,52,7,7,1,1,,3,8,,6,,,"5,83","6,4","1,75","2,2","5,56","5,76","1,19",1,"6,5",1,6,7,"6,5",1,1,1,7,2,0,5,"6,6",7,1,"1,25",7,1,"6,5","6,5","6,75","1,75",1,1,"5,66","1,09",1,7,"1,13"
29,VC,53,7,7,1,1,,3,8,,6,,,"5,83","6,4","1,75","2,2","5,56","5,76","1,19",1,"6,5",1,6,7,"6,5",1,1,1,7,2,0,5,"6,6",7,1,"1,25",7,1,"6,5","6,5","6,75","1,75",1,1,"5,66","1,09",1,7,"1,13"
29,VC,54,7,7,1,1,,3,8,,6,,,"5,83","6,4","1,75","2,2","5,56","5,76","1,19",1,"6,5",1,6,7,"6,5",1,1,1,7,2,0,5,"6,6",7,1,"1,25",7,1,"6,5","6,5","6,75","1,75",1,1,"5,66","1,09",1,7,"1,13"
29,VC,55,7,7,1,1,,3,8,,6,,,"5,83","6,4","1,75","2,2","5,56","5,76","1,19",1,"6,5",1,6,7,"6,5",1,1,1,7,2,0,5,"6,6",7,1,"1,25",7,1,"6,5","6,5","6,75","1,75",1,1,"5,66","1,09",1,7,"1,13"
29,VC,56,7,5,1,1,,6,,,1,,,"5,83","6,4","1,75","2,2","5,56","5,76","1,19",1,"6,5",1,6,7,"6,5",1,1,1,7,2,0,5,"6,6",7,1,"1,25",7,1,"6,5","6,5","6,75","1,75",1,1,"5,66","1,09",1,7,"1,13"
29,VC,57,7,5,1,1,,6,,,1,,,"5,83","6,4","1,75","2,2","5,56","5,76","1,19",1,"6,5",1,6,7,"6,5",1,1,1,7,2,0,5,"6,6",7,1,"1,25",7,1,"6,5","6,5","6,75","1,75",1,1,"5,66","1,09",1,7,"1,13"
29,VC,58,7,5,1,1,,6,,,1,,,"5,83","6,4","1,75","2,2","5,56","5,76","1,19",1,"6,5",1,6,7,"6,5",1,1,1,7,2,0,5,"6,6",7,1,"1,25",7,1,"6,5","6,5","6,75","1,75",1,1,"5,66","1,09",1,7,"1,13"
29,VC,59,7,5,1,1,,6,,,1,,,"5,83","6,4","1,75","2,2","5,56","5,76","1,19",1,"6,5",1,6,7,"6,5",1,1,1,7,2,0,5,"6,6",7,1,"1,25",7,1,"6,5","6,5","6,75","1,75",1,1,"5,66","1,09",1,7,"1,13"
29,VC,60,7,5,1,1,,6,,,1,,,"5,83","6,4","1,75","2,2","5,56","5,76","1,19",1,"6,5",1,6,7,"6,5",1,1,1,7,2,0,5,"6,6",7,1,"1,25",7,1,"6,5","6,5","6,75","1,75",1,1,"5,66","1,09",1,7,"1,13"
29,VC,61,7,5,1,1,,6,,,,,,"5,83","6,4","1,75","2,2","5,56","5,76","1,19",1,"6,5",1,6,7,"6,5",1,1,1,7,2,0,5,"6,6",7,1,"1,25",7,1,"6,5","6,5","6,75","1,75",1,1,"5,66","1,09",1,7,"1,13"
29,VC,62,7,5,1,1,,6,,,,,,"5,83","6,4","1,75","2,2","5,56","5,76","1,19",1,"6,5",1,6,7,"6,5",1,1,1,7,2,0,5,"6,6",7,1,"1,25",7,1,"6,5","6,5","6,75","1,75",1,1,"5,66","1,09",1,7,"1,13"
29,VC,63,7,5,1,1,,6,,,,,,"5,83","6,4","1,75","2,2","5,56","5,76","1,19",1,"6,5",1,6,7,"6,5",1,1,1,7,2,0,5,"6,6",7,1,"1,25",7,1,"6,5","6,5","6,75","1,75",1,1,"5,66","1,09",1,7,"1,13"
29,VC,64,7,5,1,1,,6,,,,,,"5,83","6,4","1,75","2,2","5,56","5,76","1,19",1,"6,5",1,6,7,"6,5",1,1,1,7,2,0,5,"6,6",7,1,"1,25",7,1,"6,5","6,5","6,75","1,75",1,1,"5,66","1,09",1,7,"1,13"
29,VC,65,7,5,1,1,,6,,,,,,"5,83","6,4","1,75","2,2","5,56","5,76","1,19",1,"6,5",1,6,7,"6,5",1,1,1,7,2,0,5,"6,6",7,1,"1,25",7,1,"6,5","6,5","6,75","1,75",1,1,"5,66","1,09",1,7,"1,13"
29,VC,66,7,5,1,1,,6,,,,,,"5,83","6,4","1,75","2,2","5,56","5,76","1,19",1,"6,5",1,6,7,"6,5",1,1,1,7,2,0,5,"6,6",7,1,"1,25",7,1,"6,5","6,5","6,75","1,75",1,1,"5,66","1,09",1,7,"1,13"
29,VC,67,7,5,1,1,,6,,,,,,"5,83","6,4","1,75","2,2","5,56","5,76","1,19",1,"6,5",1,6,7,"6,5",1,1,1,7,2,0,5,"6,6",7,1,"1,25",7,1,"6,5","6,5","6,75","1,75",1,1,"5,66","1,09",1,7,"1,13"
29,VC,68,7,5,1,1,,6,,,,,,"5,83","6,4","1,75","2,2","5,56","5,76","1,19",1,"6,5",1,6,7,"6,5",1,1,1,7,2,0,5,"6,6",7,1,"1,25",7,1,"6,5","6,5","6,75","1,75",1,1,"5,66","1,09",1,7,"1,13"
29,VC,69,7,5,1,1,,6,,,,,,"5,83","6,4","1,75","2,2","5,56","5,76","1,19",1,"6,5",1,6,7,"6,5",1,1,1,7,2,0,5,"6,6",7,1,"1,25",7,1,"6,5","6,5","6,75","1,75",1,1,"5,66","1,09",1,7,"1,13"
29,VC,70,7,5,1,1,,6,,,,,,"5,83","6,4","1,75","2,2","5,56","5,76","1,19",1,"6,5",1,6,7,"6,5",1,1,1,7,2,0,5,"6,6",7,1,"1,25",7,1,"6,5","6,5","6,75","1,75",1,1,"5,66","1,09",1,7,"1,13"
29,VC,71,7,5,1,1,,6,,,,,,"5,83","6,4","1,75","2,2","5,56","5,76","1,19",1,"6,5",1,6,7,"6,5",1,1,1,7,2,0,5,"6,6",7,1,"1,25",7,1,"6,5","6,5","6,75","1,75",1,1,"5,66","1,09",1,7,"1,13"
29,VC,72,7,5,1,1,,6,,,,,,"5,83","6,4","1,75","2,2","5,56","5,76","1,19",1,"6,5",1,6,7,"6,5",1,1,1,7,2,0,5,"6,6",7,1,"1,25",7,1,"6,5","6,5","6,75","1,75",1,1,"5,66","1,09",1,7,"1,13"
29,VC,73,7,5,1,1,,6,,,,,,"5,83","6,4","1,75","2,2","5,56","5,76","1,19",1,"6,5",1,6,7,"6,5",1,1,1,7,2,0,5,"6,6",7,1,"1,25",7,1,"6,5","6,5","6,75","1,75",1,1,"5,66","1,09",1,7,"1,13"
29,VC,74,7,5,1,1,,6,,,,,,"5,83","6,4","1,75","2,2","5,56","5,76","1,19",1,"6,5",1,6,7,"6,5",1,1,1,7,2,0,5,"6,6",7,1,"1,25",7,1,"6,5","6,5","6,75","1,75",1,1,"5,66","1,09",1,7,"1,13"
29,VC,75,7,5,1,1,,6,,,,,,"5,83","6,4","1,75","2,2","5,56","5,76","1,19",1,"6,5",1,6,7,"6,5",1,1,1,7,2,0,5,"6,6",7,1,"1,25",7,1,"6,5","6,5","6,75","1,75",1,1,"5,66","1,09",1,7,"1,13"
29,VC,76,7,5,1,1,,6,,,,,,"5,83","6,4","1,75","2,2","5,56","5,76","1,19",1,"6,5",1,6,7,"6,5",1,1,1,7,2,0,5,"6,6",7,1,"1,25",7,1,"6,5","6,5","6,75","1,75",1,1,"5,66","1,09",1,7,"1,13"
29,VC,77,7,5,1,1,,6,,,,,,"5,83","6,4","1,75","2,2","5,56","5,76","1,19",1,"6,5",1,6,7,"6,5",1,1,1,7,2,0,5,"6,6",7,1,"1,25",7,1,"6,5","6,5","6,75","1,75",1,1,"5,66","1,09",1,7,"1,13"
29,VC,78,7,5,1,1,,6,,,,,,"5,83","6,4","1,75","2,2","5,56","5,76","1,19",1,"6,5",1,6,7,"6,5",1,1,1,7,2,0,5,"6,6",7,1,"1,25",7,1,"6,5","6,5","6,75","1,75",1,1,"5,66","1,09",1,7,"1,13"
29,VC,79,7,5,1,1,,6,,,,,,"5,83","6,4","1,75","2,2","5,56","5,76","1,19",1,"6,5",1,6,7,"6,5",1,1,1,7,2,0,5,"6,6",7,1,"1,25",7,1,"6,5","6,5","6,75","1,75",1,1,"5,66","1,09",1,7,"1,13"
29,VC,80,7,5,1,1,,6,,,,,,"5,83","6,4","1,75","2,2","5,56","5,76","1,19",1,"6,5",1,6,7,"6,5",1,1,1,7,2,0,5,"6,6",7,1,"1,25",7,1,"6,5","6,5","6,75","1,75",1,1,"5,66","1,09",1,7,"1,13"
29,VC,81,7,5,1,1,,5,6,,9,,,"5,83","6,4","1,75","2,2","5,56","5,76","1,19",1,"6,5",1,6,7,"6,5",1,1,1,7,2,0,5,"6,6",7,1,"1,25",7,1,"6,5","6,5","6,75","1,75",1,1,"5,66","1,09",1,7,"1,13"
29,VC,82,7,5,1,1,,5,6,,9,,,"5,83","6,4","1,75","2,2","5,56","5,76","1,19",1,"6,5",1,6,7,"6,5",1,1,1,7,2,0,5,"6,6",7,1,"1,25",7,1,"6,5","6,5","6,75","1,75",1,1,"5,66","1,09",1,7,"1,13"
29,VC,83,7,5,1,1,,5,6,,9,,,"5,83","6,4","1,75","2,2","5,56","5,76","1,19",1,"6,5",1,6,7,"6,5",1,1,1,7,2,0,5,"6,6",7,1,"1,25",7,1,"6,5","6,5","6,75","1,75",1,1,"5,66","1,09",1,7,"1,13"
29,VC,84,7,5,1,1,,5,6,,9,,,"5,83","6,4","1,75","2,2","5,56","5,76","1,19",1,"6,5",1,6,7,"6,5",1,1,1,7,2,0,5,"6,6",7,1,"1,25",7,1,"6,5","6,5","6,75","1,75",1,1,"5,66","1,09",1,7,"1,13"
29,VC,85,7,5,1,1,,5,6,,9,,,"5,83","6,4","1,75","2,2","5,56","5,76","1,19",1,"6,5",1,6,7,"6,5",1,1,1,7,2,0,5,"6,6",7,1,"1,25",7,1,"6,5","6,5","6,75","1,75",1,1,"5,66","1,09",1,7,"1,13"
29,VC,86,7,5,1,1,,5,6,,9,,,"5,83","6,4","1,75","2,2","5,56","5,76","1,19",1,"6,5",1,6,7,"6,5",1,1,1,7,2,0,5,"6,6",7,1,"1,25",7,1,"6,5","6,5","6,75","1,75",1,1,"5,66","1,09",1,7,"1,13"
29,VC,87,7,5,1,1,,5,6,,9,,,"5,83","6,4","1,75","2,2","5,56","5,76","1,19",1,"6,5",1,6,7,"6,5",1,1,1,7,2,0,5,"6,6",7,1,"1,25",7,1,"6,5","6,5","6,75","1,75",1,1,"5,66","1,09",1,7,"1,13"
29,VC,88,7,5,1,1,,5,6,,9,,,"5,83","6,4","1,75","2,2","5,56","5,76","1,19",1,"6,5",1,6,7,"6,5",1,1,1,7,2,0,5,"6,6",7,1,"1,25",7,1,"6,5","6,5","6,75","1,75",1,1,"5,66","1,09",1,7,"1,13"
29,VC,89,7,5,1,1,,5,6,,9,,,"5,83","6,4","1,75","2,2","5,56","5,76","1,19",1,"6,5",1,6,7,"6,5",1,1,1,7,2,0,5,"6,6",7,1,"1,25",7,1,"6,5","6,5","6,75","1,75",1,1,"5,66","1,09",1,7,"1,13"
29,VC,90,7,5,1,1,,5,6,,9,,,"5,83","6,4","1,75","2,2","5,56","5,76","1,19",1,"6,5",1,6,7,"6,5",1,1,1,7,2,0,5,"6,6",7,1,"1,25",7,1,"6,5","6,5","6,75","1,75",1,1,"5,66","1,09",1,7,"1,13"
29,VC,91,7,5,1,1,,,,,,,,"5,83","6,4","1,75","2,2","5,56","5,76","1,19",1,"6,5",1,6,7,"6,5",1,1,1,7,2,0,5,"6,6",7,1,"1,25",7,1,"6,5","6,5","6,75","1,75",1,1,"5,66","1,09",1,7,"1,13"
29,VC,92,7,5,1,1,,,,,,,,"5,83","6,4","1,75","2,2","5,56","5,76","1,19",1,"6,5",1,6,7,"6,5",1,1,1,7,2,0,5,"6,6",7,1,"1,25",7,1,"6,5","6,5","6,75","1,75",1,1,"5,66","1,09",1,7,"1,13"
29,VC,93,7,5,1,1,,,,,,,,"5,83","6,4","1,75","2,2","5,56","5,76","1,19",1,"6,5",1,6,7,"6,5",1,1,1,7,2,0,5,"6,6",7,1,"1,25",7,1,"6,5","6,5","6,75","1,75",1,1,"5,66","1,09",1,7,"1,13"
29,VC,94,7,5,1,1,,,,,,,,"5,83","6,4","1,75","2,2","5,56","5,76","1,19",1,"6,5",1,6,7,"6,5",1,1,1,7,2,0,5,"6,6",7,1,"1,25",7,1,"6,5","6,5","6,75","1,75",1,1,"5,66","1,09",1,7,"1,13"
29,VC,95,7,5,1,1,,,,,,,,"5,83","6,4","1,75","2,2","5,56","5,76","1,19",1,"6,5",1,6,7,"6,5",1,1,1,7,2,0,5,"6,6",7,1,"1,25",7,1,"6,5","6,5","6,75","1,75",1,1,"5,66","1,09",1,7,"1,13"
29,VC,96,,1,1,1,,7,,,1,,,"5,83","6,4","1,75","2,2","5,56","5,76","1,19",1,"6,5",1,6,7,"6,5",1,1,1,7,2,0,5,"6,6",7,1,"1,25",7,1,"6,5","6,5","6,75","1,75",1,1,"5,66","1,09",1,7,"1,13"
29,VC,97,,1,1,1,,7,,,1,,,"5,83","6,4","1,75","2,2","5,56","5,76","1,19",1,"6,5",1,6,7,"6,5",1,1,1,7,2,0,5,"6,6",7,1,"1,25",7,1,"6,5","6,5","6,75","1,75",1,1,"5,66","1,09",1,7,"1,13"
29,VC,98,,1,1,1,,7,,,1,,,"5,83","6,4","1,75","2,2","5,56","5,76","1,19",1,"6,5",1,6,7,"6,5",1,1,1,7,2,0,5,"6,6",7,1,"1,25",7,1,"6,5","6,5","6,75","1,75",1,1,"5,66","1,09",1,7,"1,13"
29,VC,99,,1,1,1,,7,,,1,,,"5,83","6,4","1,75","2,2","5,56","5,76","1,19",1,"6,5",1,6,7,"6,5",1,1,1,7,2,0,5,"6,6",7,1,"1,25",7,1,"6,5","6,5","6,75","1,75",1,1,"5,66","1,09",1,7,"1,13"
29,VC,100,,1,1,1,,7,,,1,,,"5,83","6,4","1,75","2,2","5,56","5,76","1,19",1,"6,5",1,6,7,"6,5",1,1,1,7,2,0,5,"6,6",7,1,"1,25",7,1,"6,5","6,5","6,75","1,75",1,1,"5,66","1,09",1,7,"1,13"
29,VC,101,,1,1,1,,7,,,,,,"5,83","6,4","1,75","2,2","5,56","5,76","1,19",1,"6,5",1,6,7,"6,5",1,1,1,7,2,0,5,"6,6",7,1,"1,25",7,1,"6,5","6,5","6,75","1,75",1,1,"5,66","1,09",1,7,"1,13"
29,VC,102,,1,1,1,,7,,,,,,"5,83","6,4","1,75","2,2","5,56","5,76","1,19",1,"6,5",1,6,7,"6,5",1,1,1,7,2,0,5,"6,6",7,1,"1,25",7,1,"6,5","6,5","6,75","1,75",1,1,"5,66","1,09",1,7,"1,13"
29,VC,103,,1,1,1,,7,,,,,,"5,83","6,4","1,75","2,2","5,56","5,76","1,19",1,"6,5",1,6,7,"6,5",1,1,1,7,2,0,5,"6,6",7,1,"1,25",7,1,"6,5","6,5","6,75","1,75",1,1,"5,66","1,09",1,7,"1,13"
29,VC,104,,1,1,1,,7,,,,,,"5,83","6,4","1,75","2,2","5,56","5,76","1,19",1,"6,5",1,6,7,"6,5",1,1,1,7,2,0,5,"6,6",7,1,"1,25",7,1,"6,5","6,5","6,75","1,75",1,1,"5,66","1,09",1,7,"1,13"
29,VC,105,,1,1,1,,7,,,,,,"5,83","6,4","1,75","2,2","5,56","5,76","1,19",1,"6,5",1,6,7,"6,5",1,1,1,7,2,0,5,"6,6",7,1,"1,25",7,1,"6,5","6,5","6,75","1,75",1,1,"5,66","1,09",1,7,"1,13"
29,VC,106,7,7,1,1,,6,9,,6,,,"5,83","6,4","1,75","2,2","5,56","5,76","1,19",1,"6,5",1,6,7,"6,5",1,1,1,7,2,0,5,"6,6",7,1,"1,25",7,1,"6,5","6,5","6,75","1,75",1,1,"5,66","1,09",1,7,"1,13"
29,VC,107,7,7,1,1,,6,9,,6,,,"5,83","6,4","1,75","2,2","5,56","5,76","1,19",1,"6,5",1,6,7,"6,5",1,1,1,7,2,0,5,"6,6",7,1,"1,25",7,1,"6,5","6,5","6,75","1,75",1,1,"5,66","1,09",1,7,"1,13"
29,VC,108,7,7,1,1,,6,9,,6,,,"5,83","6,4","1,75","2,2","5,56","5,76","1,19",1,"6,5",1,6,7,"6,5",1,1,1,7,2,0,5,"6,6",7,1,"1,25",7,1,"6,5","6,5","6,75","1,75",1,1,"5,66","1,09",1,7,"1,13"
29,VC,109,7,7,1,1,,6,9,,6,,,"5,83","6,4","1,75","2,2","5,56","5,76","1,19",1,"6,5",1,6,7,"6,5",1,1,1,7,2,0,5,"6,6",7,1,"1,25",7,1,"6,5","6,5","6,75","1,75",1,1,"5,66","1,09",1,7,"1,13"
29,VC,110,7,7,1,1,,6,9,,6,,,"5,83","6,4","1,75","2,2","5,56","5,76","1,19",1,"6,5",1,6,7,"6,5",1,1,1,7,2,0,5,"6,6",7,1,"1,25",7,1,"6,5","6,5","6,75","1,75",1,1,"5,66","1,09",1,7,"1,13"
29,VC,111,7,7,1,1,,6,9,,6,,,"5,83","6,4","1,75","2,2","5,56","5,76","1,19",1,"6,5",1,6,7,"6,5",1,1,1,7,2,0,5,"6,6",7,1,"1,25",7,1,"6,5","6,5","6,75","1,75",1,1,"5,66","1,09",1,7,"1,13"
29,VC,112,7,7,1,1,,6,9,,6,,,"5,83","6,4","1,75","2,2","5,56","5,76","1,19",1,"6,5",1,6,7,"6,5",1,1,1,7,2,0,5,"6,6",7,1,"1,25",7,1,"6,5","6,5","6,75","1,75",1,1,"5,66","1,09",1,7,"1,13"
29,VC,113,7,7,1,1,,6,9,,6,,,"5,83","6,4","1,75","2,2","5,56","5,76","1,19",1,"6,5",1,6,7,"6,5",1,1,1,7,2,0,5,"6,6",7,1,"1,25",7,1,"6,5","6,5","6,75","1,75",1,1,"5,66","1,09",1,7,"1,13"
29,VC,114,7,7,1,1,,6,9,,6,,,"5,83","6,4","1,75","2,2","5,56","5,76","1,19",1,"6,5",1,6,7,"6,5",1,1,1,7,2,0,5,"6,6",7,1,"1,25",7,1,"6,5","6,5","6,75","1,75",1,1,"5,66","1,09",1,7,"1,13"
30,CD,1,6,7,1,1,85,1,,,8,,,"5,83","6,4","3,25","1,6","4,94","5,88","1,31","1,67","5,83","1,67","6,75",7,"3,75","1,25",1,"2,75","6,6","1,67",0,"5,33","6,8","4,25",1,"1,25",6,"1,5",7,"6,75",7,"3,75","1,25",3,"5,41","1,49","0,83","5,13","1,13"
30,CD,2,6,7,1,1,72,1,,,8,,,"5,83","6,4","3,25","1,6","4,94","5,88","1,31","1,67","5,83","1,67","6,75",7,"3,75","1,25",1,"2,75","6,6","1,67",0,"5,33","6,8","4,25",1,"1,25",6,"1,5",7,"6,75",7,"3,75","1,25",3,"5,41","1,49","0,83","5,13","1,13"
30,CD,3,6,7,1,1,72,1,,,8,,,"5,83","6,4","3,25","1,6","4,94","5,88","1,31","1,67","5,83","1,67","6,75",7,"3,75","1,25",1,"2,75","6,6","1,67",0,"5,33","6,8","4,25",1,"1,25",6,"1,5",7,"6,75",7,"3,75","1,25",3,"5,41","1,49","0,83","5,13","1,13"
30,CD,4,6,7,1,1,70,1,,,8,,,"5,83","6,4","3,25","1,6","4,94","5,88","1,31","1,67","5,83","1,67","6,75",7,"3,75","1,25",1,"2,75","6,6","1,67",0,"5,33","6,8","4,25",1,"1,25",6,"1,5",7,"6,75",7,"3,75","1,25",3,"5,41","1,49","0,83","5,13","1,13"
30,CD,5,6,7,1,1,79,1,,,8,,,"5,83","6,4","3,25","1,6","4,94","5,88","1,31","1,67","5,83","1,67","6,75",7,"3,75","1,25",1,"2,75","6,6","1,67",0,"5,33","6,8","4,25",1,"1,25",6,"1,5",7,"6,75",7,"3,75","1,25",3,"5,41","1,49","0,83","5,13","1,13"
30,CD,6,6,7,1,1,70,2,5,,,,,"5,83","6,4","3,25","1,6","4,94","5,88","1,31","1,67","5,83","1,67","6,75",7,"3,75","1,25",1,"2,75","6,6","1,67",0,"5,33","6,8","4,25",1,"1,25",6,"1,5",7,"6,75",7,"3,75","1,25",3,"5,41","1,49","0,83","5,13","1,13"
30,CD,7,6,7,1,1,62,2,5,,,,,"5,83","6,4","3,25","1,6","4,94","5,88","1,31","1,67","5,83","1,67","6,75",7,"3,75","1,25",1,"2,75","6,6","1,67",0,"5,33","6,8","4,25",1,"1,25",6,"1,5",7,"6,75",7,"3,75","1,25",3,"5,41","1,49","0,83","5,13","1,13"
30,CD,8,6,7,1,1,66,2,5,,,,,"5,83","6,4","3,25","1,6","4,94","5,88","1,31","1,67","5,83","1,67","6,75",7,"3,75","1,25",1,"2,75","6,6","1,67",0,"5,33","6,8","4,25",1,"1,25",6,"1,5",7,"6,75",7,"3,75","1,25",3,"5,41","1,49","0,83","5,13","1,13"
30,CD,9,6,7,1,1,54,2,5,,,,,"5,83","6,4","3,25","1,6","4,94","5,88","1,31","1,67","5,83","1,67","6,75",7,"3,75","1,25",1,"2,75","6,6","1,67",0,"5,33","6,8","4,25",1,"1,25",6,"1,5",7,"6,75",7,"3,75","1,25",3,"5,41","1,49","0,83","5,13","1,13"
30,CD,10,6,7,1,1,53,2,5,,,,,"5,83","6,4","3,25","1,6","4,94","5,88","1,31","1,67","5,83","1,67","6,75",7,"3,75","1,25",1,"2,75","6,6","1,67",0,"5,33","6,8","4,25",1,"1,25",6,"1,5",7,"6,75",7,"3,75","1,25",3,"5,41","1,49","0,83","5,13","1,13"
30,CD,11,7,7,1,1,54,5,6,,6,,,"5,83","6,4","3,25","1,6","4,94","5,88","1,31","1,67","5,83","1,67","6,75",7,"3,75","1,25",1,"2,75","6,6","1,67",0,"5,33","6,8","4,25",1,"1,25",6,"1,5",7,"6,75",7,"3,75","1,25",3,"5,41","1,49","0,83","5,13","1,13"
30,CD,12,7,7,1,1,53,5,6,,6,,,"5,83","6,4","3,25","1,6","4,94","5,88","1,31","1,67","5,83","1,67","6,75",7,"3,75","1,25",1,"2,75","6,6","1,67",0,"5,33","6,8","4,25",1,"1,25",6,"1,5",7,"6,75",7,"3,75","1,25",3,"5,41","1,49","0,83","5,13","1,13"
30,CD,13,7,7,1,1,55,5,6,,6,,,"5,83","6,4","3,25","1,6","4,94","5,88","1,31","1,67","5,83","1,67","6,75",7,"3,75","1,25",1,"2,75","6,6","1,67",0,"5,33","6,8","4,25",1,"1,25",6,"1,5",7,"6,75",7,"3,75","1,25",3,"5,41","1,49","0,83","5,13","1,13"
30,CD,14,7,7,1,1,58,5,6,,6,,,"5,83","6,4","3,25","1,6","4,94","5,88","1,31","1,67","5,83","1,67","6,75",7,"3,75","1,25",1,"2,75","6,6","1,67",0,"5,33","6,8","4,25",1,"1,25",6,"1,5",7,"6,75",7,"3,75","1,25",3,"5,41","1,49","0,83","5,13","1,13"
30,CD,15,7,7,1,1,56,5,6,,6,,,"5,83","6,4","3,25","1,6","4,94","5,88","1,31","1,67","5,83","1,67","6,75",7,"3,75","1,25",1,"2,75","6,6","1,67",0,"5,33","6,8","4,25",1,"1,25",6,"1,5",7,"6,75",7,"3,75","1,25",3,"5,41","1,49","0,83","5,13","1,13"
30,CD,16,"6,5","6,666666667",1,1,49,5,6,,,,,"5,83","6,4","3,25","1,6","4,94","5,88","1,31","1,67","5,83","1,67","6,75",7,"3,75","1,25",1,"2,75","6,6","1,67",0,"5,33","6,8","4,25",1,"1,25",6,"1,5",7,"6,75",7,"3,75","1,25",3,"5,41","1,49","0,83","5,13","1,13"
30,CD,17,"6,5","6,666666667",1,1,56,5,6,,,,,"5,83","6,4","3,25","1,6","4,94","5,88","1,31","1,67","5,83","1,67","6,75",7,"3,75","1,25",1,"2,75","6,6","1,67",0,"5,33","6,8","4,25",1,"1,25",6,"1,5",7,"6,75",7,"3,75","1,25",3,"5,41","1,49","0,83","5,13","1,13"
30,CD,18,"6,5","6,666666667",1,1,67,5,6,,,,,"5,83","6,4","3,25","1,6","4,94","5,88","1,31","1,67","5,83","1,67","6,75",7,"3,75","1,25",1,"2,75","6,6","1,67",0,"5,33","6,8","4,25",1,"1,25",6,"1,5",7,"6,75",7,"3,75","1,25",3,"5,41","1,49","0,83","5,13","1,13"
30,CD,19,"6,5","6,666666667",1,1,59,5,6,,,,,"5,83","6,4","3,25","1,6","4,94","5,88","1,31","1,67","5,83","1,67","6,75",7,"3,75","1,25",1,"2,75","6,6","1,67",0,"5,33","6,8","4,25",1,"1,25",6,"1,5",7,"6,75",7,"3,75","1,25",3,"5,41","1,49","0,83","5,13","1,13"
30,CD,20,"6,5","6,666666667",1,1,46,5,6,,,,,"5,83","6,4","3,25","1,6","4,94","5,88","1,31","1,67","5,83","1,67","6,75",7,"3,75","1,25",1,"2,75","6,6","1,67",0,"5,33","6,8","4,25",1,"1,25",6,"1,5",7,"6,75",7,"3,75","1,25",3,"5,41","1,49","0,83","5,13","1,13"
30,CD,21,7,7,1,1,59,5,6,,,,,"5,83","6,4","3,25","1,6","4,94","5,88","1,31","1,67","5,83","1,67","6,75",7,"3,75","1,25",1,"2,75","6,6","1,67",0,"5,33","6,8","4,25",1,"1,25",6,"1,5",7,"6,75",7,"3,75","1,25",3,"5,41","1,49","0,83","5,13","1,13"
30,CD,22,7,7,1,1,52,5,6,,,,,"5,83","6,4","3,25","1,6","4,94","5,88","1,31","1,67","5,83","1,67","6,75",7,"3,75","1,25",1,"2,75","6,6","1,67",0,"5,33","6,8","4,25",1,"1,25",6,"1,5",7,"6,75",7,"3,75","1,25",3,"5,41","1,49","0,83","5,13","1,13"
30,CD,23,7,7,1,1,50,5,6,,,,,"5,83","6,4","3,25","1,6","4,94","5,88","1,31","1,67","5,83","1,67","6,75",7,"3,75","1,25",1,"2,75","6,6","1,67",0,"5,33","6,8","4,25",1,"1,25",6,"1,5",7,"6,75",7,"3,75","1,25",3,"5,41","1,49","0,83","5,13","1,13"
30,CD,24,7,7,1,1,52,5,6,,,,,"5,83","6,4","3,25","1,6","4,94","5,88","1,31","1,67","5,83","1,67","6,75",7,"3,75","1,25",1,"2,75","6,6","1,67",0,"5,33","6,8","4,25",1,"1,25",6,"1,5",7,"6,75",7,"3,75","1,25",3,"5,41","1,49","0,83","5,13","1,13"
30,CD,25,7,7,1,1,46,5,6,,,,,"5,83","6,4","3,25","1,6","4,94","5,88","1,31","1,67","5,83","1,67","6,75",7,"3,75","1,25",1,"2,75","6,6","1,67",0,"5,33","6,8","4,25",1,"1,25",6,"1,5",7,"6,75",7,"3,75","1,25",3,"5,41","1,49","0,83","5,13","1,13"
30,CD,26,"6,75",7,1,1,45,5,6,,8,,,"5,83","6,4","3,25","1,6","4,94","5,88","1,31","1,67","5,83","1,67","6,75",7,"3,75","1,25",1,"2,75","6,6","1,67",0,"5,33","6,8","4,25",1,"1,25",6,"1,5",7,"6,75",7,"3,75","1,25",3,"5,41","1,49","0,83","5,13","1,13"
30,CD,27,"6,75",7,1,1,37,5,6,,8,,,"5,83","6,4","3,25","1,6","4,94","5,88","1,31","1,67","5,83","1,67","6,75",7,"3,75","1,25",1,"2,75","6,6","1,67",0,"5,33","6,8","4,25",1,"1,25",6,"1,5",7,"6,75",7,"3,75","1,25",3,"5,41","1,49","0,83","5,13","1,13"
30,CD,28,"6,75",7,1,1,43,5,6,,8,,,"5,83","6,4","3,25","1,6","4,94","5,88","1,31","1,67","5,83","1,67","6,75",7,"3,75","1,25",1,"2,75","6,6","1,67",0,"5,33","6,8","4,25",1,"1,25",6,"1,5",7,"6,75",7,"3,75","1,25",3,"5,41","1,49","0,83","5,13","1,13"
30,CD,29,"6,75",7,1,1,52,5,6,,8,,,"5,83","6,4","3,25","1,6","4,94","5,88","1,31","1,67","5,83","1,67","6,75",7,"3,75","1,25",1,"2,75","6,6","1,67",0,"5,33","6,8","4,25",1,"1,25",6,"1,5",7,"6,75",7,"3,75","1,25",3,"5,41","1,49","0,83","5,13","1,13"
30,CD,30,"6,75",7,1,1,53,5,6,,8,,,"5,83","6,4","3,25","1,6","4,94","5,88","1,31","1,67","5,83","1,67","6,75",7,"3,75","1,25",1,"2,75","6,6","1,67",0,"5,33","6,8","4,25",1,"1,25",6,"1,5",7,"6,75",7,"3,75","1,25",3,"5,41","1,49","0,83","5,13","1,13"
30,CD,31,"6,5",7,1,1,47,3,5,6,,,,"5,83","6,4","3,25","1,6","4,94","5,88","1,31","1,67","5,83","1,67","6,75",7,"3,75","1,25",1,"2,75","6,6","1,67",0,"5,33","6,8","4,25",1,"1,25",6,"1,5",7,"6,75",7,"3,75","1,25",3,"5,41","1,49","0,83","5,13","1,13"
30,CD,32,"6,5",7,1,1,57,3,5,6,,,,"5,83","6,4","3,25","1,6","4,94","5,88","1,31","1,67","5,83","1,67","6,75",7,"3,75","1,25",1,"2,75","6,6","1,67",0,"5,33","6,8","4,25",1,"1,25",6,"1,5",7,"6,75",7,"3,75","1,25",3,"5,41","1,49","0,83","5,13","1,13"
30,CD,33,"6,5",7,1,1,53,3,5,6,,,,"5,83","6,4","3,25","1,6","4,94","5,88","1,31","1,67","5,83","1,67","6,75",7,"3,75","1,25",1,"2,75","6,6","1,67",0,"5,33","6,8","4,25",1,"1,25",6,"1,5",7,"6,75",7,"3,75","1,25",3,"5,41","1,49","0,83","5,13","1,13"
30,CD,34,"6,5",7,1,1,57,3,5,6,,,,"5,83","6,4","3,25","1,6","4,94","5,88","1,31","1,67","5,83","1,67","6,75",7,"3,75","1,25",1,"2,75","6,6","1,67",0,"5,33","6,8","4,25",1,"1,25",6,"1,5",7,"6,75",7,"3,75","1,25",3,"5,41","1,49","0,83","5,13","1,13"
30,CD,35,"6,5",7,1,1,51,3,5,6,,,,"5,83","6,4","3,25","1,6","4,94","5,88","1,31","1,67","5,83","1,67","6,75",7,"3,75","1,25",1,"2,75","6,6","1,67",0,"5,33","6,8","4,25",1,"1,25",6,"1,5",7,"6,75",7,"3,75","1,25",3,"5,41","1,49","0,83","5,13","1,13"
30,CD,36,"6,25",7,1,1,47,2,5,,9,,,"5,83","6,4","3,25","1,6","4,94","5,88","1,31","1,67","5,83","1,67","6,75",7,"3,75","1,25",1,"2,75","6,6","1,67",0,"5,33","6,8","4,25",1,"1,25",6,"1,5",7,"6,75",7,"3,75","1,25",3,"5,41","1,49","0,83","5,13","1,13"
30,CD,37,"6,25",7,1,1,53,2,5,,9,,,"5,83","6,4","3,25","1,6","4,94","5,88","1,31","1,67","5,83","1,67","6,75",7,"3,75","1,25",1,"2,75","6,6","1,67",0,"5,33","6,8","4,25",1,"1,25",6,"1,5",7,"6,75",7,"3,75","1,25",3,"5,41","1,49","0,83","5,13","1,13"
30,CD,38,"6,25",7,1,1,49,2,5,,9,,,"5,83","6,4","3,25","1,6","4,94","5,88","1,31","1,67","5,83","1,67","6,75",7,"3,75","1,25",1,"2,75","6,6","1,67",0,"5,33","6,8","4,25",1,"1,25",6,"1,5",7,"6,75",7,"3,75","1,25",3,"5,41","1,49","0,83","5,13","1,13"
30,CD,39,"6,25",7,1,1,62,2,5,,9,,,"5,83","6,4","3,25","1,6","4,94","5,88","1,31","1,67","5,83","1,67","6,75",7,"3,75","1,25",1,"2,75","6,6","1,67",0,"5,33","6,8","4,25",1,"1,25",6,"1,5",7,"6,75",7,"3,75","1,25",3,"5,41","1,49","0,83","5,13","1,13"
30,CD,40,"6,25",7,1,1,68,2,5,,9,,,"5,83","6,4","3,25","1,6","4,94","5,88","1,31","1,67","5,83","1,67","6,75",7,"3,75","1,25",1,"2,75","6,6","1,67",0,"5,33","6,8","4,25",1,"1,25",6,"1,5",7,"6,75",7,"3,75","1,25",3,"5,41","1,49","0,83","5,13","1,13"
30,CD,41,7,,,,68,2,5,6,,,,"5,83","6,4","3,25","1,6","4,94","5,88","1,31","1,67","5,83","1,67","6,75",7,"3,75","1,25",1,"2,75","6,6","1,67",0,"5,33","6,8","4,25",1,"1,25",6,"1,5",7,"6,75",7,"3,75","1,25",3,"5,41","1,49","0,83","5,13","1,13"
30,CD,42,7,,,,71,2,5,6,,,,"5,83","6,4","3,25","1,6","4,94","5,88","1,31","1,67","5,83","1,67","6,75",7,"3,75","1,25",1,"2,75","6,6","1,67",0,"5,33","6,8","4,25",1,"1,25",6,"1,5",7,"6,75",7,"3,75","1,25",3,"5,41","1,49","0,83","5,13","1,13"
30,CD,43,7,,,,55,2,5,6,,,,"5,83","6,4","3,25","1,6","4,94","5,88","1,31","1,67","5,83","1,67","6,75",7,"3,75","1,25",1,"2,75","6,6","1,67",0,"5,33","6,8","4,25",1,"1,25",6,"1,5",7,"6,75",7,"3,75","1,25",3,"5,41","1,49","0,83","5,13","1,13"
30,CD,44,7,,,,54,2,5,6,,,,"5,83","6,4","3,25","1,6","4,94","5,88","1,31","1,67","5,83","1,67","6,75",7,"3,75","1,25",1,"2,75","6,6","1,67",0,"5,33","6,8","4,25",1,"1,25",6,"1,5",7,"6,75",7,"3,75","1,25",3,"5,41","1,49","0,83","5,13","1,13"
30,CD,45,7,,,,45,2,5,6,,,,"5,83","6,4","3,25","1,6","4,94","5,88","1,31","1,67","5,83","1,67","6,75",7,"3,75","1,25",1,"2,75","6,6","1,67",0,"5,33","6,8","4,25",1,"1,25",6,"1,5",7,"6,75",7,"3,75","1,25",3,"5,41","1,49","0,83","5,13","1,13"
30,CD,46,7,,,,46,2,5,6,,,,"5,83","6,4","3,25","1,6","4,94","5,88","1,31","1,67","5,83","1,67","6,75",7,"3,75","1,25",1,"2,75","6,6","1,67",0,"5,33","6,8","4,25",1,"1,25",6,"1,5",7,"6,75",7,"3,75","1,25",3,"5,41","1,49","0,83","5,13","1,13"
30,CD,47,7,,,,41,2,5,6,,,,"5,83","6,4","3,25","1,6","4,94","5,88","1,31","1,67","5,83","1,67","6,75",7,"3,75","1,25",1,"2,75","6,6","1,67",0,"5,33","6,8","4,25",1,"1,25",6,"1,5",7,"6,75",7,"3,75","1,25",3,"5,41","1,49","0,83","5,13","1,13"
31,AH,1,"5,8","6,333333333",1,1,66,4,5,,11,,,"6,5","6,8",1,1,"5,31","6,18","1,44","1,93","6,92","1,33","6,75",7,7,"1,75",1,"1,25",6,1,0,"5,33","6,4",7,"1,75","1,5","6,25","1,25","6,75",7,7,1,"2,5",2,"5,74","1,69","0,5","6,63","1,63"
31,AH,2,"5,8","6,333333333",1,1,62,4,5,,11,,,"6,5","6,8",1,1,"5,31","6,18","1,44","1,93","6,92","1,33","6,75",7,7,"1,75",1,"1,25",6,1,0,"5,33","6,4",7,"1,75","1,5","6,25","1,25","6,75",7,7,1,"2,5",2,"5,74","1,69","0,5","6,63","1,63"
31,AH,3,"5,8","6,333333333",1,1,62,4,5,,11,,,"6,5","6,8",1,1,"5,31","6,18","1,44","1,93","6,92","1,33","6,75",7,7,"1,75",1,"1,25",6,1,0,"5,33","6,4",7,"1,75","1,5","6,25","1,25","6,75",7,7,1,"2,5",2,"5,74","1,69","0,5","6,63","1,63"
31,AH,4,"5,8","6,333333333",1,1,58,4,5,,11,,,"6,5","6,8",1,1,"5,31","6,18","1,44","1,93","6,92","1,33","6,75",7,7,"1,75",1,"1,25",6,1,0,"5,33","6,4",7,"1,75","1,5","6,25","1,25","6,75",7,7,1,"2,5",2,"5,74","1,69","0,5","6,63","1,63"
31,AH,5,"5,8","6,333333333",1,1,56,4,5,,11,,,"6,5","6,8",1,1,"5,31","6,18","1,44","1,93","6,92","1,33","6,75",7,7,"1,75",1,"1,25",6,1,0,"5,33","6,4",7,"1,75","1,5","6,25","1,25","6,75",7,7,1,"2,5",2,"5,74","1,69","0,5","6,63","1,63"
31,AH,6,"6,2","6,333333333",1,1,56,5,,,11,,,"6,5","6,8",1,1,"5,31","6,18","1,44","1,93","6,92","1,33","6,75",7,7,"1,75",1,"1,25",6,1,0,"5,33","6,4",7,"1,75","1,5","6,25","1,25","6,75",7,7,1,"2,5",2,"5,74","1,69","0,5","6,63","1,63"
31,AH,7,"6,2","6,333333333",1,1,64,5,,,11,,,"6,5","6,8",1,1,"5,31","6,18","1,44","1,93","6,92","1,33","6,75",7,7,"1,75",1,"1,25",6,1,0,"5,33","6,4",7,"1,75","1,5","6,25","1,25","6,75",7,7,1,"2,5",2,"5,74","1,69","0,5","6,63","1,63"
31,AH,8,"6,2","6,333333333",1,1,66,5,,,11,,,"6,5","6,8",1,1,"5,31","6,18","1,44","1,93","6,92","1,33","6,75",7,7,"1,75",1,"1,25",6,1,0,"5,33","6,4",7,"1,75","1,5","6,25","1,25","6,75",7,7,1,"2,5",2,"5,74","1,69","0,5","6,63","1,63"
31,AH,9,"6,2","6,333333333",1,1,71,5,,,11,,,"6,5","6,8",1,1,"5,31","6,18","1,44","1,93","6,92","1,33","6,75",7,7,"1,75",1,"1,25",6,1,0,"5,33","6,4",7,"1,75","1,5","6,25","1,25","6,75",7,7,1,"2,5",2,"5,74","1,69","0,5","6,63","1,63"
31,AH,10,"6,2","6,333333333",1,1,78,5,,,11,,,"6,5","6,8",1,1,"5,31","6,18","1,44","1,93","6,92","1,33","6,75",7,7,"1,75",1,"1,25",6,1,0,"5,33","6,4",7,"1,75","1,5","6,25","1,25","6,75",7,7,1,"2,5",2,"5,74","1,69","0,5","6,63","1,63"
31,AH,11,"6,4","6,666666667",1,1,73,3,5,,6,11,,"6,5","6,8",1,1,"5,31","6,18","1,44","1,93","6,92","1,33","6,75",7,7,"1,75",1,"1,25",6,1,0,"5,33","6,4",7,"1,75","1,5","6,25","1,25","6,75",7,7,1,"2,5",2,"5,74","1,69","0,5","6,63","1,63"
31,AH,12,"6,4","6,666666667",1,1,70,3,5,,6,11,,"6,5","6,8",1,1,"5,31","6,18","1,44","1,93","6,92","1,33","6,75",7,7,"1,75",1,"1,25",6,1,0,"5,33","6,4",7,"1,75","1,5","6,25","1,25","6,75",7,7,1,"2,5",2,"5,74","1,69","0,5","6,63","1,63"
31,AH,13,"6,4","6,666666667",1,1,56,3,5,,6,11,,"6,5","6,8",1,1,"5,31","6,18","1,44","1,93","6,92","1,33","6,75",7,7,"1,75",1,"1,25",6,1,0,"5,33","6,4",7,"1,75","1,5","6,25","1,25","6,75",7,7,1,"2,5",2,"5,74","1,69","0,5","6,63","1,63"
31,AH,14,"6,4","6,666666667",1,1,50,3,5,,6,11,,"6,5","6,8",1,1,"5,31","6,18","1,44","1,93","6,92","1,33","6,75",7,7,"1,75",1,"1,25",6,1,0,"5,33","6,4",7,"1,75","1,5","6,25","1,25","6,75",7,7,1,"2,5",2,"5,74","1,69","0,5","6,63","1,63"
31,AH,15,"6,4","6,666666667",1,1,47,3,5,,6,11,,"6,5","6,8",1,1,"5,31","6,18","1,44","1,93","6,92","1,33","6,75",7,7,"1,75",1,"1,25",6,1,0,"5,33","6,4",7,"1,75","1,5","6,25","1,25","6,75",7,7,1,"2,5",2,"5,74","1,69","0,5","6,63","1,63"
31,AH,16,"6,4","6,666666667",1,1,51,5,,,3,,,"6,5","6,8",1,1,"5,31","6,18","1,44","1,93","6,92","1,33","6,75",7,7,"1,75",1,"1,25",6,1,0,"5,33","6,4",7,"1,75","1,5","6,25","1,25","6,75",7,7,1,"2,5",2,"5,74","1,69","0,5","6,63","1,63"
31,AH,17,"6,4","6,666666667",1,1,53,5,,,3,,,"6,5","6,8",1,1,"5,31","6,18","1,44","1,93","6,92","1,33","6,75",7,7,"1,75",1,"1,25",6,1,0,"5,33","6,4",7,"1,75","1,5","6,25","1,25","6,75",7,7,1,"2,5",2,"5,74","1,69","0,5","6,63","1,63"
31,AH,18,"6,4","6,666666667",1,1,54,5,,,3,,,"6,5","6,8",1,1,"5,31","6,18","1,44","1,93","6,92","1,33","6,75",7,7,"1,75",1,"1,25",6,1,0,"5,33","6,4",7,"1,75","1,5","6,25","1,25","6,75",7,7,1,"2,5",2,"5,74","1,69","0,5","6,63","1,63"
31,AH,19,"6,4","6,666666667",1,1,58,5,,,3,,,"6,5","6,8",1,1,"5,31","6,18","1,44","1,93","6,92","1,33","6,75",7,7,"1,75",1,"1,25",6,1,0,"5,33","6,4",7,"1,75","1,5","6,25","1,25","6,75",7,7,1,"2,5",2,"5,74","1,69","0,5","6,63","1,63"
31,AH,20,"6,4","6,666666667",1,1,61,5,,,3,,,"6,5","6,8",1,1,"5,31","6,18","1,44","1,93","6,92","1,33","6,75",7,7,"1,75",1,"1,25",6,1,0,"5,33","6,4",7,"1,75","1,5","6,25","1,25","6,75",7,7,1,"2,5",2,"5,74","1,69","0,5","6,63","1,63"
31,AH,21,"6,75","6,333333333",1,1,64,5,,,11,,,"6,5","6,8",1,1,"5,31","6,18","1,44","1,93","6,92","1,33","6,75",7,7,"1,75",1,"1,25",6,1,0,"5,33","6,4",7,"1,75","1,5","6,25","1,25","6,75",7,7,1,"2,5",2,"5,74","1,69","0,5","6,63","1,63"
31,AH,22,"6,75","6,333333333",1,1,71,5,,,11,,,"6,5","6,8",1,1,"5,31","6,18","1,44","1,93","6,92","1,33","6,75",7,7,"1,75",1,"1,25",6,1,0,"5,33","6,4",7,"1,75","1,5","6,25","1,25","6,75",7,7,1,"2,5",2,"5,74","1,69","0,5","6,63","1,63"
31,AH,23,"6,75","6,333333333",1,1,72,5,,,11,,,"6,5","6,8",1,1,"5,31","6,18","1,44","1,93","6,92","1,33","6,75",7,7,"1,75",1,"1,25",6,1,0,"5,33","6,4",7,"1,75","1,5","6,25","1,25","6,75",7,7,1,"2,5",2,"5,74","1,69","0,5","6,63","1,63"
31,AH,24,"6,75","6,333333333",1,1,72,5,,,11,,,"6,5","6,8",1,1,"5,31","6,18","1,44","1,93","6,92","1,33","6,75",7,7,"1,75",1,"1,25",6,1,0,"5,33","6,4",7,"1,75","1,5","6,25","1,25","6,75",7,7,1,"2,5",2,"5,74","1,69","0,5","6,63","1,63"
31,AH,25,"6,75","6,333333333",1,1,71,5,,,11,,,"6,5","6,8",1,1,"5,31","6,18","1,44","1,93","6,92","1,33","6,75",7,7,"1,75",1,"1,25",6,1,0,"5,33","6,4",7,"1,75","1,5","6,25","1,25","6,75",7,7,1,"2,5",2,"5,74","1,69","0,5","6,63","1,63"
31,AH,26,"6,75","6,666666667",1,1,75,5,,,11,,,"6,5","6,8",1,1,"5,31","6,18","1,44","1,93","6,92","1,33","6,75",7,7,"1,75",1,"1,25",6,1,0,"5,33","6,4",7,"1,75","1,5","6,25","1,25","6,75",7,7,1,"2,5",2,"5,74","1,69","0,5","6,63","1,63"
31,AH,27,"6,75","6,666666667",1,1,77,5,,,11,,,"6,5","6,8",1,1,"5,31","6,18","1,44","1,93","6,92","1,33","6,75",7,7,"1,75",1,"1,25",6,1,0,"5,33","6,4",7,"1,75","1,5","6,25","1,25","6,75",7,7,1,"2,5",2,"5,74","1,69","0,5","6,63","1,63"
31,AH,28,"6,75","6,666666667",1,1,68,5,,,11,,,"6,5","6,8",1,1,"5,31","6,18","1,44","1,93","6,92","1,33","6,75",7,7,"1,75",1,"1,25",6,1,0,"5,33","6,4",7,"1,75","1,5","6,25","1,25","6,75",7,7,1,"2,5",2,"5,74","1,69","0,5","6,63","1,63"
31,AH,29,"6,75","6,666666667",1,1,46,5,,,11,,,"6,5","6,8",1,1,"5,31","6,18","1,44","1,93","6,92","1,33","6,75",7,7,"1,75",1,"1,25",6,1,0,"5,33","6,4",7,"1,75","1,5","6,25","1,25","6,75",7,7,1,"2,5",2,"5,74","1,69","0,5","6,63","1,63"
31,AH,30,"6,75","6,666666667",1,1,43,5,,,11,,,"6,5","6,8",1,1,"5,31","6,18","1,44","1,93","6,92","1,33","6,75",7,7,"1,75",1,"1,25",6,1,0,"5,33","6,4",7,"1,75","1,5","6,25","1,25","6,75",7,7,1,"2,5",2,"5,74","1,69","0,5","6,63","1,63"
31,AH,31,7,7,1,1,43,5,7,,11,5,,"6,5","6,8",1,1,"5,31","6,18","1,44","1,93","6,92","1,33","6,75",7,7,"1,75",1,"1,25",6,1,0,"5,33","6,4",7,"1,75","1,5","6,25","1,25","6,75",7,7,1,"2,5",2,"5,74","1,69","0,5","6,63","1,63"
31,AH,32,7,7,1,1,45,5,7,,11,5,,"6,5","6,8",1,1,"5,31","6,18","1,44","1,93","6,92","1,33","6,75",7,7,"1,75",1,"1,25",6,1,0,"5,33","6,4",7,"1,75","1,5","6,25","1,25","6,75",7,7,1,"2,5",2,"5,74","1,69","0,5","6,63","1,63"
31,AH,33,7,7,1,1,44,5,7,,11,5,,"6,5","6,8",1,1,"5,31","6,18","1,44","1,93","6,92","1,33","6,75",7,7,"1,75",1,"1,25",6,1,0,"5,33","6,4",7,"1,75","1,5","6,25","1,25","6,75",7,7,1,"2,5",2,"5,74","1,69","0,5","6,63","1,63"
31,AH,34,7,7,1,1,44,5,7,,11,5,,"6,5","6,8",1,1,"5,31","6,18","1,44","1,93","6,92","1,33","6,75",7,7,"1,75",1,"1,25",6,1,0,"5,33","6,4",7,"1,75","1,5","6,25","1,25","6,75",7,7,1,"2,5",2,"5,74","1,69","0,5","6,63","1,63"
31,AH,35,7,7,1,1,74,5,7,,11,5,,"6,5","6,8",1,1,"5,31","6,18","1,44","1,93","6,92","1,33","6,75",7,7,"1,75",1,"1,25",6,1,0,"5,33","6,4",7,"1,75","1,5","6,25","1,25","6,75",7,7,1,"2,5",2,"5,74","1,69","0,5","6,63","1,63"
31,AH,36,7,7,1,1,48,7,8,5,3,6,11,"6,5","6,8",1,1,"5,31","6,18","1,44","1,93","6,92","1,33","6,75",7,7,"1,75",1,"1,25",6,1,0,"5,33","6,4",7,"1,75","1,5","6,25","1,25","6,75",7,7,1,"2,5",2,"5,74","1,69","0,5","6,63","1,63"
31,AH,37,7,7,1,1,49,7,8,5,3,6,11,"6,5","6,8",1,1,"5,31","6,18","1,44","1,93","6,92","1,33","6,75",7,7,"1,75",1,"1,25",6,1,0,"5,33","6,4",7,"1,75","1,5","6,25","1,25","6,75",7,7,1,"2,5",2,"5,74","1,69","0,5","6,63","1,63"
31,AH,38,7,7,1,1,44,7,8,5,3,6,11,"6,5","6,8",1,1,"5,31","6,18","1,44","1,93","6,92","1,33","6,75",7,7,"1,75",1,"1,25",6,1,0,"5,33","6,4",7,"1,75","1,5","6,25","1,25","6,75",7,7,1,"2,5",2,"5,74","1,69","0,5","6,63","1,63"
31,AH,39,7,7,1,1,45,7,8,5,3,6,11,"6,5","6,8",1,1,"5,31","6,18","1,44","1,93","6,92","1,33","6,75",7,7,"1,75",1,"1,25",6,1,0,"5,33","6,4",7,"1,75","1,5","6,25","1,25","6,75",7,7,1,"2,5",2,"5,74","1,69","0,5","6,63","1,63"
31,AH,40,7,7,1,1,75,7,8,5,3,6,11,"6,5","6,8",1,1,"5,31","6,18","1,44","1,93","6,92","1,33","6,75",7,7,"1,75",1,"1,25",6,1,0,"5,33","6,4",7,"1,75","1,5","6,25","1,25","6,75",7,7,1,"2,5",2,"5,74","1,69","0,5","6,63","1,63"
31,AH,41,7,7,1,1,77,5,8,,11,,,"6,5","6,8",1,1,"5,31","6,18","1,44","1,93","6,92","1,33","6,75",7,7,"1,75",1,"1,25",6,1,0,"5,33","6,4",7,"1,75","1,5","6,25","1,25","6,75",7,7,1,"2,5",2,"5,74","1,69","0,5","6,63","1,63"
31,AH,42,7,7,1,1,85,5,8,,11,,,"6,5","6,8",1,1,"5,31","6,18","1,44","1,93","6,92","1,33","6,75",7,7,"1,75",1,"1,25",6,1,0,"5,33","6,4",7,"1,75","1,5","6,25","1,25","6,75",7,7,1,"2,5",2,"5,74","1,69","0,5","6,63","1,63"
31,AH,43,7,7,1,1,86,5,8,,11,,,"6,5","6,8",1,1,"5,31","6,18","1,44","1,93","6,92","1,33","6,75",7,7,"1,75",1,"1,25",6,1,0,"5,33","6,4",7,"1,75","1,5","6,25","1,25","6,75",7,7,1,"2,5",2,"5,74","1,69","0,5","6,63","1,63"
31,AH,44,7,7,1,1,81,5,8,,11,,,"6,5","6,8",1,1,"5,31","6,18","1,44","1,93","6,92","1,33","6,75",7,7,"1,75",1,"1,25",6,1,0,"5,33","6,4",7,"1,75","1,5","6,25","1,25","6,75",7,7,1,"2,5",2,"5,74","1,69","0,5","6,63","1,63"
31,AH,45,7,7,1,1,98,5,8,,11,,,"6,5","6,8",1,1,"5,31","6,18","1,44","1,93","6,92","1,33","6,75",7,7,"1,75",1,"1,25",6,1,0,"5,33","6,4",7,"1,75","1,5","6,25","1,25","6,75",7,7,1,"2,5",2,"5,74","1,69","0,5","6,63","1,63"
31,AH,46,"6,75",7,1,1,93,8,5,,6,11,,"6,5","6,8",1,1,"5,31","6,18","1,44","1,93","6,92","1,33","6,75",7,7,"1,75",1,"1,25",6,1,0,"5,33","6,4",7,"1,75","1,5","6,25","1,25","6,75",7,7,1,"2,5",2,"5,74","1,69","0,5","6,63","1,63"
31,AH,47,"6,75",7,1,1,85,8,5,,6,11,,"6,5","6,8",1,1,"5,31","6,18","1,44","1,93","6,92","1,33","6,75",7,7,"1,75",1,"1,25",6,1,0,"5,33","6,4",7,"1,75","1,5","6,25","1,25","6,75",7,7,1,"2,5",2,"5,74","1,69","0,5","6,63","1,63"
31,AH,48,"6,75",7,1,1,69,8,5,,6,11,,"6,5","6,8",1,1,"5,31","6,18","1,44","1,93","6,92","1,33","6,75",7,7,"1,75",1,"1,25",6,1,0,"5,33","6,4",7,"1,75","1,5","6,25","1,25","6,75",7,7,1,"2,5",2,"5,74","1,69","0,5","6,63","1,63"
31,AH,49,"6,75",7,1,1,71,8,5,,6,11,,"6,5","6,8",1,1,"5,31","6,18","1,44","1,93","6,92","1,33","6,75",7,7,"1,75",1,"1,25",6,1,0,"5,33","6,4",7,"1,75","1,5","6,25","1,25","6,75",7,7,1,"2,5",2,"5,74","1,69","0,5","6,63","1,63"
31,AH,50,"6,75",7,1,1,64,8,5,,6,11,,"6,5","6,8",1,1,"5,31","6,18","1,44","1,93","6,92","1,33","6,75",7,7,"1,75",1,"1,25",6,1,0,"5,33","6,4",7,"1,75","1,5","6,25","1,25","6,75",7,7,1,"2,5",2,"5,74","1,69","0,5","6,63","1,63"
31,AH,51,4,3,1,1,77,5,,,11,9,,"6,5","6,8",1,1,"5,31","6,18","1,44","1,93","6,92","1,33","6,75",7,7,"1,75",1,"1,25",6,1,0,"5,33","6,4",7,"1,75","1,5","6,25","1,25","6,75",7,7,1,"2,5",2,"5,74","1,69","0,5","6,63","1,63"
31,AH,52,4,3,1,1,77,5,,,11,9,,"6,5","6,8",1,1,"5,31","6,18","1,44","1,93","6,92","1,33","6,75",7,7,"1,75",1,"1,25",6,1,0,"5,33","6,4",7,"1,75","1,5","6,25","1,25","6,75",7,7,1,"2,5",2,"5,74","1,69","0,5","6,63","1,63"
31,AH,53,4,3,1,1,97,5,,,11,9,,"6,5","6,8",1,1,"5,31","6,18","1,44","1,93","6,92","1,33","6,75",7,7,"1,75",1,"1,25",6,1,0,"5,33","6,4",7,"1,75","1,5","6,25","1,25","6,75",7,7,1,"2,5",2,"5,74","1,69","0,5","6,63","1,63"
31,AH,54,4,3,1,1,99,5,,,11,9,,"6,5","6,8",1,1,"5,31","6,18","1,44","1,93","6,92","1,33","6,75",7,7,"1,75",1,"1,25",6,1,0,"5,33","6,4",7,"1,75","1,5","6,25","1,25","6,75",7,7,1,"2,5",2,"5,74","1,69","0,5","6,63","1,63"
31,AH,55,4,3,1,1,98,5,,,11,9,,"6,5","6,8",1,1,"5,31","6,18","1,44","1,93","6,92","1,33","6,75",7,7,"1,75",1,"1,25",6,1,0,"5,33","6,4",7,"1,75","1,5","6,25","1,25","6,75",7,7,1,"2,5",2,"5,74","1,69","0,5","6,63","1,63"
31,AH,56,7,"6,666666667",1,1,97,7,8,,3,6,,"6,5","6,8",1,1,"5,31","6,18","1,44","1,93","6,92","1,33","6,75",7,7,"1,75",1,"1,25",6,1,0,"5,33","6,4",7,"1,75","1,5","6,25","1,25","6,75",7,7,1,"2,5",2,"5,74","1,69","0,5","6,63","1,63"
31,AH,57,7,"6,666666667",1,1,100,7,8,,3,6,,"6,5","6,8",1,1,"5,31","6,18","1,44","1,93","6,92","1,33","6,75",7,7,"1,75",1,"1,25",6,1,0,"5,33","6,4",7,"1,75","1,5","6,25","1,25","6,75",7,7,1,"2,5",2,"5,74","1,69","0,5","6,63","1,63"
31,AH,58,7,"6,666666667",1,1,83,7,8,,3,6,,"6,5","6,8",1,1,"5,31","6,18","1,44","1,93","6,92","1,33","6,75",7,7,"1,75",1,"1,25",6,1,0,"5,33","6,4",7,"1,75","1,5","6,25","1,25","6,75",7,7,1,"2,5",2,"5,74","1,69","0,5","6,63","1,63"
31,AH,59,7,"6,666666667",1,1,72,7,8,,3,6,,"6,5","6,8",1,1,"5,31","6,18","1,44","1,93","6,92","1,33","6,75",7,7,"1,75",1,"1,25",6,1,0,"5,33","6,4",7,"1,75","1,5","6,25","1,25","6,75",7,7,1,"2,5",2,"5,74","1,69","0,5","6,63","1,63"
31,AH,60,7,"6,666666667",1,1,63,7,8,,3,6,,"6,5","6,8",1,1,"5,31","6,18","1,44","1,93","6,92","1,33","6,75",7,7,"1,75",1,"1,25",6,1,0,"5,33","6,4",7,"1,75","1,5","6,25","1,25","6,75",7,7,1,"2,5",2,"5,74","1,69","0,5","6,63","1,63"
31,AH,61,"6,75",7,1,1,59,5,8,,11,,,"6,5","6,8",1,1,"5,31","6,18","1,44","1,93","6,92","1,33","6,75",7,7,"1,75",1,"1,25",6,1,0,"5,33","6,4",7,"1,75","1,5","6,25","1,25","6,75",7,7,1,"2,5",2,"5,74","1,69","0,5","6,63","1,63"
31,AH,62,"6,75",7,1,1,64,5,8,,11,,,"6,5","6,8",1,1,"5,31","6,18","1,44","1,93","6,92","1,33","6,75",7,7,"1,75",1,"1,25",6,1,0,"5,33","6,4",7,"1,75","1,5","6,25","1,25","6,75",7,7,1,"2,5",2,"5,74","1,69","0,5","6,63","1,63"
31,AH,63,"6,75",7,1,1,64,5,8,,11,,,"6,5","6,8",1,1,"5,31","6,18","1,44","1,93","6,92","1,33","6,75",7,7,"1,75",1,"1,25",6,1,0,"5,33","6,4",7,"1,75","1,5","6,25","1,25","6,75",7,7,1,"2,5",2,"5,74","1,69","0,5","6,63","1,63"
31,AH,64,"6,75",7,1,1,69,5,8,,11,,,"6,5","6,8",1,1,"5,31","6,18","1,44","1,93","6,92","1,33","6,75",7,7,"1,75",1,"1,25",6,1,0,"5,33","6,4",7,"1,75","1,5","6,25","1,25","6,75",7,7,1,"2,5",2,"5,74","1,69","0,5","6,63","1,63"
31,AH,65,"6,75",7,1,1,64,5,8,,11,,,"6,5","6,8",1,1,"5,31","6,18","1,44","1,93","6,92","1,33","6,75",7,7,"1,75",1,"1,25",6,1,0,"5,33","6,4",7,"1,75","1,5","6,25","1,25","6,75",7,7,1,"2,5",2,"5,74","1,69","0,5","6,63","1,63"
31,AH,66,"6,75",7,1,1,63,8,,,11,,,"6,5","6,8",1,1,"5,31","6,18","1,44","1,93","6,92","1,33","6,75",7,7,"1,75",1,"1,25",6,1,0,"5,33","6,4",7,"1,75","1,5","6,25","1,25","6,75",7,7,1,"2,5",2,"5,74","1,69","0,5","6,63","1,63"
31,AH,67,"6,75",7,1,1,56,8,,,11,,,"6,5","6,8",1,1,"5,31","6,18","1,44","1,93","6,92","1,33","6,75",7,7,"1,75",1,"1,25",6,1,0,"5,33","6,4",7,"1,75","1,5","6,25","1,25","6,75",7,7,1,"2,5",2,"5,74","1,69","0,5","6,63","1,63"
31,AH,68,"6,75",7,1,1,56,8,,,11,,,"6,5","6,8",1,1,"5,31","6,18","1,44","1,93","6,92","1,33","6,75",7,7,"1,75",1,"1,25",6,1,0,"5,33","6,4",7,"1,75","1,5","6,25","1,25","6,75",7,7,1,"2,5",2,"5,74","1,69","0,5","6,63","1,63"
31,AH,69,"6,75",7,1,1,63,8,,,11,,,"6,5","6,8",1,1,"5,31","6,18","1,44","1,93","6,92","1,33","6,75",7,7,"1,75",1,"1,25",6,1,0,"5,33","6,4",7,"1,75","1,5","6,25","1,25","6,75",7,7,1,"2,5",2,"5,74","1,69","0,5","6,63","1,63"
31,AH,70,"6,75",7,1,1,59,8,,,11,,,"6,5","6,8",1,1,"5,31","6,18","1,44","1,93","6,92","1,33","6,75",7,7,"1,75",1,"1,25",6,1,0,"5,33","6,4",7,"1,75","1,5","6,25","1,25","6,75",7,7,1,"2,5",2,"5,74","1,69","0,5","6,63","1,63"
31,AH,71,7,7,1,1,61,6,7,,1,,,"6,5","6,8",1,1,"5,31","6,18","1,44","1,93","6,92","1,33","6,75",7,7,"1,75",1,"1,25",6,1,0,"5,33","6,4",7,"1,75","1,5","6,25","1,25","6,75",7,7,1,"2,5",2,"5,74","1,69","0,5","6,63","1,63"
31,AH,72,7,7,1,1,60,6,7,,1,,,"6,5","6,8",1,1,"5,31","6,18","1,44","1,93","6,92","1,33","6,75",7,7,"1,75",1,"1,25",6,1,0,"5,33","6,4",7,"1,75","1,5","6,25","1,25","6,75",7,7,1,"2,5",2,"5,74","1,69","0,5","6,63","1,63"
31,AH,73,7,7,1,1,72,6,7,,1,,,"6,5","6,8",1,1,"5,31","6,18","1,44","1,93","6,92","1,33","6,75",7,7,"1,75",1,"1,25",6,1,0,"5,33","6,4",7,"1,75","1,5","6,25","1,25","6,75",7,7,1,"2,5",2,"5,74","1,69","0,5","6,63","1,63"
31,AH,74,7,7,1,1,60,6,7,,1,,,"6,5","6,8",1,1,"5,31","6,18","1,44","1,93","6,92","1,33","6,75",7,7,"1,75",1,"1,25",6,1,0,"5,33","6,4",7,"1,75","1,5","6,25","1,25","6,75",7,7,1,"2,5",2,"5,74","1,69","0,5","6,63","1,63"
31,AH,75,7,7,1,1,50,6,7,,1,,,"6,5","6,8",1,1,"5,31","6,18","1,44","1,93","6,92","1,33","6,75",7,7,"1,75",1,"1,25",6,1,0,"5,33","6,4",7,"1,75","1,5","6,25","1,25","6,75",7,7,1,"2,5",2,"5,74","1,69","0,5","6,63","1,63"
32,VS,1,"6,5","5,666666667","1,2",1,50,1,3,4,,,,7,7,1,"2,8","6,63","6,65","1,38",2,"6,5",1,7,"5,5",7,1,1,1,"6,6","0,67",0,4,7,7,1,"2,5",7,1,7,7,7,"2,5","2,5",1,"6,64","1,69","0,33",7,"1,75"
32,VS,2,"6,5","5,666666667","1,2",1,64,1,3,4,,,,7,7,1,"2,8","6,63","6,65","1,38",2,"6,5",1,7,"5,5",7,1,1,1,"6,6","0,67",0,4,7,7,1,"2,5",7,1,7,7,7,"2,5","2,5",1,"6,64","1,69","0,33",7,"1,75"
32,VS,3,"6,5","5,666666667","1,2",1,78,1,3,4,,,,7,7,1,"2,8","6,63","6,65","1,38",2,"6,5",1,7,"5,5",7,1,1,1,"6,6","0,67",0,4,7,7,1,"2,5",7,1,7,7,7,"2,5","2,5",1,"6,64","1,69","0,33",7,"1,75"
32,VS,4,"6,5","5,666666667","1,2",1,73,1,3,4,,,,7,7,1,"2,8","6,63","6,65","1,38",2,"6,5",1,7,"5,5",7,1,1,1,"6,6","0,67",0,4,7,7,1,"2,5",7,1,7,7,7,"2,5","2,5",1,"6,64","1,69","0,33",7,"1,75"
32,VS,5,"6,5","5,666666667","1,2",1,53,1,3,4,,,,7,7,1,"2,8","6,63","6,65","1,38",2,"6,5",1,7,"5,5",7,1,1,1,"6,6","0,67",0,4,7,7,1,"2,5",7,1,7,7,7,"2,5","2,5",1,"6,64","1,69","0,33",7,"1,75"
32,VS,6,"6,5","6,666666667",1,1,41,3,4,,1,,,7,7,1,"2,8","6,63","6,65","1,38",2,"6,5",1,7,"5,5",7,1,1,1,"6,6","0,67",0,4,7,7,1,"2,5",7,1,7,7,7,"2,5","2,5",1,"6,64","1,69","0,33",7,"1,75"
32,VS,7,"6,5","6,666666667",1,1,48,3,4,,1,,,7,7,1,"2,8","6,63","6,65","1,38",2,"6,5",1,7,"5,5",7,1,1,1,"6,6","0,67",0,4,7,7,1,"2,5",7,1,7,7,7,"2,5","2,5",1,"6,64","1,69","0,33",7,"1,75"
32,VS,8,"6,5","6,666666667",1,1,55,3,4,,1,,,7,7,1,"2,8","6,63","6,65","1,38",2,"6,5",1,7,"5,5",7,1,1,1,"6,6","0,67",0,4,7,7,1,"2,5",7,1,7,7,7,"2,5","2,5",1,"6,64","1,69","0,33",7,"1,75"
32,VS,9,"6,5","6,666666667",1,1,52,3,4,,1,,,7,7,1,"2,8","6,63","6,65","1,38",2,"6,5",1,7,"5,5",7,1,1,1,"6,6","0,67",0,4,7,7,1,"2,5",7,1,7,7,7,"2,5","2,5",1,"6,64","1,69","0,33",7,"1,75"
32,VS,10,"6,5","6,666666667",1,1,40,3,4,,1,,,7,7,1,"2,8","6,63","6,65","1,38",2,"6,5",1,7,"5,5",7,1,1,1,"6,6","0,67",0,4,7,7,1,"2,5",7,1,7,7,7,"2,5","2,5",1,"6,64","1,69","0,33",7,"1,75"
32,VS,11,,1,1,1,68,5,,,9,,,7,7,1,"2,8","6,63","6,65","1,38",2,"6,5",1,7,"5,5",7,1,1,1,"6,6","0,67",0,4,7,7,1,"2,5",7,1,7,7,7,"2,5","2,5",1,"6,64","1,69","0,33",7,"1,75"
32,VS,12,,1,1,1,75,5,,,9,,,7,7,1,"2,8","6,63","6,65","1,38",2,"6,5",1,7,"5,5",7,1,1,1,"6,6","0,67",0,4,7,7,1,"2,5",7,1,7,7,7,"2,5","2,5",1,"6,64","1,69","0,33",7,"1,75"
32,VS,13,,1,1,1,71,5,,,9,,,7,7,1,"2,8","6,63","6,65","1,38",2,"6,5",1,7,"5,5",7,1,1,1,"6,6","0,67",0,4,7,7,1,"2,5",7,1,7,7,7,"2,5","2,5",1,"6,64","1,69","0,33",7,"1,75"
32,VS,14,,1,1,1,76,5,,,9,,,7,7,1,"2,8","6,63","6,65","1,38",2,"6,5",1,7,"5,5",7,1,1,1,"6,6","0,67",0,4,7,7,1,"2,5",7,1,7,7,7,"2,5","2,5",1,"6,64","1,69","0,33",7,"1,75"
32,VS,15,,1,1,1,68,5,,,9,,,7,7,1,"2,8","6,63","6,65","1,38",2,"6,5",1,7,"5,5",7,1,1,1,"6,6","0,67",0,4,7,7,1,"2,5",7,1,7,7,7,"2,5","2,5",1,"6,64","1,69","0,33",7,"1,75"
32,VS,16,"6,5",6,"1,2",1,51,3,5,,,,,7,7,1,"2,8","6,63","6,65","1,38",2,"6,5",1,7,"5,5",7,1,1,1,"6,6","0,67",0,4,7,7,1,"2,5",7,1,7,7,7,"2,5","2,5",1,"6,64","1,69","0,33",7,"1,75"
32,VS,17,"6,5",6,"1,2",1,65,3,5,,,,,7,7,1,"2,8","6,63","6,65","1,38",2,"6,5",1,7,"5,5",7,1,1,1,"6,6","0,67",0,4,7,7,1,"2,5",7,1,7,7,7,"2,5","2,5",1,"6,64","1,69","0,33",7,"1,75"
32,VS,18,"6,5",6,"1,2",1,60,3,5,,,,,7,7,1,"2,8","6,63","6,65","1,38",2,"6,5",1,7,"5,5",7,1,1,1,"6,6","0,67",0,4,7,7,1,"2,5",7,1,7,7,7,"2,5","2,5",1,"6,64","1,69","0,33",7,"1,75"
32,VS,19,"6,5",6,"1,2",1,63,3,5,,,,,7,7,1,"2,8","6,63","6,65","1,38",2,"6,5",1,7,"5,5",7,1,1,1,"6,6","0,67",0,4,7,7,1,"2,5",7,1,7,7,7,"2,5","2,5",1,"6,64","1,69","0,33",7,"1,75"
32,VS,20,"6,5",6,"1,2",1,70,3,5,,,,,7,7,1,"2,8","6,63","6,65","1,38",2,"6,5",1,7,"5,5",7,1,1,1,"6,6","0,67",0,4,7,7,1,"2,5",7,1,7,7,7,"2,5","2,5",1,"6,64","1,69","0,33",7,"1,75"
32,VS,21,"6,75",6,"1,2",1,83,8,5,,3,6,5,7,7,1,"2,8","6,63","6,65","1,38",2,"6,5",1,7,"5,5",7,1,1,1,"6,6","0,67",0,4,7,7,1,"2,5",7,1,7,7,7,"2,5","2,5",1,"6,64","1,69","0,33",7,"1,75"
32,VS,22,"6,75",6,"1,2",1,73,8,5,,3,6,5,7,7,1,"2,8","6,63","6,65","1,38",2,"6,5",1,7,"5,5",7,1,1,1,"6,6","0,67",0,4,7,7,1,"2,5",7,1,7,7,7,"2,5","2,5",1,"6,64","1,69","0,33",7,"1,75"
32,VS,23,"6,75",6,"1,2",1,73,8,5,,3,6,5,7,7,1,"2,8","6,63","6,65","1,38",2,"6,5",1,7,"5,5",7,1,1,1,"6,6","0,67",0,4,7,7,1,"2,5",7,1,7,7,7,"2,5","2,5",1,"6,64","1,69","0,33",7,"1,75"
32,VS,24,"6,75",6,"1,2",1,75,8,5,,3,6,5,7,7,1,"2,8","6,63","6,65","1,38",2,"6,5",1,7,"5,5",7,1,1,1,"6,6","0,67",0,4,7,7,1,"2,5",7,1,7,7,7,"2,5","2,5",1,"6,64","1,69","0,33",7,"1,75"
32,VS,25,"6,75",6,"1,2",1,76,8,5,,3,6,5,7,7,1,"2,8","6,63","6,65","1,38",2,"6,5",1,7,"5,5",7,1,1,1,"6,6","0,67",0,4,7,7,1,"2,5",7,1,7,7,7,"2,5","2,5",1,"6,64","1,69","0,33",7,"1,75"
32,VS,26,"6,5","6,333333333",1,1,84,5,8,,,,,7,7,1,"2,8","6,63","6,65","1,38",2,"6,5",1,7,"5,5",7,1,1,1,"6,6","0,67",0,4,7,7,1,"2,5",7,1,7,7,7,"2,5","2,5",1,"6,64","1,69","0,33",7,"1,75"
32,VS,27,"6,5","6,333333333",1,1,70,5,8,,,,,7,7,1,"2,8","6,63","6,65","1,38",2,"6,5",1,7,"5,5",7,1,1,1,"6,6","0,67",0,4,7,7,1,"2,5",7,1,7,7,7,"2,5","2,5",1,"6,64","1,69","0,33",7,"1,75"
32,VS,28,"6,5","6,333333333",1,1,66,5,8,,,,,7,7,1,"2,8","6,63","6,65","1,38",2,"6,5",1,7,"5,5",7,1,1,1,"6,6","0,67",0,4,7,7,1,"2,5",7,1,7,7,7,"2,5","2,5",1,"6,64","1,69","0,33",7,"1,75"
32,VS,29,"6,5","6,333333333",1,1,64,5,8,,,,,7,7,1,"2,8","6,63","6,65","1,38",2,"6,5",1,7,"5,5",7,1,1,1,"6,6","0,67",0,4,7,7,1,"2,5",7,1,7,7,7,"2,5","2,5",1,"6,64","1,69","0,33",7,"1,75"
32,VS,30,"6,5","6,333333333",1,1,58,5,8,,,,,7,7,1,"2,8","6,63","6,65","1,38",2,"6,5",1,7,"5,5",7,1,1,1,"6,6","0,67",0,4,7,7,1,"2,5",7,1,7,7,7,"2,5","2,5",1,"6,64","1,69","0,33",7,"1,75"
32,VS,31,"6,75",7,1,1,59,8,,,6,,,7,7,1,"2,8","6,63","6,65","1,38",2,"6,5",1,7,"5,5",7,1,1,1,"6,6","0,67",0,4,7,7,1,"2,5",7,1,7,7,7,"2,5","2,5",1,"6,64","1,69","0,33",7,"1,75"
32,VS,32,"6,75",7,1,1,52,8,,,6,,,7,7,1,"2,8","6,63","6,65","1,38",2,"6,5",1,7,"5,5",7,1,1,1,"6,6","0,67",0,4,7,7,1,"2,5",7,1,7,7,7,"2,5","2,5",1,"6,64","1,69","0,33",7,"1,75"
32,VS,33,"6,75",7,1,1,50,8,,,6,,,7,7,1,"2,8","6,63","6,65","1,38",2,"6,5",1,7,"5,5",7,1,1,1,"6,6","0,67",0,4,7,7,1,"2,5",7,1,7,7,7,"2,5","2,5",1,"6,64","1,69","0,33",7,"1,75"
32,VS,34,"6,75",7,1,1,57,8,,,6,,,7,7,1,"2,8","6,63","6,65","1,38",2,"6,5",1,7,"5,5",7,1,1,1,"6,6","0,67",0,4,7,7,1,"2,5",7,1,7,7,7,"2,5","2,5",1,"6,64","1,69","0,33",7,"1,75"
32,VS,35,"6,75",7,1,1,83,8,,,6,,,7,7,1,"2,8","6,63","6,65","1,38",2,"6,5",1,7,"5,5",7,1,1,1,"6,6","0,67",0,4,7,7,1,"2,5",7,1,7,7,7,"2,5","2,5",1,"6,64","1,69","0,33",7,"1,75"
32,VS,36,"5,75","6,666666667","1,4",1,67,5,8,,3,6,,7,7,1,"2,8","6,63","6,65","1,38",2,"6,5",1,7,"5,5",7,1,1,1,"6,6","0,67",0,4,7,7,1,"2,5",7,1,7,7,7,"2,5","2,5",1,"6,64","1,69","0,33",7,"1,75"
32,VS,37,"5,75","6,666666667","1,4",1,76,5,8,,3,6,,7,7,1,"2,8","6,63","6,65","1,38",2,"6,5",1,7,"5,5",7,1,1,1,"6,6","0,67",0,4,7,7,1,"2,5",7,1,7,7,7,"2,5","2,5",1,"6,64","1,69","0,33",7,"1,75"
32,VS,38,"5,75","6,666666667","1,4",1,84,5,8,,3,6,,7,7,1,"2,8","6,63","6,65","1,38",2,"6,5",1,7,"5,5",7,1,1,1,"6,6","0,67",0,4,7,7,1,"2,5",7,1,7,7,7,"2,5","2,5",1,"6,64","1,69","0,33",7,"1,75"
32,VS,39,"5,75","6,666666667","1,4",1,76,5,8,,3,6,,7,7,1,"2,8","6,63","6,65","1,38",2,"6,5",1,7,"5,5",7,1,1,1,"6,6","0,67",0,4,7,7,1,"2,5",7,1,7,7,7,"2,5","2,5",1,"6,64","1,69","0,33",7,"1,75"
32,VS,40,"5,75","6,666666667","1,4",1,73,5,8,,3,6,,7,7,1,"2,8","6,63","6,65","1,38",2,"6,5",1,7,"5,5",7,1,1,1,"6,6","0,67",0,4,7,7,1,"2,5",7,1,7,7,7,"2,5","2,5",1,"6,64","1,69","0,33",7,"1,75"
32,VS,41,1,1,1,1,76,5,,,9,,,7,7,1,"2,8","6,63","6,65","1,38",2,"6,5",1,7,"5,5",7,1,1,1,"6,6","0,67",0,4,7,7,1,"2,5",7,1,7,7,7,"2,5","2,5",1,"6,64","1,69","0,33",7,"1,75"
32,VS,42,1,1,1,1,74,5,,,9,,,7,7,1,"2,8","6,63","6,65","1,38",2,"6,5",1,7,"5,5",7,1,1,1,"6,6","0,67",0,4,7,7,1,"2,5",7,1,7,7,7,"2,5","2,5",1,"6,64","1,69","0,33",7,"1,75"
32,VS,43,1,1,1,1,76,5,,,9,,,7,7,1,"2,8","6,63","6,65","1,38",2,"6,5",1,7,"5,5",7,1,1,1,"6,6","0,67",0,4,7,7,1,"2,5",7,1,7,7,7,"2,5","2,5",1,"6,64","1,69","0,33",7,"1,75"
32,VS,44,1,1,1,1,73,5,,,9,,,7,7,1,"2,8","6,63","6,65","1,38",2,"6,5",1,7,"5,5",7,1,1,1,"6,6","0,67",0,4,7,7,1,"2,5",7,1,7,7,7,"2,5","2,5",1,"6,64","1,69","0,33",7,"1,75"
32,VS,45,1,1,1,1,72,5,,,9,,,7,7,1,"2,8","6,63","6,65","1,38",2,"6,5",1,7,"5,5",7,1,1,1,"6,6","0,67",0,4,7,7,1,"2,5",7,1,7,7,7,"2,5","2,5",1,"6,64","1,69","0,33",7,"1,75"
32,VS,46,"6,75","6,666666667",1,1,72,5,8,,6,,,7,7,1,"2,8","6,63","6,65","1,38",2,"6,5",1,7,"5,5",7,1,1,1,"6,6","0,67",0,4,7,7,1,"2,5",7,1,7,7,7,"2,5","2,5",1,"6,64","1,69","0,33",7,"1,75"
32,VS,47,"6,75","6,666666667",1,1,67,5,8,,6,,,7,7,1,"2,8","6,63","6,65","1,38",2,"6,5",1,7,"5,5",7,1,1,1,"6,6","0,67",0,4,7,7,1,"2,5",7,1,7,7,7,"2,5","2,5",1,"6,64","1,69","0,33",7,"1,75"
32,VS,48,"6,75","6,666666667",1,1,55,5,8,,6,,,7,7,1,"2,8","6,63","6,65","1,38",2,"6,5",1,7,"5,5",7,1,1,1,"6,6","0,67",0,4,7,7,1,"2,5",7,1,7,7,7,"2,5","2,5",1,"6,64","1,69","0,33",7,"1,75"
32,VS,49,"6,75","6,666666667",1,1,48,5,8,,6,,,7,7,1,"2,8","6,63","6,65","1,38",2,"6,5",1,7,"5,5",7,1,1,1,"6,6","0,67",0,4,7,7,1,"2,5",7,1,7,7,7,"2,5","2,5",1,"6,64","1,69","0,33",7,"1,75"
32,VS,50,"6,75","6,666666667",1,1,52,5,8,,6,,,7,7,1,"2,8","6,63","6,65","1,38",2,"6,5",1,7,"5,5",7,1,1,1,"6,6","0,67",0,4,7,7,1,"2,5",7,1,7,7,7,"2,5","2,5",1,"6,64","1,69","0,33",7,"1,75"
32,VS,51,1,1,1,1,64,5,,,9,,,7,7,1,"2,8","6,63","6,65","1,38",2,"6,5",1,7,"5,5",7,1,1,1,"6,6","0,67",0,4,7,7,1,"2,5",7,1,7,7,7,"2,5","2,5",1,"6,64","1,69","0,33",7,"1,75"
32,VS,52,1,1,1,1,76,5,,,9,,,7,7,1,"2,8","6,63","6,65","1,38",2,"6,5",1,7,"5,5",7,1,1,1,"6,6","0,67",0,4,7,7,1,"2,5",7,1,7,7,7,"2,5","2,5",1,"6,64","1,69","0,33",7,"1,75"
32,VS,53,1,1,1,1,86,5,,,9,,,7,7,1,"2,8","6,63","6,65","1,38",2,"6,5",1,7,"5,5",7,1,1,1,"6,6","0,67",0,4,7,7,1,"2,5",7,1,7,7,7,"2,5","2,5",1,"6,64","1,69","0,33",7,"1,75"
32,VS,54,1,1,1,1,72,5,,,9,,,7,7,1,"2,8","6,63","6,65","1,38",2,"6,5",1,7,"5,5",7,1,1,1,"6,6","0,67",0,4,7,7,1,"2,5",7,1,7,7,7,"2,5","2,5",1,"6,64","1,69","0,33",7,"1,75"
32,VS,55,1,1,1,1,50,5,,,9,,,7,7,1,"2,8","6,63","6,65","1,38",2,"6,5",1,7,"5,5",7,1,1,1,"6,6","0,67",0,4,7,7,1,"2,5",7,1,7,7,7,"2,5","2,5",1,"6,64","1,69","0,33",7,"1,75"
32,VS,56,"6,75",7,1,1,47,5,7,,1,,,7,7,1,"2,8","6,63","6,65","1,38",2,"6,5",1,7,"5,5",7,1,1,1,"6,6","0,67",0,4,7,7,1,"2,5",7,1,7,7,7,"2,5","2,5",1,"6,64","1,69","0,33",7,"1,75"
32,VS,57,"6,75",7,1,1,53,5,7,,1,,,7,7,1,"2,8","6,63","6,65","1,38",2,"6,5",1,7,"5,5",7,1,1,1,"6,6","0,67",0,4,7,7,1,"2,5",7,1,7,7,7,"2,5","2,5",1,"6,64","1,69","0,33",7,"1,75"
32,VS,58,"6,75",7,1,1,50,5,7,,1,,,7,7,1,"2,8","6,63","6,65","1,38",2,"6,5",1,7,"5,5",7,1,1,1,"6,6","0,67",0,4,7,7,1,"2,5",7,1,7,7,7,"2,5","2,5",1,"6,64","1,69","0,33",7,"1,75"
32,VS,59,"6,75",7,1,1,59,5,7,,1,,,7,7,1,"2,8","6,63","6,65","1,38",2,"6,5",1,7,"5,5",7,1,1,1,"6,6","0,67",0,4,7,7,1,"2,5",7,1,7,7,7,"2,5","2,5",1,"6,64","1,69","0,33",7,"1,75"
32,VS,60,"6,75",7,1,1,76,5,7,,1,,,7,7,1,"2,8","6,63","6,65","1,38",2,"6,5",1,7,"5,5",7,1,1,1,"6,6","0,67",0,4,7,7,1,"2,5",7,1,7,7,7,"2,5","2,5",1,"6,64","1,69","0,33",7,"1,75"
32,VS,61,"6,75",7,1,1,73,6,,,1,,,7,7,1,"2,8","6,63","6,65","1,38",2,"6,5",1,7,"5,5",7,1,1,1,"6,6","0,67",0,4,7,7,1,"2,5",7,1,7,7,7,"2,5","2,5",1,"6,64","1,69","0,33",7,"1,75"
32,VS,62,"6,75",7,1,1,72,6,,,1,,,7,7,1,"2,8","6,63","6,65","1,38",2,"6,5",1,7,"5,5",7,1,1,1,"6,6","0,67",0,4,7,7,1,"2,5",7,1,7,7,7,"2,5","2,5",1,"6,64","1,69","0,33",7,"1,75"
32,VS,63,"6,75",7,1,1,70,6,,,1,,,7,7,1,"2,8","6,63","6,65","1,38",2,"6,5",1,7,"5,5",7,1,1,1,"6,6","0,67",0,4,7,7,1,"2,5",7,1,7,7,7,"2,5","2,5",1,"6,64","1,69","0,33",7,"1,75"
32,VS,64,"6,75",7,1,1,60,6,,,1,,,7,7,1,"2,8","6,63","6,65","1,38",2,"6,5",1,7,"5,5",7,1,1,1,"6,6","0,67",0,4,7,7,1,"2,5",7,1,7,7,7,"2,5","2,5",1,"6,64","1,69","0,33",7,"1,75"
32,VS,65,"6,75",7,1,1,70,6,,,1,,,7,7,1,"2,8","6,63","6,65","1,38",2,"6,5",1,7,"5,5",7,1,1,1,"6,6","0,67",0,4,7,7,1,"2,5",7,1,7,7,7,"2,5","2,5",1,"6,64","1,69","0,33",7,"1,75"
32,VS,66,7,7,1,1,60,6,7,,9,1,,7,7,1,"2,8","6,63","6,65","1,38",2,"6,5",1,7,"5,5",7,1,1,1,"6,6","0,67",0,4,7,7,1,"2,5",7,1,7,7,7,"2,5","2,5",1,"6,64","1,69","0,33",7,"1,75"
32,VS,67,7,7,1,1,73,6,7,,9,1,,7,7,1,"2,8","6,63","6,65","1,38",2,"6,5",1,7,"5,5",7,1,1,1,"6,6","0,67",0,4,7,7,1,"2,5",7,1,7,7,7,"2,5","2,5",1,"6,64","1,69","0,33",7,"1,75"
32,VS,68,7,7,1,1,66,6,7,,9,1,,7,7,1,"2,8","6,63","6,65","1,38",2,"6,5",1,7,"5,5",7,1,1,1,"6,6","0,67",0,4,7,7,1,"2,5",7,1,7,7,7,"2,5","2,5",1,"6,64","1,69","0,33",7,"1,75"
32,VS,69,7,7,1,1,68,6,7,,9,1,,7,7,1,"2,8","6,63","6,65","1,38",2,"6,5",1,7,"5,5",7,1,1,1,"6,6","0,67",0,4,7,7,1,"2,5",7,1,7,7,7,"2,5","2,5",1,"6,64","1,69","0,33",7,"1,75"
32,VS,70,7,7,1,1,71,6,7,,9,1,,7,7,1,"2,8","6,63","6,65","1,38",2,"6,5",1,7,"5,5",7,1,1,1,"6,6","0,67",0,4,7,7,1,"2,5",7,1,7,7,7,"2,5","2,5",1,"6,64","1,69","0,33",7,"1,75"
32,VS,71,1,1,1,1,69,7,,,9,,,7,7,1,"2,8","6,63","6,65","1,38",2,"6,5",1,7,"5,5",7,1,1,1,"6,6","0,67",0,4,7,7,1,"2,5",7,1,7,7,7,"2,5","2,5",1,"6,64","1,69","0,33",7,"1,75"
32,VS,72,1,1,1,1,67,7,,,9,,,7,7,1,"2,8","6,63","6,65","1,38",2,"6,5",1,7,"5,5",7,1,1,1,"6,6","0,67",0,4,7,7,1,"2,5",7,1,7,7,7,"2,5","2,5",1,"6,64","1,69","0,33",7,"1,75"
32,VS,73,1,1,1,1,78,7,,,9,,,7,7,1,"2,8","6,63","6,65","1,38",2,"6,5",1,7,"5,5",7,1,1,1,"6,6","0,67",0,4,7,7,1,"2,5",7,1,7,7,7,"2,5","2,5",1,"6,64","1,69","0,33",7,"1,75"
32,VS,74,1,1,1,1,74,7,,,9,,,7,7,1,"2,8","6,63","6,65","1,38",2,"6,5",1,7,"5,5",7,1,1,1,"6,6","0,67",0,4,7,7,1,"2,5",7,1,7,7,7,"2,5","2,5",1,"6,64","1,69","0,33",7,"1,75"
32,VS,75,1,1,1,1,88,7,,,9,,,7,7,1,"2,8","6,63","6,65","1,38",2,"6,5",1,7,"5,5",7,1,1,1,"6,6","0,67",0,4,7,7,1,"2,5",7,1,7,7,7,"2,5","2,5",1,"6,64","1,69","0,33",7,"1,75"
32,VS,76,,1,1,1,68,7,8,,,,,7,7,1,"2,8","6,63","6,65","1,38",2,"6,5",1,7,"5,5",7,1,1,1,"6,6","0,67",0,4,7,7,1,"2,5",7,1,7,7,7,"2,5","2,5",1,"6,64","1,69","0,33",7,"1,75"
32,VS,77,,1,1,1,76,7,8,,,,,7,7,1,"2,8","6,63","6,65","1,38",2,"6,5",1,7,"5,5",7,1,1,1,"6,6","0,67",0,4,7,7,1,"2,5",7,1,7,7,7,"2,5","2,5",1,"6,64","1,69","0,33",7,"1,75"
32,VS,78,,1,1,1,74,7,8,,,,,7,7,1,"2,8","6,63","6,65","1,38",2,"6,5",1,7,"5,5",7,1,1,1,"6,6","0,67",0,4,7,7,1,"2,5",7,1,7,7,7,"2,5","2,5",1,"6,64","1,69","0,33",7,"1,75"
32,VS,79,,1,1,1,74,7,8,,,,,7,7,1,"2,8","6,63","6,65","1,38",2,"6,5",1,7,"5,5",7,1,1,1,"6,6","0,67",0,4,7,7,1,"2,5",7,1,7,7,7,"2,5","2,5",1,"6,64","1,69","0,33",7,"1,75"
32,VS,80,,1,1,1,70,7,8,,,,,7,7,1,"2,8","6,63","6,65","1,38",2,"6,5",1,7,"5,5",7,1,1,1,"6,6","0,67",0,4,7,7,1,"2,5",7,1,7,7,7,"2,5","2,5",1,"6,64","1,69","0,33",7,"1,75"
32,VS,81,,1,1,1,63,7,8,,,,,7,7,1,"2,8","6,63","6,65","1,38",2,"6,5",1,7,"5,5",7,1,1,1,"6,6","0,67",0,4,7,7,1,"2,5",7,1,7,7,7,"2,5","2,5",1,"6,64","1,69","0,33",7,"1,75"
32,VS,82,,1,1,1,64,7,8,,,,,7,7,1,"2,8","6,63","6,65","1,38",2,"6,5",1,7,"5,5",7,1,1,1,"6,6","0,67",0,4,7,7,1,"2,5",7,1,7,7,7,"2,5","2,5",1,"6,64","1,69","0,33",7,"1,75"
32,VS,83,,1,1,1,64,7,8,,,,,7,7,1,"2,8","6,63","6,65","1,38",2,"6,5",1,7,"5,5",7,1,1,1,"6,6","0,67",0,4,7,7,1,"2,5",7,1,7,7,7,"2,5","2,5",1,"6,64","1,69","0,33",7,"1,75"
32,VS,84,,1,1,1,50,7,8,,,,,7,7,1,"2,8","6,63","6,65","1,38",2,"6,5",1,7,"5,5",7,1,1,1,"6,6","0,67",0,4,7,7,1,"2,5",7,1,7,7,7,"2,5","2,5",1,"6,64","1,69","0,33",7,"1,75"
32,VS,85,,1,1,1,56,7,8,,,,,7,7,1,"2,8","6,63","6,65","1,38",2,"6,5",1,7,"5,5",7,1,1,1,"6,6","0,67",0,4,7,7,1,"2,5",7,1,7,7,7,"2,5","2,5",1,"6,64","1,69","0,33",7,"1,75"
32,VS,86,7,7,"1,2",1,60,6,8,,8,6,,7,7,1,"2,8","6,63","6,65","1,38",2,"6,5",1,7,"5,5",7,1,1,1,"6,6","0,67",0,4,7,7,1,"2,5",7,1,7,7,7,"2,5","2,5",1,"6,64","1,69","0,33",7,"1,75"
32,VS,87,7,7,"1,2",1,64,6,8,,8,6,,7,7,1,"2,8","6,63","6,65","1,38",2,"6,5",1,7,"5,5",7,1,1,1,"6,6","0,67",0,4,7,7,1,"2,5",7,1,7,7,7,"2,5","2,5",1,"6,64","1,69","0,33",7,"1,75"
32,VS,88,7,7,"1,2",1,72,6,8,,8,6,,7,7,1,"2,8","6,63","6,65","1,38",2,"6,5",1,7,"5,5",7,1,1,1,"6,6","0,67",0,4,7,7,1,"2,5",7,1,7,7,7,"2,5","2,5",1,"6,64","1,69","0,33",7,"1,75"
32,VS,89,7,7,"1,2",1,67,6,8,,8,6,,7,7,1,"2,8","6,63","6,65","1,38",2,"6,5",1,7,"5,5",7,1,1,1,"6,6","0,67",0,4,7,7,1,"2,5",7,1,7,7,7,"2,5","2,5",1,"6,64","1,69","0,33",7,"1,75"
32,VS,90,7,7,"1,2",1,65,6,8,,8,6,,7,7,1,"2,8","6,63","6,65","1,38",2,"6,5",1,7,"5,5",7,1,1,1,"6,6","0,67",0,4,7,7,1,"2,5",7,1,7,7,7,"2,5","2,5",1,"6,64","1,69","0,33",7,"1,75"
32,VS,91,1,1,1,1,61,5,,,9,,,7,7,1,"2,8","6,63","6,65","1,38",2,"6,5",1,7,"5,5",7,1,1,1,"6,6","0,67",0,4,7,7,1,"2,5",7,1,7,7,7,"2,5","2,5",1,"6,64","1,69","0,33",7,"1,75"
32,VS,92,1,1,1,1,55,5,,,9,,,7,7,1,"2,8","6,63","6,65","1,38",2,"6,5",1,7,"5,5",7,1,1,1,"6,6","0,67",0,4,7,7,1,"2,5",7,1,7,7,7,"2,5","2,5",1,"6,64","1,69","0,33",7,"1,75"
32,VS,93,1,1,1,1,50,5,,,9,,,7,7,1,"2,8","6,63","6,65","1,38",2,"6,5",1,7,"5,5",7,1,1,1,"6,6","0,67",0,4,7,7,1,"2,5",7,1,7,7,7,"2,5","2,5",1,"6,64","1,69","0,33",7,"1,75"
32,VS,94,1,1,1,1,50,5,,,9,,,7,7,1,"2,8","6,63","6,65","1,38",2,"6,5",1,7,"5,5",7,1,1,1,"6,6","0,67",0,4,7,7,1,"2,5",7,1,7,7,7,"2,5","2,5",1,"6,64","1,69","0,33",7,"1,75"
32,VS,95,1,1,1,1,45,5,,,9,,,7,7,1,"2,8","6,63","6,65","1,38",2,"6,5",1,7,"5,5",7,1,1,1,"6,6","0,67",0,4,7,7,1,"2,5",7,1,7,7,7,"2,5","2,5",1,"6,64","1,69","0,33",7,"1,75"
32,VS,96,"6,75",7,"1,2",1,68,5,,,11,5,,7,7,1,"2,8","6,63","6,65","1,38",2,"6,5",1,7,"5,5",7,1,1,1,"6,6","0,67",0,4,7,7,1,"2,5",7,1,7,7,7,"2,5","2,5",1,"6,64","1,69","0,33",7,"1,75"
32,VS,97,"6,75",7,"1,2",1,47,5,,,11,5,,7,7,1,"2,8","6,63","6,65","1,38",2,"6,5",1,7,"5,5",7,1,1,1,"6,6","0,67",0,4,7,7,1,"2,5",7,1,7,7,7,"2,5","2,5",1,"6,64","1,69","0,33",7,"1,75"
32,VS,98,"6,75",7,"1,2",1,44,5,,,11,5,,7,7,1,"2,8","6,63","6,65","1,38",2,"6,5",1,7,"5,5",7,1,1,1,"6,6","0,67",0,4,7,7,1,"2,5",7,1,7,7,7,"2,5","2,5",1,"6,64","1,69","0,33",7,"1,75"
32,VS,99,"6,75",7,"1,2",1,51,5,,,11,5,,7,7,1,"2,8","6,63","6,65","1,38",2,"6,5",1,7,"5,5",7,1,1,1,"6,6","0,67",0,4,7,7,1,"2,5",7,1,7,7,7,"2,5","2,5",1,"6,64","1,69","0,33",7,"1,75"
32,VS,100,"6,75",7,"1,2",1,50,5,,,11,5,,7,7,1,"2,8","6,63","6,65","1,38",2,"6,5",1,7,"5,5",7,1,1,1,"6,6","0,67",0,4,7,7,1,"2,5",7,1,7,7,7,"2,5","2,5",1,"6,64","1,69","0,33",7,"1,75"
32,VS,101,7,7,1,1,47,5,,,11,,,7,7,1,"2,8","6,63","6,65","1,38",2,"6,5",1,7,"5,5",7,1,1,1,"6,6","0,67",0,4,7,7,1,"2,5",7,1,7,7,7,"2,5","2,5",1,"6,64","1,69","0,33",7,"1,75"
32,VS,102,7,7,1,1,44,5,,,11,,,7,7,1,"2,8","6,63","6,65","1,38",2,"6,5",1,7,"5,5",7,1,1,1,"6,6","0,67",0,4,7,7,1,"2,5",7,1,7,7,7,"2,5","2,5",1,"6,64","1,69","0,33",7,"1,75"
32,VS,103,7,7,1,1,52,5,,,11,,,7,7,1,"2,8","6,63","6,65","1,38",2,"6,5",1,7,"5,5",7,1,1,1,"6,6","0,67",0,4,7,7,1,"2,5",7,1,7,7,7,"2,5","2,5",1,"6,64","1,69","0,33",7,"1,75"
32,VS,104,7,7,1,1,50,5,,,11,,,7,7,1,"2,8","6,63","6,65","1,38",2,"6,5",1,7,"5,5",7,1,1,1,"6,6","0,67",0,4,7,7,1,"2,5",7,1,7,7,7,"2,5","2,5",1,"6,64","1,69","0,33",7,"1,75"
32,VS,105,7,7,1,1,63,5,,,11,,,7,7,1,"2,8","6,63","6,65","1,38",2,"6,5",1,7,"5,5",7,1,1,1,"6,6","0,67",0,4,7,7,1,"2,5",7,1,7,7,7,"2,5","2,5",1,"6,64","1,69","0,33",7,"1,75"
32,VS,106,1,1,1,1,63,5,,,9,11,,7,7,1,"2,8","6,63","6,65","1,38",2,"6,5",1,7,"5,5",7,1,1,1,"6,6","0,67",0,4,7,7,1,"2,5",7,1,7,7,7,"2,5","2,5",1,"6,64","1,69","0,33",7,"1,75"
32,VS,107,1,1,1,1,74,5,,,9,11,,7,7,1,"2,8","6,63","6,65","1,38",2,"6,5",1,7,"5,5",7,1,1,1,"6,6","0,67",0,4,7,7,1,"2,5",7,1,7,7,7,"2,5","2,5",1,"6,64","1,69","0,33",7,"1,75"
32,VS,108,1,1,1,1,69,5,,,9,11,,7,7,1,"2,8","6,63","6,65","1,38",2,"6,5",1,7,"5,5",7,1,1,1,"6,6","0,67",0,4,7,7,1,"2,5",7,1,7,7,7,"2,5","2,5",1,"6,64","1,69","0,33",7,"1,75"
32,VS,109,1,1,1,1,62,5,,,9,11,,7,7,1,"2,8","6,63","6,65","1,38",2,"6,5",1,7,"5,5",7,1,1,1,"6,6","0,67",0,4,7,7,1,"2,5",7,1,7,7,7,"2,5","2,5",1,"6,64","1,69","0,33",7,"1,75"
32,VS,110,1,1,1,1,62,5,,,9,11,,7,7,1,"2,8","6,63","6,65","1,38",2,"6,5",1,7,"5,5",7,1,1,1,"6,6","0,67",0,4,7,7,1,"2,5",7,1,7,7,7,"2,5","2,5",1,"6,64","1,69","0,33",7,"1,75"
32,VS,111,7,7,1,1,60,5,8,,5,6,,7,7,1,"2,8","6,63","6,65","1,38",2,"6,5",1,7,"5,5",7,1,1,1,"6,6","0,67",0,4,7,7,1,"2,5",7,1,7,7,7,"2,5","2,5",1,"6,64","1,69","0,33",7,"1,75"
32,VS,112,7,7,1,1,60,5,8,,5,6,,7,7,1,"2,8","6,63","6,65","1,38",2,"6,5",1,7,"5,5",7,1,1,1,"6,6","0,67",0,4,7,7,1,"2,5",7,1,7,7,7,"2,5","2,5",1,"6,64","1,69","0,33",7,"1,75"
32,VS,113,7,7,1,1,75,5,8,,5,6,,7,7,1,"2,8","6,63","6,65","1,38",2,"6,5",1,7,"5,5",7,1,1,1,"6,6","0,67",0,4,7,7,1,"2,5",7,1,7,7,7,"2,5","2,5",1,"6,64","1,69","0,33",7,"1,75"
32,VS,114,7,7,1,1,84,5,8,,5,6,,7,7,1,"2,8","6,63","6,65","1,38",2,"6,5",1,7,"5,5",7,1,1,1,"6,6","0,67",0,4,7,7,1,"2,5",7,1,7,7,7,"2,5","2,5",1,"6,64","1,69","0,33",7,"1,75"
32,VS,115,7,7,1,1,81,5,8,,5,6,,7,7,1,"2,8","6,63","6,65","1,38",2,"6,5",1,7,"5,5",7,1,1,1,"6,6","0,67",0,4,7,7,1,"2,5",7,1,7,7,7,"2,5","2,5",1,"6,64","1,69","0,33",7,"1,75"
32,VS,116,1,1,1,1,79,5,,,9,11,,7,7,1,"2,8","6,63","6,65","1,38",2,"6,5",1,7,"5,5",7,1,1,1,"6,6","0,67",0,4,7,7,1,"2,5",7,1,7,7,7,"2,5","2,5",1,"6,64","1,69","0,33",7,"1,75"
32,VS,117,1,1,1,1,80,5,,,9,11,,7,7,1,"2,8","6,63","6,65","1,38",2,"6,5",1,7,"5,5",7,1,1,1,"6,6","0,67",0,4,7,7,1,"2,5",7,1,7,7,7,"2,5","2,5",1,"6,64","1,69","0,33",7,"1,75"
32,VS,118,1,1,1,1,80,5,,,9,11,,7,7,1,"2,8","6,63","6,65","1,38",2,"6,5",1,7,"5,5",7,1,1,1,"6,6","0,67",0,4,7,7,1,"2,5",7,1,7,7,7,"2,5","2,5",1,"6,64","1,69","0,33",7,"1,75"
32,VS,119,1,1,1,1,79,5,,,9,11,,7,7,1,"2,8","6,63","6,65","1,38",2,"6,5",1,7,"5,5",7,1,1,1,"6,6","0,67",0,4,7,7,1,"2,5",7,1,7,7,7,"2,5","2,5",1,"6,64","1,69","0,33",7,"1,75"
32,VS,120,1,1,1,1,75,5,,,9,11,,7,7,1,"2,8","6,63","6,65","1,38",2,"6,5",1,7,"5,5",7,1,1,1,"6,6","0,67",0,4,7,7,1,"2,5",7,1,7,7,7,"2,5","2,5",1,"6,64","1,69","0,33",7,"1,75"
32,VS,121,"6,75",7,1,1,50,5,9,,11,,,7,7,1,"2,8","6,63","6,65","1,38",2,"6,5",1,7,"5,5",7,1,1,1,"6,6","0,67",0,4,7,7,1,"2,5",7,1,7,7,7,"2,5","2,5",1,"6,64","1,69","0,33",7,"1,75"
32,VS,122,"6,75",7,1,1,46,5,9,,11,,,7,7,1,"2,8","6,63","6,65","1,38",2,"6,5",1,7,"5,5",7,1,1,1,"6,6","0,67",0,4,7,7,1,"2,5",7,1,7,7,7,"2,5","2,5",1,"6,64","1,69","0,33",7,"1,75"
32,VS,123,"6,75",7,1,1,43,5,9,,11,,,7,7,1,"2,8","6,63","6,65","1,38",2,"6,5",1,7,"5,5",7,1,1,1,"6,6","0,67",0,4,7,7,1,"2,5",7,1,7,7,7,"2,5","2,5",1,"6,64","1,69","0,33",7,"1,75"
32,VS,124,"6,75",7,1,1,43,5,9,,11,,,7,7,1,"2,8","6,63","6,65","1,38",2,"6,5",1,7,"5,5",7,1,1,1,"6,6","0,67",0,4,7,7,1,"2,5",7,1,7,7,7,"2,5","2,5",1,"6,64","1,69","0,33",7,"1,75"
32,VS,125,"6,75",7,1,1,45,5,9,,11,,,7,7,1,"2,8","6,63","6,65","1,38",2,"6,5",1,7,"5,5",7,1,1,1,"6,6","0,67",0,4,7,7,1,"2,5",7,1,7,7,7,"2,5","2,5",1,"6,64","1,69","0,33",7,"1,75"
32,VS,126,7,7,1,1,59,9,,,,,,7,7,1,"2,8","6,63","6,65","1,38",2,"6,5",1,7,"5,5",7,1,1,1,"6,6","0,67",0,4,7,7,1,"2,5",7,1,7,7,7,"2,5","2,5",1,"6,64","1,69","0,33",7,"1,75"
32,VS,127,7,7,1,1,57,9,,,,,,7,7,1,"2,8","6,63","6,65","1,38",2,"6,5",1,7,"5,5",7,1,1,1,"6,6","0,67",0,4,7,7,1,"2,5",7,1,7,7,7,"2,5","2,5",1,"6,64","1,69","0,33",7,"1,75"
32,VS,128,7,7,1,1,58,9,,,,,,7,7,1,"2,8","6,63","6,65","1,38",2,"6,5",1,7,"5,5",7,1,1,1,"6,6","0,67",0,4,7,7,1,"2,5",7,1,7,7,7,"2,5","2,5",1,"6,64","1,69","0,33",7,"1,75"
33,JO,1,"5,75",4,"1,2",1,72,4,,,,,,7,"6,6",4,"1,6","6,19",6,"1,56","2,53","6,75","1,75",7,7,"6,25","1,25",1,3,"5,8","1,33",0,"4,67","6,2",7,"1,25","1,25",7,1,"6,5","6,75",7,"4,75",4,1,"6,09","2,05","0,67",7,"1,25"
33,JO,2,"5,75",4,"1,2",1,58,4,,,,,,7,"6,6",4,"1,6","6,19",6,"1,56","2,53","6,75","1,75",7,7,"6,25","1,25",1,3,"5,8","1,33",0,"4,67","6,2",7,"1,25","1,25",7,1,"6,5","6,75",7,"4,75",4,1,"6,09","2,05","0,67",7,"1,25"
33,JO,3,"5,75",4,"1,2",1,52,4,,,,,,7,"6,6",4,"1,6","6,19",6,"1,56","2,53","6,75","1,75",7,7,"6,25","1,25",1,3,"5,8","1,33",0,"4,67","6,2",7,"1,25","1,25",7,1,"6,5","6,75",7,"4,75",4,1,"6,09","2,05","0,67",7,"1,25"
33,JO,4,"5,75",4,"1,2",1,46,4,,,,,,7,"6,6",4,"1,6","6,19",6,"1,56","2,53","6,75","1,75",7,7,"6,25","1,25",1,3,"5,8","1,33",0,"4,67","6,2",7,"1,25","1,25",7,1,"6,5","6,75",7,"4,75",4,1,"6,09","2,05","0,67",7,"1,25"
33,JO,5,"5,75",4,"1,2",1,51,4,,,,,,7,"6,6",4,"1,6","6,19",6,"1,56","2,53","6,75","1,75",7,7,"6,25","1,25",1,3,"5,8","1,33",0,"4,67","6,2",7,"1,25","1,25",7,1,"6,5","6,75",7,"4,75",4,1,"6,09","2,05","0,67",7,"1,25"
33,JO,6,"5,5",4,"1,2",1,41,4,,,11,,,7,"6,6",4,"1,6","6,19",6,"1,56","2,53","6,75","1,75",7,7,"6,25","1,25",1,3,"5,8","1,33",0,"4,67","6,2",7,"1,25","1,25",7,1,"6,5","6,75",7,"4,75",4,1,"6,09","2,05","0,67",7,"1,25"
33,JO,7,"5,5",4,"1,2",1,45,4,,,11,,,7,"6,6",4,"1,6","6,19",6,"1,56","2,53","6,75","1,75",7,7,"6,25","1,25",1,3,"5,8","1,33",0,"4,67","6,2",7,"1,25","1,25",7,1,"6,5","6,75",7,"4,75",4,1,"6,09","2,05","0,67",7,"1,25"
33,JO,8,"5,5",4,"1,2",1,50,4,,,11,,,7,"6,6",4,"1,6","6,19",6,"1,56","2,53","6,75","1,75",7,7,"6,25","1,25",1,3,"5,8","1,33",0,"4,67","6,2",7,"1,25","1,25",7,1,"6,5","6,75",7,"4,75",4,1,"6,09","2,05","0,67",7,"1,25"
33,JO,9,"5,5",4,"1,2",1,52,4,,,11,,,7,"6,6",4,"1,6","6,19",6,"1,56","2,53","6,75","1,75",7,7,"6,25","1,25",1,3,"5,8","1,33",0,"4,67","6,2",7,"1,25","1,25",7,1,"6,5","6,75",7,"4,75",4,1,"6,09","2,05","0,67",7,"1,25"
33,JO,10,"5,5",4,"1,2",1,50,4,,,11,,,7,"6,6",4,"1,6","6,19",6,"1,56","2,53","6,75","1,75",7,7,"6,25","1,25",1,3,"5,8","1,33",0,"4,67","6,2",7,"1,25","1,25",7,1,"6,5","6,75",7,"4,75",4,1,"6,09","2,05","0,67",7,"1,25"
33,JO,11,1,1,1,1,49,5,,,9,,,7,"6,6",4,"1,6","6,19",6,"1,56","2,53","6,75","1,75",7,7,"6,25","1,25",1,3,"5,8","1,33",0,"4,67","6,2",7,"1,25","1,25",7,1,"6,5","6,75",7,"4,75",4,1,"6,09","2,05","0,67",7,"1,25"
33,JO,12,1,1,1,1,50,5,,,9,,,7,"6,6",4,"1,6","6,19",6,"1,56","2,53","6,75","1,75",7,7,"6,25","1,25",1,3,"5,8","1,33",0,"4,67","6,2",7,"1,25","1,25",7,1,"6,5","6,75",7,"4,75",4,1,"6,09","2,05","0,67",7,"1,25"
33,JO,13,1,1,1,1,48,5,,,9,,,7,"6,6",4,"1,6","6,19",6,"1,56","2,53","6,75","1,75",7,7,"6,25","1,25",1,3,"5,8","1,33",0,"4,67","6,2",7,"1,25","1,25",7,1,"6,5","6,75",7,"4,75",4,1,"6,09","2,05","0,67",7,"1,25"
33,JO,14,1,1,1,1,56,5,,,9,,,7,"6,6",4,"1,6","6,19",6,"1,56","2,53","6,75","1,75",7,7,"6,25","1,25",1,3,"5,8","1,33",0,"4,67","6,2",7,"1,25","1,25",7,1,"6,5","6,75",7,"4,75",4,1,"6,09","2,05","0,67",7,"1,25"
33,JO,15,1,1,1,1,52,5,,,9,,,7,"6,6",4,"1,6","6,19",6,"1,56","2,53","6,75","1,75",7,7,"6,25","1,25",1,3,"5,8","1,33",0,"4,67","6,2",7,"1,25","1,25",7,1,"6,5","6,75",7,"4,75",4,1,"6,09","2,05","0,67",7,"1,25"
33,JO,16,"6,25","5,666666667","1,4",1,52,5,,,11,,,7,"6,6",4,"1,6","6,19",6,"1,56","2,53","6,75","1,75",7,7,"6,25","1,25",1,3,"5,8","1,33",0,"4,67","6,2",7,"1,25","1,25",7,1,"6,5","6,75",7,"4,75",4,1,"6,09","2,05","0,67",7,"1,25"
33,JO,17,"6,25","5,666666667","1,4",1,54,5,,,11,,,7,"6,6",4,"1,6","6,19",6,"1,56","2,53","6,75","1,75",7,7,"6,25","1,25",1,3,"5,8","1,33",0,"4,67","6,2",7,"1,25","1,25",7,1,"6,5","6,75",7,"4,75",4,1,"6,09","2,05","0,67",7,"1,25"
33,JO,18,"6,25","5,666666667","1,4",1,42,5,,,11,,,7,"6,6",4,"1,6","6,19",6,"1,56","2,53","6,75","1,75",7,7,"6,25","1,25",1,3,"5,8","1,33",0,"4,67","6,2",7,"1,25","1,25",7,1,"6,5","6,75",7,"4,75",4,1,"6,09","2,05","0,67",7,"1,25"
33,JO,19,"6,25","5,666666667","1,4",1,54,5,,,11,,,7,"6,6",4,"1,6","6,19",6,"1,56","2,53","6,75","1,75",7,7,"6,25","1,25",1,3,"5,8","1,33",0,"4,67","6,2",7,"1,25","1,25",7,1,"6,5","6,75",7,"4,75",4,1,"6,09","2,05","0,67",7,"1,25"
33,JO,20,"6,25","5,666666667","1,4",1,49,5,,,11,,,7,"6,6",4,"1,6","6,19",6,"1,56","2,53","6,75","1,75",7,7,"6,25","1,25",1,3,"5,8","1,33",0,"4,67","6,2",7,"1,25","1,25",7,1,"6,5","6,75",7,"4,75",4,1,"6,09","2,05","0,67",7,"1,25"
33,JO,21,"4,25",5,"2,2","1,333333333",48,5,,,11,,,7,"6,6",4,"1,6","6,19",6,"1,56","2,53","6,75","1,75",7,7,"6,25","1,25",1,3,"5,8","1,33",0,"4,67","6,2",7,"1,25","1,25",7,1,"6,5","6,75",7,"4,75",4,1,"6,09","2,05","0,67",7,"1,25"
33,JO,22,"4,25",5,"2,2","1,333333333",57,5,,,11,,,7,"6,6",4,"1,6","6,19",6,"1,56","2,53","6,75","1,75",7,7,"6,25","1,25",1,3,"5,8","1,33",0,"4,67","6,2",7,"1,25","1,25",7,1,"6,5","6,75",7,"4,75",4,1,"6,09","2,05","0,67",7,"1,25"
33,JO,23,"4,25",5,"2,2","1,333333333",43,5,,,11,,,7,"6,6",4,"1,6","6,19",6,"1,56","2,53","6,75","1,75",7,7,"6,25","1,25",1,3,"5,8","1,33",0,"4,67","6,2",7,"1,25","1,25",7,1,"6,5","6,75",7,"4,75",4,1,"6,09","2,05","0,67",7,"1,25"
33,JO,24,"4,25",5,"2,2","1,333333333",33,5,,,11,,,7,"6,6",4,"1,6","6,19",6,"1,56","2,53","6,75","1,75",7,7,"6,25","1,25",1,3,"5,8","1,33",0,"4,67","6,2",7,"1,25","1,25",7,1,"6,5","6,75",7,"4,75",4,1,"6,09","2,05","0,67",7,"1,25"
33,JO,25,"4,25",5,"2,2","1,333333333",30,5,,,11,,,7,"6,6",4,"1,6","6,19",6,"1,56","2,53","6,75","1,75",7,7,"6,25","1,25",1,3,"5,8","1,33",0,"4,67","6,2",7,"1,25","1,25",7,1,"6,5","6,75",7,"4,75",4,1,"6,09","2,05","0,67",7,"1,25"
33,JO,26,4,4,"1,6","1,333333333",24,5,,,,,,7,"6,6",4,"1,6","6,19",6,"1,56","2,53","6,75","1,75",7,7,"6,25","1,25",1,3,"5,8","1,33",0,"4,67","6,2",7,"1,25","1,25",7,1,"6,5","6,75",7,"4,75",4,1,"6,09","2,05","0,67",7,"1,25"
33,JO,27,4,4,"1,6","1,333333333",31,5,,,,,,7,"6,6",4,"1,6","6,19",6,"1,56","2,53","6,75","1,75",7,7,"6,25","1,25",1,3,"5,8","1,33",0,"4,67","6,2",7,"1,25","1,25",7,1,"6,5","6,75",7,"4,75",4,1,"6,09","2,05","0,67",7,"1,25"
33,JO,28,4,4,"1,6","1,333333333",36,5,,,,,,7,"6,6",4,"1,6","6,19",6,"1,56","2,53","6,75","1,75",7,7,"6,25","1,25",1,3,"5,8","1,33",0,"4,67","6,2",7,"1,25","1,25",7,1,"6,5","6,75",7,"4,75",4,1,"6,09","2,05","0,67",7,"1,25"
33,JO,29,4,4,"1,6","1,333333333",37,5,,,,,,7,"6,6",4,"1,6","6,19",6,"1,56","2,53","6,75","1,75",7,7,"6,25","1,25",1,3,"5,8","1,33",0,"4,67","6,2",7,"1,25","1,25",7,1,"6,5","6,75",7,"4,75",4,1,"6,09","2,05","0,67",7,"1,25"
33,JO,30,4,4,"1,6","1,333333333",54,5,,,,,,7,"6,6",4,"1,6","6,19",6,"1,56","2,53","6,75","1,75",7,7,"6,25","1,25",1,3,"5,8","1,33",0,"4,67","6,2",7,"1,25","1,25",7,1,"6,5","6,75",7,"4,75",4,1,"6,09","2,05","0,67",7,"1,25"
33,JO,31,"3,5","2,666666667","2,2","1,333333333",58,5,,,11,,,7,"6,6",4,"1,6","6,19",6,"1,56","2,53","6,75","1,75",7,7,"6,25","1,25",1,3,"5,8","1,33",0,"4,67","6,2",7,"1,25","1,25",7,1,"6,5","6,75",7,"4,75",4,1,"6,09","2,05","0,67",7,"1,25"
33,JO,32,"3,5","2,666666667","2,2","1,333333333",45,5,,,11,,,7,"6,6",4,"1,6","6,19",6,"1,56","2,53","6,75","1,75",7,7,"6,25","1,25",1,3,"5,8","1,33",0,"4,67","6,2",7,"1,25","1,25",7,1,"6,5","6,75",7,"4,75",4,1,"6,09","2,05","0,67",7,"1,25"
33,JO,33,"3,5","2,666666667","2,2","1,333333333",35,5,,,11,,,7,"6,6",4,"1,6","6,19",6,"1,56","2,53","6,75","1,75",7,7,"6,25","1,25",1,3,"5,8","1,33",0,"4,67","6,2",7,"1,25","1,25",7,1,"6,5","6,75",7,"4,75",4,1,"6,09","2,05","0,67",7,"1,25"
33,JO,34,"3,5","2,666666667","2,2","1,333333333",44,5,,,11,,,7,"6,6",4,"1,6","6,19",6,"1,56","2,53","6,75","1,75",7,7,"6,25","1,25",1,3,"5,8","1,33",0,"4,67","6,2",7,"1,25","1,25",7,1,"6,5","6,75",7,"4,75",4,1,"6,09","2,05","0,67",7,"1,25"
33,JO,35,"3,5","2,666666667","2,2","1,333333333",65,5,,,11,,,7,"6,6",4,"1,6","6,19",6,"1,56","2,53","6,75","1,75",7,7,"6,25","1,25",1,3,"5,8","1,33",0,"4,67","6,2",7,"1,25","1,25",7,1,"6,5","6,75",7,"4,75",4,1,"6,09","2,05","0,67",7,"1,25"
33,JO,36,"3,5","3,333333333","1,8","2,333333333",82,5,,,11,,,7,"6,6",4,"1,6","6,19",6,"1,56","2,53","6,75","1,75",7,7,"6,25","1,25",1,3,"5,8","1,33",0,"4,67","6,2",7,"1,25","1,25",7,1,"6,5","6,75",7,"4,75",4,1,"6,09","2,05","0,67",7,"1,25"
33,JO,37,"3,5","3,333333333","1,8","2,333333333",71,5,,,11,,,7,"6,6",4,"1,6","6,19",6,"1,56","2,53","6,75","1,75",7,7,"6,25","1,25",1,3,"5,8","1,33",0,"4,67","6,2",7,"1,25","1,25",7,1,"6,5","6,75",7,"4,75",4,1,"6,09","2,05","0,67",7,"1,25"
33,JO,38,"3,5","3,333333333","1,8","2,333333333",63,5,,,11,,,7,"6,6",4,"1,6","6,19",6,"1,56","2,53","6,75","1,75",7,7,"6,25","1,25",1,3,"5,8","1,33",0,"4,67","6,2",7,"1,25","1,25",7,1,"6,5","6,75",7,"4,75",4,1,"6,09","2,05","0,67",7,"1,25"
33,JO,39,"3,5","3,333333333","1,8","2,333333333",35,5,,,11,,,7,"6,6",4,"1,6","6,19",6,"1,56","2,53","6,75","1,75",7,7,"6,25","1,25",1,3,"5,8","1,33",0,"4,67","6,2",7,"1,25","1,25",7,1,"6,5","6,75",7,"4,75",4,1,"6,09","2,05","0,67",7,"1,25"
33,JO,40,"3,5","3,333333333","1,8","2,333333333",50,5,,,11,,,7,"6,6",4,"1,6","6,19",6,"1,56","2,53","6,75","1,75",7,7,"6,25","1,25",1,3,"5,8","1,33",0,"4,67","6,2",7,"1,25","1,25",7,1,"6,5","6,75",7,"4,75",4,1,"6,09","2,05","0,67",7,"1,25"
33,JO,41,1,1,1,1,70,5,,,11,9,,7,"6,6",4,"1,6","6,19",6,"1,56","2,53","6,75","1,75",7,7,"6,25","1,25",1,3,"5,8","1,33",0,"4,67","6,2",7,"1,25","1,25",7,1,"6,5","6,75",7,"4,75",4,1,"6,09","2,05","0,67",7,"1,25"
33,JO,42,1,1,1,1,66,5,,,11,9,,7,"6,6",4,"1,6","6,19",6,"1,56","2,53","6,75","1,75",7,7,"6,25","1,25",1,3,"5,8","1,33",0,"4,67","6,2",7,"1,25","1,25",7,1,"6,5","6,75",7,"4,75",4,1,"6,09","2,05","0,67",7,"1,25"
33,JO,43,1,1,1,1,57,5,,,11,9,,7,"6,6",4,"1,6","6,19",6,"1,56","2,53","6,75","1,75",7,7,"6,25","1,25",1,3,"5,8","1,33",0,"4,67","6,2",7,"1,25","1,25",7,1,"6,5","6,75",7,"4,75",4,1,"6,09","2,05","0,67",7,"1,25"
33,JO,44,1,1,1,1,40,5,,,11,9,,7,"6,6",4,"1,6","6,19",6,"1,56","2,53","6,75","1,75",7,7,"6,25","1,25",1,3,"5,8","1,33",0,"4,67","6,2",7,"1,25","1,25",7,1,"6,5","6,75",7,"4,75",4,1,"6,09","2,05","0,67",7,"1,25"
33,JO,45,1,1,1,1,49,5,,,11,9,,7,"6,6",4,"1,6","6,19",6,"1,56","2,53","6,75","1,75",7,7,"6,25","1,25",1,3,"5,8","1,33",0,"4,67","6,2",7,"1,25","1,25",7,1,"6,5","6,75",7,"4,75",4,1,"6,09","2,05","0,67",7,"1,25"
33,JO,46,"5,25",5,"1,4",1,53,5,,,3,,,7,"6,6",4,"1,6","6,19",6,"1,56","2,53","6,75","1,75",7,7,"6,25","1,25",1,3,"5,8","1,33",0,"4,67","6,2",7,"1,25","1,25",7,1,"6,5","6,75",7,"4,75",4,1,"6,09","2,05","0,67",7,"1,25"
33,JO,47,"5,25",5,"1,4",1,51,5,,,3,,,7,"6,6",4,"1,6","6,19",6,"1,56","2,53","6,75","1,75",7,7,"6,25","1,25",1,3,"5,8","1,33",0,"4,67","6,2",7,"1,25","1,25",7,1,"6,5","6,75",7,"4,75",4,1,"6,09","2,05","0,67",7,"1,25"
33,JO,48,"5,25",5,"1,4",1,48,5,,,3,,,7,"6,6",4,"1,6","6,19",6,"1,56","2,53","6,75","1,75",7,7,"6,25","1,25",1,3,"5,8","1,33",0,"4,67","6,2",7,"1,25","1,25",7,1,"6,5","6,75",7,"4,75",4,1,"6,09","2,05","0,67",7,"1,25"
33,JO,49,"5,25",5,"1,4",1,45,5,,,3,,,7,"6,6",4,"1,6","6,19",6,"1,56","2,53","6,75","1,75",7,7,"6,25","1,25",1,3,"5,8","1,33",0,"4,67","6,2",7,"1,25","1,25",7,1,"6,5","6,75",7,"4,75",4,1,"6,09","2,05","0,67",7,"1,25"
33,JO,50,"5,25",5,"1,4",1,35,5,,,3,,,7,"6,6",4,"1,6","6,19",6,"1,56","2,53","6,75","1,75",7,7,"6,25","1,25",1,3,"5,8","1,33",0,"4,67","6,2",7,"1,25","1,25",7,1,"6,5","6,75",7,"4,75",4,1,"6,09","2,05","0,67",7,"1,25"
33,JO,51,"5,25",5,"1,4",1,41,5,,,11,1,,7,"6,6",4,"1,6","6,19",6,"1,56","2,53","6,75","1,75",7,7,"6,25","1,25",1,3,"5,8","1,33",0,"4,67","6,2",7,"1,25","1,25",7,1,"6,5","6,75",7,"4,75",4,1,"6,09","2,05","0,67",7,"1,25"
33,JO,52,"5,25",5,"1,4",1,58,5,,,11,1,,7,"6,6",4,"1,6","6,19",6,"1,56","2,53","6,75","1,75",7,7,"6,25","1,25",1,3,"5,8","1,33",0,"4,67","6,2",7,"1,25","1,25",7,1,"6,5","6,75",7,"4,75",4,1,"6,09","2,05","0,67",7,"1,25"
33,JO,53,"5,25",5,"1,4",1,46,5,,,11,1,,7,"6,6",4,"1,6","6,19",6,"1,56","2,53","6,75","1,75",7,7,"6,25","1,25",1,3,"5,8","1,33",0,"4,67","6,2",7,"1,25","1,25",7,1,"6,5","6,75",7,"4,75",4,1,"6,09","2,05","0,67",7,"1,25"
33,JO,54,"5,25",5,"1,4",1,55,5,,,11,1,,7,"6,6",4,"1,6","6,19",6,"1,56","2,53","6,75","1,75",7,7,"6,25","1,25",1,3,"5,8","1,33",0,"4,67","6,2",7,"1,25","1,25",7,1,"6,5","6,75",7,"4,75",4,1,"6,09","2,05","0,67",7,"1,25"
33,JO,55,"5,25",5,"1,4",1,44,5,,,11,1,,7,"6,6",4,"1,6","6,19",6,"1,56","2,53","6,75","1,75",7,7,"6,25","1,25",1,3,"5,8","1,33",0,"4,67","6,2",7,"1,25","1,25",7,1,"6,5","6,75",7,"4,75",4,1,"6,09","2,05","0,67",7,"1,25"
33,JO,56,1,1,1,1,50,9,,,11,9,,7,"6,6",4,"1,6","6,19",6,"1,56","2,53","6,75","1,75",7,7,"6,25","1,25",1,3,"5,8","1,33",0,"4,67","6,2",7,"1,25","1,25",7,1,"6,5","6,75",7,"4,75",4,1,"6,09","2,05","0,67",7,"1,25"
33,JO,57,1,1,1,1,44,9,,,11,9,,7,"6,6",4,"1,6","6,19",6,"1,56","2,53","6,75","1,75",7,7,"6,25","1,25",1,3,"5,8","1,33",0,"4,67","6,2",7,"1,25","1,25",7,1,"6,5","6,75",7,"4,75",4,1,"6,09","2,05","0,67",7,"1,25"
33,JO,58,1,1,1,1,47,9,,,11,9,,7,"6,6",4,"1,6","6,19",6,"1,56","2,53","6,75","1,75",7,7,"6,25","1,25",1,3,"5,8","1,33",0,"4,67","6,2",7,"1,25","1,25",7,1,"6,5","6,75",7,"4,75",4,1,"6,09","2,05","0,67",7,"1,25"
33,JO,59,1,1,1,1,48,9,,,11,9,,7,"6,6",4,"1,6","6,19",6,"1,56","2,53","6,75","1,75",7,7,"6,25","1,25",1,3,"5,8","1,33",0,"4,67","6,2",7,"1,25","1,25",7,1,"6,5","6,75",7,"4,75",4,1,"6,09","2,05","0,67",7,"1,25"
33,JO,60,1,1,1,1,62,9,,,11,9,,7,"6,6",4,"1,6","6,19",6,"1,56","2,53","6,75","1,75",7,7,"6,25","1,25",1,3,"5,8","1,33",0,"4,67","6,2",7,"1,25","1,25",7,1,"6,5","6,75",7,"4,75",4,1,"6,09","2,05","0,67",7,"1,25"
33,JO,61,1,1,1,1,70,9,,,11,9,,7,"6,6",4,"1,6","6,19",6,"1,56","2,53","6,75","1,75",7,7,"6,25","1,25",1,3,"5,8","1,33",0,"4,67","6,2",7,"1,25","1,25",7,1,"6,5","6,75",7,"4,75",4,1,"6,09","2,05","0,67",7,"1,25"
33,JO,62,1,1,1,1,56,9,,,11,9,,7,"6,6",4,"1,6","6,19",6,"1,56","2,53","6,75","1,75",7,7,"6,25","1,25",1,3,"5,8","1,33",0,"4,67","6,2",7,"1,25","1,25",7,1,"6,5","6,75",7,"4,75",4,1,"6,09","2,05","0,67",7,"1,25"
33,JO,63,1,1,1,1,55,9,,,11,9,,7,"6,6",4,"1,6","6,19",6,"1,56","2,53","6,75","1,75",7,7,"6,25","1,25",1,3,"5,8","1,33",0,"4,67","6,2",7,"1,25","1,25",7,1,"6,5","6,75",7,"4,75",4,1,"6,09","2,05","0,67",7,"1,25"
34,CB,1,7,7,1,1,100,2,,,,,,,,,,,,,,,,,,,,,,,,,,,,,,,,,,,,,,,,,,
34,CB,2,7,7,1,1,83,2,,,,,,,,,,,,,,,,,,,,,,,,,,,,,,,,,,,,,,,,,,
34,CB,3,7,7,1,1,100,2,,,,,,,,,,,,,,,,,,,,,,,,,,,,,,,,,,,,,,,,,,
34,CB,4,7,7,1,1,100,2,,,,,,,,,,,,,,,,,,,,,,,,,,,,,,,,,,,,,,,,,,
34,CB,5,7,7,1,1,92,2,,,,,,,,,,,,,,,,,,,,,,,,,,,,,,,,,,,,,,,,,,
34,CB,6,7,"4,333333333",1,1,93,4,,,1,,,,,,,,,,,,,,,,,,,,,,,,,,,,,,,,,,,,,,,
34,CB,7,7,"4,333333333",1,1,91,4,,,1,,,,,,,,,,,,,,,,,,,,,,,,,,,,,,,,,,,,,,,
34,CB,8,7,"4,333333333",1,1,84,4,,,1,,,,,,,,,,,,,,,,,,,,,,,,,,,,,,,,,,,,,,,
34,CB,9,7,"4,333333333",1,1,94,4,,,1,,,,,,,,,,,,,,,,,,,,,,,,,,,,,,,,,,,,,,,
34,CB,10,7,"4,333333333",1,1,100,4,,,1,,,,,,,,,,,,,,,,,,,,,,,,,,,,,,,,,,,,,,,
34,CB,11,"4,5","6,333333333","1,2",1,100,5,6,7,1,,,,,,,,,,,,,,,,,,,,,,,,,,,,,,,,,,,,,,,
34,CB,12,"4,5","6,333333333","1,2",1,100,5,6,7,1,,,,,,,,,,,,,,,,,,,,,,,,,,,,,,,,,,,,,,,
34,CB,13,"4,5","6,333333333","1,2",1,96,5,6,7,1,,,,,,,,,,,,,,,,,,,,,,,,,,,,,,,,,,,,,,,
34,CB,14,"4,5","6,333333333","1,2",1,98,5,6,7,1,,,,,,,,,,,,,,,,,,,,,,,,,,,,,,,,,,,,,,,
34,CB,15,"4,5","6,333333333","1,2",1,100,5,6,7,1,,,,,,,,,,,,,,,,,,,,,,,,,,,,,,,,,,,,,,,
34,CB,16,"5,5",7,1,1,73,5,6,7,1,,,,,,,,,,,,,,,,,,,,,,,,,,,,,,,,,,,,,,,
34,CB,17,"5,5",7,1,1,95,5,6,7,1,,,,,,,,,,,,,,,,,,,,,,,,,,,,,,,,,,,,,,,
34,CB,18,"5,5",7,1,1,100,5,6,7,1,,,,,,,,,,,,,,,,,,,,,,,,,,,,,,,,,,,,,,,
34,CB,19,"5,5",7,1,1,100,5,6,7,1,,,,,,,,,,,,,,,,,,,,,,,,,,,,,,,,,,,,,,,
34,CB,20,"5,5",7,1,1,93,5,6,7,1,,,,,,,,,,,,,,,,,,,,,,,,,,,,,,,,,,,,,,,
34,CB,21,"5,5",7,1,1,90,5,6,7,1,,,,,,,,,,,,,,,,,,,,,,,,,,,,,,,,,,,,,,,
34,CB,22,"5,5",7,1,1,98,5,6,7,1,,,,,,,,,,,,,,,,,,,,,,,,,,,,,,,,,,,,,,,
34,CB,23,"5,5",7,1,1,81,5,6,7,1,,,,,,,,,,,,,,,,,,,,,,,,,,,,,,,,,,,,,,,
34,CB,24,"5,5",7,1,1,96,5,6,7,1,,,,,,,,,,,,,,,,,,,,,,,,,,,,,,,,,,,,,,,
34,CB,25,"5,5",7,1,1,84,5,6,7,1,,,,,,,,,,,,,,,,,,,,,,,,,,,,,,,,,,,,,,,
34,CB,26,"5,5",7,1,1,94,5,6,7,1,,,,,,,,,,,,,,,,,,,,,,,,,,,,,,,,,,,,,,,
34,CB,27,"5,5",7,1,1,99,5,6,7,1,,,,,,,,,,,,,,,,,,,,,,,,,,,,,,,,,,,,,,,
34,CB,28,"5,5",7,1,1,86,5,6,7,1,,,,,,,,,,,,,,,,,,,,,,,,,,,,,,,,,,,,,,,
34,CB,29,"5,5",7,1,1,100,5,6,7,1,,,,,,,,,,,,,,,,,,,,,,,,,,,,,,,,,,,,,,,
34,CB,30,"5,5",7,1,1,100,5,6,7,1,,,,,,,,,,,,,,,,,,,,,,,,,,,,,,,,,,,,,,,
34,CB,31,"5,5",7,1,1,100,5,6,7,1,,,,,,,,,,,,,,,,,,,,,,,,,,,,,,,,,,,,,,,
34,CB,32,"5,5",7,1,1,93,5,6,7,1,,,,,,,,,,,,,,,,,,,,,,,,,,,,,,,,,,,,,,,
34,CB,33,"5,5",7,1,1,89,5,6,7,1,,,,,,,,,,,,,,,,,,,,,,,,,,,,,,,,,,,,,,,
34,CB,34,"5,5",7,1,1,89,5,6,7,1,,,,,,,,,,,,,,,,,,,,,,,,,,,,,,,,,,,,,,,
34,CB,35,"5,5",7,1,1,93,5,6,7,1,,,,,,,,,,,,,,,,,,,,,,,,,,,,,,,,,,,,,,,
34,CB,36,"5,5",7,1,1,100,5,6,7,1,,,,,,,,,,,,,,,,,,,,,,,,,,,,,,,,,,,,,,,
34,CB,37,"5,5",7,1,1,100,5,6,7,1,,,,,,,,,,,,,,,,,,,,,,,,,,,,,,,,,,,,,,,
34,CB,38,"5,5",7,1,1,100,5,6,7,1,,,,,,,,,,,,,,,,,,,,,,,,,,,,,,,,,,,,,,,
34,CB,39,"5,5",7,1,1,100,5,6,7,1,,,,,,,,,,,,,,,,,,,,,,,,,,,,,,,,,,,,,,,
34,CB,40,"5,5",7,1,1,100,5,6,7,1,,,,,,,,,,,,,,,,,,,,,,,,,,,,,,,,,,,,,,,
34,CB,41,"5,5",7,1,1,100,5,6,7,1,,,,,,,,,,,,,,,,,,,,,,,,,,,,,,,,,,,,,,,
34,CB,42,"5,5",7,1,1,92,5,6,7,1,,,,,,,,,,,,,,,,,,,,,,,,,,,,,,,,,,,,,,,
34,CB,43,"5,5",7,1,1,80,5,6,7,1,,,,,,,,,,,,,,,,,,,,,,,,,,,,,,,,,,,,,,,
34,CB,44,"5,5",7,1,1,76,5,6,7,1,,,,,,,,,,,,,,,,,,,,,,,,,,,,,,,,,,,,,,,
34,CB,45,"5,5",7,1,1,92,5,6,7,1,,,,,,,,,,,,,,,,,,,,,,,,,,,,,,,,,,,,,,,
34,CB,46,"5,5",7,1,1,84,5,6,7,1,,,,,,,,,,,,,,,,,,,,,,,,,,,,,,,,,,,,,,,
34,CB,47,"5,5",7,1,1,80,5,6,7,1,,,,,,,,,,,,,,,,,,,,,,,,,,,,,,,,,,,,,,,
34,CB,48,"5,5",7,1,1,78,5,6,7,1,,,,,,,,,,,,,,,,,,,,,,,,,,,,,,,,,,,,,,,
34,CB,49,"5,5",7,1,1,69,5,6,7,1,,,,,,,,,,,,,,,,,,,,,,,,,,,,,,,,,,,,,,,
34,CB,50,"5,5",7,1,1,78,5,6,7,1,,,,,,,,,,,,,,,,,,,,,,,,,,,,,,,,,,,,,,,
34,CB,51,7,7,1,1,79,8,,,6,,,,,,,,,,,,,,,,,,,,,,,,,,,,,,,,,,,,,,,
34,CB,52,7,7,1,1,94,8,,,6,,,,,,,,,,,,,,,,,,,,,,,,,,,,,,,,,,,,,,,
34,CB,53,7,7,1,1,83,8,,,6,,,,,,,,,,,,,,,,,,,,,,,,,,,,,,,,,,,,,,,
34,CB,54,7,7,1,1,73,8,,,6,,,,,,,,,,,,,,,,,,,,,,,,,,,,,,,,,,,,,,,
34,CB,55,7,7,1,1,84,8,,,6,,,,,,,,,,,,,,,,,,,,,,,,,,,,,,,,,,,,,,,
34,CB,56,"5,5",7,1,1,82,5,6,7,1,,,,,,,,,,,,,,,,,,,,,,,,,,,,,,,,,,,,,,,
34,CB,57,"5,5",7,1,1,77,5,6,7,1,,,,,,,,,,,,,,,,,,,,,,,,,,,,,,,,,,,,,,,
34,CB,58,"5,5",7,1,1,100,5,6,7,1,,,,,,,,,,,,,,,,,,,,,,,,,,,,,,,,,,,,,,,
34,CB,59,"5,5",7,1,1,100,5,6,7,1,,,,,,,,,,,,,,,,,,,,,,,,,,,,,,,,,,,,,,,
34,CB,60,"5,5",7,1,1,94,5,6,7,1,,,,,,,,,,,,,,,,,,,,,,,,,,,,,,,,,,,,,,,
34,CB,61,7,7,1,1,90,5,6,7,1,,,,,,,,,,,,,,,,,,,,,,,,,,,,,,,,,,,,,,,
34,CB,62,7,7,1,1,100,5,6,7,1,,,,,,,,,,,,,,,,,,,,,,,,,,,,,,,,,,,,,,,
34,CB,63,7,7,1,1,99,5,6,7,1,,,,,,,,,,,,,,,,,,,,,,,,,,,,,,,,,,,,,,,
34,CB,64,7,7,1,1,90,5,6,7,1,,,,,,,,,,,,,,,,,,,,,,,,,,,,,,,,,,,,,,,
34,CB,65,7,7,1,1,93,5,6,7,1,,,,,,,,,,,,,,,,,,,,,,,,,,,,,,,,,,,,,,,
34,CB,66,"5,5",7,1,1,100,5,6,7,1,,,,,,,,,,,,,,,,,,,,,,,,,,,,,,,,,,,,,,,
34,CB,67,"5,5",7,1,1,100,5,6,7,1,,,,,,,,,,,,,,,,,,,,,,,,,,,,,,,,,,,,,,,
34,CB,68,"5,5",7,1,1,100,5,6,7,1,,,,,,,,,,,,,,,,,,,,,,,,,,,,,,,,,,,,,,,
34,CB,69,"5,5",7,1,1,95,5,6,7,1,,,,,,,,,,,,,,,,,,,,,,,,,,,,,,,,,,,,,,,
34,CB,70,"5,5",7,1,1,100,5,6,7,1,,,,,,,,,,,,,,,,,,,,,,,,,,,,,,,,,,,,,,,
34,CB,71,"5,5",7,1,1,100,5,6,7,1,,,,,,,,,,,,,,,,,,,,,,,,,,,,,,,,,,,,,,,
34,CB,72,"5,5",7,1,1,99,5,6,7,1,,,,,,,,,,,,,,,,,,,,,,,,,,,,,,,,,,,,,,,
34,CB,73,"5,5",7,1,1,92,5,6,7,1,,,,,,,,,,,,,,,,,,,,,,,,,,,,,,,,,,,,,,,
34,CB,74,"5,5",7,1,1,94,5,6,7,1,,,,,,,,,,,,,,,,,,,,,,,,,,,,,,,,,,,,,,,
34,CB,75,"5,5",7,1,1,97,5,6,7,1,,,,,,,,,,,,,,,,,,,,,,,,,,,,,,,,,,,,,,,
34,CB,76,7,7,1,1,100,5,6,7,1,,,,,,,,,,,,,,,,,,,,,,,,,,,,,,,,,,,,,,,
34,CB,77,7,7,1,1,100,5,6,7,1,,,,,,,,,,,,,,,,,,,,,,,,,,,,,,,,,,,,,,,
34,CB,78,7,7,1,1,100,5,6,7,1,,,,,,,,,,,,,,,,,,,,,,,,,,,,,,,,,,,,,,,
34,CB,79,7,7,1,1,100,5,6,7,1,,,,,,,,,,,,,,,,,,,,,,,,,,,,,,,,,,,,,,,
34,CB,80,7,7,1,1,100,5,6,7,1,,,,,,,,,,,,,,,,,,,,,,,,,,,,,,,,,,,,,,,
34,CB,81,7,7,1,1,100,7,8,,5,,,,,,,,,,,,,,,,,,,,,,,,,,,,,,,,,,,,,,,
34,CB,82,7,7,1,1,100,7,8,,5,,,,,,,,,,,,,,,,,,,,,,,,,,,,,,,,,,,,,,,
34,CB,83,7,7,1,1,96,7,8,,5,,,,,,,,,,,,,,,,,,,,,,,,,,,,,,,,,,,,,,,
34,CB,84,7,7,1,1,91,7,8,,5,,,,,,,,,,,,,,,,,,,,,,,,,,,,,,,,,,,,,,,
34,CB,85,7,7,1,1,96,7,8,,5,,,,,,,,,,,,,,,,,,,,,,,,,,,,,,,,,,,,,,,
34,CB,86,"5,5","6,333333333",1,1,81,7,8,,5,,,,,,,,,,,,,,,,,,,,,,,,,,,,,,,,,,,,,,,
34,CB,87,"5,5","6,333333333",1,1,71,7,8,,5,,,,,,,,,,,,,,,,,,,,,,,,,,,,,,,,,,,,,,,
34,CB,88,"5,5","6,333333333",1,1,69,7,8,,5,,,,,,,,,,,,,,,,,,,,,,,,,,,,,,,,,,,,,,,
34,CB,89,"5,5","6,333333333",1,1,61,7,8,,5,,,,,,,,,,,,,,,,,,,,,,,,,,,,,,,,,,,,,,,
34,CB,90,"5,5","6,333333333",1,1,55,7,8,,5,,,,,,,,,,,,,,,,,,,,,,,,,,,,,,,,,,,,,,,
34,CB,91,"5,5","6,333333333",1,1,61,7,8,,5,,,,,,,,,,,,,,,,,,,,,,,,,,,,,,,,,,,,,,,
34,CB,92,"5,5","6,333333333",1,1,100,7,8,,5,,,,,,,,,,,,,,,,,,,,,,,,,,,,,,,,,,,,,,,
34,CB,93,"5,5","6,333333333",1,1,100,7,8,,5,,,,,,,,,,,,,,,,,,,,,,,,,,,,,,,,,,,,,,,
34,CB,94,"5,5","6,333333333",1,1,100,7,8,,5,,,,,,,,,,,,,,,,,,,,,,,,,,,,,,,,,,,,,,,
34,CB,95,"5,5","6,333333333",1,1,100,7,8,,5,,,,,,,,,,,,,,,,,,,,,,,,,,,,,,,,,,,,,,,
34,CB,96,"5,5",7,1,1,100,7,8,,5,,,,,,,,,,,,,,,,,,,,,,,,,,,,,,,,,,,,,,,
34,CB,97,"5,5",7,1,1,93,7,8,,5,,,,,,,,,,,,,,,,,,,,,,,,,,,,,,,,,,,,,,,
34,CB,98,"5,5",7,1,1,99,7,8,,5,,,,,,,,,,,,,,,,,,,,,,,,,,,,,,,,,,,,,,,
34,CB,99,"5,5",7,1,1,100,7,8,,5,,,,,,,,,,,,,,,,,,,,,,,,,,,,,,,,,,,,,,,
34,CB,100,"5,5",7,1,1,100,7,8,,5,,,,,,,,,,,,,,,,,,,,,,,,,,,,,,,,,,,,,,,
34,CB,101,7,7,1,1,100,8,,,6,,,,,,,,,,,,,,,,,,,,,,,,,,,,,,,,,,,,,,,
34,CB,102,7,7,1,1,100,8,,,6,,,,,,,,,,,,,,,,,,,,,,,,,,,,,,,,,,,,,,,
34,CB,103,7,7,1,1,100,8,,,6,,,,,,,,,,,,,,,,,,,,,,,,,,,,,,,,,,,,,,,
34,CB,104,7,7,1,1,100,8,,,6,,,,,,,,,,,,,,,,,,,,,,,,,,,,,,,,,,,,,,,
34,CB,105,7,7,1,1,100,8,,,6,,,,,,,,,,,,,,,,,,,,,,,,,,,,,,,,,,,,,,,
34,CB,106,"5,5","6,333333333",1,1,100,9,,,,,,,,,,,,,,,,,,,,,,,,,,,,,,,,,,,,,,,,,,
34,CB,107,"5,5","6,333333333",1,1,,9,,,,,,,,,,,,,,,,,,,,,,,,,,,,,,,,,,,,,,,,,,
34,CB,108,"5,5","6,333333333",1,1,,9,,,,,,,,,,,,,,,,,,,,,,,,,,,,,,,,,,,,,,,,,,
35,MG,1,"5,5","5,666666667","2,2",1,100,2,,,2,1,,"6,5","6,2",1,"1,4","5,19","6,35","1,63","1,93","6,75","1,08","6,25",7,7,1,1,"1,25","5,2",5,0,"4,33","5,8",7,"1,25","3,25",7,1,"5,75",7,"6,25",2,1,1,"5,77","1,78","2,5",7,"2,25"
35,MG,2,"5,5","5,666666667","2,2",1,100,2,,,2,1,,"6,5","6,2",1,"1,4","5,19","6,35","1,63","1,93","6,75","1,08","6,25",7,7,1,1,"1,25","5,2",5,0,"4,33","5,8",7,"1,25","3,25",7,1,"5,75",7,"6,25",2,1,1,"5,77","1,78","2,5",7,"2,25"
35,MG,3,"5,5","5,666666667","2,2",1,100,2,,,2,1,,"6,5","6,2",1,"1,4","5,19","6,35","1,63","1,93","6,75","1,08","6,25",7,7,1,1,"1,25","5,2",5,0,"4,33","5,8",7,"1,25","3,25",7,1,"5,75",7,"6,25",2,1,1,"5,77","1,78","2,5",7,"2,25"
35,MG,4,"5,5","5,666666667","2,2",1,100,2,,,2,1,,"6,5","6,2",1,"1,4","5,19","6,35","1,63","1,93","6,75","1,08","6,25",7,7,1,1,"1,25","5,2",5,0,"4,33","5,8",7,"1,25","3,25",7,1,"5,75",7,"6,25",2,1,1,"5,77","1,78","2,5",7,"2,25"
35,MG,5,"5,5","5,666666667","2,2",1,100,2,,,2,1,,"6,5","6,2",1,"1,4","5,19","6,35","1,63","1,93","6,75","1,08","6,25",7,7,1,1,"1,25","5,2",5,0,"4,33","5,8",7,"1,25","3,25",7,1,"5,75",7,"6,25",2,1,1,"5,77","1,78","2,5",7,"2,25"
35,MG,6,"6,75","6,333333333",1,1,100,7,8,,3,6,,"6,5","6,2",1,"1,4","5,19","6,35","1,63","1,93","6,75","1,08","6,25",7,7,1,1,"1,25","5,2",5,0,"4,33","5,8",7,"1,25","3,25",7,1,"5,75",7,"6,25",2,1,1,"5,77","1,78","2,5",7,"2,25"
35,MG,7,"6,75","6,333333333",1,1,100,7,8,,3,6,,"6,5","6,2",1,"1,4","5,19","6,35","1,63","1,93","6,75","1,08","6,25",7,7,1,1,"1,25","5,2",5,0,"4,33","5,8",7,"1,25","3,25",7,1,"5,75",7,"6,25",2,1,1,"5,77","1,78","2,5",7,"2,25"
35,MG,8,"6,75","6,333333333",1,1,100,7,8,,3,6,,"6,5","6,2",1,"1,4","5,19","6,35","1,63","1,93","6,75","1,08","6,25",7,7,1,1,"1,25","5,2",5,0,"4,33","5,8",7,"1,25","3,25",7,1,"5,75",7,"6,25",2,1,1,"5,77","1,78","2,5",7,"2,25"
35,MG,9,"6,75","6,333333333",1,1,100,7,8,,3,6,,"6,5","6,2",1,"1,4","5,19","6,35","1,63","1,93","6,75","1,08","6,25",7,7,1,1,"1,25","5,2",5,0,"4,33","5,8",7,"1,25","3,25",7,1,"5,75",7,"6,25",2,1,1,"5,77","1,78","2,5",7,"2,25"
35,MG,10,"6,75","6,333333333",1,1,100,7,8,,3,6,,"6,5","6,2",1,"1,4","5,19","6,35","1,63","1,93","6,75","1,08","6,25",7,7,1,1,"1,25","5,2",5,0,"4,33","5,8",7,"1,25","3,25",7,1,"5,75",7,"6,25",2,1,1,"5,77","1,78","2,5",7,"2,25"
35,MG,11,"6,75","6,333333333","1,4",1,100,7,8,,3,6,,"6,5","6,2",1,"1,4","5,19","6,35","1,63","1,93","6,75","1,08","6,25",7,7,1,1,"1,25","5,2",5,0,"4,33","5,8",7,"1,25","3,25",7,1,"5,75",7,"6,25",2,1,1,"5,77","1,78","2,5",7,"2,25"
35,MG,12,"6,75","6,333333333","1,4",1,100,7,8,,3,6,,"6,5","6,2",1,"1,4","5,19","6,35","1,63","1,93","6,75","1,08","6,25",7,7,1,1,"1,25","5,2",5,0,"4,33","5,8",7,"1,25","3,25",7,1,"5,75",7,"6,25",2,1,1,"5,77","1,78","2,5",7,"2,25"
35,MG,13,"6,75","6,333333333","1,4",1,100,7,8,,3,6,,"6,5","6,2",1,"1,4","5,19","6,35","1,63","1,93","6,75","1,08","6,25",7,7,1,1,"1,25","5,2",5,0,"4,33","5,8",7,"1,25","3,25",7,1,"5,75",7,"6,25",2,1,1,"5,77","1,78","2,5",7,"2,25"
35,MG,14,"6,75","6,333333333","1,4",1,100,7,8,,3,6,,"6,5","6,2",1,"1,4","5,19","6,35","1,63","1,93","6,75","1,08","6,25",7,7,1,1,"1,25","5,2",5,0,"4,33","5,8",7,"1,25","3,25",7,1,"5,75",7,"6,25",2,1,1,"5,77","1,78","2,5",7,"2,25"
35,MG,15,"6,75","6,333333333","1,4",1,100,7,8,,3,6,,"6,5","6,2",1,"1,4","5,19","6,35","1,63","1,93","6,75","1,08","6,25",7,7,1,1,"1,25","5,2",5,0,"4,33","5,8",7,"1,25","3,25",7,1,"5,75",7,"6,25",2,1,1,"5,77","1,78","2,5",7,"2,25"
35,MG,16,"6,75","6,666666667","1,4",1,100,7,8,,3,6,,"6,5","6,2",1,"1,4","5,19","6,35","1,63","1,93","6,75","1,08","6,25",7,7,1,1,"1,25","5,2",5,0,"4,33","5,8",7,"1,25","3,25",7,1,"5,75",7,"6,25",2,1,1,"5,77","1,78","2,5",7,"2,25"
35,MG,17,"6,75","6,666666667","1,4",1,100,7,8,,3,6,,"6,5","6,2",1,"1,4","5,19","6,35","1,63","1,93","6,75","1,08","6,25",7,7,1,1,"1,25","5,2",5,0,"4,33","5,8",7,"1,25","3,25",7,1,"5,75",7,"6,25",2,1,1,"5,77","1,78","2,5",7,"2,25"
35,MG,18,"6,75","6,666666667","1,4",1,100,7,8,,3,6,,"6,5","6,2",1,"1,4","5,19","6,35","1,63","1,93","6,75","1,08","6,25",7,7,1,1,"1,25","5,2",5,0,"4,33","5,8",7,"1,25","3,25",7,1,"5,75",7,"6,25",2,1,1,"5,77","1,78","2,5",7,"2,25"
35,MG,19,"6,75","6,666666667","1,4",1,100,7,8,,3,6,,"6,5","6,2",1,"1,4","5,19","6,35","1,63","1,93","6,75","1,08","6,25",7,7,1,1,"1,25","5,2",5,0,"4,33","5,8",7,"1,25","3,25",7,1,"5,75",7,"6,25",2,1,1,"5,77","1,78","2,5",7,"2,25"
35,MG,20,"6,75","6,666666667","1,4",1,100,7,8,,3,6,,"6,5","6,2",1,"1,4","5,19","6,35","1,63","1,93","6,75","1,08","6,25",7,7,1,1,"1,25","5,2",5,0,"4,33","5,8",7,"1,25","3,25",7,1,"5,75",7,"6,25",2,1,1,"5,77","1,78","2,5",7,"2,25"
35,MG,21,"6,75","6,666666667",1,1,100,7,8,,3,6,,"6,5","6,2",1,"1,4","5,19","6,35","1,63","1,93","6,75","1,08","6,25",7,7,1,1,"1,25","5,2",5,0,"4,33","5,8",7,"1,25","3,25",7,1,"5,75",7,"6,25",2,1,1,"5,77","1,78","2,5",7,"2,25"
35,MG,22,"6,75","6,666666667",1,1,100,7,8,,3,6,,"6,5","6,2",1,"1,4","5,19","6,35","1,63","1,93","6,75","1,08","6,25",7,7,1,1,"1,25","5,2",5,0,"4,33","5,8",7,"1,25","3,25",7,1,"5,75",7,"6,25",2,1,1,"5,77","1,78","2,5",7,"2,25"
35,MG,23,"6,75","6,666666667",1,1,100,7,8,,3,6,,"6,5","6,2",1,"1,4","5,19","6,35","1,63","1,93","6,75","1,08","6,25",7,7,1,1,"1,25","5,2",5,0,"4,33","5,8",7,"1,25","3,25",7,1,"5,75",7,"6,25",2,1,1,"5,77","1,78","2,5",7,"2,25"
35,MG,24,"6,75","6,666666667",1,1,100,7,8,,3,6,,"6,5","6,2",1,"1,4","5,19","6,35","1,63","1,93","6,75","1,08","6,25",7,7,1,1,"1,25","5,2",5,0,"4,33","5,8",7,"1,25","3,25",7,1,"5,75",7,"6,25",2,1,1,"5,77","1,78","2,5",7,"2,25"
35,MG,25,"6,75","6,666666667",1,1,100,7,8,,3,6,,"6,5","6,2",1,"1,4","5,19","6,35","1,63","1,93","6,75","1,08","6,25",7,7,1,1,"1,25","5,2",5,0,"4,33","5,8",7,"1,25","3,25",7,1,"5,75",7,"6,25",2,1,1,"5,77","1,78","2,5",7,"2,25"
35,MG,26,"6,75","6,666666667",1,1,100,7,8,,3,6,,"6,5","6,2",1,"1,4","5,19","6,35","1,63","1,93","6,75","1,08","6,25",7,7,1,1,"1,25","5,2",5,0,"4,33","5,8",7,"1,25","3,25",7,1,"5,75",7,"6,25",2,1,1,"5,77","1,78","2,5",7,"2,25"
35,MG,27,"6,75","6,666666667",1,1,100,7,8,,3,6,,"6,5","6,2",1,"1,4","5,19","6,35","1,63","1,93","6,75","1,08","6,25",7,7,1,1,"1,25","5,2",5,0,"4,33","5,8",7,"1,25","3,25",7,1,"5,75",7,"6,25",2,1,1,"5,77","1,78","2,5",7,"2,25"
35,MG,28,"6,75","6,666666667",1,1,100,7,8,,3,6,,"6,5","6,2",1,"1,4","5,19","6,35","1,63","1,93","6,75","1,08","6,25",7,7,1,1,"1,25","5,2",5,0,"4,33","5,8",7,"1,25","3,25",7,1,"5,75",7,"6,25",2,1,1,"5,77","1,78","2,5",7,"2,25"
35,MG,29,"6,75","6,666666667",1,1,98,7,8,,3,6,,"6,5","6,2",1,"1,4","5,19","6,35","1,63","1,93","6,75","1,08","6,25",7,7,1,1,"1,25","5,2",5,0,"4,33","5,8",7,"1,25","3,25",7,1,"5,75",7,"6,25",2,1,1,"5,77","1,78","2,5",7,"2,25"
35,MG,30,"6,75","6,666666667",1,1,97,7,8,,3,6,,"6,5","6,2",1,"1,4","5,19","6,35","1,63","1,93","6,75","1,08","6,25",7,7,1,1,"1,25","5,2",5,0,"4,33","5,8",7,"1,25","3,25",7,1,"5,75",7,"6,25",2,1,1,"5,77","1,78","2,5",7,"2,25"
35,MG,31,"6,75","6,666666667",1,1,99,7,8,,3,6,8,"6,5","6,2",1,"1,4","5,19","6,35","1,63","1,93","6,75","1,08","6,25",7,7,1,1,"1,25","5,2",5,0,"4,33","5,8",7,"1,25","3,25",7,1,"5,75",7,"6,25",2,1,1,"5,77","1,78","2,5",7,"2,25"
35,MG,32,"6,75","6,666666667",1,1,100,7,8,,3,6,8,"6,5","6,2",1,"1,4","5,19","6,35","1,63","1,93","6,75","1,08","6,25",7,7,1,1,"1,25","5,2",5,0,"4,33","5,8",7,"1,25","3,25",7,1,"5,75",7,"6,25",2,1,1,"5,77","1,78","2,5",7,"2,25"
35,MG,33,"6,75","6,666666667",1,1,100,7,8,,3,6,8,"6,5","6,2",1,"1,4","5,19","6,35","1,63","1,93","6,75","1,08","6,25",7,7,1,1,"1,25","5,2",5,0,"4,33","5,8",7,"1,25","3,25",7,1,"5,75",7,"6,25",2,1,1,"5,77","1,78","2,5",7,"2,25"
35,MG,34,"6,75","6,666666667",1,1,100,7,8,,3,6,8,"6,5","6,2",1,"1,4","5,19","6,35","1,63","1,93","6,75","1,08","6,25",7,7,1,1,"1,25","5,2",5,0,"4,33","5,8",7,"1,25","3,25",7,1,"5,75",7,"6,25",2,1,1,"5,77","1,78","2,5",7,"2,25"
35,MG,35,"6,75","6,666666667",1,1,100,7,8,,3,6,8,"6,5","6,2",1,"1,4","5,19","6,35","1,63","1,93","6,75","1,08","6,25",7,7,1,1,"1,25","5,2",5,0,"4,33","5,8",7,"1,25","3,25",7,1,"5,75",7,"6,25",2,1,1,"5,77","1,78","2,5",7,"2,25"
35,MG,36,7,"6,666666667",1,1,100,7,8,,3,6,,"6,5","6,2",1,"1,4","5,19","6,35","1,63","1,93","6,75","1,08","6,25",7,7,1,1,"1,25","5,2",5,0,"4,33","5,8",7,"1,25","3,25",7,1,"5,75",7,"6,25",2,1,1,"5,77","1,78","2,5",7,"2,25"
35,MG,37,7,"6,666666667",1,1,100,7,8,,3,6,,"6,5","6,2",1,"1,4","5,19","6,35","1,63","1,93","6,75","1,08","6,25",7,7,1,1,"1,25","5,2",5,0,"4,33","5,8",7,"1,25","3,25",7,1,"5,75",7,"6,25",2,1,1,"5,77","1,78","2,5",7,"2,25"
35,MG,38,7,"6,666666667",1,1,100,7,8,,3,6,,"6,5","6,2",1,"1,4","5,19","6,35","1,63","1,93","6,75","1,08","6,25",7,7,1,1,"1,25","5,2",5,0,"4,33","5,8",7,"1,25","3,25",7,1,"5,75",7,"6,25",2,1,1,"5,77","1,78","2,5",7,"2,25"
35,MG,39,7,"6,666666667",1,1,100,7,8,,3,6,,"6,5","6,2",1,"1,4","5,19","6,35","1,63","1,93","6,75","1,08","6,25",7,7,1,1,"1,25","5,2",5,0,"4,33","5,8",7,"1,25","3,25",7,1,"5,75",7,"6,25",2,1,1,"5,77","1,78","2,5",7,"2,25"
35,MG,40,7,"6,666666667",1,1,100,7,8,,3,6,,"6,5","6,2",1,"1,4","5,19","6,35","1,63","1,93","6,75","1,08","6,25",7,7,1,1,"1,25","5,2",5,0,"4,33","5,8",7,"1,25","3,25",7,1,"5,75",7,"6,25",2,1,1,"5,77","1,78","2,5",7,"2,25"
35,MG,41,7,"6,666666667",1,1,100,7,8,,3,6,,"6,5","6,2",1,"1,4","5,19","6,35","1,63","1,93","6,75","1,08","6,25",7,7,1,1,"1,25","5,2",5,0,"4,33","5,8",7,"1,25","3,25",7,1,"5,75",7,"6,25",2,1,1,"5,77","1,78","2,5",7,"2,25"
35,MG,42,7,"6,666666667",1,1,100,7,8,,3,6,,"6,5","6,2",1,"1,4","5,19","6,35","1,63","1,93","6,75","1,08","6,25",7,7,1,1,"1,25","5,2",5,0,"4,33","5,8",7,"1,25","3,25",7,1,"5,75",7,"6,25",2,1,1,"5,77","1,78","2,5",7,"2,25"
35,MG,43,7,"6,666666667",1,1,100,7,8,,3,6,,"6,5","6,2",1,"1,4","5,19","6,35","1,63","1,93","6,75","1,08","6,25",7,7,1,1,"1,25","5,2",5,0,"4,33","5,8",7,"1,25","3,25",7,1,"5,75",7,"6,25",2,1,1,"5,77","1,78","2,5",7,"2,25"
35,MG,44,7,"6,666666667",1,1,100,7,8,,3,6,,"6,5","6,2",1,"1,4","5,19","6,35","1,63","1,93","6,75","1,08","6,25",7,7,1,1,"1,25","5,2",5,0,"4,33","5,8",7,"1,25","3,25",7,1,"5,75",7,"6,25",2,1,1,"5,77","1,78","2,5",7,"2,25"
35,MG,45,7,"6,666666667",1,1,100,7,8,,3,6,,"6,5","6,2",1,"1,4","5,19","6,35","1,63","1,93","6,75","1,08","6,25",7,7,1,1,"1,25","5,2",5,0,"4,33","5,8",7,"1,25","3,25",7,1,"5,75",7,"6,25",2,1,1,"5,77","1,78","2,5",7,"2,25"
35,MG,46,"6,75","6,666666667",1,1,100,7,8,,3,6,,"6,5","6,2",1,"1,4","5,19","6,35","1,63","1,93","6,75","1,08","6,25",7,7,1,1,"1,25","5,2",5,0,"4,33","5,8",7,"1,25","3,25",7,1,"5,75",7,"6,25",2,1,1,"5,77","1,78","2,5",7,"2,25"
35,MG,47,"6,75","6,666666667",1,1,100,7,8,,3,6,,"6,5","6,2",1,"1,4","5,19","6,35","1,63","1,93","6,75","1,08","6,25",7,7,1,1,"1,25","5,2",5,0,"4,33","5,8",7,"1,25","3,25",7,1,"5,75",7,"6,25",2,1,1,"5,77","1,78","2,5",7,"2,25"
35,MG,48,"6,75","6,666666667",1,1,97,7,8,,3,6,,"6,5","6,2",1,"1,4","5,19","6,35","1,63","1,93","6,75","1,08","6,25",7,7,1,1,"1,25","5,2",5,0,"4,33","5,8",7,"1,25","3,25",7,1,"5,75",7,"6,25",2,1,1,"5,77","1,78","2,5",7,"2,25"
35,MG,49,"6,75","6,666666667",1,1,94,7,8,,3,6,,"6,5","6,2",1,"1,4","5,19","6,35","1,63","1,93","6,75","1,08","6,25",7,7,1,1,"1,25","5,2",5,0,"4,33","5,8",7,"1,25","3,25",7,1,"5,75",7,"6,25",2,1,1,"5,77","1,78","2,5",7,"2,25"
35,MG,50,"6,75","6,666666667",1,1,80,7,8,,3,6,,"6,5","6,2",1,"1,4","5,19","6,35","1,63","1,93","6,75","1,08","6,25",7,7,1,1,"1,25","5,2",5,0,"4,33","5,8",7,"1,25","3,25",7,1,"5,75",7,"6,25",2,1,1,"5,77","1,78","2,5",7,"2,25"
35,MG,51,"6,75","6,666666667",1,1,85,7,8,,3,6,,"6,5","6,2",1,"1,4","5,19","6,35","1,63","1,93","6,75","1,08","6,25",7,7,1,1,"1,25","5,2",5,0,"4,33","5,8",7,"1,25","3,25",7,1,"5,75",7,"6,25",2,1,1,"5,77","1,78","2,5",7,"2,25"
35,MG,52,"6,75","6,666666667",1,1,85,7,8,,3,6,,"6,5","6,2",1,"1,4","5,19","6,35","1,63","1,93","6,75","1,08","6,25",7,7,1,1,"1,25","5,2",5,0,"4,33","5,8",7,"1,25","3,25",7,1,"5,75",7,"6,25",2,1,1,"5,77","1,78","2,5",7,"2,25"
35,MG,53,"6,75","6,666666667",1,1,85,7,8,,3,6,,"6,5","6,2",1,"1,4","5,19","6,35","1,63","1,93","6,75","1,08","6,25",7,7,1,1,"1,25","5,2",5,0,"4,33","5,8",7,"1,25","3,25",7,1,"5,75",7,"6,25",2,1,1,"5,77","1,78","2,5",7,"2,25"
35,MG,54,"6,75","6,666666667",1,1,85,7,8,,3,6,,"6,5","6,2",1,"1,4","5,19","6,35","1,63","1,93","6,75","1,08","6,25",7,7,1,1,"1,25","5,2",5,0,"4,33","5,8",7,"1,25","3,25",7,1,"5,75",7,"6,25",2,1,1,"5,77","1,78","2,5",7,"2,25"
35,MG,55,"6,75","6,666666667",1,1,86,7,8,,3,6,,"6,5","6,2",1,"1,4","5,19","6,35","1,63","1,93","6,75","1,08","6,25",7,7,1,1,"1,25","5,2",5,0,"4,33","5,8",7,"1,25","3,25",7,1,"5,75",7,"6,25",2,1,1,"5,77","1,78","2,5",7,"2,25"
35,MG,56,"6,75","6,666666667",1,1,86,7,8,,3,6,,"6,5","6,2",1,"1,4","5,19","6,35","1,63","1,93","6,75","1,08","6,25",7,7,1,1,"1,25","5,2",5,0,"4,33","5,8",7,"1,25","3,25",7,1,"5,75",7,"6,25",2,1,1,"5,77","1,78","2,5",7,"2,25"
35,MG,57,"6,75","6,666666667",1,1,86,7,8,,3,6,,"6,5","6,2",1,"1,4","5,19","6,35","1,63","1,93","6,75","1,08","6,25",7,7,1,1,"1,25","5,2",5,0,"4,33","5,8",7,"1,25","3,25",7,1,"5,75",7,"6,25",2,1,1,"5,77","1,78","2,5",7,"2,25"
35,MG,58,"6,75","6,666666667",1,1,86,7,8,,3,6,,"6,5","6,2",1,"1,4","5,19","6,35","1,63","1,93","6,75","1,08","6,25",7,7,1,1,"1,25","5,2",5,0,"4,33","5,8",7,"1,25","3,25",7,1,"5,75",7,"6,25",2,1,1,"5,77","1,78","2,5",7,"2,25"
35,MG,59,"6,75","6,666666667",1,1,87,7,8,,3,6,,"6,5","6,2",1,"1,4","5,19","6,35","1,63","1,93","6,75","1,08","6,25",7,7,1,1,"1,25","5,2",5,0,"4,33","5,8",7,"1,25","3,25",7,1,"5,75",7,"6,25",2,1,1,"5,77","1,78","2,5",7,"2,25"
35,MG,60,"6,75","6,666666667",1,1,95,7,8,,3,6,,"6,5","6,2",1,"1,4","5,19","6,35","1,63","1,93","6,75","1,08","6,25",7,7,1,1,"1,25","5,2",5,0,"4,33","5,8",7,"1,25","3,25",7,1,"5,75",7,"6,25",2,1,1,"5,77","1,78","2,5",7,"2,25"
35,MG,61,"6,75","6,666666667",1,1,100,7,8,,3,6,,"6,5","6,2",1,"1,4","5,19","6,35","1,63","1,93","6,75","1,08","6,25",7,7,1,1,"1,25","5,2",5,0,"4,33","5,8",7,"1,25","3,25",7,1,"5,75",7,"6,25",2,1,1,"5,77","1,78","2,5",7,"2,25"
35,MG,62,"6,75","6,666666667",1,1,100,7,8,,3,6,,"6,5","6,2",1,"1,4","5,19","6,35","1,63","1,93","6,75","1,08","6,25",7,7,1,1,"1,25","5,2",5,0,"4,33","5,8",7,"1,25","3,25",7,1,"5,75",7,"6,25",2,1,1,"5,77","1,78","2,5",7,"2,25"
35,MG,63,"6,75","6,666666667",1,1,100,7,8,,3,6,,"6,5","6,2",1,"1,4","5,19","6,35","1,63","1,93","6,75","1,08","6,25",7,7,1,1,"1,25","5,2",5,0,"4,33","5,8",7,"1,25","3,25",7,1,"5,75",7,"6,25",2,1,1,"5,77","1,78","2,5",7,"2,25"
35,MG,64,"6,75","6,666666667",1,1,100,7,8,,3,6,,"6,5","6,2",1,"1,4","5,19","6,35","1,63","1,93","6,75","1,08","6,25",7,7,1,1,"1,25","5,2",5,0,"4,33","5,8",7,"1,25","3,25",7,1,"5,75",7,"6,25",2,1,1,"5,77","1,78","2,5",7,"2,25"
35,MG,65,"6,75","6,666666667",1,1,100,7,8,,3,6,,"6,5","6,2",1,"1,4","5,19","6,35","1,63","1,93","6,75","1,08","6,25",7,7,1,1,"1,25","5,2",5,0,"4,33","5,8",7,"1,25","3,25",7,1,"5,75",7,"6,25",2,1,1,"5,77","1,78","2,5",7,"2,25"
35,MG,66,,,,,100,,,,,,,"6,5","6,2",1,"1,4","5,19","6,35","1,63","1,93","6,75","1,08","6,25",7,7,1,1,"1,25","5,2",5,0,"4,33","5,8",7,"1,25","3,25",7,1,"5,75",7,"6,25",2,1,1,"5,77","1,78","2,5",7,"2,25"
35,MG,67,,,,,100,,,,,,,"6,5","6,2",1,"1,4","5,19","6,35","1,63","1,93","6,75","1,08","6,25",7,7,1,1,"1,25","5,2",5,0,"4,33","5,8",7,"1,25","3,25",7,1,"5,75",7,"6,25",2,1,1,"5,77","1,78","2,5",7,"2,25"
35,MG,68,,,,,100,,,,,,,"6,5","6,2",1,"1,4","5,19","6,35","1,63","1,93","6,75","1,08","6,25",7,7,1,1,"1,25","5,2",5,0,"4,33","5,8",7,"1,25","3,25",7,1,"5,75",7,"6,25",2,1,1,"5,77","1,78","2,5",7,"2,25"
35,MG,69,,,,,100,,,,,,,"6,5","6,2",1,"1,4","5,19","6,35","1,63","1,93","6,75","1,08","6,25",7,7,1,1,"1,25","5,2",5,0,"4,33","5,8",7,"1,25","3,25",7,1,"5,75",7,"6,25",2,1,1,"5,77","1,78","2,5",7,"2,25"
35,MG,70,,,,,100,,,,,,,"6,5","6,2",1,"1,4","5,19","6,35","1,63","1,93","6,75","1,08","6,25",7,7,1,1,"1,25","5,2",5,0,"4,33","5,8",7,"1,25","3,25",7,1,"5,75",7,"6,25",2,1,1,"5,77","1,78","2,5",7,"2,25"
35,MG,71,"6,75","6,666666667",1,1,100,7,8,,3,6,,"6,5","6,2",1,"1,4","5,19","6,35","1,63","1,93","6,75","1,08","6,25",7,7,1,1,"1,25","5,2",5,0,"4,33","5,8",7,"1,25","3,25",7,1,"5,75",7,"6,25",2,1,1,"5,77","1,78","2,5",7,"2,25"
35,MG,72,"6,75","6,666666667",1,1,100,7,8,,3,6,,"6,5","6,2",1,"1,4","5,19","6,35","1,63","1,93","6,75","1,08","6,25",7,7,1,1,"1,25","5,2",5,0,"4,33","5,8",7,"1,25","3,25",7,1,"5,75",7,"6,25",2,1,1,"5,77","1,78","2,5",7,"2,25"
35,MG,73,"6,75","6,666666667",1,1,100,7,8,,3,6,,"6,5","6,2",1,"1,4","5,19","6,35","1,63","1,93","6,75","1,08","6,25",7,7,1,1,"1,25","5,2",5,0,"4,33","5,8",7,"1,25","3,25",7,1,"5,75",7,"6,25",2,1,1,"5,77","1,78","2,5",7,"2,25"
35,MG,74,"6,75","6,666666667",1,1,100,7,8,,3,6,,"6,5","6,2",1,"1,4","5,19","6,35","1,63","1,93","6,75","1,08","6,25",7,7,1,1,"1,25","5,2",5,0,"4,33","5,8",7,"1,25","3,25",7,1,"5,75",7,"6,25",2,1,1,"5,77","1,78","2,5",7,"2,25"
35,MG,75,"6,75","6,666666667",1,1,100,7,8,,3,6,,"6,5","6,2",1,"1,4","5,19","6,35","1,63","1,93","6,75","1,08","6,25",7,7,1,1,"1,25","5,2",5,0,"4,33","5,8",7,"1,25","3,25",7,1,"5,75",7,"6,25",2,1,1,"5,77","1,78","2,5",7,"2,25"
35,MG,76,"6,75","6,666666667",1,1,100,7,8,,3,6,,"6,5","6,2",1,"1,4","5,19","6,35","1,63","1,93","6,75","1,08","6,25",7,7,1,1,"1,25","5,2",5,0,"4,33","5,8",7,"1,25","3,25",7,1,"5,75",7,"6,25",2,1,1,"5,77","1,78","2,5",7,"2,25"
35,MG,77,"6,75","6,666666667",1,1,100,7,8,,3,6,,"6,5","6,2",1,"1,4","5,19","6,35","1,63","1,93","6,75","1,08","6,25",7,7,1,1,"1,25","5,2",5,0,"4,33","5,8",7,"1,25","3,25",7,1,"5,75",7,"6,25",2,1,1,"5,77","1,78","2,5",7,"2,25"
35,MG,78,"6,75","6,666666667",1,1,100,7,8,,3,6,,"6,5","6,2",1,"1,4","5,19","6,35","1,63","1,93","6,75","1,08","6,25",7,7,1,1,"1,25","5,2",5,0,"4,33","5,8",7,"1,25","3,25",7,1,"5,75",7,"6,25",2,1,1,"5,77","1,78","2,5",7,"2,25"
35,MG,79,"6,75","6,666666667",1,1,100,7,8,,3,6,,"6,5","6,2",1,"1,4","5,19","6,35","1,63","1,93","6,75","1,08","6,25",7,7,1,1,"1,25","5,2",5,0,"4,33","5,8",7,"1,25","3,25",7,1,"5,75",7,"6,25",2,1,1,"5,77","1,78","2,5",7,"2,25"
35,MG,80,"6,75","6,666666667",1,1,100,7,8,,3,6,,"6,5","6,2",1,"1,4","5,19","6,35","1,63","1,93","6,75","1,08","6,25",7,7,1,1,"1,25","5,2",5,0,"4,33","5,8",7,"1,25","3,25",7,1,"5,75",7,"6,25",2,1,1,"5,77","1,78","2,5",7,"2,25"
35,MG,81,"6,75","6,666666667",1,1,100,7,8,,3,6,,"6,5","6,2",1,"1,4","5,19","6,35","1,63","1,93","6,75","1,08","6,25",7,7,1,1,"1,25","5,2",5,0,"4,33","5,8",7,"1,25","3,25",7,1,"5,75",7,"6,25",2,1,1,"5,77","1,78","2,5",7,"2,25"
35,MG,82,"6,75","6,666666667",1,1,100,7,8,,3,6,,"6,5","6,2",1,"1,4","5,19","6,35","1,63","1,93","6,75","1,08","6,25",7,7,1,1,"1,25","5,2",5,0,"4,33","5,8",7,"1,25","3,25",7,1,"5,75",7,"6,25",2,1,1,"5,77","1,78","2,5",7,"2,25"
35,MG,83,"6,75","6,666666667",1,1,100,7,8,,3,6,,"6,5","6,2",1,"1,4","5,19","6,35","1,63","1,93","6,75","1,08","6,25",7,7,1,1,"1,25","5,2",5,0,"4,33","5,8",7,"1,25","3,25",7,1,"5,75",7,"6,25",2,1,1,"5,77","1,78","2,5",7,"2,25"
35,MG,84,"6,75","6,666666667",1,1,100,7,8,,3,6,,"6,5","6,2",1,"1,4","5,19","6,35","1,63","1,93","6,75","1,08","6,25",7,7,1,1,"1,25","5,2",5,0,"4,33","5,8",7,"1,25","3,25",7,1,"5,75",7,"6,25",2,1,1,"5,77","1,78","2,5",7,"2,25"
35,MG,85,"6,75","6,666666667",1,1,100,7,8,,3,6,,"6,5","6,2",1,"1,4","5,19","6,35","1,63","1,93","6,75","1,08","6,25",7,7,1,1,"1,25","5,2",5,0,"4,33","5,8",7,"1,25","3,25",7,1,"5,75",7,"6,25",2,1,1,"5,77","1,78","2,5",7,"2,25"
35,MG,86,"5,5","6,666666667",1,1,100,7,,,3,,,"6,5","6,2",1,"1,4","5,19","6,35","1,63","1,93","6,75","1,08","6,25",7,7,1,1,"1,25","5,2",5,0,"4,33","5,8",7,"1,25","3,25",7,1,"5,75",7,"6,25",2,1,1,"5,77","1,78","2,5",7,"2,25"
35,MG,87,"5,5","6,666666667",1,1,100,7,,,3,,,"6,5","6,2",1,"1,4","5,19","6,35","1,63","1,93","6,75","1,08","6,25",7,7,1,1,"1,25","5,2",5,0,"4,33","5,8",7,"1,25","3,25",7,1,"5,75",7,"6,25",2,1,1,"5,77","1,78","2,5",7,"2,25"
35,MG,88,"5,5","6,666666667",1,1,100,7,,,3,,,"6,5","6,2",1,"1,4","5,19","6,35","1,63","1,93","6,75","1,08","6,25",7,7,1,1,"1,25","5,2",5,0,"4,33","5,8",7,"1,25","3,25",7,1,"5,75",7,"6,25",2,1,1,"5,77","1,78","2,5",7,"2,25"
35,MG,89,"5,5","6,666666667",1,1,100,7,,,3,,,"6,5","6,2",1,"1,4","5,19","6,35","1,63","1,93","6,75","1,08","6,25",7,7,1,1,"1,25","5,2",5,0,"4,33","5,8",7,"1,25","3,25",7,1,"5,75",7,"6,25",2,1,1,"5,77","1,78","2,5",7,"2,25"
35,MG,90,"5,5","6,666666667",1,1,100,7,,,3,,,"6,5","6,2",1,"1,4","5,19","6,35","1,63","1,93","6,75","1,08","6,25",7,7,1,1,"1,25","5,2",5,0,"4,33","5,8",7,"1,25","3,25",7,1,"5,75",7,"6,25",2,1,1,"5,77","1,78","2,5",7,"2,25"
35,MG,91,"6,75","6,666666667",1,1,100,7,8,,3,6,,"6,5","6,2",1,"1,4","5,19","6,35","1,63","1,93","6,75","1,08","6,25",7,7,1,1,"1,25","5,2",5,0,"4,33","5,8",7,"1,25","3,25",7,1,"5,75",7,"6,25",2,1,1,"5,77","1,78","2,5",7,"2,25"
35,MG,92,"6,75","6,666666667",1,1,100,7,8,,3,6,,"6,5","6,2",1,"1,4","5,19","6,35","1,63","1,93","6,75","1,08","6,25",7,7,1,1,"1,25","5,2",5,0,"4,33","5,8",7,"1,25","3,25",7,1,"5,75",7,"6,25",2,1,1,"5,77","1,78","2,5",7,"2,25"
35,MG,93,"6,75","6,666666667",1,1,100,7,8,,3,6,,"6,5","6,2",1,"1,4","5,19","6,35","1,63","1,93","6,75","1,08","6,25",7,7,1,1,"1,25","5,2",5,0,"4,33","5,8",7,"1,25","3,25",7,1,"5,75",7,"6,25",2,1,1,"5,77","1,78","2,5",7,"2,25"
35,MG,94,"6,75","6,666666667",1,1,100,7,8,,3,6,,"6,5","6,2",1,"1,4","5,19","6,35","1,63","1,93","6,75","1,08","6,25",7,7,1,1,"1,25","5,2",5,0,"4,33","5,8",7,"1,25","3,25",7,1,"5,75",7,"6,25",2,1,1,"5,77","1,78","2,5",7,"2,25"
35,MG,95,"6,75","6,666666667",1,1,100,7,8,,3,6,,"6,5","6,2",1,"1,4","5,19","6,35","1,63","1,93","6,75","1,08","6,25",7,7,1,1,"1,25","5,2",5,0,"4,33","5,8",7,"1,25","3,25",7,1,"5,75",7,"6,25",2,1,1,"5,77","1,78","2,5",7,"2,25"
35,MG,96,"6,75","6,666666667",1,1,100,7,8,,3,6,,"6,5","6,2",1,"1,4","5,19","6,35","1,63","1,93","6,75","1,08","6,25",7,7,1,1,"1,25","5,2",5,0,"4,33","5,8",7,"1,25","3,25",7,1,"5,75",7,"6,25",2,1,1,"5,77","1,78","2,5",7,"2,25"
35,MG,97,"6,75","6,666666667",1,1,100,7,8,,3,6,,"6,5","6,2",1,"1,4","5,19","6,35","1,63","1,93","6,75","1,08","6,25",7,7,1,1,"1,25","5,2",5,0,"4,33","5,8",7,"1,25","3,25",7,1,"5,75",7,"6,25",2,1,1,"5,77","1,78","2,5",7,"2,25"
35,MG,98,"6,75","6,666666667",1,1,,7,8,,3,6,,"6,5","6,2",1,"1,4","5,19","6,35","1,63","1,93","6,75","1,08","6,25",7,7,1,1,"1,25","5,2",5,0,"4,33","5,8",7,"1,25","3,25",7,1,"5,75",7,"6,25",2,1,1,"5,77","1,78","2,5",7,"2,25"
35,MG,99,"6,75","6,666666667",1,1,,7,8,,3,6,,"6,5","6,2",1,"1,4","5,19","6,35","1,63","1,93","6,75","1,08","6,25",7,7,1,1,"1,25","5,2",5,0,"4,33","5,8",7,"1,25","3,25",7,1,"5,75",7,"6,25",2,1,1,"5,77","1,78","2,5",7,"2,25"
35,MG,100,"6,75","6,666666667",1,1,,7,8,,3,6,,"6,5","6,2",1,"1,4","5,19","6,35","1,63","1,93","6,75","1,08","6,25",7,7,1,1,"1,25","5,2",5,0,"4,33","5,8",7,"1,25","3,25",7,1,"5,75",7,"6,25",2,1,1,"5,77","1,78","2,5",7,"2,25"
35,MG,101,"6,75","6,666666667",1,1,,7,8,,3,6,,"6,5","6,2",1,"1,4","5,19","6,35","1,63","1,93","6,75","1,08","6,25",7,7,1,1,"1,25","5,2",5,0,"4,33","5,8",7,"1,25","3,25",7,1,"5,75",7,"6,25",2,1,1,"5,77","1,78","2,5",7,"2,25"
35,MG,102,"6,75","6,666666667",1,1,,7,8,,3,6,,"6,5","6,2",1,"1,4","5,19","6,35","1,63","1,93","6,75","1,08","6,25",7,7,1,1,"1,25","5,2",5,0,"4,33","5,8",7,"1,25","3,25",7,1,"5,75",7,"6,25",2,1,1,"5,77","1,78","2,5",7,"2,25"
35,MG,103,"6,75","6,666666667",1,1,,7,8,,3,6,,"6,5","6,2",1,"1,4","5,19","6,35","1,63","1,93","6,75","1,08","6,25",7,7,1,1,"1,25","5,2",5,0,"4,33","5,8",7,"1,25","3,25",7,1,"5,75",7,"6,25",2,1,1,"5,77","1,78","2,5",7,"2,25"
35,MG,104,"6,75","6,666666667",1,1,,7,8,,3,6,,"6,5","6,2",1,"1,4","5,19","6,35","1,63","1,93","6,75","1,08","6,25",7,7,1,1,"1,25","5,2",5,0,"4,33","5,8",7,"1,25","3,25",7,1,"5,75",7,"6,25",2,1,1,"5,77","1,78","2,5",7,"2,25"
35,MG,105,"6,75","6,666666667",1,1,,7,8,,3,6,,"6,5","6,2",1,"1,4","5,19","6,35","1,63","1,93","6,75","1,08","6,25",7,7,1,1,"1,25","5,2",5,0,"4,33","5,8",7,"1,25","3,25",7,1,"5,75",7,"6,25",2,1,1,"5,77","1,78","2,5",7,"2,25"
35,MG,106,"6,75","6,666666667",1,1,,7,8,,3,6,,"6,5","6,2",1,"1,4","5,19","6,35","1,63","1,93","6,75","1,08","6,25",7,7,1,1,"1,25","5,2",5,0,"4,33","5,8",7,"1,25","3,25",7,1,"5,75",7,"6,25",2,1,1,"5,77","1,78","2,5",7,"2,25"
35,MG,107,"6,75","6,666666667",1,1,,7,8,,3,6,,"6,5","6,2",1,"1,4","5,19","6,35","1,63","1,93","6,75","1,08","6,25",7,7,1,1,"1,25","5,2",5,0,"4,33","5,8",7,"1,25","3,25",7,1,"5,75",7,"6,25",2,1,1,"5,77","1,78","2,5",7,"2,25"
35,MG,108,"6,75","6,666666667",1,1,,7,8,,3,6,,"6,5","6,2",1,"1,4","5,19","6,35","1,63","1,93","6,75","1,08","6,25",7,7,1,1,"1,25","5,2",5,0,"4,33","5,8",7,"1,25","3,25",7,1,"5,75",7,"6,25",2,1,1,"5,77","1,78","2,5",7,"2,25"
35,MG,109,"6,75","6,666666667",1,1,,7,8,,3,6,,"6,5","6,2",1,"1,4","5,19","6,35","1,63","1,93","6,75","1,08","6,25",7,7,1,1,"1,25","5,2",5,0,"4,33","5,8",7,"1,25","3,25",7,1,"5,75",7,"6,25",2,1,1,"5,77","1,78","2,5",7,"2,25"
35,MG,110,"6,75","6,666666667",1,1,,7,8,,3,6,,"6,5","6,2",1,"1,4","5,19","6,35","1,63","1,93","6,75","1,08","6,25",7,7,1,1,"1,25","5,2",5,0,"4,33","5,8",7,"1,25","3,25",7,1,"5,75",7,"6,25",2,1,1,"5,77","1,78","2,5",7,"2,25"
36,NP,1,"6,25","6,333333333",1,1,100,2,3,4,,,,"6,33","6,6",2,"1,6","6,44","6,71","2,94","2,53","6,92","1,08",7,"6,75",7,1,1,"1,25","6,2",1,0,"5,67",7,7,1,1,7,1,"6,75",7,"6,75",6,"4,75","2,67","6,57","2,74","0,5",7,1
36,NP,2,"6,25","6,333333333",1,1,100,2,3,4,,,,"6,33","6,6",2,"1,6","6,44","6,71","2,94","2,53","6,92","1,08",7,"6,75",7,1,1,"1,25","6,2",1,0,"5,67",7,7,1,1,7,1,"6,75",7,"6,75",6,"4,75","2,67","6,57","2,74","0,5",7,1
36,NP,3,"6,25","6,333333333",1,1,100,2,3,4,,,,"6,33","6,6",2,"1,6","6,44","6,71","2,94","2,53","6,92","1,08",7,"6,75",7,1,1,"1,25","6,2",1,0,"5,67",7,7,1,1,7,1,"6,75",7,"6,75",6,"4,75","2,67","6,57","2,74","0,5",7,1
36,NP,4,"6,25","6,333333333",1,1,88,2,3,4,,,,"6,33","6,6",2,"1,6","6,44","6,71","2,94","2,53","6,92","1,08",7,"6,75",7,1,1,"1,25","6,2",1,0,"5,67",7,7,1,1,7,1,"6,75",7,"6,75",6,"4,75","2,67","6,57","2,74","0,5",7,1
36,NP,5,"6,25","6,333333333",1,1,100,2,3,4,,,,"6,33","6,6",2,"1,6","6,44","6,71","2,94","2,53","6,92","1,08",7,"6,75",7,1,1,"1,25","6,2",1,0,"5,67",7,7,1,1,7,1,"6,75",7,"6,75",6,"4,75","2,67","6,57","2,74","0,5",7,1
36,NP,6,7,"6,666666667",1,1,97,5,,,6,,,"6,33","6,6",2,"1,6","6,44","6,71","2,94","2,53","6,92","1,08",7,"6,75",7,1,1,"1,25","6,2",1,0,"5,67",7,7,1,1,7,1,"6,75",7,"6,75",6,"4,75","2,67","6,57","2,74","0,5",7,1
36,NP,7,7,"6,666666667",1,1,100,5,,,6,,,"6,33","6,6",2,"1,6","6,44","6,71","2,94","2,53","6,92","1,08",7,"6,75",7,1,1,"1,25","6,2",1,0,"5,67",7,7,1,1,7,1,"6,75",7,"6,75",6,"4,75","2,67","6,57","2,74","0,5",7,1
36,NP,8,7,"6,666666667",1,1,100,5,,,6,,,"6,33","6,6",2,"1,6","6,44","6,71","2,94","2,53","6,92","1,08",7,"6,75",7,1,1,"1,25","6,2",1,0,"5,67",7,7,1,1,7,1,"6,75",7,"6,75",6,"4,75","2,67","6,57","2,74","0,5",7,1
36,NP,9,7,"6,666666667",1,1,100,5,,,6,,,"6,33","6,6",2,"1,6","6,44","6,71","2,94","2,53","6,92","1,08",7,"6,75",7,1,1,"1,25","6,2",1,0,"5,67",7,7,1,1,7,1,"6,75",7,"6,75",6,"4,75","2,67","6,57","2,74","0,5",7,1
36,NP,10,7,"6,666666667",1,1,100,5,,,6,,,"6,33","6,6",2,"1,6","6,44","6,71","2,94","2,53","6,92","1,08",7,"6,75",7,1,1,"1,25","6,2",1,0,"5,67",7,7,1,1,7,1,"6,75",7,"6,75",6,"4,75","2,67","6,57","2,74","0,5",7,1
36,NP,11,7,7,1,1,100,5,,,6,,,"6,33","6,6",2,"1,6","6,44","6,71","2,94","2,53","6,92","1,08",7,"6,75",7,1,1,"1,25","6,2",1,0,"5,67",7,7,1,1,7,1,"6,75",7,"6,75",6,"4,75","2,67","6,57","2,74","0,5",7,1
36,NP,12,7,7,1,1,100,5,,,6,,,"6,33","6,6",2,"1,6","6,44","6,71","2,94","2,53","6,92","1,08",7,"6,75",7,1,1,"1,25","6,2",1,0,"5,67",7,7,1,1,7,1,"6,75",7,"6,75",6,"4,75","2,67","6,57","2,74","0,5",7,1
36,NP,13,7,7,1,1,100,5,,,6,,,"6,33","6,6",2,"1,6","6,44","6,71","2,94","2,53","6,92","1,08",7,"6,75",7,1,1,"1,25","6,2",1,0,"5,67",7,7,1,1,7,1,"6,75",7,"6,75",6,"4,75","2,67","6,57","2,74","0,5",7,1
36,NP,14,7,7,1,1,92,5,,,6,,,"6,33","6,6",2,"1,6","6,44","6,71","2,94","2,53","6,92","1,08",7,"6,75",7,1,1,"1,25","6,2",1,0,"5,67",7,7,1,1,7,1,"6,75",7,"6,75",6,"4,75","2,67","6,57","2,74","0,5",7,1
36,NP,15,7,7,1,1,84,5,,,6,,,"6,33","6,6",2,"1,6","6,44","6,71","2,94","2,53","6,92","1,08",7,"6,75",7,1,1,"1,25","6,2",1,0,"5,67",7,7,1,1,7,1,"6,75",7,"6,75",6,"4,75","2,67","6,57","2,74","0,5",7,1
36,NP,16,7,7,1,1,67,5,,,6,,,"6,33","6,6",2,"1,6","6,44","6,71","2,94","2,53","6,92","1,08",7,"6,75",7,1,1,"1,25","6,2",1,0,"5,67",7,7,1,1,7,1,"6,75",7,"6,75",6,"4,75","2,67","6,57","2,74","0,5",7,1
36,NP,17,7,7,1,1,79,5,,,6,,,"6,33","6,6",2,"1,6","6,44","6,71","2,94","2,53","6,92","1,08",7,"6,75",7,1,1,"1,25","6,2",1,0,"5,67",7,7,1,1,7,1,"6,75",7,"6,75",6,"4,75","2,67","6,57","2,74","0,5",7,1
36,NP,18,7,7,1,1,70,5,,,6,,,"6,33","6,6",2,"1,6","6,44","6,71","2,94","2,53","6,92","1,08",7,"6,75",7,1,1,"1,25","6,2",1,0,"5,67",7,7,1,1,7,1,"6,75",7,"6,75",6,"4,75","2,67","6,57","2,74","0,5",7,1
36,NP,19,7,7,1,1,88,5,,,6,,,"6,33","6,6",2,"1,6","6,44","6,71","2,94","2,53","6,92","1,08",7,"6,75",7,1,1,"1,25","6,2",1,0,"5,67",7,7,1,1,7,1,"6,75",7,"6,75",6,"4,75","2,67","6,57","2,74","0,5",7,1
36,NP,20,7,7,1,1,87,5,,,6,,,"6,33","6,6",2,"1,6","6,44","6,71","2,94","2,53","6,92","1,08",7,"6,75",7,1,1,"1,25","6,2",1,0,"5,67",7,7,1,1,7,1,"6,75",7,"6,75",6,"4,75","2,67","6,57","2,74","0,5",7,1
36,NP,21,7,"6,333333333",1,1,79,5,,,,,,"6,33","6,6",2,"1,6","6,44","6,71","2,94","2,53","6,92","1,08",7,"6,75",7,1,1,"1,25","6,2",1,0,"5,67",7,7,1,1,7,1,"6,75",7,"6,75",6,"4,75","2,67","6,57","2,74","0,5",7,1
36,NP,22,7,"6,333333333",1,1,89,5,,,,,,"6,33","6,6",2,"1,6","6,44","6,71","2,94","2,53","6,92","1,08",7,"6,75",7,1,1,"1,25","6,2",1,0,"5,67",7,7,1,1,7,1,"6,75",7,"6,75",6,"4,75","2,67","6,57","2,74","0,5",7,1
36,NP,23,7,"6,333333333",1,1,84,5,,,,,,"6,33","6,6",2,"1,6","6,44","6,71","2,94","2,53","6,92","1,08",7,"6,75",7,1,1,"1,25","6,2",1,0,"5,67",7,7,1,1,7,1,"6,75",7,"6,75",6,"4,75","2,67","6,57","2,74","0,5",7,1
36,NP,24,7,"6,333333333",1,1,79,5,,,,,,"6,33","6,6",2,"1,6","6,44","6,71","2,94","2,53","6,92","1,08",7,"6,75",7,1,1,"1,25","6,2",1,0,"5,67",7,7,1,1,7,1,"6,75",7,"6,75",6,"4,75","2,67","6,57","2,74","0,5",7,1
36,NP,25,7,"6,333333333",1,1,78,5,,,,,,"6,33","6,6",2,"1,6","6,44","6,71","2,94","2,53","6,92","1,08",7,"6,75",7,1,1,"1,25","6,2",1,0,"5,67",7,7,1,1,7,1,"6,75",7,"6,75",6,"4,75","2,67","6,57","2,74","0,5",7,1
36,NP,26,"6,75","6,333333333",1,1,97,5,,,5,,,"6,33","6,6",2,"1,6","6,44","6,71","2,94","2,53","6,92","1,08",7,"6,75",7,1,1,"1,25","6,2",1,0,"5,67",7,7,1,1,7,1,"6,75",7,"6,75",6,"4,75","2,67","6,57","2,74","0,5",7,1
36,NP,27,"6,75","6,333333333",1,1,83,5,,,5,,,"6,33","6,6",2,"1,6","6,44","6,71","2,94","2,53","6,92","1,08",7,"6,75",7,1,1,"1,25","6,2",1,0,"5,67",7,7,1,1,7,1,"6,75",7,"6,75",6,"4,75","2,67","6,57","2,74","0,5",7,1
36,NP,28,"6,75","6,333333333",1,1,67,5,,,5,,,"6,33","6,6",2,"1,6","6,44","6,71","2,94","2,53","6,92","1,08",7,"6,75",7,1,1,"1,25","6,2",1,0,"5,67",7,7,1,1,7,1,"6,75",7,"6,75",6,"4,75","2,67","6,57","2,74","0,5",7,1
36,NP,29,"6,75","6,333333333",1,1,77,5,,,5,,,"6,33","6,6",2,"1,6","6,44","6,71","2,94","2,53","6,92","1,08",7,"6,75",7,1,1,"1,25","6,2",1,0,"5,67",7,7,1,1,7,1,"6,75",7,"6,75",6,"4,75","2,67","6,57","2,74","0,5",7,1
36,NP,30,"6,75","6,333333333",1,1,83,5,,,5,,,"6,33","6,6",2,"1,6","6,44","6,71","2,94","2,53","6,92","1,08",7,"6,75",7,1,1,"1,25","6,2",1,0,"5,67",7,7,1,1,7,1,"6,75",7,"6,75",6,"4,75","2,67","6,57","2,74","0,5",7,1
36,NP,31,7,7,1,1,91,5,,,6,,,"6,33","6,6",2,"1,6","6,44","6,71","2,94","2,53","6,92","1,08",7,"6,75",7,1,1,"1,25","6,2",1,0,"5,67",7,7,1,1,7,1,"6,75",7,"6,75",6,"4,75","2,67","6,57","2,74","0,5",7,1
36,NP,32,7,7,1,1,90,5,,,6,,,"6,33","6,6",2,"1,6","6,44","6,71","2,94","2,53","6,92","1,08",7,"6,75",7,1,1,"1,25","6,2",1,0,"5,67",7,7,1,1,7,1,"6,75",7,"6,75",6,"4,75","2,67","6,57","2,74","0,5",7,1
36,NP,33,7,7,1,1,84,5,,,6,,,"6,33","6,6",2,"1,6","6,44","6,71","2,94","2,53","6,92","1,08",7,"6,75",7,1,1,"1,25","6,2",1,0,"5,67",7,7,1,1,7,1,"6,75",7,"6,75",6,"4,75","2,67","6,57","2,74","0,5",7,1
36,NP,34,7,7,1,1,73,5,,,6,,,"6,33","6,6",2,"1,6","6,44","6,71","2,94","2,53","6,92","1,08",7,"6,75",7,1,1,"1,25","6,2",1,0,"5,67",7,7,1,1,7,1,"6,75",7,"6,75",6,"4,75","2,67","6,57","2,74","0,5",7,1
36,NP,35,7,7,1,1,60,5,,,6,,,"6,33","6,6",2,"1,6","6,44","6,71","2,94","2,53","6,92","1,08",7,"6,75",7,1,1,"1,25","6,2",1,0,"5,67",7,7,1,1,7,1,"6,75",7,"6,75",6,"4,75","2,67","6,57","2,74","0,5",7,1
36,NP,36,7,"6,333333333",1,1,66,5,,,,,,"6,33","6,6",2,"1,6","6,44","6,71","2,94","2,53","6,92","1,08",7,"6,75",7,1,1,"1,25","6,2",1,0,"5,67",7,7,1,1,7,1,"6,75",7,"6,75",6,"4,75","2,67","6,57","2,74","0,5",7,1
36,NP,37,7,"6,333333333",1,1,79,5,,,,,,"6,33","6,6",2,"1,6","6,44","6,71","2,94","2,53","6,92","1,08",7,"6,75",7,1,1,"1,25","6,2",1,0,"5,67",7,7,1,1,7,1,"6,75",7,"6,75",6,"4,75","2,67","6,57","2,74","0,5",7,1
36,NP,38,7,"6,333333333",1,1,100,5,,,,,,"6,33","6,6",2,"1,6","6,44","6,71","2,94","2,53","6,92","1,08",7,"6,75",7,1,1,"1,25","6,2",1,0,"5,67",7,7,1,1,7,1,"6,75",7,"6,75",6,"4,75","2,67","6,57","2,74","0,5",7,1
36,NP,39,7,"6,333333333",1,1,100,5,,,,,,"6,33","6,6",2,"1,6","6,44","6,71","2,94","2,53","6,92","1,08",7,"6,75",7,1,1,"1,25","6,2",1,0,"5,67",7,7,1,1,7,1,"6,75",7,"6,75",6,"4,75","2,67","6,57","2,74","0,5",7,1
36,NP,40,7,"6,333333333",1,1,100,5,,,,,,"6,33","6,6",2,"1,6","6,44","6,71","2,94","2,53","6,92","1,08",7,"6,75",7,1,1,"1,25","6,2",1,0,"5,67",7,7,1,1,7,1,"6,75",7,"6,75",6,"4,75","2,67","6,57","2,74","0,5",7,1
36,NP,41,7,7,1,1,94,5,,,5,6,,"6,33","6,6",2,"1,6","6,44","6,71","2,94","2,53","6,92","1,08",7,"6,75",7,1,1,"1,25","6,2",1,0,"5,67",7,7,1,1,7,1,"6,75",7,"6,75",6,"4,75","2,67","6,57","2,74","0,5",7,1
36,NP,42,7,7,1,1,90,5,,,5,6,,"6,33","6,6",2,"1,6","6,44","6,71","2,94","2,53","6,92","1,08",7,"6,75",7,1,1,"1,25","6,2",1,0,"5,67",7,7,1,1,7,1,"6,75",7,"6,75",6,"4,75","2,67","6,57","2,74","0,5",7,1
36,NP,43,7,7,1,1,85,5,,,5,6,,"6,33","6,6",2,"1,6","6,44","6,71","2,94","2,53","6,92","1,08",7,"6,75",7,1,1,"1,25","6,2",1,0,"5,67",7,7,1,1,7,1,"6,75",7,"6,75",6,"4,75","2,67","6,57","2,74","0,5",7,1
36,NP,44,7,7,1,1,100,5,,,5,6,,"6,33","6,6",2,"1,6","6,44","6,71","2,94","2,53","6,92","1,08",7,"6,75",7,1,1,"1,25","6,2",1,0,"5,67",7,7,1,1,7,1,"6,75",7,"6,75",6,"4,75","2,67","6,57","2,74","0,5",7,1
36,NP,45,7,7,1,1,92,5,,,5,6,,"6,33","6,6",2,"1,6","6,44","6,71","2,94","2,53","6,92","1,08",7,"6,75",7,1,1,"1,25","6,2",1,0,"5,67",7,7,1,1,7,1,"6,75",7,"6,75",6,"4,75","2,67","6,57","2,74","0,5",7,1
36,NP,46,7,7,1,1,85,5,,,11,6,,"6,33","6,6",2,"1,6","6,44","6,71","2,94","2,53","6,92","1,08",7,"6,75",7,1,1,"1,25","6,2",1,0,"5,67",7,7,1,1,7,1,"6,75",7,"6,75",6,"4,75","2,67","6,57","2,74","0,5",7,1
36,NP,47,7,7,1,1,90,5,,,11,6,,"6,33","6,6",2,"1,6","6,44","6,71","2,94","2,53","6,92","1,08",7,"6,75",7,1,1,"1,25","6,2",1,0,"5,67",7,7,1,1,7,1,"6,75",7,"6,75",6,"4,75","2,67","6,57","2,74","0,5",7,1
36,NP,48,7,7,1,1,85,5,,,11,6,,"6,33","6,6",2,"1,6","6,44","6,71","2,94","2,53","6,92","1,08",7,"6,75",7,1,1,"1,25","6,2",1,0,"5,67",7,7,1,1,7,1,"6,75",7,"6,75",6,"4,75","2,67","6,57","2,74","0,5",7,1
36,NP,49,7,7,1,1,73,5,,,11,6,,"6,33","6,6",2,"1,6","6,44","6,71","2,94","2,53","6,92","1,08",7,"6,75",7,1,1,"1,25","6,2",1,0,"5,67",7,7,1,1,7,1,"6,75",7,"6,75",6,"4,75","2,67","6,57","2,74","0,5",7,1
36,NP,50,7,7,1,1,100,5,,,11,6,,"6,33","6,6",2,"1,6","6,44","6,71","2,94","2,53","6,92","1,08",7,"6,75",7,1,1,"1,25","6,2",1,0,"5,67",7,7,1,1,7,1,"6,75",7,"6,75",6,"4,75","2,67","6,57","2,74","0,5",7,1
36,NP,51,7,7,1,1,77,5,,,5,6,,"6,33","6,6",2,"1,6","6,44","6,71","2,94","2,53","6,92","1,08",7,"6,75",7,1,1,"1,25","6,2",1,0,"5,67",7,7,1,1,7,1,"6,75",7,"6,75",6,"4,75","2,67","6,57","2,74","0,5",7,1
36,NP,52,7,7,1,1,68,5,,,5,6,,"6,33","6,6",2,"1,6","6,44","6,71","2,94","2,53","6,92","1,08",7,"6,75",7,1,1,"1,25","6,2",1,0,"5,67",7,7,1,1,7,1,"6,75",7,"6,75",6,"4,75","2,67","6,57","2,74","0,5",7,1
36,NP,53,7,7,1,1,80,5,,,5,6,,"6,33","6,6",2,"1,6","6,44","6,71","2,94","2,53","6,92","1,08",7,"6,75",7,1,1,"1,25","6,2",1,0,"5,67",7,7,1,1,7,1,"6,75",7,"6,75",6,"4,75","2,67","6,57","2,74","0,5",7,1
36,NP,54,7,7,1,1,68,5,,,5,6,,"6,33","6,6",2,"1,6","6,44","6,71","2,94","2,53","6,92","1,08",7,"6,75",7,1,1,"1,25","6,2",1,0,"5,67",7,7,1,1,7,1,"6,75",7,"6,75",6,"4,75","2,67","6,57","2,74","0,5",7,1
36,NP,55,7,7,1,1,78,5,,,5,6,,"6,33","6,6",2,"1,6","6,44","6,71","2,94","2,53","6,92","1,08",7,"6,75",7,1,1,"1,25","6,2",1,0,"5,67",7,7,1,1,7,1,"6,75",7,"6,75",6,"4,75","2,67","6,57","2,74","0,5",7,1
36,NP,56,7,7,1,1,72,5,,,5,6,,"6,33","6,6",2,"1,6","6,44","6,71","2,94","2,53","6,92","1,08",7,"6,75",7,1,1,"1,25","6,2",1,0,"5,67",7,7,1,1,7,1,"6,75",7,"6,75",6,"4,75","2,67","6,57","2,74","0,5",7,1
36,NP,57,7,7,1,1,94,5,,,5,6,,"6,33","6,6",2,"1,6","6,44","6,71","2,94","2,53","6,92","1,08",7,"6,75",7,1,1,"1,25","6,2",1,0,"5,67",7,7,1,1,7,1,"6,75",7,"6,75",6,"4,75","2,67","6,57","2,74","0,5",7,1
36,NP,58,7,7,1,1,100,5,,,5,6,,"6,33","6,6",2,"1,6","6,44","6,71","2,94","2,53","6,92","1,08",7,"6,75",7,1,1,"1,25","6,2",1,0,"5,67",7,7,1,1,7,1,"6,75",7,"6,75",6,"4,75","2,67","6,57","2,74","0,5",7,1
36,NP,59,7,7,1,1,92,5,,,5,6,,"6,33","6,6",2,"1,6","6,44","6,71","2,94","2,53","6,92","1,08",7,"6,75",7,1,1,"1,25","6,2",1,0,"5,67",7,7,1,1,7,1,"6,75",7,"6,75",6,"4,75","2,67","6,57","2,74","0,5",7,1
36,NP,60,7,7,1,1,90,5,,,5,6,,"6,33","6,6",2,"1,6","6,44","6,71","2,94","2,53","6,92","1,08",7,"6,75",7,1,1,"1,25","6,2",1,0,"5,67",7,7,1,1,7,1,"6,75",7,"6,75",6,"4,75","2,67","6,57","2,74","0,5",7,1
36,NP,61,7,7,1,1,70,5,,,5,6,,"6,33","6,6",2,"1,6","6,44","6,71","2,94","2,53","6,92","1,08",7,"6,75",7,1,1,"1,25","6,2",1,0,"5,67",7,7,1,1,7,1,"6,75",7,"6,75",6,"4,75","2,67","6,57","2,74","0,5",7,1
36,NP,62,7,7,1,1,86,5,,,5,6,,"6,33","6,6",2,"1,6","6,44","6,71","2,94","2,53","6,92","1,08",7,"6,75",7,1,1,"1,25","6,2",1,0,"5,67",7,7,1,1,7,1,"6,75",7,"6,75",6,"4,75","2,67","6,57","2,74","0,5",7,1
36,NP,63,7,7,1,1,82,5,,,5,6,,"6,33","6,6",2,"1,6","6,44","6,71","2,94","2,53","6,92","1,08",7,"6,75",7,1,1,"1,25","6,2",1,0,"5,67",7,7,1,1,7,1,"6,75",7,"6,75",6,"4,75","2,67","6,57","2,74","0,5",7,1
36,NP,64,7,7,1,1,100,5,,,5,6,,"6,33","6,6",2,"1,6","6,44","6,71","2,94","2,53","6,92","1,08",7,"6,75",7,1,1,"1,25","6,2",1,0,"5,67",7,7,1,1,7,1,"6,75",7,"6,75",6,"4,75","2,67","6,57","2,74","0,5",7,1
36,NP,65,7,7,1,1,100,5,,,5,6,,"6,33","6,6",2,"1,6","6,44","6,71","2,94","2,53","6,92","1,08",7,"6,75",7,1,1,"1,25","6,2",1,0,"5,67",7,7,1,1,7,1,"6,75",7,"6,75",6,"4,75","2,67","6,57","2,74","0,5",7,1
36,NP,66,7,7,1,1,92,5,,,5,6,,"6,33","6,6",2,"1,6","6,44","6,71","2,94","2,53","6,92","1,08",7,"6,75",7,1,1,"1,25","6,2",1,0,"5,67",7,7,1,1,7,1,"6,75",7,"6,75",6,"4,75","2,67","6,57","2,74","0,5",7,1
36,NP,67,7,7,1,1,93,5,,,5,6,,"6,33","6,6",2,"1,6","6,44","6,71","2,94","2,53","6,92","1,08",7,"6,75",7,1,1,"1,25","6,2",1,0,"5,67",7,7,1,1,7,1,"6,75",7,"6,75",6,"4,75","2,67","6,57","2,74","0,5",7,1
36,NP,68,7,7,1,1,95,5,,,5,6,,"6,33","6,6",2,"1,6","6,44","6,71","2,94","2,53","6,92","1,08",7,"6,75",7,1,1,"1,25","6,2",1,0,"5,67",7,7,1,1,7,1,"6,75",7,"6,75",6,"4,75","2,67","6,57","2,74","0,5",7,1
36,NP,69,7,7,1,1,78,5,,,5,6,,"6,33","6,6",2,"1,6","6,44","6,71","2,94","2,53","6,92","1,08",7,"6,75",7,1,1,"1,25","6,2",1,0,"5,67",7,7,1,1,7,1,"6,75",7,"6,75",6,"4,75","2,67","6,57","2,74","0,5",7,1
36,NP,70,7,7,1,1,87,5,,,5,6,,"6,33","6,6",2,"1,6","6,44","6,71","2,94","2,53","6,92","1,08",7,"6,75",7,1,1,"1,25","6,2",1,0,"5,67",7,7,1,1,7,1,"6,75",7,"6,75",6,"4,75","2,67","6,57","2,74","0,5",7,1
36,NP,71,7,7,1,1,76,5,,,5,6,,"6,33","6,6",2,"1,6","6,44","6,71","2,94","2,53","6,92","1,08",7,"6,75",7,1,1,"1,25","6,2",1,0,"5,67",7,7,1,1,7,1,"6,75",7,"6,75",6,"4,75","2,67","6,57","2,74","0,5",7,1
36,NP,72,7,7,1,1,84,5,,,5,6,,"6,33","6,6",2,"1,6","6,44","6,71","2,94","2,53","6,92","1,08",7,"6,75",7,1,1,"1,25","6,2",1,0,"5,67",7,7,1,1,7,1,"6,75",7,"6,75",6,"4,75","2,67","6,57","2,74","0,5",7,1
36,NP,73,7,7,1,1,100,5,,,5,6,,"6,33","6,6",2,"1,6","6,44","6,71","2,94","2,53","6,92","1,08",7,"6,75",7,1,1,"1,25","6,2",1,0,"5,67",7,7,1,1,7,1,"6,75",7,"6,75",6,"4,75","2,67","6,57","2,74","0,5",7,1
36,NP,74,7,7,1,1,100,5,,,5,6,,"6,33","6,6",2,"1,6","6,44","6,71","2,94","2,53","6,92","1,08",7,"6,75",7,1,1,"1,25","6,2",1,0,"5,67",7,7,1,1,7,1,"6,75",7,"6,75",6,"4,75","2,67","6,57","2,74","0,5",7,1
36,NP,75,7,7,1,1,100,5,,,5,6,,"6,33","6,6",2,"1,6","6,44","6,71","2,94","2,53","6,92","1,08",7,"6,75",7,1,1,"1,25","6,2",1,0,"5,67",7,7,1,1,7,1,"6,75",7,"6,75",6,"4,75","2,67","6,57","2,74","0,5",7,1
36,NP,76,7,7,1,1,82,5,,,5,6,,"6,33","6,6",2,"1,6","6,44","6,71","2,94","2,53","6,92","1,08",7,"6,75",7,1,1,"1,25","6,2",1,0,"5,67",7,7,1,1,7,1,"6,75",7,"6,75",6,"4,75","2,67","6,57","2,74","0,5",7,1
36,NP,77,7,7,1,1,88,5,,,5,6,,"6,33","6,6",2,"1,6","6,44","6,71","2,94","2,53","6,92","1,08",7,"6,75",7,1,1,"1,25","6,2",1,0,"5,67",7,7,1,1,7,1,"6,75",7,"6,75",6,"4,75","2,67","6,57","2,74","0,5",7,1
36,NP,78,7,7,1,1,82,5,,,5,6,,"6,33","6,6",2,"1,6","6,44","6,71","2,94","2,53","6,92","1,08",7,"6,75",7,1,1,"1,25","6,2",1,0,"5,67",7,7,1,1,7,1,"6,75",7,"6,75",6,"4,75","2,67","6,57","2,74","0,5",7,1
36,NP,79,7,7,1,1,100,5,,,5,6,,"6,33","6,6",2,"1,6","6,44","6,71","2,94","2,53","6,92","1,08",7,"6,75",7,1,1,"1,25","6,2",1,0,"5,67",7,7,1,1,7,1,"6,75",7,"6,75",6,"4,75","2,67","6,57","2,74","0,5",7,1
36,NP,80,7,7,1,1,98,5,,,5,6,,"6,33","6,6",2,"1,6","6,44","6,71","2,94","2,53","6,92","1,08",7,"6,75",7,1,1,"1,25","6,2",1,0,"5,67",7,7,1,1,7,1,"6,75",7,"6,75",6,"4,75","2,67","6,57","2,74","0,5",7,1
36,NP,81,7,7,1,1,100,5,,,5,6,,"6,33","6,6",2,"1,6","6,44","6,71","2,94","2,53","6,92","1,08",7,"6,75",7,1,1,"1,25","6,2",1,0,"5,67",7,7,1,1,7,1,"6,75",7,"6,75",6,"4,75","2,67","6,57","2,74","0,5",7,1
36,NP,82,7,7,1,1,99,5,,,5,6,,"6,33","6,6",2,"1,6","6,44","6,71","2,94","2,53","6,92","1,08",7,"6,75",7,1,1,"1,25","6,2",1,0,"5,67",7,7,1,1,7,1,"6,75",7,"6,75",6,"4,75","2,67","6,57","2,74","0,5",7,1
36,NP,83,7,7,1,1,89,5,,,5,6,,"6,33","6,6",2,"1,6","6,44","6,71","2,94","2,53","6,92","1,08",7,"6,75",7,1,1,"1,25","6,2",1,0,"5,67",7,7,1,1,7,1,"6,75",7,"6,75",6,"4,75","2,67","6,57","2,74","0,5",7,1
36,NP,84,7,7,1,1,99,5,,,5,6,,"6,33","6,6",2,"1,6","6,44","6,71","2,94","2,53","6,92","1,08",7,"6,75",7,1,1,"1,25","6,2",1,0,"5,67",7,7,1,1,7,1,"6,75",7,"6,75",6,"4,75","2,67","6,57","2,74","0,5",7,1
36,NP,85,7,7,1,1,78,5,,,5,6,,"6,33","6,6",2,"1,6","6,44","6,71","2,94","2,53","6,92","1,08",7,"6,75",7,1,1,"1,25","6,2",1,0,"5,67",7,7,1,1,7,1,"6,75",7,"6,75",6,"4,75","2,67","6,57","2,74","0,5",7,1
36,NP,86,7,7,1,1,76,5,,,5,6,,"6,33","6,6",2,"1,6","6,44","6,71","2,94","2,53","6,92","1,08",7,"6,75",7,1,1,"1,25","6,2",1,0,"5,67",7,7,1,1,7,1,"6,75",7,"6,75",6,"4,75","2,67","6,57","2,74","0,5",7,1
36,NP,87,7,7,1,1,85,5,,,5,6,,"6,33","6,6",2,"1,6","6,44","6,71","2,94","2,53","6,92","1,08",7,"6,75",7,1,1,"1,25","6,2",1,0,"5,67",7,7,1,1,7,1,"6,75",7,"6,75",6,"4,75","2,67","6,57","2,74","0,5",7,1
36,NP,88,7,7,1,1,79,5,,,5,6,,"6,33","6,6",2,"1,6","6,44","6,71","2,94","2,53","6,92","1,08",7,"6,75",7,1,1,"1,25","6,2",1,0,"5,67",7,7,1,1,7,1,"6,75",7,"6,75",6,"4,75","2,67","6,57","2,74","0,5",7,1
36,NP,89,7,7,1,1,80,5,,,5,6,,"6,33","6,6",2,"1,6","6,44","6,71","2,94","2,53","6,92","1,08",7,"6,75",7,1,1,"1,25","6,2",1,0,"5,67",7,7,1,1,7,1,"6,75",7,"6,75",6,"4,75","2,67","6,57","2,74","0,5",7,1
36,NP,90,7,7,1,1,78,5,,,5,6,,"6,33","6,6",2,"1,6","6,44","6,71","2,94","2,53","6,92","1,08",7,"6,75",7,1,1,"1,25","6,2",1,0,"5,67",7,7,1,1,7,1,"6,75",7,"6,75",6,"4,75","2,67","6,57","2,74","0,5",7,1
36,NP,91,7,7,1,1,88,5,,,5,6,,"6,33","6,6",2,"1,6","6,44","6,71","2,94","2,53","6,92","1,08",7,"6,75",7,1,1,"1,25","6,2",1,0,"5,67",7,7,1,1,7,1,"6,75",7,"6,75",6,"4,75","2,67","6,57","2,74","0,5",7,1
36,NP,92,7,7,1,1,85,5,,,5,6,,"6,33","6,6",2,"1,6","6,44","6,71","2,94","2,53","6,92","1,08",7,"6,75",7,1,1,"1,25","6,2",1,0,"5,67",7,7,1,1,7,1,"6,75",7,"6,75",6,"4,75","2,67","6,57","2,74","0,5",7,1
36,NP,93,7,7,1,1,100,5,,,5,6,,"6,33","6,6",2,"1,6","6,44","6,71","2,94","2,53","6,92","1,08",7,"6,75",7,1,1,"1,25","6,2",1,0,"5,67",7,7,1,1,7,1,"6,75",7,"6,75",6,"4,75","2,67","6,57","2,74","0,5",7,1
36,NP,94,7,7,1,1,91,5,,,5,6,,"6,33","6,6",2,"1,6","6,44","6,71","2,94","2,53","6,92","1,08",7,"6,75",7,1,1,"1,25","6,2",1,0,"5,67",7,7,1,1,7,1,"6,75",7,"6,75",6,"4,75","2,67","6,57","2,74","0,5",7,1
36,NP,95,7,7,1,1,91,5,,,5,6,,"6,33","6,6",2,"1,6","6,44","6,71","2,94","2,53","6,92","1,08",7,"6,75",7,1,1,"1,25","6,2",1,0,"5,67",7,7,1,1,7,1,"6,75",7,"6,75",6,"4,75","2,67","6,57","2,74","0,5",7,1
36,NP,96,7,7,1,1,100,5,,,8,,,"6,33","6,6",2,"1,6","6,44","6,71","2,94","2,53","6,92","1,08",7,"6,75",7,1,1,"1,25","6,2",1,0,"5,67",7,7,1,1,7,1,"6,75",7,"6,75",6,"4,75","2,67","6,57","2,74","0,5",7,1
36,NP,97,7,7,1,1,100,5,,,8,,,"6,33","6,6",2,"1,6","6,44","6,71","2,94","2,53","6,92","1,08",7,"6,75",7,1,1,"1,25","6,2",1,0,"5,67",7,7,1,1,7,1,"6,75",7,"6,75",6,"4,75","2,67","6,57","2,74","0,5",7,1
36,NP,98,7,7,1,1,86,5,,,8,,,"6,33","6,6",2,"1,6","6,44","6,71","2,94","2,53","6,92","1,08",7,"6,75",7,1,1,"1,25","6,2",1,0,"5,67",7,7,1,1,7,1,"6,75",7,"6,75",6,"4,75","2,67","6,57","2,74","0,5",7,1
36,NP,99,7,7,1,1,100,5,,,8,,,"6,33","6,6",2,"1,6","6,44","6,71","2,94","2,53","6,92","1,08",7,"6,75",7,1,1,"1,25","6,2",1,0,"5,67",7,7,1,1,7,1,"6,75",7,"6,75",6,"4,75","2,67","6,57","2,74","0,5",7,1
36,NP,100,7,7,1,1,100,5,,,8,,,"6,33","6,6",2,"1,6","6,44","6,71","2,94","2,53","6,92","1,08",7,"6,75",7,1,1,"1,25","6,2",1,0,"5,67",7,7,1,1,7,1,"6,75",7,"6,75",6,"4,75","2,67","6,57","2,74","0,5",7,1
36,NP,101,7,7,1,1,95,6,,,,,,"6,33","6,6",2,"1,6","6,44","6,71","2,94","2,53","6,92","1,08",7,"6,75",7,1,1,"1,25","6,2",1,0,"5,67",7,7,1,1,7,1,"6,75",7,"6,75",6,"4,75","2,67","6,57","2,74","0,5",7,1
36,NP,102,7,7,1,1,100,6,,,,,,"6,33","6,6",2,"1,6","6,44","6,71","2,94","2,53","6,92","1,08",7,"6,75",7,1,1,"1,25","6,2",1,0,"5,67",7,7,1,1,7,1,"6,75",7,"6,75",6,"4,75","2,67","6,57","2,74","0,5",7,1
36,NP,103,7,7,1,1,100,6,,,,,,"6,33","6,6",2,"1,6","6,44","6,71","2,94","2,53","6,92","1,08",7,"6,75",7,1,1,"1,25","6,2",1,0,"5,67",7,7,1,1,7,1,"6,75",7,"6,75",6,"4,75","2,67","6,57","2,74","0,5",7,1
36,NP,104,7,7,1,1,100,6,,,,,,"6,33","6,6",2,"1,6","6,44","6,71","2,94","2,53","6,92","1,08",7,"6,75",7,1,1,"1,25","6,2",1,0,"5,67",7,7,1,1,7,1,"6,75",7,"6,75",6,"4,75","2,67","6,57","2,74","0,5",7,1
36,NP,105,7,7,1,1,100,6,,,,,,"6,33","6,6",2,"1,6","6,44","6,71","2,94","2,53","6,92","1,08",7,"6,75",7,1,1,"1,25","6,2",1,0,"5,67",7,7,1,1,7,1,"6,75",7,"6,75",6,"4,75","2,67","6,57","2,74","0,5",7,1
36,NP,106,7,7,1,1,84,9,,,8,,,"6,33","6,6",2,"1,6","6,44","6,71","2,94","2,53","6,92","1,08",7,"6,75",7,1,1,"1,25","6,2",1,0,"5,67",7,7,1,1,7,1,"6,75",7,"6,75",6,"4,75","2,67","6,57","2,74","0,5",7,1
36,NP,107,7,7,1,1,81,9,,,8,,,"6,33","6,6",2,"1,6","6,44","6,71","2,94","2,53","6,92","1,08",7,"6,75",7,1,1,"1,25","6,2",1,0,"5,67",7,7,1,1,7,1,"6,75",7,"6,75",6,"4,75","2,67","6,57","2,74","0,5",7,1
36,NP,108,7,7,1,1,74,9,,,8,,,"6,33","6,6",2,"1,6","6,44","6,71","2,94","2,53","6,92","1,08",7,"6,75",7,1,1,"1,25","6,2",1,0,"5,67",7,7,1,1,7,1,"6,75",7,"6,75",6,"4,75","2,67","6,57","2,74","0,5",7,1
36,NP,109,7,7,1,1,79,9,,,8,,,"6,33","6,6",2,"1,6","6,44","6,71","2,94","2,53","6,92","1,08",7,"6,75",7,1,1,"1,25","6,2",1,0,"5,67",7,7,1,1,7,1,"6,75",7,"6,75",6,"4,75","2,67","6,57","2,74","0,5",7,1
36,NP,110,7,7,1,1,53,9,,,8,,,"6,33","6,6",2,"1,6","6,44","6,71","2,94","2,53","6,92","1,08",7,"6,75",7,1,1,"1,25","6,2",1,0,"5,67",7,7,1,1,7,1,"6,75",7,"6,75",6,"4,75","2,67","6,57","2,74","0,5",7,1
36,NP,111,7,7,1,1,80,9,,,8,,,"6,33","6,6",2,"1,6","6,44","6,71","2,94","2,53","6,92","1,08",7,"6,75",7,1,1,"1,25","6,2",1,0,"5,67",7,7,1,1,7,1,"6,75",7,"6,75",6,"4,75","2,67","6,57","2,74","0,5",7,1
37,PV,1,"6,8","6,333333333",1,1,,1,4,5,,,,"5,83",6,"1,25","1,2","5,13","6,18","1,31","1,47","6,75","1,67","6,75","6,5",7,"2,5","1,25","1,25","4,2","3,33",0,"2,33",6,"6,75",1,"2,75","5,75",1,"6,5","5,75",7,"1,25",1,1,"5,65","1,39","1,67","6,25","1,88"
37,PV,2,"6,8","6,333333333",1,1,,1,4,5,,,,"5,83",6,"1,25","1,2","5,13","6,18","1,31","1,47","6,75","1,67","6,75","6,5",7,"2,5","1,25","1,25","4,2","3,33",0,"2,33",6,"6,75",1,"2,75","5,75",1,"6,5","5,75",7,"1,25",1,1,"5,65","1,39","1,67","6,25","1,88"
37,PV,3,"6,8","6,333333333",1,1,,1,4,5,,,,"5,83",6,"1,25","1,2","5,13","6,18","1,31","1,47","6,75","1,67","6,75","6,5",7,"2,5","1,25","1,25","4,2","3,33",0,"2,33",6,"6,75",1,"2,75","5,75",1,"6,5","5,75",7,"1,25",1,1,"5,65","1,39","1,67","6,25","1,88"
37,PV,4,"6,8","6,333333333",1,1,16,1,4,5,,,,"5,83",6,"1,25","1,2","5,13","6,18","1,31","1,47","6,75","1,67","6,75","6,5",7,"2,5","1,25","1,25","4,2","3,33",0,"2,33",6,"6,75",1,"2,75","5,75",1,"6,5","5,75",7,"1,25",1,1,"5,65","1,39","1,67","6,25","1,88"
37,PV,5,"6,8","6,333333333",1,1,23,1,4,5,,,,"5,83",6,"1,25","1,2","5,13","6,18","1,31","1,47","6,75","1,67","6,75","6,5",7,"2,5","1,25","1,25","4,2","3,33",0,"2,33",6,"6,75",1,"2,75","5,75",1,"6,5","5,75",7,"1,25",1,1,"5,65","1,39","1,67","6,25","1,88"
37,PV,6,7,7,1,1,23,5,6,,,,,"5,83",6,"1,25","1,2","5,13","6,18","1,31","1,47","6,75","1,67","6,75","6,5",7,"2,5","1,25","1,25","4,2","3,33",0,"2,33",6,"6,75",1,"2,75","5,75",1,"6,5","5,75",7,"1,25",1,1,"5,65","1,39","1,67","6,25","1,88"
37,PV,7,7,7,1,1,24,5,6,,,,,"5,83",6,"1,25","1,2","5,13","6,18","1,31","1,47","6,75","1,67","6,75","6,5",7,"2,5","1,25","1,25","4,2","3,33",0,"2,33",6,"6,75",1,"2,75","5,75",1,"6,5","5,75",7,"1,25",1,1,"5,65","1,39","1,67","6,25","1,88"
37,PV,8,7,7,1,1,27,5,6,,,,,"5,83",6,"1,25","1,2","5,13","6,18","1,31","1,47","6,75","1,67","6,75","6,5",7,"2,5","1,25","1,25","4,2","3,33",0,"2,33",6,"6,75",1,"2,75","5,75",1,"6,5","5,75",7,"1,25",1,1,"5,65","1,39","1,67","6,25","1,88"
37,PV,9,7,7,1,1,34,5,6,,,,,"5,83",6,"1,25","1,2","5,13","6,18","1,31","1,47","6,75","1,67","6,75","6,5",7,"2,5","1,25","1,25","4,2","3,33",0,"2,33",6,"6,75",1,"2,75","5,75",1,"6,5","5,75",7,"1,25",1,1,"5,65","1,39","1,67","6,25","1,88"
37,PV,10,7,7,1,1,44,5,6,,,,,"5,83",6,"1,25","1,2","5,13","6,18","1,31","1,47","6,75","1,67","6,75","6,5",7,"2,5","1,25","1,25","4,2","3,33",0,"2,33",6,"6,75",1,"2,75","5,75",1,"6,5","5,75",7,"1,25",1,1,"5,65","1,39","1,67","6,25","1,88"
37,PV,11,7,7,1,1,45,5,6,7,,,,"5,83",6,"1,25","1,2","5,13","6,18","1,31","1,47","6,75","1,67","6,75","6,5",7,"2,5","1,25","1,25","4,2","3,33",0,"2,33",6,"6,75",1,"2,75","5,75",1,"6,5","5,75",7,"1,25",1,1,"5,65","1,39","1,67","6,25","1,88"
37,PV,12,7,7,1,1,48,5,6,7,,,,"5,83",6,"1,25","1,2","5,13","6,18","1,31","1,47","6,75","1,67","6,75","6,5",7,"2,5","1,25","1,25","4,2","3,33",0,"2,33",6,"6,75",1,"2,75","5,75",1,"6,5","5,75",7,"1,25",1,1,"5,65","1,39","1,67","6,25","1,88"
37,PV,13,7,7,1,1,81,5,6,7,,,,"5,83",6,"1,25","1,2","5,13","6,18","1,31","1,47","6,75","1,67","6,75","6,5",7,"2,5","1,25","1,25","4,2","3,33",0,"2,33",6,"6,75",1,"2,75","5,75",1,"6,5","5,75",7,"1,25",1,1,"5,65","1,39","1,67","6,25","1,88"
37,PV,14,7,7,1,1,82,5,6,7,,,,"5,83",6,"1,25","1,2","5,13","6,18","1,31","1,47","6,75","1,67","6,75","6,5",7,"2,5","1,25","1,25","4,2","3,33",0,"2,33",6,"6,75",1,"2,75","5,75",1,"6,5","5,75",7,"1,25",1,1,"5,65","1,39","1,67","6,25","1,88"
37,PV,15,7,7,1,1,82,5,6,7,,,,"5,83",6,"1,25","1,2","5,13","6,18","1,31","1,47","6,75","1,67","6,75","6,5",7,"2,5","1,25","1,25","4,2","3,33",0,"2,33",6,"6,75",1,"2,75","5,75",1,"6,5","5,75",7,"1,25",1,1,"5,65","1,39","1,67","6,25","1,88"
37,PV,16,"6,75",7,1,1,79,5,6,7,,,,"5,83",6,"1,25","1,2","5,13","6,18","1,31","1,47","6,75","1,67","6,75","6,5",7,"2,5","1,25","1,25","4,2","3,33",0,"2,33",6,"6,75",1,"2,75","5,75",1,"6,5","5,75",7,"1,25",1,1,"5,65","1,39","1,67","6,25","1,88"
37,PV,17,"6,75",7,1,1,58,5,6,7,,,,"5,83",6,"1,25","1,2","5,13","6,18","1,31","1,47","6,75","1,67","6,75","6,5",7,"2,5","1,25","1,25","4,2","3,33",0,"2,33",6,"6,75",1,"2,75","5,75",1,"6,5","5,75",7,"1,25",1,1,"5,65","1,39","1,67","6,25","1,88"
37,PV,18,"6,75",7,1,1,58,5,6,7,,,,"5,83",6,"1,25","1,2","5,13","6,18","1,31","1,47","6,75","1,67","6,75","6,5",7,"2,5","1,25","1,25","4,2","3,33",0,"2,33",6,"6,75",1,"2,75","5,75",1,"6,5","5,75",7,"1,25",1,1,"5,65","1,39","1,67","6,25","1,88"
37,PV,19,"6,75",7,1,1,59,5,6,7,,,,"5,83",6,"1,25","1,2","5,13","6,18","1,31","1,47","6,75","1,67","6,75","6,5",7,"2,5","1,25","1,25","4,2","3,33",0,"2,33",6,"6,75",1,"2,75","5,75",1,"6,5","5,75",7,"1,25",1,1,"5,65","1,39","1,67","6,25","1,88"
37,PV,20,"6,75",7,1,1,98,5,6,7,,,,"5,83",6,"1,25","1,2","5,13","6,18","1,31","1,47","6,75","1,67","6,75","6,5",7,"2,5","1,25","1,25","4,2","3,33",0,"2,33",6,"6,75",1,"2,75","5,75",1,"6,5","5,75",7,"1,25",1,1,"5,65","1,39","1,67","6,25","1,88"
37,PV,21,7,7,1,1,98,2,5,,,,,"5,83",6,"1,25","1,2","5,13","6,18","1,31","1,47","6,75","1,67","6,75","6,5",7,"2,5","1,25","1,25","4,2","3,33",0,"2,33",6,"6,75",1,"2,75","5,75",1,"6,5","5,75",7,"1,25",1,1,"5,65","1,39","1,67","6,25","1,88"
37,PV,22,7,7,1,1,94,2,5,,,,,"5,83",6,"1,25","1,2","5,13","6,18","1,31","1,47","6,75","1,67","6,75","6,5",7,"2,5","1,25","1,25","4,2","3,33",0,"2,33",6,"6,75",1,"2,75","5,75",1,"6,5","5,75",7,"1,25",1,1,"5,65","1,39","1,67","6,25","1,88"
37,PV,23,7,7,1,1,87,2,5,,,,,"5,83",6,"1,25","1,2","5,13","6,18","1,31","1,47","6,75","1,67","6,75","6,5",7,"2,5","1,25","1,25","4,2","3,33",0,"2,33",6,"6,75",1,"2,75","5,75",1,"6,5","5,75",7,"1,25",1,1,"5,65","1,39","1,67","6,25","1,88"
37,PV,24,7,7,1,1,83,2,5,,,,,"5,83",6,"1,25","1,2","5,13","6,18","1,31","1,47","6,75","1,67","6,75","6,5",7,"2,5","1,25","1,25","4,2","3,33",0,"2,33",6,"6,75",1,"2,75","5,75",1,"6,5","5,75",7,"1,25",1,1,"5,65","1,39","1,67","6,25","1,88"
37,PV,25,7,7,1,1,80,2,5,,,,,"5,83",6,"1,25","1,2","5,13","6,18","1,31","1,47","6,75","1,67","6,75","6,5",7,"2,5","1,25","1,25","4,2","3,33",0,"2,33",6,"6,75",1,"2,75","5,75",1,"6,5","5,75",7,"1,25",1,1,"5,65","1,39","1,67","6,25","1,88"
37,PV,26,7,7,1,1,67,5,6,,6,,,"5,83",6,"1,25","1,2","5,13","6,18","1,31","1,47","6,75","1,67","6,75","6,5",7,"2,5","1,25","1,25","4,2","3,33",0,"2,33",6,"6,75",1,"2,75","5,75",1,"6,5","5,75",7,"1,25",1,1,"5,65","1,39","1,67","6,25","1,88"
37,PV,27,7,7,1,1,62,5,6,,6,,,"5,83",6,"1,25","1,2","5,13","6,18","1,31","1,47","6,75","1,67","6,75","6,5",7,"2,5","1,25","1,25","4,2","3,33",0,"2,33",6,"6,75",1,"2,75","5,75",1,"6,5","5,75",7,"1,25",1,1,"5,65","1,39","1,67","6,25","1,88"
37,PV,28,7,7,1,1,59,5,6,,6,,,"5,83",6,"1,25","1,2","5,13","6,18","1,31","1,47","6,75","1,67","6,75","6,5",7,"2,5","1,25","1,25","4,2","3,33",0,"2,33",6,"6,75",1,"2,75","5,75",1,"6,5","5,75",7,"1,25",1,1,"5,65","1,39","1,67","6,25","1,88"
37,PV,29,7,7,1,1,56,5,6,,6,,,"5,83",6,"1,25","1,2","5,13","6,18","1,31","1,47","6,75","1,67","6,75","6,5",7,"2,5","1,25","1,25","4,2","3,33",0,"2,33",6,"6,75",1,"2,75","5,75",1,"6,5","5,75",7,"1,25",1,1,"5,65","1,39","1,67","6,25","1,88"
37,PV,30,7,7,1,1,56,5,6,,6,,,"5,83",6,"1,25","1,2","5,13","6,18","1,31","1,47","6,75","1,67","6,75","6,5",7,"2,5","1,25","1,25","4,2","3,33",0,"2,33",6,"6,75",1,"2,75","5,75",1,"6,5","5,75",7,"1,25",1,1,"5,65","1,39","1,67","6,25","1,88"
37,PV,31,7,7,1,1,52,5,6,,6,,,"5,83",6,"1,25","1,2","5,13","6,18","1,31","1,47","6,75","1,67","6,75","6,5",7,"2,5","1,25","1,25","4,2","3,33",0,"2,33",6,"6,75",1,"2,75","5,75",1,"6,5","5,75",7,"1,25",1,1,"5,65","1,39","1,67","6,25","1,88"
37,PV,32,7,7,1,1,54,5,6,,6,,,"5,83",6,"1,25","1,2","5,13","6,18","1,31","1,47","6,75","1,67","6,75","6,5",7,"2,5","1,25","1,25","4,2","3,33",0,"2,33",6,"6,75",1,"2,75","5,75",1,"6,5","5,75",7,"1,25",1,1,"5,65","1,39","1,67","6,25","1,88"
37,PV,33,7,7,1,1,54,5,6,,6,,,"5,83",6,"1,25","1,2","5,13","6,18","1,31","1,47","6,75","1,67","6,75","6,5",7,"2,5","1,25","1,25","4,2","3,33",0,"2,33",6,"6,75",1,"2,75","5,75",1,"6,5","5,75",7,"1,25",1,1,"5,65","1,39","1,67","6,25","1,88"
37,PV,34,7,7,1,1,61,5,6,,6,,,"5,83",6,"1,25","1,2","5,13","6,18","1,31","1,47","6,75","1,67","6,75","6,5",7,"2,5","1,25","1,25","4,2","3,33",0,"2,33",6,"6,75",1,"2,75","5,75",1,"6,5","5,75",7,"1,25",1,1,"5,65","1,39","1,67","6,25","1,88"
37,PV,35,7,7,1,1,61,5,6,,6,,,"5,83",6,"1,25","1,2","5,13","6,18","1,31","1,47","6,75","1,67","6,75","6,5",7,"2,5","1,25","1,25","4,2","3,33",0,"2,33",6,"6,75",1,"2,75","5,75",1,"6,5","5,75",7,"1,25",1,1,"5,65","1,39","1,67","6,25","1,88"
37,PV,36,"5,8","6,666666667",1,1,60,5,,,,,,"5,83",6,"1,25","1,2","5,13","6,18","1,31","1,47","6,75","1,67","6,75","6,5",7,"2,5","1,25","1,25","4,2","3,33",0,"2,33",6,"6,75",1,"2,75","5,75",1,"6,5","5,75",7,"1,25",1,1,"5,65","1,39","1,67","6,25","1,88"
37,PV,37,"5,8","6,666666667",1,1,59,5,,,,,,"5,83",6,"1,25","1,2","5,13","6,18","1,31","1,47","6,75","1,67","6,75","6,5",7,"2,5","1,25","1,25","4,2","3,33",0,"2,33",6,"6,75",1,"2,75","5,75",1,"6,5","5,75",7,"1,25",1,1,"5,65","1,39","1,67","6,25","1,88"
37,PV,38,"5,8","6,666666667",1,1,57,5,,,,,,"5,83",6,"1,25","1,2","5,13","6,18","1,31","1,47","6,75","1,67","6,75","6,5",7,"2,5","1,25","1,25","4,2","3,33",0,"2,33",6,"6,75",1,"2,75","5,75",1,"6,5","5,75",7,"1,25",1,1,"5,65","1,39","1,67","6,25","1,88"
37,PV,39,"5,8","6,666666667",1,1,54,5,,,,,,"5,83",6,"1,25","1,2","5,13","6,18","1,31","1,47","6,75","1,67","6,75","6,5",7,"2,5","1,25","1,25","4,2","3,33",0,"2,33",6,"6,75",1,"2,75","5,75",1,"6,5","5,75",7,"1,25",1,1,"5,65","1,39","1,67","6,25","1,88"
37,PV,40,"5,8","6,666666667",1,1,53,5,,,,,,"5,83",6,"1,25","1,2","5,13","6,18","1,31","1,47","6,75","1,67","6,75","6,5",7,"2,5","1,25","1,25","4,2","3,33",0,"2,33",6,"6,75",1,"2,75","5,75",1,"6,5","5,75",7,"1,25",1,1,"5,65","1,39","1,67","6,25","1,88"
37,PV,41,7,7,1,1,57,2,5,,,,,"5,83",6,"1,25","1,2","5,13","6,18","1,31","1,47","6,75","1,67","6,75","6,5",7,"2,5","1,25","1,25","4,2","3,33",0,"2,33",6,"6,75",1,"2,75","5,75",1,"6,5","5,75",7,"1,25",1,1,"5,65","1,39","1,67","6,25","1,88"
37,PV,42,7,7,1,1,61,2,5,,,,,"5,83",6,"1,25","1,2","5,13","6,18","1,31","1,47","6,75","1,67","6,75","6,5",7,"2,5","1,25","1,25","4,2","3,33",0,"2,33",6,"6,75",1,"2,75","5,75",1,"6,5","5,75",7,"1,25",1,1,"5,65","1,39","1,67","6,25","1,88"
37,PV,43,7,7,1,1,69,2,5,,,,,"5,83",6,"1,25","1,2","5,13","6,18","1,31","1,47","6,75","1,67","6,75","6,5",7,"2,5","1,25","1,25","4,2","3,33",0,"2,33",6,"6,75",1,"2,75","5,75",1,"6,5","5,75",7,"1,25",1,1,"5,65","1,39","1,67","6,25","1,88"
37,PV,44,7,7,1,1,70,2,5,,,,,"5,83",6,"1,25","1,2","5,13","6,18","1,31","1,47","6,75","1,67","6,75","6,5",7,"2,5","1,25","1,25","4,2","3,33",0,"2,33",6,"6,75",1,"2,75","5,75",1,"6,5","5,75",7,"1,25",1,1,"5,65","1,39","1,67","6,25","1,88"
37,PV,45,7,7,1,1,75,2,5,,,,,"5,83",6,"1,25","1,2","5,13","6,18","1,31","1,47","6,75","1,67","6,75","6,5",7,"2,5","1,25","1,25","4,2","3,33",0,"2,33",6,"6,75",1,"2,75","5,75",1,"6,5","5,75",7,"1,25",1,1,"5,65","1,39","1,67","6,25","1,88"
37,PV,46,,,,,75,,,,,,,"5,83",6,"1,25","1,2","5,13","6,18","1,31","1,47","6,75","1,67","6,75","6,5",7,"2,5","1,25","1,25","4,2","3,33",0,"2,33",6,"6,75",1,"2,75","5,75",1,"6,5","5,75",7,"1,25",1,1,"5,65","1,39","1,67","6,25","1,88"
37,PV,47,,,,,65,,,,,,,"5,83",6,"1,25","1,2","5,13","6,18","1,31","1,47","6,75","1,67","6,75","6,5",7,"2,5","1,25","1,25","4,2","3,33",0,"2,33",6,"6,75",1,"2,75","5,75",1,"6,5","5,75",7,"1,25",1,1,"5,65","1,39","1,67","6,25","1,88"
37,PV,48,,,,,66,,,,,,,"5,83",6,"1,25","1,2","5,13","6,18","1,31","1,47","6,75","1,67","6,75","6,5",7,"2,5","1,25","1,25","4,2","3,33",0,"2,33",6,"6,75",1,"2,75","5,75",1,"6,5","5,75",7,"1,25",1,1,"5,65","1,39","1,67","6,25","1,88"
37,PV,49,,,,,61,,,,,,,"5,83",6,"1,25","1,2","5,13","6,18","1,31","1,47","6,75","1,67","6,75","6,5",7,"2,5","1,25","1,25","4,2","3,33",0,"2,33",6,"6,75",1,"2,75","5,75",1,"6,5","5,75",7,"1,25",1,1,"5,65","1,39","1,67","6,25","1,88"
37,PV,50,,,,,54,,,,,,,"5,83",6,"1,25","1,2","5,13","6,18","1,31","1,47","6,75","1,67","6,75","6,5",7,"2,5","1,25","1,25","4,2","3,33",0,"2,33",6,"6,75",1,"2,75","5,75",1,"6,5","5,75",7,"1,25",1,1,"5,65","1,39","1,67","6,25","1,88"
37,PV,51,,,,,55,,,,,,,"5,83",6,"1,25","1,2","5,13","6,18","1,31","1,47","6,75","1,67","6,75","6,5",7,"2,5","1,25","1,25","4,2","3,33",0,"2,33",6,"6,75",1,"2,75","5,75",1,"6,5","5,75",7,"1,25",1,1,"5,65","1,39","1,67","6,25","1,88"
37,PV,52,,,,,60,,,,,,,"5,83",6,"1,25","1,2","5,13","6,18","1,31","1,47","6,75","1,67","6,75","6,5",7,"2,5","1,25","1,25","4,2","3,33",0,"2,33",6,"6,75",1,"2,75","5,75",1,"6,5","5,75",7,"1,25",1,1,"5,65","1,39","1,67","6,25","1,88"
37,PV,53,,,,,63,,,,,,,"5,83",6,"1,25","1,2","5,13","6,18","1,31","1,47","6,75","1,67","6,75","6,5",7,"2,5","1,25","1,25","4,2","3,33",0,"2,33",6,"6,75",1,"2,75","5,75",1,"6,5","5,75",7,"1,25",1,1,"5,65","1,39","1,67","6,25","1,88"
37,PV,54,"6,2","5,666666667",1,1,69,2,5,,,,,"5,83",6,"1,25","1,2","5,13","6,18","1,31","1,47","6,75","1,67","6,75","6,5",7,"2,5","1,25","1,25","4,2","3,33",0,"2,33",6,"6,75",1,"2,75","5,75",1,"6,5","5,75",7,"1,25",1,1,"5,65","1,39","1,67","6,25","1,88"
37,PV,55,"6,2","5,666666667",1,1,76,2,5,,,,,"5,83",6,"1,25","1,2","5,13","6,18","1,31","1,47","6,75","1,67","6,75","6,5",7,"2,5","1,25","1,25","4,2","3,33",0,"2,33",6,"6,75",1,"2,75","5,75",1,"6,5","5,75",7,"1,25",1,1,"5,65","1,39","1,67","6,25","1,88"
37,PV,56,"6,2","5,666666667",1,1,80,2,5,,,,,"5,83",6,"1,25","1,2","5,13","6,18","1,31","1,47","6,75","1,67","6,75","6,5",7,"2,5","1,25","1,25","4,2","3,33",0,"2,33",6,"6,75",1,"2,75","5,75",1,"6,5","5,75",7,"1,25",1,1,"5,65","1,39","1,67","6,25","1,88"
37,PV,57,"6,2","5,666666667",1,1,75,2,5,,,,,"5,83",6,"1,25","1,2","5,13","6,18","1,31","1,47","6,75","1,67","6,75","6,5",7,"2,5","1,25","1,25","4,2","3,33",0,"2,33",6,"6,75",1,"2,75","5,75",1,"6,5","5,75",7,"1,25",1,1,"5,65","1,39","1,67","6,25","1,88"
37,PV,58,"6,6",6,"1,8",1,73,5,,,11,,,"5,83",6,"1,25","1,2","5,13","6,18","1,31","1,47","6,75","1,67","6,75","6,5",7,"2,5","1,25","1,25","4,2","3,33",0,"2,33",6,"6,75",1,"2,75","5,75",1,"6,5","5,75",7,"1,25",1,1,"5,65","1,39","1,67","6,25","1,88"
37,PV,59,"6,6",6,"1,8",1,73,5,,,11,,,"5,83",6,"1,25","1,2","5,13","6,18","1,31","1,47","6,75","1,67","6,75","6,5",7,"2,5","1,25","1,25","4,2","3,33",0,"2,33",6,"6,75",1,"2,75","5,75",1,"6,5","5,75",7,"1,25",1,1,"5,65","1,39","1,67","6,25","1,88"
37,PV,60,"6,6",6,"1,8",1,64,5,,,11,,,"5,83",6,"1,25","1,2","5,13","6,18","1,31","1,47","6,75","1,67","6,75","6,5",7,"2,5","1,25","1,25","4,2","3,33",0,"2,33",6,"6,75",1,"2,75","5,75",1,"6,5","5,75",7,"1,25",1,1,"5,65","1,39","1,67","6,25","1,88"
37,PV,61,"6,6",6,"1,8",1,59,5,,,11,,,"5,83",6,"1,25","1,2","5,13","6,18","1,31","1,47","6,75","1,67","6,75","6,5",7,"2,5","1,25","1,25","4,2","3,33",0,"2,33",6,"6,75",1,"2,75","5,75",1,"6,5","5,75",7,"1,25",1,1,"5,65","1,39","1,67","6,25","1,88"
37,PV,62,"6,6",6,"1,8",1,68,5,,,11,,,"5,83",6,"1,25","1,2","5,13","6,18","1,31","1,47","6,75","1,67","6,75","6,5",7,"2,5","1,25","1,25","4,2","3,33",0,"2,33",6,"6,75",1,"2,75","5,75",1,"6,5","5,75",7,"1,25",1,1,"5,65","1,39","1,67","6,25","1,88"
37,PV,63,7,7,1,1,69,5,,,11,,,"5,83",6,"1,25","1,2","5,13","6,18","1,31","1,47","6,75","1,67","6,75","6,5",7,"2,5","1,25","1,25","4,2","3,33",0,"2,33",6,"6,75",1,"2,75","5,75",1,"6,5","5,75",7,"1,25",1,1,"5,65","1,39","1,67","6,25","1,88"
37,PV,64,7,7,1,1,71,5,,,11,,,"5,83",6,"1,25","1,2","5,13","6,18","1,31","1,47","6,75","1,67","6,75","6,5",7,"2,5","1,25","1,25","4,2","3,33",0,"2,33",6,"6,75",1,"2,75","5,75",1,"6,5","5,75",7,"1,25",1,1,"5,65","1,39","1,67","6,25","1,88"
37,PV,65,7,7,1,1,71,5,,,11,,,"5,83",6,"1,25","1,2","5,13","6,18","1,31","1,47","6,75","1,67","6,75","6,5",7,"2,5","1,25","1,25","4,2","3,33",0,"2,33",6,"6,75",1,"2,75","5,75",1,"6,5","5,75",7,"1,25",1,1,"5,65","1,39","1,67","6,25","1,88"
37,PV,66,7,7,1,1,71,5,,,11,,,"5,83",6,"1,25","1,2","5,13","6,18","1,31","1,47","6,75","1,67","6,75","6,5",7,"2,5","1,25","1,25","4,2","3,33",0,"2,33",6,"6,75",1,"2,75","5,75",1,"6,5","5,75",7,"1,25",1,1,"5,65","1,39","1,67","6,25","1,88"
37,PV,67,7,7,1,1,70,5,,,11,,,"5,83",6,"1,25","1,2","5,13","6,18","1,31","1,47","6,75","1,67","6,75","6,5",7,"2,5","1,25","1,25","4,2","3,33",0,"2,33",6,"6,75",1,"2,75","5,75",1,"6,5","5,75",7,"1,25",1,1,"5,65","1,39","1,67","6,25","1,88"
37,PV,68,"6,6","6,666666667",1,1,83,5,,,11,,,"5,83",6,"1,25","1,2","5,13","6,18","1,31","1,47","6,75","1,67","6,75","6,5",7,"2,5","1,25","1,25","4,2","3,33",0,"2,33",6,"6,75",1,"2,75","5,75",1,"6,5","5,75",7,"1,25",1,1,"5,65","1,39","1,67","6,25","1,88"
37,PV,69,"6,6","6,666666667",1,1,100,5,,,11,,,"5,83",6,"1,25","1,2","5,13","6,18","1,31","1,47","6,75","1,67","6,75","6,5",7,"2,5","1,25","1,25","4,2","3,33",0,"2,33",6,"6,75",1,"2,75","5,75",1,"6,5","5,75",7,"1,25",1,1,"5,65","1,39","1,67","6,25","1,88"
37,PV,70,"6,6","6,666666667",1,1,100,5,,,11,,,"5,83",6,"1,25","1,2","5,13","6,18","1,31","1,47","6,75","1,67","6,75","6,5",7,"2,5","1,25","1,25","4,2","3,33",0,"2,33",6,"6,75",1,"2,75","5,75",1,"6,5","5,75",7,"1,25",1,1,"5,65","1,39","1,67","6,25","1,88"
37,PV,71,"6,6","6,666666667",1,1,100,5,,,11,,,"5,83",6,"1,25","1,2","5,13","6,18","1,31","1,47","6,75","1,67","6,75","6,5",7,"2,5","1,25","1,25","4,2","3,33",0,"2,33",6,"6,75",1,"2,75","5,75",1,"6,5","5,75",7,"1,25",1,1,"5,65","1,39","1,67","6,25","1,88"
37,PV,72,"6,6","6,666666667",1,1,100,5,,,11,,,"5,83",6,"1,25","1,2","5,13","6,18","1,31","1,47","6,75","1,67","6,75","6,5",7,"2,5","1,25","1,25","4,2","3,33",0,"2,33",6,"6,75",1,"2,75","5,75",1,"6,5","5,75",7,"1,25",1,1,"5,65","1,39","1,67","6,25","1,88"
37,PV,73,"6,4","6,333333333",1,1,98,5,,,9,,,"5,83",6,"1,25","1,2","5,13","6,18","1,31","1,47","6,75","1,67","6,75","6,5",7,"2,5","1,25","1,25","4,2","3,33",0,"2,33",6,"6,75",1,"2,75","5,75",1,"6,5","5,75",7,"1,25",1,1,"5,65","1,39","1,67","6,25","1,88"
37,PV,74,"6,4","6,333333333",1,1,86,5,,,9,,,"5,83",6,"1,25","1,2","5,13","6,18","1,31","1,47","6,75","1,67","6,75","6,5",7,"2,5","1,25","1,25","4,2","3,33",0,"2,33",6,"6,75",1,"2,75","5,75",1,"6,5","5,75",7,"1,25",1,1,"5,65","1,39","1,67","6,25","1,88"
37,PV,75,"6,4","6,333333333",1,1,99,5,,,9,,,"5,83",6,"1,25","1,2","5,13","6,18","1,31","1,47","6,75","1,67","6,75","6,5",7,"2,5","1,25","1,25","4,2","3,33",0,"2,33",6,"6,75",1,"2,75","5,75",1,"6,5","5,75",7,"1,25",1,1,"5,65","1,39","1,67","6,25","1,88"
37,PV,76,"6,4","6,333333333",1,1,90,5,,,9,,,"5,83",6,"1,25","1,2","5,13","6,18","1,31","1,47","6,75","1,67","6,75","6,5",7,"2,5","1,25","1,25","4,2","3,33",0,"2,33",6,"6,75",1,"2,75","5,75",1,"6,5","5,75",7,"1,25",1,1,"5,65","1,39","1,67","6,25","1,88"
37,PV,77,"6,4","6,333333333",1,1,94,5,,,9,,,"5,83",6,"1,25","1,2","5,13","6,18","1,31","1,47","6,75","1,67","6,75","6,5",7,"2,5","1,25","1,25","4,2","3,33",0,"2,33",6,"6,75",1,"2,75","5,75",1,"6,5","5,75",7,"1,25",1,1,"5,65","1,39","1,67","6,25","1,88"
37,PV,78,"6,6",7,1,1,87,5,,,,,,"5,83",6,"1,25","1,2","5,13","6,18","1,31","1,47","6,75","1,67","6,75","6,5",7,"2,5","1,25","1,25","4,2","3,33",0,"2,33",6,"6,75",1,"2,75","5,75",1,"6,5","5,75",7,"1,25",1,1,"5,65","1,39","1,67","6,25","1,88"
37,PV,79,"6,6",7,1,1,87,5,,,,,,"5,83",6,"1,25","1,2","5,13","6,18","1,31","1,47","6,75","1,67","6,75","6,5",7,"2,5","1,25","1,25","4,2","3,33",0,"2,33",6,"6,75",1,"2,75","5,75",1,"6,5","5,75",7,"1,25",1,1,"5,65","1,39","1,67","6,25","1,88"
37,PV,80,"6,6",7,1,1,84,5,,,,,,"5,83",6,"1,25","1,2","5,13","6,18","1,31","1,47","6,75","1,67","6,75","6,5",7,"2,5","1,25","1,25","4,2","3,33",0,"2,33",6,"6,75",1,"2,75","5,75",1,"6,5","5,75",7,"1,25",1,1,"5,65","1,39","1,67","6,25","1,88"
37,PV,81,"6,6",7,1,1,81,5,,,,,,"5,83",6,"1,25","1,2","5,13","6,18","1,31","1,47","6,75","1,67","6,75","6,5",7,"2,5","1,25","1,25","4,2","3,33",0,"2,33",6,"6,75",1,"2,75","5,75",1,"6,5","5,75",7,"1,25",1,1,"5,65","1,39","1,67","6,25","1,88"
37,PV,82,"6,6",7,1,1,80,5,,,,,,"5,83",6,"1,25","1,2","5,13","6,18","1,31","1,47","6,75","1,67","6,75","6,5",7,"2,5","1,25","1,25","4,2","3,33",0,"2,33",6,"6,75",1,"2,75","5,75",1,"6,5","5,75",7,"1,25",1,1,"5,65","1,39","1,67","6,25","1,88"
37,PV,83,"6,25",5,1,1,68,5,,,11,,,"5,83",6,"1,25","1,2","5,13","6,18","1,31","1,47","6,75","1,67","6,75","6,5",7,"2,5","1,25","1,25","4,2","3,33",0,"2,33",6,"6,75",1,"2,75","5,75",1,"6,5","5,75",7,"1,25",1,1,"5,65","1,39","1,67","6,25","1,88"
37,PV,84,"6,25",5,1,1,53,5,,,11,,,"5,83",6,"1,25","1,2","5,13","6,18","1,31","1,47","6,75","1,67","6,75","6,5",7,"2,5","1,25","1,25","4,2","3,33",0,"2,33",6,"6,75",1,"2,75","5,75",1,"6,5","5,75",7,"1,25",1,1,"5,65","1,39","1,67","6,25","1,88"
37,PV,85,"6,25",5,1,1,51,5,,,11,,,"5,83",6,"1,25","1,2","5,13","6,18","1,31","1,47","6,75","1,67","6,75","6,5",7,"2,5","1,25","1,25","4,2","3,33",0,"2,33",6,"6,75",1,"2,75","5,75",1,"6,5","5,75",7,"1,25",1,1,"5,65","1,39","1,67","6,25","1,88"
37,PV,86,"6,25",5,1,1,52,5,,,11,,,"5,83",6,"1,25","1,2","5,13","6,18","1,31","1,47","6,75","1,67","6,75","6,5",7,"2,5","1,25","1,25","4,2","3,33",0,"2,33",6,"6,75",1,"2,75","5,75",1,"6,5","5,75",7,"1,25",1,1,"5,65","1,39","1,67","6,25","1,88"
37,PV,87,"6,25",5,1,1,60,5,,,11,,,"5,83",6,"1,25","1,2","5,13","6,18","1,31","1,47","6,75","1,67","6,75","6,5",7,"2,5","1,25","1,25","4,2","3,33",0,"2,33",6,"6,75",1,"2,75","5,75",1,"6,5","5,75",7,"1,25",1,1,"5,65","1,39","1,67","6,25","1,88"
37,PV,88,7,7,1,1,69,5,,,,,,"5,83",6,"1,25","1,2","5,13","6,18","1,31","1,47","6,75","1,67","6,75","6,5",7,"2,5","1,25","1,25","4,2","3,33",0,"2,33",6,"6,75",1,"2,75","5,75",1,"6,5","5,75",7,"1,25",1,1,"5,65","1,39","1,67","6,25","1,88"
37,PV,89,7,7,1,1,70,5,,,,,,"5,83",6,"1,25","1,2","5,13","6,18","1,31","1,47","6,75","1,67","6,75","6,5",7,"2,5","1,25","1,25","4,2","3,33",0,"2,33",6,"6,75",1,"2,75","5,75",1,"6,5","5,75",7,"1,25",1,1,"5,65","1,39","1,67","6,25","1,88"
37,PV,90,7,7,1,1,70,5,,,,,,"5,83",6,"1,25","1,2","5,13","6,18","1,31","1,47","6,75","1,67","6,75","6,5",7,"2,5","1,25","1,25","4,2","3,33",0,"2,33",6,"6,75",1,"2,75","5,75",1,"6,5","5,75",7,"1,25",1,1,"5,65","1,39","1,67","6,25","1,88"
37,PV,91,7,7,1,1,69,5,,,,,,"5,83",6,"1,25","1,2","5,13","6,18","1,31","1,47","6,75","1,67","6,75","6,5",7,"2,5","1,25","1,25","4,2","3,33",0,"2,33",6,"6,75",1,"2,75","5,75",1,"6,5","5,75",7,"1,25",1,1,"5,65","1,39","1,67","6,25","1,88"
37,PV,92,7,7,1,1,69,5,,,,,,"5,83",6,"1,25","1,2","5,13","6,18","1,31","1,47","6,75","1,67","6,75","6,5",7,"2,5","1,25","1,25","4,2","3,33",0,"2,33",6,"6,75",1,"2,75","5,75",1,"6,5","5,75",7,"1,25",1,1,"5,65","1,39","1,67","6,25","1,88"
37,PV,93,"6,75",7,1,1,69,5,,,11,,,"5,83",6,"1,25","1,2","5,13","6,18","1,31","1,47","6,75","1,67","6,75","6,5",7,"2,5","1,25","1,25","4,2","3,33",0,"2,33",6,"6,75",1,"2,75","5,75",1,"6,5","5,75",7,"1,25",1,1,"5,65","1,39","1,67","6,25","1,88"
37,PV,94,"6,75",7,1,1,66,5,,,11,,,"5,83",6,"1,25","1,2","5,13","6,18","1,31","1,47","6,75","1,67","6,75","6,5",7,"2,5","1,25","1,25","4,2","3,33",0,"2,33",6,"6,75",1,"2,75","5,75",1,"6,5","5,75",7,"1,25",1,1,"5,65","1,39","1,67","6,25","1,88"
37,PV,95,"6,75",7,1,1,61,5,,,11,,,"5,83",6,"1,25","1,2","5,13","6,18","1,31","1,47","6,75","1,67","6,75","6,5",7,"2,5","1,25","1,25","4,2","3,33",0,"2,33",6,"6,75",1,"2,75","5,75",1,"6,5","5,75",7,"1,25",1,1,"5,65","1,39","1,67","6,25","1,88"
37,PV,96,"6,75",7,1,1,61,5,,,11,,,"5,83",6,"1,25","1,2","5,13","6,18","1,31","1,47","6,75","1,67","6,75","6,5",7,"2,5","1,25","1,25","4,2","3,33",0,"2,33",6,"6,75",1,"2,75","5,75",1,"6,5","5,75",7,"1,25",1,1,"5,65","1,39","1,67","6,25","1,88"
37,PV,97,"6,75",7,1,1,60,5,,,11,,,"5,83",6,"1,25","1,2","5,13","6,18","1,31","1,47","6,75","1,67","6,75","6,5",7,"2,5","1,25","1,25","4,2","3,33",0,"2,33",6,"6,75",1,"2,75","5,75",1,"6,5","5,75",7,"1,25",1,1,"5,65","1,39","1,67","6,25","1,88"
37,PV,98,7,"6,333333333",1,1,54,5,,,11,,,"5,83",6,"1,25","1,2","5,13","6,18","1,31","1,47","6,75","1,67","6,75","6,5",7,"2,5","1,25","1,25","4,2","3,33",0,"2,33",6,"6,75",1,"2,75","5,75",1,"6,5","5,75",7,"1,25",1,1,"5,65","1,39","1,67","6,25","1,88"
37,PV,99,7,"6,333333333",1,1,62,5,,,11,,,"5,83",6,"1,25","1,2","5,13","6,18","1,31","1,47","6,75","1,67","6,75","6,5",7,"2,5","1,25","1,25","4,2","3,33",0,"2,33",6,"6,75",1,"2,75","5,75",1,"6,5","5,75",7,"1,25",1,1,"5,65","1,39","1,67","6,25","1,88"
37,PV,100,7,"6,333333333",1,1,59,5,,,11,,,"5,83",6,"1,25","1,2","5,13","6,18","1,31","1,47","6,75","1,67","6,75","6,5",7,"2,5","1,25","1,25","4,2","3,33",0,"2,33",6,"6,75",1,"2,75","5,75",1,"6,5","5,75",7,"1,25",1,1,"5,65","1,39","1,67","6,25","1,88"
37,PV,101,7,"6,333333333",1,1,56,5,,,11,,,"5,83",6,"1,25","1,2","5,13","6,18","1,31","1,47","6,75","1,67","6,75","6,5",7,"2,5","1,25","1,25","4,2","3,33",0,"2,33",6,"6,75",1,"2,75","5,75",1,"6,5","5,75",7,"1,25",1,1,"5,65","1,39","1,67","6,25","1,88"
37,PV,102,7,"6,333333333",1,1,56,5,,,11,,,"5,83",6,"1,25","1,2","5,13","6,18","1,31","1,47","6,75","1,67","6,75","6,5",7,"2,5","1,25","1,25","4,2","3,33",0,"2,33",6,"6,75",1,"2,75","5,75",1,"6,5","5,75",7,"1,25",1,1,"5,65","1,39","1,67","6,25","1,88"
37,PV,103,"6,5","6,333333333",1,1,50,3,5,,,,,"5,83",6,"1,25","1,2","5,13","6,18","1,31","1,47","6,75","1,67","6,75","6,5",7,"2,5","1,25","1,25","4,2","3,33",0,"2,33",6,"6,75",1,"2,75","5,75",1,"6,5","5,75",7,"1,25",1,1,"5,65","1,39","1,67","6,25","1,88"
37,PV,104,"6,5","6,333333333",1,1,50,3,5,,,,,"5,83",6,"1,25","1,2","5,13","6,18","1,31","1,47","6,75","1,67","6,75","6,5",7,"2,5","1,25","1,25","4,2","3,33",0,"2,33",6,"6,75",1,"2,75","5,75",1,"6,5","5,75",7,"1,25",1,1,"5,65","1,39","1,67","6,25","1,88"
37,PV,105,"6,5","6,333333333",1,1,50,3,5,,,,,"5,83",6,"1,25","1,2","5,13","6,18","1,31","1,47","6,75","1,67","6,75","6,5",7,"2,5","1,25","1,25","4,2","3,33",0,"2,33",6,"6,75",1,"2,75","5,75",1,"6,5","5,75",7,"1,25",1,1,"5,65","1,39","1,67","6,25","1,88"
37,PV,106,"6,5","6,333333333",1,1,50,3,5,,,,,"5,83",6,"1,25","1,2","5,13","6,18","1,31","1,47","6,75","1,67","6,75","6,5",7,"2,5","1,25","1,25","4,2","3,33",0,"2,33",6,"6,75",1,"2,75","5,75",1,"6,5","5,75",7,"1,25",1,1,"5,65","1,39","1,67","6,25","1,88"
37,PV,107,"6,5","6,333333333",1,1,51,3,5,,,,,"5,83",6,"1,25","1,2","5,13","6,18","1,31","1,47","6,75","1,67","6,75","6,5",7,"2,5","1,25","1,25","4,2","3,33",0,"2,33",6,"6,75",1,"2,75","5,75",1,"6,5","5,75",7,"1,25",1,1,"5,65","1,39","1,67","6,25","1,88"
37,PV,108,"6,4","6,333333333",1,1,52,3,5,,11,,,"5,83",6,"1,25","1,2","5,13","6,18","1,31","1,47","6,75","1,67","6,75","6,5",7,"2,5","1,25","1,25","4,2","3,33",0,"2,33",6,"6,75",1,"2,75","5,75",1,"6,5","5,75",7,"1,25",1,1,"5,65","1,39","1,67","6,25","1,88"
37,PV,109,"6,4","6,333333333",1,1,65,3,5,,11,,,"5,83",6,"1,25","1,2","5,13","6,18","1,31","1,47","6,75","1,67","6,75","6,5",7,"2,5","1,25","1,25","4,2","3,33",0,"2,33",6,"6,75",1,"2,75","5,75",1,"6,5","5,75",7,"1,25",1,1,"5,65","1,39","1,67","6,25","1,88"
37,PV,110,"6,4","6,333333333",1,1,68,3,5,,11,,,"5,83",6,"1,25","1,2","5,13","6,18","1,31","1,47","6,75","1,67","6,75","6,5",7,"2,5","1,25","1,25","4,2","3,33",0,"2,33",6,"6,75",1,"2,75","5,75",1,"6,5","5,75",7,"1,25",1,1,"5,65","1,39","1,67","6,25","1,88"
37,PV,111,"6,4","6,333333333",1,1,69,3,5,,11,,,"5,83",6,"1,25","1,2","5,13","6,18","1,31","1,47","6,75","1,67","6,75","6,5",7,"2,5","1,25","1,25","4,2","3,33",0,"2,33",6,"6,75",1,"2,75","5,75",1,"6,5","5,75",7,"1,25",1,1,"5,65","1,39","1,67","6,25","1,88"
37,PV,112,"6,4","6,333333333",1,1,69,3,5,,11,,,"5,83",6,"1,25","1,2","5,13","6,18","1,31","1,47","6,75","1,67","6,75","6,5",7,"2,5","1,25","1,25","4,2","3,33",0,"2,33",6,"6,75",1,"2,75","5,75",1,"6,5","5,75",7,"1,25",1,1,"5,65","1,39","1,67","6,25","1,88"
37,PV,113,7,7,1,1,63,5,,,,,,"5,83",6,"1,25","1,2","5,13","6,18","1,31","1,47","6,75","1,67","6,75","6,5",7,"2,5","1,25","1,25","4,2","3,33",0,"2,33",6,"6,75",1,"2,75","5,75",1,"6,5","5,75",7,"1,25",1,1,"5,65","1,39","1,67","6,25","1,88"
37,PV,114,7,7,1,1,56,5,,,,,,"5,83",6,"1,25","1,2","5,13","6,18","1,31","1,47","6,75","1,67","6,75","6,5",7,"2,5","1,25","1,25","4,2","3,33",0,"2,33",6,"6,75",1,"2,75","5,75",1,"6,5","5,75",7,"1,25",1,1,"5,65","1,39","1,67","6,25","1,88"
37,PV,115,7,7,1,1,52,5,,,,,,"5,83",6,"1,25","1,2","5,13","6,18","1,31","1,47","6,75","1,67","6,75","6,5",7,"2,5","1,25","1,25","4,2","3,33",0,"2,33",6,"6,75",1,"2,75","5,75",1,"6,5","5,75",7,"1,25",1,1,"5,65","1,39","1,67","6,25","1,88"
37,PV,116,7,7,1,1,52,5,,,,,,"5,83",6,"1,25","1,2","5,13","6,18","1,31","1,47","6,75","1,67","6,75","6,5",7,"2,5","1,25","1,25","4,2","3,33",0,"2,33",6,"6,75",1,"2,75","5,75",1,"6,5","5,75",7,"1,25",1,1,"5,65","1,39","1,67","6,25","1,88"
37,PV,117,7,7,1,1,51,5,,,,,,"5,83",6,"1,25","1,2","5,13","6,18","1,31","1,47","6,75","1,67","6,75","6,5",7,"2,5","1,25","1,25","4,2","3,33",0,"2,33",6,"6,75",1,"2,75","5,75",1,"6,5","5,75",7,"1,25",1,1,"5,65","1,39","1,67","6,25","1,88"
37,PV,118,7,7,1,1,51,7,,,3,,,"5,83",6,"1,25","1,2","5,13","6,18","1,31","1,47","6,75","1,67","6,75","6,5",7,"2,5","1,25","1,25","4,2","3,33",0,"2,33",6,"6,75",1,"2,75","5,75",1,"6,5","5,75",7,"1,25",1,1,"5,65","1,39","1,67","6,25","1,88"
37,PV,119,7,7,1,1,68,7,,,3,,,"5,83",6,"1,25","1,2","5,13","6,18","1,31","1,47","6,75","1,67","6,75","6,5",7,"2,5","1,25","1,25","4,2","3,33",0,"2,33",6,"6,75",1,"2,75","5,75",1,"6,5","5,75",7,"1,25",1,1,"5,65","1,39","1,67","6,25","1,88"
37,PV,120,7,7,1,1,74,7,,,3,,,"5,83",6,"1,25","1,2","5,13","6,18","1,31","1,47","6,75","1,67","6,75","6,5",7,"2,5","1,25","1,25","4,2","3,33",0,"2,33",6,"6,75",1,"2,75","5,75",1,"6,5","5,75",7,"1,25",1,1,"5,65","1,39","1,67","6,25","1,88"
37,PV,121,7,7,1,1,75,7,,,3,,,"5,83",6,"1,25","1,2","5,13","6,18","1,31","1,47","6,75","1,67","6,75","6,5",7,"2,5","1,25","1,25","4,2","3,33",0,"2,33",6,"6,75",1,"2,75","5,75",1,"6,5","5,75",7,"1,25",1,1,"5,65","1,39","1,67","6,25","1,88"
37,PV,122,7,7,1,1,76,7,,,3,,,"5,83",6,"1,25","1,2","5,13","6,18","1,31","1,47","6,75","1,67","6,75","6,5",7,"2,5","1,25","1,25","4,2","3,33",0,"2,33",6,"6,75",1,"2,75","5,75",1,"6,5","5,75",7,"1,25",1,1,"5,65","1,39","1,67","6,25","1,88"
37,PV,123,,,,,76,7,,,3,,,"5,83",6,"1,25","1,2","5,13","6,18","1,31","1,47","6,75","1,67","6,75","6,5",7,"2,5","1,25","1,25","4,2","3,33",0,"2,33",6,"6,75",1,"2,75","5,75",1,"6,5","5,75",7,"1,25",1,1,"5,65","1,39","1,67","6,25","1,88"
37,PV,124,,,,,76,7,,,3,,,"5,83",6,"1,25","1,2","5,13","6,18","1,31","1,47","6,75","1,67","6,75","6,5",7,"2,5","1,25","1,25","4,2","3,33",0,"2,33",6,"6,75",1,"2,75","5,75",1,"6,5","5,75",7,"1,25",1,1,"5,65","1,39","1,67","6,25","1,88"
37,PV,125,,,,,72,7,,,3,,,"5,83",6,"1,25","1,2","5,13","6,18","1,31","1,47","6,75","1,67","6,75","6,5",7,"2,5","1,25","1,25","4,2","3,33",0,"2,33",6,"6,75",1,"2,75","5,75",1,"6,5","5,75",7,"1,25",1,1,"5,65","1,39","1,67","6,25","1,88"
37,PV,126,,,,,58,7,,,3,,,"5,83",6,"1,25","1,2","5,13","6,18","1,31","1,47","6,75","1,67","6,75","6,5",7,"2,5","1,25","1,25","4,2","3,33",0,"2,33",6,"6,75",1,"2,75","5,75",1,"6,5","5,75",7,"1,25",1,1,"5,65","1,39","1,67","6,25","1,88"
37,PV,127,,,,,63,7,,,3,,,"5,83",6,"1,25","1,2","5,13","6,18","1,31","1,47","6,75","1,67","6,75","6,5",7,"2,5","1,25","1,25","4,2","3,33",0,"2,33",6,"6,75",1,"2,75","5,75",1,"6,5","5,75",7,"1,25",1,1,"5,65","1,39","1,67","6,25","1,88"
37,PV,128,,,,,68,7,,,3,,,"5,83",6,"1,25","1,2","5,13","6,18","1,31","1,47","6,75","1,67","6,75","6,5",7,"2,5","1,25","1,25","4,2","3,33",0,"2,33",6,"6,75",1,"2,75","5,75",1,"6,5","5,75",7,"1,25",1,1,"5,65","1,39","1,67","6,25","1,88"
37,PV,129,,,,,71,7,,,3,,,"5,83",6,"1,25","1,2","5,13","6,18","1,31","1,47","6,75","1,67","6,75","6,5",7,"2,5","1,25","1,25","4,2","3,33",0,"2,33",6,"6,75",1,"2,75","5,75",1,"6,5","5,75",7,"1,25",1,1,"5,65","1,39","1,67","6,25","1,88"
37,PV,130,,,,,66,7,,,3,,,"5,83",6,"1,25","1,2","5,13","6,18","1,31","1,47","6,75","1,67","6,75","6,5",7,"2,5","1,25","1,25","4,2","3,33",0,"2,33",6,"6,75",1,"2,75","5,75",1,"6,5","5,75",7,"1,25",1,1,"5,65","1,39","1,67","6,25","1,88"
37,PV,131,,,,,50,7,,,3,,,"5,83",6,"1,25","1,2","5,13","6,18","1,31","1,47","6,75","1,67","6,75","6,5",7,"2,5","1,25","1,25","4,2","3,33",0,"2,33",6,"6,75",1,"2,75","5,75",1,"6,5","5,75",7,"1,25",1,1,"5,65","1,39","1,67","6,25","1,88"
37,PV,132,,,,,48,7,,,3,,,"5,83",6,"1,25","1,2","5,13","6,18","1,31","1,47","6,75","1,67","6,75","6,5",7,"2,5","1,25","1,25","4,2","3,33",0,"2,33",6,"6,75",1,"2,75","5,75",1,"6,5","5,75",7,"1,25",1,1,"5,65","1,39","1,67","6,25","1,88"
37,PV,133,5,5,1,1,49,7,,,3,,,"5,83",6,"1,25","1,2","5,13","6,18","1,31","1,47","6,75","1,67","6,75","6,5",7,"2,5","1,25","1,25","4,2","3,33",0,"2,33",6,"6,75",1,"2,75","5,75",1,"6,5","5,75",7,"1,25",1,1,"5,65","1,39","1,67","6,25","1,88"
37,PV,134,5,5,1,1,53,7,,,3,,,"5,83",6,"1,25","1,2","5,13","6,18","1,31","1,47","6,75","1,67","6,75","6,5",7,"2,5","1,25","1,25","4,2","3,33",0,"2,33",6,"6,75",1,"2,75","5,75",1,"6,5","5,75",7,"1,25",1,1,"5,65","1,39","1,67","6,25","1,88"
37,PV,135,5,5,1,1,52,7,,,3,,,"5,83",6,"1,25","1,2","5,13","6,18","1,31","1,47","6,75","1,67","6,75","6,5",7,"2,5","1,25","1,25","4,2","3,33",0,"2,33",6,"6,75",1,"2,75","5,75",1,"6,5","5,75",7,"1,25",1,1,"5,65","1,39","1,67","6,25","1,88"
37,PV,136,5,5,1,1,46,7,,,3,,,"5,83",6,"1,25","1,2","5,13","6,18","1,31","1,47","6,75","1,67","6,75","6,5",7,"2,5","1,25","1,25","4,2","3,33",0,"2,33",6,"6,75",1,"2,75","5,75",1,"6,5","5,75",7,"1,25",1,1,"5,65","1,39","1,67","6,25","1,88"
37,PV,137,5,5,1,1,52,7,,,3,,,"5,83",6,"1,25","1,2","5,13","6,18","1,31","1,47","6,75","1,67","6,75","6,5",7,"2,5","1,25","1,25","4,2","3,33",0,"2,33",6,"6,75",1,"2,75","5,75",1,"6,5","5,75",7,"1,25",1,1,"5,65","1,39","1,67","6,25","1,88"
37,PV,138,"5,4",5,1,1,51,7,,,3,,,"5,83",6,"1,25","1,2","5,13","6,18","1,31","1,47","6,75","1,67","6,75","6,5",7,"2,5","1,25","1,25","4,2","3,33",0,"2,33",6,"6,75",1,"2,75","5,75",1,"6,5","5,75",7,"1,25",1,1,"5,65","1,39","1,67","6,25","1,88"
37,PV,139,"5,4",5,1,1,49,7,,,3,,,"5,83",6,"1,25","1,2","5,13","6,18","1,31","1,47","6,75","1,67","6,75","6,5",7,"2,5","1,25","1,25","4,2","3,33",0,"2,33",6,"6,75",1,"2,75","5,75",1,"6,5","5,75",7,"1,25",1,1,"5,65","1,39","1,67","6,25","1,88"
37,PV,140,"5,4",5,1,1,48,7,,,3,,,"5,83",6,"1,25","1,2","5,13","6,18","1,31","1,47","6,75","1,67","6,75","6,5",7,"2,5","1,25","1,25","4,2","3,33",0,"2,33",6,"6,75",1,"2,75","5,75",1,"6,5","5,75",7,"1,25",1,1,"5,65","1,39","1,67","6,25","1,88"
37,PV,141,"5,4",5,1,,73,7,,,3,,,"5,83",6,"1,25","1,2","5,13","6,18","1,31","1,47","6,75","1,67","6,75","6,5",7,"2,5","1,25","1,25","4,2","3,33",0,"2,33",6,"6,75",1,"2,75","5,75",1,"6,5","5,75",7,"1,25",1,1,"5,65","1,39","1,67","6,25","1,88"
37,PV,142,"5,4",5,1,,83,7,,,3,,,"5,83",6,"1,25","1,2","5,13","6,18","1,31","1,47","6,75","1,67","6,75","6,5",7,"2,5","1,25","1,25","4,2","3,33",0,"2,33",6,"6,75",1,"2,75","5,75",1,"6,5","5,75",7,"1,25",1,1,"5,65","1,39","1,67","6,25","1,88"
37,PV,143,"6,6",7,1,1,67,7,,,3,,,"5,83",6,"1,25","1,2","5,13","6,18","1,31","1,47","6,75","1,67","6,75","6,5",7,"2,5","1,25","1,25","4,2","3,33",0,"2,33",6,"6,75",1,"2,75","5,75",1,"6,5","5,75",7,"1,25",1,1,"5,65","1,39","1,67","6,25","1,88"
37,PV,144,"6,6",7,1,1,53,7,,,3,,,"5,83",6,"1,25","1,2","5,13","6,18","1,31","1,47","6,75","1,67","6,75","6,5",7,"2,5","1,25","1,25","4,2","3,33",0,"2,33",6,"6,75",1,"2,75","5,75",1,"6,5","5,75",7,"1,25",1,1,"5,65","1,39","1,67","6,25","1,88"
37,PV,145,"6,6",7,1,1,50,7,,,3,,,"5,83",6,"1,25","1,2","5,13","6,18","1,31","1,47","6,75","1,67","6,75","6,5",7,"2,5","1,25","1,25","4,2","3,33",0,"2,33",6,"6,75",1,"2,75","5,75",1,"6,5","5,75",7,"1,25",1,1,"5,65","1,39","1,67","6,25","1,88"
37,PV,146,"6,6",7,1,1,69,7,,,3,,,"5,83",6,"1,25","1,2","5,13","6,18","1,31","1,47","6,75","1,67","6,75","6,5",7,"2,5","1,25","1,25","4,2","3,33",0,"2,33",6,"6,75",1,"2,75","5,75",1,"6,5","5,75",7,"1,25",1,1,"5,65","1,39","1,67","6,25","1,88"
37,PV,147,"6,6",7,1,1,81,7,,,3,,,"5,83",6,"1,25","1,2","5,13","6,18","1,31","1,47","6,75","1,67","6,75","6,5",7,"2,5","1,25","1,25","4,2","3,33",0,"2,33",6,"6,75",1,"2,75","5,75",1,"6,5","5,75",7,"1,25",1,1,"5,65","1,39","1,67","6,25","1,88"
37,PV,148,7,7,1,1,93,7,8,9,3,,,"5,83",6,"1,25","1,2","5,13","6,18","1,31","1,47","6,75","1,67","6,75","6,5",7,"2,5","1,25","1,25","4,2","3,33",0,"2,33",6,"6,75",1,"2,75","5,75",1,"6,5","5,75",7,"1,25",1,1,"5,65","1,39","1,67","6,25","1,88"
37,PV,149,7,7,1,1,76,7,8,9,3,,,"5,83",6,"1,25","1,2","5,13","6,18","1,31","1,47","6,75","1,67","6,75","6,5",7,"2,5","1,25","1,25","4,2","3,33",0,"2,33",6,"6,75",1,"2,75","5,75",1,"6,5","5,75",7,"1,25",1,1,"5,65","1,39","1,67","6,25","1,88"
37,PV,150,7,7,1,1,56,7,8,9,3,,,"5,83",6,"1,25","1,2","5,13","6,18","1,31","1,47","6,75","1,67","6,75","6,5",7,"2,5","1,25","1,25","4,2","3,33",0,"2,33",6,"6,75",1,"2,75","5,75",1,"6,5","5,75",7,"1,25",1,1,"5,65","1,39","1,67","6,25","1,88"
37,PV,151,7,7,1,1,45,7,8,9,3,,,"5,83",6,"1,25","1,2","5,13","6,18","1,31","1,47","6,75","1,67","6,75","6,5",7,"2,5","1,25","1,25","4,2","3,33",0,"2,33",6,"6,75",1,"2,75","5,75",1,"6,5","5,75",7,"1,25",1,1,"5,65","1,39","1,67","6,25","1,88"
37,PV,152,7,7,1,1,39,7,8,9,3,,,"5,83",6,"1,25","1,2","5,13","6,18","1,31","1,47","6,75","1,67","6,75","6,5",7,"2,5","1,25","1,25","4,2","3,33",0,"2,33",6,"6,75",1,"2,75","5,75",1,"6,5","5,75",7,"1,25",1,1,"5,65","1,39","1,67","6,25","1,88"
37,PV,153,7,7,1,1,46,7,8,9,3,,,"5,83",6,"1,25","1,2","5,13","6,18","1,31","1,47","6,75","1,67","6,75","6,5",7,"2,5","1,25","1,25","4,2","3,33",0,"2,33",6,"6,75",1,"2,75","5,75",1,"6,5","5,75",7,"1,25",1,1,"5,65","1,39","1,67","6,25","1,88"
37,PV,154,7,7,1,1,47,7,8,9,3,,,"5,83",6,"1,25","1,2","5,13","6,18","1,31","1,47","6,75","1,67","6,75","6,5",7,"2,5","1,25","1,25","4,2","3,33",0,"2,33",6,"6,75",1,"2,75","5,75",1,"6,5","5,75",7,"1,25",1,1,"5,65","1,39","1,67","6,25","1,88"
37,PV,155,7,7,1,1,51,7,8,9,3,,,"5,83",6,"1,25","1,2","5,13","6,18","1,31","1,47","6,75","1,67","6,75","6,5",7,"2,5","1,25","1,25","4,2","3,33",0,"2,33",6,"6,75",1,"2,75","5,75",1,"6,5","5,75",7,"1,25",1,1,"5,65","1,39","1,67","6,25","1,88"
38,PS,1,"6,8",7,1,1,52,1,4,5,,,,"6,17","6,2","1,5","1,2","5,13","5,53","1,69","1,8","6,33","1,25","6,25","6,5","6,25","1,5","1,25",1,"5,2","0,67","0,33","4,67","6,2",6,"1,25","2,5","6,25","1,25","6,75",7,7,"2,25",1,1,"5,33","1,74","0,5","6,13","1,88"
38,PS,2,"6,8",7,1,1,50,1,4,5,,,,"6,17","6,2","1,5","1,2","5,13","5,53","1,69","1,8","6,33","1,25","6,25","6,5","6,25","1,5","1,25",1,"5,2","0,67","0,33","4,67","6,2",6,"1,25","2,5","6,25","1,25","6,75",7,7,"2,25",1,1,"5,33","1,74","0,5","6,13","1,88"
38,PS,3,"6,8",7,1,1,47,1,4,5,,,,"6,17","6,2","1,5","1,2","5,13","5,53","1,69","1,8","6,33","1,25","6,25","6,5","6,25","1,5","1,25",1,"5,2","0,67","0,33","4,67","6,2",6,"1,25","2,5","6,25","1,25","6,75",7,7,"2,25",1,1,"5,33","1,74","0,5","6,13","1,88"
38,PS,4,"6,8",7,1,1,49,1,4,5,,,,"6,17","6,2","1,5","1,2","5,13","5,53","1,69","1,8","6,33","1,25","6,25","6,5","6,25","1,5","1,25",1,"5,2","0,67","0,33","4,67","6,2",6,"1,25","2,5","6,25","1,25","6,75",7,7,"2,25",1,1,"5,33","1,74","0,5","6,13","1,88"
38,PS,5,"6,8",7,1,1,58,1,4,5,,,,"6,17","6,2","1,5","1,2","5,13","5,53","1,69","1,8","6,33","1,25","6,25","6,5","6,25","1,5","1,25",1,"5,2","0,67","0,33","4,67","6,2",6,"1,25","2,5","6,25","1,25","6,75",7,7,"2,25",1,1,"5,33","1,74","0,5","6,13","1,88"
38,PS,6,7,7,1,1,53,5,,,,,,"6,17","6,2","1,5","1,2","5,13","5,53","1,69","1,8","6,33","1,25","6,25","6,5","6,25","1,5","1,25",1,"5,2","0,67","0,33","4,67","6,2",6,"1,25","2,5","6,25","1,25","6,75",7,7,"2,25",1,1,"5,33","1,74","0,5","6,13","1,88"
38,PS,7,7,7,1,1,62,5,,,,,,"6,17","6,2","1,5","1,2","5,13","5,53","1,69","1,8","6,33","1,25","6,25","6,5","6,25","1,5","1,25",1,"5,2","0,67","0,33","4,67","6,2",6,"1,25","2,5","6,25","1,25","6,75",7,7,"2,25",1,1,"5,33","1,74","0,5","6,13","1,88"
38,PS,8,7,7,1,1,49,5,,,,,,"6,17","6,2","1,5","1,2","5,13","5,53","1,69","1,8","6,33","1,25","6,25","6,5","6,25","1,5","1,25",1,"5,2","0,67","0,33","4,67","6,2",6,"1,25","2,5","6,25","1,25","6,75",7,7,"2,25",1,1,"5,33","1,74","0,5","6,13","1,88"
38,PS,9,7,7,1,1,49,5,,,,,,"6,17","6,2","1,5","1,2","5,13","5,53","1,69","1,8","6,33","1,25","6,25","6,5","6,25","1,5","1,25",1,"5,2","0,67","0,33","4,67","6,2",6,"1,25","2,5","6,25","1,25","6,75",7,7,"2,25",1,1,"5,33","1,74","0,5","6,13","1,88"
38,PS,10,7,7,1,1,53,5,,,,,,"6,17","6,2","1,5","1,2","5,13","5,53","1,69","1,8","6,33","1,25","6,25","6,5","6,25","1,5","1,25",1,"5,2","0,67","0,33","4,67","6,2",6,"1,25","2,5","6,25","1,25","6,75",7,7,"2,25",1,1,"5,33","1,74","0,5","6,13","1,88"
38,PS,11,"6,5",5,1,1,55,5,,,,,,"6,17","6,2","1,5","1,2","5,13","5,53","1,69","1,8","6,33","1,25","6,25","6,5","6,25","1,5","1,25",1,"5,2","0,67","0,33","4,67","6,2",6,"1,25","2,5","6,25","1,25","6,75",7,7,"2,25",1,1,"5,33","1,74","0,5","6,13","1,88"
38,PS,12,"6,5",5,1,1,57,5,,,,,,"6,17","6,2","1,5","1,2","5,13","5,53","1,69","1,8","6,33","1,25","6,25","6,5","6,25","1,5","1,25",1,"5,2","0,67","0,33","4,67","6,2",6,"1,25","2,5","6,25","1,25","6,75",7,7,"2,25",1,1,"5,33","1,74","0,5","6,13","1,88"
38,PS,13,"6,5",5,1,1,64,5,,,,,,"6,17","6,2","1,5","1,2","5,13","5,53","1,69","1,8","6,33","1,25","6,25","6,5","6,25","1,5","1,25",1,"5,2","0,67","0,33","4,67","6,2",6,"1,25","2,5","6,25","1,25","6,75",7,7,"2,25",1,1,"5,33","1,74","0,5","6,13","1,88"
38,PS,14,"6,5",5,1,1,48,5,,,,,,"6,17","6,2","1,5","1,2","5,13","5,53","1,69","1,8","6,33","1,25","6,25","6,5","6,25","1,5","1,25",1,"5,2","0,67","0,33","4,67","6,2",6,"1,25","2,5","6,25","1,25","6,75",7,7,"2,25",1,1,"5,33","1,74","0,5","6,13","1,88"
38,PS,15,"6,5",5,1,1,53,5,,,,,,"6,17","6,2","1,5","1,2","5,13","5,53","1,69","1,8","6,33","1,25","6,25","6,5","6,25","1,5","1,25",1,"5,2","0,67","0,33","4,67","6,2",6,"1,25","2,5","6,25","1,25","6,75",7,7,"2,25",1,1,"5,33","1,74","0,5","6,13","1,88"
38,PS,16,7,7,1,1,53,3,5,,,,,"6,17","6,2","1,5","1,2","5,13","5,53","1,69","1,8","6,33","1,25","6,25","6,5","6,25","1,5","1,25",1,"5,2","0,67","0,33","4,67","6,2",6,"1,25","2,5","6,25","1,25","6,75",7,7,"2,25",1,1,"5,33","1,74","0,5","6,13","1,88"
38,PS,17,7,7,1,1,50,3,5,,,,,"6,17","6,2","1,5","1,2","5,13","5,53","1,69","1,8","6,33","1,25","6,25","6,5","6,25","1,5","1,25",1,"5,2","0,67","0,33","4,67","6,2",6,"1,25","2,5","6,25","1,25","6,75",7,7,"2,25",1,1,"5,33","1,74","0,5","6,13","1,88"
38,PS,18,7,7,1,1,43,3,5,,,,,"6,17","6,2","1,5","1,2","5,13","5,53","1,69","1,8","6,33","1,25","6,25","6,5","6,25","1,5","1,25",1,"5,2","0,67","0,33","4,67","6,2",6,"1,25","2,5","6,25","1,25","6,75",7,7,"2,25",1,1,"5,33","1,74","0,5","6,13","1,88"
38,PS,19,7,7,1,1,50,3,5,,,,,"6,17","6,2","1,5","1,2","5,13","5,53","1,69","1,8","6,33","1,25","6,25","6,5","6,25","1,5","1,25",1,"5,2","0,67","0,33","4,67","6,2",6,"1,25","2,5","6,25","1,25","6,75",7,7,"2,25",1,1,"5,33","1,74","0,5","6,13","1,88"
38,PS,20,7,7,1,1,64,3,5,,,,,"6,17","6,2","1,5","1,2","5,13","5,53","1,69","1,8","6,33","1,25","6,25","6,5","6,25","1,5","1,25",1,"5,2","0,67","0,33","4,67","6,2",6,"1,25","2,5","6,25","1,25","6,75",7,7,"2,25",1,1,"5,33","1,74","0,5","6,13","1,88"
38,PS,21,7,"6,333333333",1,1,70,3,5,,,,,"6,17","6,2","1,5","1,2","5,13","5,53","1,69","1,8","6,33","1,25","6,25","6,5","6,25","1,5","1,25",1,"5,2","0,67","0,33","4,67","6,2",6,"1,25","2,5","6,25","1,25","6,75",7,7,"2,25",1,1,"5,33","1,74","0,5","6,13","1,88"
38,PS,22,7,"6,333333333",1,1,60,3,5,,,,,"6,17","6,2","1,5","1,2","5,13","5,53","1,69","1,8","6,33","1,25","6,25","6,5","6,25","1,5","1,25",1,"5,2","0,67","0,33","4,67","6,2",6,"1,25","2,5","6,25","1,25","6,75",7,7,"2,25",1,1,"5,33","1,74","0,5","6,13","1,88"
38,PS,23,7,"6,333333333",1,1,64,3,5,,,,,"6,17","6,2","1,5","1,2","5,13","5,53","1,69","1,8","6,33","1,25","6,25","6,5","6,25","1,5","1,25",1,"5,2","0,67","0,33","4,67","6,2",6,"1,25","2,5","6,25","1,25","6,75",7,7,"2,25",1,1,"5,33","1,74","0,5","6,13","1,88"
38,PS,24,7,"6,333333333",1,1,55,3,5,,,,,"6,17","6,2","1,5","1,2","5,13","5,53","1,69","1,8","6,33","1,25","6,25","6,5","6,25","1,5","1,25",1,"5,2","0,67","0,33","4,67","6,2",6,"1,25","2,5","6,25","1,25","6,75",7,7,"2,25",1,1,"5,33","1,74","0,5","6,13","1,88"
38,PS,25,7,"6,333333333",1,1,48,3,5,,,,,"6,17","6,2","1,5","1,2","5,13","5,53","1,69","1,8","6,33","1,25","6,25","6,5","6,25","1,5","1,25",1,"5,2","0,67","0,33","4,67","6,2",6,"1,25","2,5","6,25","1,25","6,75",7,7,"2,25",1,1,"5,33","1,74","0,5","6,13","1,88"
38,PS,26,,7,,1,50,,,,,,,"6,17","6,2","1,5","1,2","5,13","5,53","1,69","1,8","6,33","1,25","6,25","6,5","6,25","1,5","1,25",1,"5,2","0,67","0,33","4,67","6,2",6,"1,25","2,5","6,25","1,25","6,75",7,7,"2,25",1,1,"5,33","1,74","0,5","6,13","1,88"
38,PS,27,,7,,1,48,,,,,,,"6,17","6,2","1,5","1,2","5,13","5,53","1,69","1,8","6,33","1,25","6,25","6,5","6,25","1,5","1,25",1,"5,2","0,67","0,33","4,67","6,2",6,"1,25","2,5","6,25","1,25","6,75",7,7,"2,25",1,1,"5,33","1,74","0,5","6,13","1,88"
38,PS,28,,7,,1,49,,,,,,,"6,17","6,2","1,5","1,2","5,13","5,53","1,69","1,8","6,33","1,25","6,25","6,5","6,25","1,5","1,25",1,"5,2","0,67","0,33","4,67","6,2",6,"1,25","2,5","6,25","1,25","6,75",7,7,"2,25",1,1,"5,33","1,74","0,5","6,13","1,88"
38,PS,29,,7,,1,51,,,,,,,"6,17","6,2","1,5","1,2","5,13","5,53","1,69","1,8","6,33","1,25","6,25","6,5","6,25","1,5","1,25",1,"5,2","0,67","0,33","4,67","6,2",6,"1,25","2,5","6,25","1,25","6,75",7,7,"2,25",1,1,"5,33","1,74","0,5","6,13","1,88"
38,PS,30,,7,,1,47,,,,,,,"6,17","6,2","1,5","1,2","5,13","5,53","1,69","1,8","6,33","1,25","6,25","6,5","6,25","1,5","1,25",1,"5,2","0,67","0,33","4,67","6,2",6,"1,25","2,5","6,25","1,25","6,75",7,7,"2,25",1,1,"5,33","1,74","0,5","6,13","1,88"
38,PS,31,,,,,44,,,,,,,"6,17","6,2","1,5","1,2","5,13","5,53","1,69","1,8","6,33","1,25","6,25","6,5","6,25","1,5","1,25",1,"5,2","0,67","0,33","4,67","6,2",6,"1,25","2,5","6,25","1,25","6,75",7,7,"2,25",1,1,"5,33","1,74","0,5","6,13","1,88"
38,PS,32,,,,,46,,,,,,,"6,17","6,2","1,5","1,2","5,13","5,53","1,69","1,8","6,33","1,25","6,25","6,5","6,25","1,5","1,25",1,"5,2","0,67","0,33","4,67","6,2",6,"1,25","2,5","6,25","1,25","6,75",7,7,"2,25",1,1,"5,33","1,74","0,5","6,13","1,88"
38,PS,33,,,,,40,,,,,,,"6,17","6,2","1,5","1,2","5,13","5,53","1,69","1,8","6,33","1,25","6,25","6,5","6,25","1,5","1,25",1,"5,2","0,67","0,33","4,67","6,2",6,"1,25","2,5","6,25","1,25","6,75",7,7,"2,25",1,1,"5,33","1,74","0,5","6,13","1,88"
38,PS,34,,,,,41,,,,,,,"6,17","6,2","1,5","1,2","5,13","5,53","1,69","1,8","6,33","1,25","6,25","6,5","6,25","1,5","1,25",1,"5,2","0,67","0,33","4,67","6,2",6,"1,25","2,5","6,25","1,25","6,75",7,7,"2,25",1,1,"5,33","1,74","0,5","6,13","1,88"
38,PS,35,,,,,39,,,,,,,"6,17","6,2","1,5","1,2","5,13","5,53","1,69","1,8","6,33","1,25","6,25","6,5","6,25","1,5","1,25",1,"5,2","0,67","0,33","4,67","6,2",6,"1,25","2,5","6,25","1,25","6,75",7,7,"2,25",1,1,"5,33","1,74","0,5","6,13","1,88"
38,PS,36,,,,,53,,,,,,,"6,17","6,2","1,5","1,2","5,13","5,53","1,69","1,8","6,33","1,25","6,25","6,5","6,25","1,5","1,25",1,"5,2","0,67","0,33","4,67","6,2",6,"1,25","2,5","6,25","1,25","6,75",7,7,"2,25",1,1,"5,33","1,74","0,5","6,13","1,88"
38,PS,37,,,,,54,,,,,,,"6,17","6,2","1,5","1,2","5,13","5,53","1,69","1,8","6,33","1,25","6,25","6,5","6,25","1,5","1,25",1,"5,2","0,67","0,33","4,67","6,2",6,"1,25","2,5","6,25","1,25","6,75",7,7,"2,25",1,1,"5,33","1,74","0,5","6,13","1,88"
38,PS,38,,,,,49,,,,,,,"6,17","6,2","1,5","1,2","5,13","5,53","1,69","1,8","6,33","1,25","6,25","6,5","6,25","1,5","1,25",1,"5,2","0,67","0,33","4,67","6,2",6,"1,25","2,5","6,25","1,25","6,75",7,7,"2,25",1,1,"5,33","1,74","0,5","6,13","1,88"
38,PS,39,,,,,40,,,,,,,"6,17","6,2","1,5","1,2","5,13","5,53","1,69","1,8","6,33","1,25","6,25","6,5","6,25","1,5","1,25",1,"5,2","0,67","0,33","4,67","6,2",6,"1,25","2,5","6,25","1,25","6,75",7,7,"2,25",1,1,"5,33","1,74","0,5","6,13","1,88"
38,PS,40,,,,,32,,,,,,,"6,17","6,2","1,5","1,2","5,13","5,53","1,69","1,8","6,33","1,25","6,25","6,5","6,25","1,5","1,25",1,"5,2","0,67","0,33","4,67","6,2",6,"1,25","2,5","6,25","1,25","6,75",7,7,"2,25",1,1,"5,33","1,74","0,5","6,13","1,88"
38,PS,41,,7,,,37,5,,,,,,"6,17","6,2","1,5","1,2","5,13","5,53","1,69","1,8","6,33","1,25","6,25","6,5","6,25","1,5","1,25",1,"5,2","0,67","0,33","4,67","6,2",6,"1,25","2,5","6,25","1,25","6,75",7,7,"2,25",1,1,"5,33","1,74","0,5","6,13","1,88"
38,PS,42,,7,,,38,5,,,,,,"6,17","6,2","1,5","1,2","5,13","5,53","1,69","1,8","6,33","1,25","6,25","6,5","6,25","1,5","1,25",1,"5,2","0,67","0,33","4,67","6,2",6,"1,25","2,5","6,25","1,25","6,75",7,7,"2,25",1,1,"5,33","1,74","0,5","6,13","1,88"
38,PS,43,,7,,,50,5,,,,,,"6,17","6,2","1,5","1,2","5,13","5,53","1,69","1,8","6,33","1,25","6,25","6,5","6,25","1,5","1,25",1,"5,2","0,67","0,33","4,67","6,2",6,"1,25","2,5","6,25","1,25","6,75",7,7,"2,25",1,1,"5,33","1,74","0,5","6,13","1,88"
38,PS,44,,7,,,51,5,,,,,,"6,17","6,2","1,5","1,2","5,13","5,53","1,69","1,8","6,33","1,25","6,25","6,5","6,25","1,5","1,25",1,"5,2","0,67","0,33","4,67","6,2",6,"1,25","2,5","6,25","1,25","6,75",7,7,"2,25",1,1,"5,33","1,74","0,5","6,13","1,88"
38,PS,45,,7,,,43,5,,,,,,"6,17","6,2","1,5","1,2","5,13","5,53","1,69","1,8","6,33","1,25","6,25","6,5","6,25","1,5","1,25",1,"5,2","0,67","0,33","4,67","6,2",6,"1,25","2,5","6,25","1,25","6,75",7,7,"2,25",1,1,"5,33","1,74","0,5","6,13","1,88"
38,PS,46,,,,,28,,,,9,,,"6,17","6,2","1,5","1,2","5,13","5,53","1,69","1,8","6,33","1,25","6,25","6,5","6,25","1,5","1,25",1,"5,2","0,67","0,33","4,67","6,2",6,"1,25","2,5","6,25","1,25","6,75",7,7,"2,25",1,1,"5,33","1,74","0,5","6,13","1,88"
38,PS,47,,,,,32,,,,9,,,"6,17","6,2","1,5","1,2","5,13","5,53","1,69","1,8","6,33","1,25","6,25","6,5","6,25","1,5","1,25",1,"5,2","0,67","0,33","4,67","6,2",6,"1,25","2,5","6,25","1,25","6,75",7,7,"2,25",1,1,"5,33","1,74","0,5","6,13","1,88"
38,PS,48,,,,,45,,,,9,,,"6,17","6,2","1,5","1,2","5,13","5,53","1,69","1,8","6,33","1,25","6,25","6,5","6,25","1,5","1,25",1,"5,2","0,67","0,33","4,67","6,2",6,"1,25","2,5","6,25","1,25","6,75",7,7,"2,25",1,1,"5,33","1,74","0,5","6,13","1,88"
38,PS,49,,,,,36,,,,9,,,"6,17","6,2","1,5","1,2","5,13","5,53","1,69","1,8","6,33","1,25","6,25","6,5","6,25","1,5","1,25",1,"5,2","0,67","0,33","4,67","6,2",6,"1,25","2,5","6,25","1,25","6,75",7,7,"2,25",1,1,"5,33","1,74","0,5","6,13","1,88"
38,PS,50,,,,,25,,,,9,,,"6,17","6,2","1,5","1,2","5,13","5,53","1,69","1,8","6,33","1,25","6,25","6,5","6,25","1,5","1,25",1,"5,2","0,67","0,33","4,67","6,2",6,"1,25","2,5","6,25","1,25","6,75",7,7,"2,25",1,1,"5,33","1,74","0,5","6,13","1,88"
38,PS,51,,,,,43,,,,9,,,"6,17","6,2","1,5","1,2","5,13","5,53","1,69","1,8","6,33","1,25","6,25","6,5","6,25","1,5","1,25",1,"5,2","0,67","0,33","4,67","6,2",6,"1,25","2,5","6,25","1,25","6,75",7,7,"2,25",1,1,"5,33","1,74","0,5","6,13","1,88"
38,PS,52,,,,,41,,,,9,,,"6,17","6,2","1,5","1,2","5,13","5,53","1,69","1,8","6,33","1,25","6,25","6,5","6,25","1,5","1,25",1,"5,2","0,67","0,33","4,67","6,2",6,"1,25","2,5","6,25","1,25","6,75",7,7,"2,25",1,1,"5,33","1,74","0,5","6,13","1,88"
38,PS,53,,,,,45,,,,9,,,"6,17","6,2","1,5","1,2","5,13","5,53","1,69","1,8","6,33","1,25","6,25","6,5","6,25","1,5","1,25",1,"5,2","0,67","0,33","4,67","6,2",6,"1,25","2,5","6,25","1,25","6,75",7,7,"2,25",1,1,"5,33","1,74","0,5","6,13","1,88"
38,PS,54,,,,,44,,,,9,,,"6,17","6,2","1,5","1,2","5,13","5,53","1,69","1,8","6,33","1,25","6,25","6,5","6,25","1,5","1,25",1,"5,2","0,67","0,33","4,67","6,2",6,"1,25","2,5","6,25","1,25","6,75",7,7,"2,25",1,1,"5,33","1,74","0,5","6,13","1,88"
38,PS,55,,,,,45,,,,9,,,"6,17","6,2","1,5","1,2","5,13","5,53","1,69","1,8","6,33","1,25","6,25","6,5","6,25","1,5","1,25",1,"5,2","0,67","0,33","4,67","6,2",6,"1,25","2,5","6,25","1,25","6,75",7,7,"2,25",1,1,"5,33","1,74","0,5","6,13","1,88"
38,PS,56,7,7,1,1,42,5,,,,,,"6,17","6,2","1,5","1,2","5,13","5,53","1,69","1,8","6,33","1,25","6,25","6,5","6,25","1,5","1,25",1,"5,2","0,67","0,33","4,67","6,2",6,"1,25","2,5","6,25","1,25","6,75",7,7,"2,25",1,1,"5,33","1,74","0,5","6,13","1,88"
38,PS,57,7,7,1,1,34,5,,,,,,"6,17","6,2","1,5","1,2","5,13","5,53","1,69","1,8","6,33","1,25","6,25","6,5","6,25","1,5","1,25",1,"5,2","0,67","0,33","4,67","6,2",6,"1,25","2,5","6,25","1,25","6,75",7,7,"2,25",1,1,"5,33","1,74","0,5","6,13","1,88"
38,PS,58,7,7,1,1,48,5,,,,,,"6,17","6,2","1,5","1,2","5,13","5,53","1,69","1,8","6,33","1,25","6,25","6,5","6,25","1,5","1,25",1,"5,2","0,67","0,33","4,67","6,2",6,"1,25","2,5","6,25","1,25","6,75",7,7,"2,25",1,1,"5,33","1,74","0,5","6,13","1,88"
38,PS,59,7,7,1,1,73,5,,,,,,"6,17","6,2","1,5","1,2","5,13","5,53","1,69","1,8","6,33","1,25","6,25","6,5","6,25","1,5","1,25",1,"5,2","0,67","0,33","4,67","6,2",6,"1,25","2,5","6,25","1,25","6,75",7,7,"2,25",1,1,"5,33","1,74","0,5","6,13","1,88"
38,PS,60,7,7,1,1,70,5,,,,,,"6,17","6,2","1,5","1,2","5,13","5,53","1,69","1,8","6,33","1,25","6,25","6,5","6,25","1,5","1,25",1,"5,2","0,67","0,33","4,67","6,2",6,"1,25","2,5","6,25","1,25","6,75",7,7,"2,25",1,1,"5,33","1,74","0,5","6,13","1,88"
38,PS,61,7,7,1,1,58,5,6,,,,,"6,17","6,2","1,5","1,2","5,13","5,53","1,69","1,8","6,33","1,25","6,25","6,5","6,25","1,5","1,25",1,"5,2","0,67","0,33","4,67","6,2",6,"1,25","2,5","6,25","1,25","6,75",7,7,"2,25",1,1,"5,33","1,74","0,5","6,13","1,88"
38,PS,62,7,7,1,1,40,5,6,,,,,"6,17","6,2","1,5","1,2","5,13","5,53","1,69","1,8","6,33","1,25","6,25","6,5","6,25","1,5","1,25",1,"5,2","0,67","0,33","4,67","6,2",6,"1,25","2,5","6,25","1,25","6,75",7,7,"2,25",1,1,"5,33","1,74","0,5","6,13","1,88"
38,PS,63,7,7,1,1,43,5,6,,,,,"6,17","6,2","1,5","1,2","5,13","5,53","1,69","1,8","6,33","1,25","6,25","6,5","6,25","1,5","1,25",1,"5,2","0,67","0,33","4,67","6,2",6,"1,25","2,5","6,25","1,25","6,75",7,7,"2,25",1,1,"5,33","1,74","0,5","6,13","1,88"
38,PS,64,7,7,1,1,47,5,6,,,,,"6,17","6,2","1,5","1,2","5,13","5,53","1,69","1,8","6,33","1,25","6,25","6,5","6,25","1,5","1,25",1,"5,2","0,67","0,33","4,67","6,2",6,"1,25","2,5","6,25","1,25","6,75",7,7,"2,25",1,1,"5,33","1,74","0,5","6,13","1,88"
38,PS,65,7,7,1,1,45,5,6,,,,,"6,17","6,2","1,5","1,2","5,13","5,53","1,69","1,8","6,33","1,25","6,25","6,5","6,25","1,5","1,25",1,"5,2","0,67","0,33","4,67","6,2",6,"1,25","2,5","6,25","1,25","6,75",7,7,"2,25",1,1,"5,33","1,74","0,5","6,13","1,88"
38,PS,66,"6,5",5,1,1,38,5,,,9,,,"6,17","6,2","1,5","1,2","5,13","5,53","1,69","1,8","6,33","1,25","6,25","6,5","6,25","1,5","1,25",1,"5,2","0,67","0,33","4,67","6,2",6,"1,25","2,5","6,25","1,25","6,75",7,7,"2,25",1,1,"5,33","1,74","0,5","6,13","1,88"
38,PS,67,"6,5",5,1,1,39,5,,,9,,,"6,17","6,2","1,5","1,2","5,13","5,53","1,69","1,8","6,33","1,25","6,25","6,5","6,25","1,5","1,25",1,"5,2","0,67","0,33","4,67","6,2",6,"1,25","2,5","6,25","1,25","6,75",7,7,"2,25",1,1,"5,33","1,74","0,5","6,13","1,88"
38,PS,68,"6,5",5,1,1,20,5,,,9,,,"6,17","6,2","1,5","1,2","5,13","5,53","1,69","1,8","6,33","1,25","6,25","6,5","6,25","1,5","1,25",1,"5,2","0,67","0,33","4,67","6,2",6,"1,25","2,5","6,25","1,25","6,75",7,7,"2,25",1,1,"5,33","1,74","0,5","6,13","1,88"
38,PS,69,"6,5",5,1,1,18,5,,,9,,,"6,17","6,2","1,5","1,2","5,13","5,53","1,69","1,8","6,33","1,25","6,25","6,5","6,25","1,5","1,25",1,"5,2","0,67","0,33","4,67","6,2",6,"1,25","2,5","6,25","1,25","6,75",7,7,"2,25",1,1,"5,33","1,74","0,5","6,13","1,88"
38,PS,70,"6,5",5,1,1,54,5,,,9,,,"6,17","6,2","1,5","1,2","5,13","5,53","1,69","1,8","6,33","1,25","6,25","6,5","6,25","1,5","1,25",1,"5,2","0,67","0,33","4,67","6,2",6,"1,25","2,5","6,25","1,25","6,75",7,7,"2,25",1,1,"5,33","1,74","0,5","6,13","1,88"
38,PS,71,"5,75",5,1,1,51,5,,,9,,,"6,17","6,2","1,5","1,2","5,13","5,53","1,69","1,8","6,33","1,25","6,25","6,5","6,25","1,5","1,25",1,"5,2","0,67","0,33","4,67","6,2",6,"1,25","2,5","6,25","1,25","6,75",7,7,"2,25",1,1,"5,33","1,74","0,5","6,13","1,88"
38,PS,72,"5,75",5,1,1,60,5,,,9,,,"6,17","6,2","1,5","1,2","5,13","5,53","1,69","1,8","6,33","1,25","6,25","6,5","6,25","1,5","1,25",1,"5,2","0,67","0,33","4,67","6,2",6,"1,25","2,5","6,25","1,25","6,75",7,7,"2,25",1,1,"5,33","1,74","0,5","6,13","1,88"
38,PS,73,"5,75",5,1,1,43,5,,,9,,,"6,17","6,2","1,5","1,2","5,13","5,53","1,69","1,8","6,33","1,25","6,25","6,5","6,25","1,5","1,25",1,"5,2","0,67","0,33","4,67","6,2",6,"1,25","2,5","6,25","1,25","6,75",7,7,"2,25",1,1,"5,33","1,74","0,5","6,13","1,88"
38,PS,74,"5,75",5,1,1,47,5,,,9,,,"6,17","6,2","1,5","1,2","5,13","5,53","1,69","1,8","6,33","1,25","6,25","6,5","6,25","1,5","1,25",1,"5,2","0,67","0,33","4,67","6,2",6,"1,25","2,5","6,25","1,25","6,75",7,7,"2,25",1,1,"5,33","1,74","0,5","6,13","1,88"
38,PS,75,"5,75",5,1,1,43,5,,,9,,,"6,17","6,2","1,5","1,2","5,13","5,53","1,69","1,8","6,33","1,25","6,25","6,5","6,25","1,5","1,25",1,"5,2","0,67","0,33","4,67","6,2",6,"1,25","2,5","6,25","1,25","6,75",7,7,"2,25",1,1,"5,33","1,74","0,5","6,13","1,88"
38,PS,76,"6,5",5,1,1,50,3,5,,9,,,"6,17","6,2","1,5","1,2","5,13","5,53","1,69","1,8","6,33","1,25","6,25","6,5","6,25","1,5","1,25",1,"5,2","0,67","0,33","4,67","6,2",6,"1,25","2,5","6,25","1,25","6,75",7,7,"2,25",1,1,"5,33","1,74","0,5","6,13","1,88"
38,PS,77,"6,5",5,1,1,44,3,5,,9,,,"6,17","6,2","1,5","1,2","5,13","5,53","1,69","1,8","6,33","1,25","6,25","6,5","6,25","1,5","1,25",1,"5,2","0,67","0,33","4,67","6,2",6,"1,25","2,5","6,25","1,25","6,75",7,7,"2,25",1,1,"5,33","1,74","0,5","6,13","1,88"
38,PS,78,"6,5",5,1,1,43,3,5,,9,,,"6,17","6,2","1,5","1,2","5,13","5,53","1,69","1,8","6,33","1,25","6,25","6,5","6,25","1,5","1,25",1,"5,2","0,67","0,33","4,67","6,2",6,"1,25","2,5","6,25","1,25","6,75",7,7,"2,25",1,1,"5,33","1,74","0,5","6,13","1,88"
38,PS,79,"6,5",5,1,1,40,3,5,,9,,,"6,17","6,2","1,5","1,2","5,13","5,53","1,69","1,8","6,33","1,25","6,25","6,5","6,25","1,5","1,25",1,"5,2","0,67","0,33","4,67","6,2",6,"1,25","2,5","6,25","1,25","6,75",7,7,"2,25",1,1,"5,33","1,74","0,5","6,13","1,88"
38,PS,80,"6,5",5,1,1,28,3,5,,9,,,"6,17","6,2","1,5","1,2","5,13","5,53","1,69","1,8","6,33","1,25","6,25","6,5","6,25","1,5","1,25",1,"5,2","0,67","0,33","4,67","6,2",6,"1,25","2,5","6,25","1,25","6,75",7,7,"2,25",1,1,"5,33","1,74","0,5","6,13","1,88"
38,PS,81,7,5,1,1,34,5,,,,,,"6,17","6,2","1,5","1,2","5,13","5,53","1,69","1,8","6,33","1,25","6,25","6,5","6,25","1,5","1,25",1,"5,2","0,67","0,33","4,67","6,2",6,"1,25","2,5","6,25","1,25","6,75",7,7,"2,25",1,1,"5,33","1,74","0,5","6,13","1,88"
38,PS,82,7,5,1,1,47,5,,,,,,"6,17","6,2","1,5","1,2","5,13","5,53","1,69","1,8","6,33","1,25","6,25","6,5","6,25","1,5","1,25",1,"5,2","0,67","0,33","4,67","6,2",6,"1,25","2,5","6,25","1,25","6,75",7,7,"2,25",1,1,"5,33","1,74","0,5","6,13","1,88"
38,PS,83,7,5,1,1,65,5,,,,,,"6,17","6,2","1,5","1,2","5,13","5,53","1,69","1,8","6,33","1,25","6,25","6,5","6,25","1,5","1,25",1,"5,2","0,67","0,33","4,67","6,2",6,"1,25","2,5","6,25","1,25","6,75",7,7,"2,25",1,1,"5,33","1,74","0,5","6,13","1,88"
38,PS,84,7,5,1,1,58,5,,,,,,"6,17","6,2","1,5","1,2","5,13","5,53","1,69","1,8","6,33","1,25","6,25","6,5","6,25","1,5","1,25",1,"5,2","0,67","0,33","4,67","6,2",6,"1,25","2,5","6,25","1,25","6,75",7,7,"2,25",1,1,"5,33","1,74","0,5","6,13","1,88"
38,PS,85,7,5,1,1,46,5,,,,,,"6,17","6,2","1,5","1,2","5,13","5,53","1,69","1,8","6,33","1,25","6,25","6,5","6,25","1,5","1,25",1,"5,2","0,67","0,33","4,67","6,2",6,"1,25","2,5","6,25","1,25","6,75",7,7,"2,25",1,1,"5,33","1,74","0,5","6,13","1,88"
38,PS,86,7,5,1,1,36,3,5,,,,,"6,17","6,2","1,5","1,2","5,13","5,53","1,69","1,8","6,33","1,25","6,25","6,5","6,25","1,5","1,25",1,"5,2","0,67","0,33","4,67","6,2",6,"1,25","2,5","6,25","1,25","6,75",7,7,"2,25",1,1,"5,33","1,74","0,5","6,13","1,88"
38,PS,87,7,5,1,1,36,3,5,,,,,"6,17","6,2","1,5","1,2","5,13","5,53","1,69","1,8","6,33","1,25","6,25","6,5","6,25","1,5","1,25",1,"5,2","0,67","0,33","4,67","6,2",6,"1,25","2,5","6,25","1,25","6,75",7,7,"2,25",1,1,"5,33","1,74","0,5","6,13","1,88"
38,PS,88,7,5,1,1,34,3,5,,,,,"6,17","6,2","1,5","1,2","5,13","5,53","1,69","1,8","6,33","1,25","6,25","6,5","6,25","1,5","1,25",1,"5,2","0,67","0,33","4,67","6,2",6,"1,25","2,5","6,25","1,25","6,75",7,7,"2,25",1,1,"5,33","1,74","0,5","6,13","1,88"
38,PS,89,7,5,1,1,42,3,5,,,,,"6,17","6,2","1,5","1,2","5,13","5,53","1,69","1,8","6,33","1,25","6,25","6,5","6,25","1,5","1,25",1,"5,2","0,67","0,33","4,67","6,2",6,"1,25","2,5","6,25","1,25","6,75",7,7,"2,25",1,1,"5,33","1,74","0,5","6,13","1,88"
38,PS,90,7,5,1,1,41,3,5,,,,,"6,17","6,2","1,5","1,2","5,13","5,53","1,69","1,8","6,33","1,25","6,25","6,5","6,25","1,5","1,25",1,"5,2","0,67","0,33","4,67","6,2",6,"1,25","2,5","6,25","1,25","6,75",7,7,"2,25",1,1,"5,33","1,74","0,5","6,13","1,88"
38,PS,91,7,5,1,1,35,5,,,,,,"6,17","6,2","1,5","1,2","5,13","5,53","1,69","1,8","6,33","1,25","6,25","6,5","6,25","1,5","1,25",1,"5,2","0,67","0,33","4,67","6,2",6,"1,25","2,5","6,25","1,25","6,75",7,7,"2,25",1,1,"5,33","1,74","0,5","6,13","1,88"
38,PS,92,7,5,1,1,43,5,,,,,,"6,17","6,2","1,5","1,2","5,13","5,53","1,69","1,8","6,33","1,25","6,25","6,5","6,25","1,5","1,25",1,"5,2","0,67","0,33","4,67","6,2",6,"1,25","2,5","6,25","1,25","6,75",7,7,"2,25",1,1,"5,33","1,74","0,5","6,13","1,88"
38,PS,93,7,5,1,1,42,5,,,,,,"6,17","6,2","1,5","1,2","5,13","5,53","1,69","1,8","6,33","1,25","6,25","6,5","6,25","1,5","1,25",1,"5,2","0,67","0,33","4,67","6,2",6,"1,25","2,5","6,25","1,25","6,75",7,7,"2,25",1,1,"5,33","1,74","0,5","6,13","1,88"
38,PS,94,7,5,1,1,67,5,,,,,,"6,17","6,2","1,5","1,2","5,13","5,53","1,69","1,8","6,33","1,25","6,25","6,5","6,25","1,5","1,25",1,"5,2","0,67","0,33","4,67","6,2",6,"1,25","2,5","6,25","1,25","6,75",7,7,"2,25",1,1,"5,33","1,74","0,5","6,13","1,88"
38,PS,95,7,5,1,1,61,5,,,,,,"6,17","6,2","1,5","1,2","5,13","5,53","1,69","1,8","6,33","1,25","6,25","6,5","6,25","1,5","1,25",1,"5,2","0,67","0,33","4,67","6,2",6,"1,25","2,5","6,25","1,25","6,75",7,7,"2,25",1,1,"5,33","1,74","0,5","6,13","1,88"
38,PS,96,7,7,1,1,99,5,9,,6,,,"6,17","6,2","1,5","1,2","5,13","5,53","1,69","1,8","6,33","1,25","6,25","6,5","6,25","1,5","1,25",1,"5,2","0,67","0,33","4,67","6,2",6,"1,25","2,5","6,25","1,25","6,75",7,7,"2,25",1,1,"5,33","1,74","0,5","6,13","1,88"
38,PS,97,7,7,1,1,88,5,9,,6,,,"6,17","6,2","1,5","1,2","5,13","5,53","1,69","1,8","6,33","1,25","6,25","6,5","6,25","1,5","1,25",1,"5,2","0,67","0,33","4,67","6,2",6,"1,25","2,5","6,25","1,25","6,75",7,7,"2,25",1,1,"5,33","1,74","0,5","6,13","1,88"
38,PS,98,7,7,1,1,61,5,9,,6,,,"6,17","6,2","1,5","1,2","5,13","5,53","1,69","1,8","6,33","1,25","6,25","6,5","6,25","1,5","1,25",1,"5,2","0,67","0,33","4,67","6,2",6,"1,25","2,5","6,25","1,25","6,75",7,7,"2,25",1,1,"5,33","1,74","0,5","6,13","1,88"
38,PS,99,7,7,1,1,67,5,9,,6,,,"6,17","6,2","1,5","1,2","5,13","5,53","1,69","1,8","6,33","1,25","6,25","6,5","6,25","1,5","1,25",1,"5,2","0,67","0,33","4,67","6,2",6,"1,25","2,5","6,25","1,25","6,75",7,7,"2,25",1,1,"5,33","1,74","0,5","6,13","1,88"
38,PS,100,7,7,1,1,62,5,9,,6,,,"6,17","6,2","1,5","1,2","5,13","5,53","1,69","1,8","6,33","1,25","6,25","6,5","6,25","1,5","1,25",1,"5,2","0,67","0,33","4,67","6,2",6,"1,25","2,5","6,25","1,25","6,75",7,7,"2,25",1,1,"5,33","1,74","0,5","6,13","1,88"
38,PS,101,7,7,1,1,50,5,9,,6,,,"6,17","6,2","1,5","1,2","5,13","5,53","1,69","1,8","6,33","1,25","6,25","6,5","6,25","1,5","1,25",1,"5,2","0,67","0,33","4,67","6,2",6,"1,25","2,5","6,25","1,25","6,75",7,7,"2,25",1,1,"5,33","1,74","0,5","6,13","1,88"
38,PS,102,7,7,1,1,37,5,9,,6,,,"6,17","6,2","1,5","1,2","5,13","5,53","1,69","1,8","6,33","1,25","6,25","6,5","6,25","1,5","1,25",1,"5,2","0,67","0,33","4,67","6,2",6,"1,25","2,5","6,25","1,25","6,75",7,7,"2,25",1,1,"5,33","1,74","0,5","6,13","1,88"
38,PS,103,7,7,1,1,41,5,9,,6,,,"6,17","6,2","1,5","1,2","5,13","5,53","1,69","1,8","6,33","1,25","6,25","6,5","6,25","1,5","1,25",1,"5,2","0,67","0,33","4,67","6,2",6,"1,25","2,5","6,25","1,25","6,75",7,7,"2,25",1,1,"5,33","1,74","0,5","6,13","1,88"
38,PS,104,7,7,1,1,46,5,9,,6,,,"6,17","6,2","1,5","1,2","5,13","5,53","1,69","1,8","6,33","1,25","6,25","6,5","6,25","1,5","1,25",1,"5,2","0,67","0,33","4,67","6,2",6,"1,25","2,5","6,25","1,25","6,75",7,7,"2,25",1,1,"5,33","1,74","0,5","6,13","1,88"
39,DR,1,,,,,42,7,,,3,,,5,"5,8","3,5","1,4","4,38","5,94","2,5",1,"5,75","2,25","5,25",6,6,"2,25","2,25","2,25","5,8",2,2,"4,33","5,8","5,5",2,"4,25","4,75",2,"5,75","5,5",6,4,4,"1,33","5,16","1,75",2,"5,13","3,13"
39,DR,2,,,,,47,7,,,3,,,5,"5,8","3,5","1,4","4,38","5,94","2,5",1,"5,75","2,25","5,25",6,6,"2,25","2,25","2,25","5,8",2,2,"4,33","5,8","5,5",2,"4,25","4,75",2,"5,75","5,5",6,4,4,"1,33","5,16","1,75",2,"5,13","3,13"
39,DR,3,,,,,48,7,,,3,,,5,"5,8","3,5","1,4","4,38","5,94","2,5",1,"5,75","2,25","5,25",6,6,"2,25","2,25","2,25","5,8",2,2,"4,33","5,8","5,5",2,"4,25","4,75",2,"5,75","5,5",6,4,4,"1,33","5,16","1,75",2,"5,13","3,13"
39,DR,4,,,,,55,7,,,3,,,5,"5,8","3,5","1,4","4,38","5,94","2,5",1,"5,75","2,25","5,25",6,6,"2,25","2,25","2,25","5,8",2,2,"4,33","5,8","5,5",2,"4,25","4,75",2,"5,75","5,5",6,4,4,"1,33","5,16","1,75",2,"5,13","3,13"
39,DR,5,,,,,77,7,,,3,,,5,"5,8","3,5","1,4","4,38","5,94","2,5",1,"5,75","2,25","5,25",6,6,"2,25","2,25","2,25","5,8",2,2,"4,33","5,8","5,5",2,"4,25","4,75",2,"5,75","5,5",6,4,4,"1,33","5,16","1,75",2,"5,13","3,13"
39,DR,6,"5,6",3,1,1,81,7,,,3,,,5,"5,8","3,5","1,4","4,38","5,94","2,5",1,"5,75","2,25","5,25",6,6,"2,25","2,25","2,25","5,8",2,2,"4,33","5,8","5,5",2,"4,25","4,75",2,"5,75","5,5",6,4,4,"1,33","5,16","1,75",2,"5,13","3,13"
39,DR,7,"5,6",3,1,1,100,7,,,3,,,5,"5,8","3,5","1,4","4,38","5,94","2,5",1,"5,75","2,25","5,25",6,6,"2,25","2,25","2,25","5,8",2,2,"4,33","5,8","5,5",2,"4,25","4,75",2,"5,75","5,5",6,4,4,"1,33","5,16","1,75",2,"5,13","3,13"
39,DR,8,"5,6",3,1,1,100,7,,,3,,,5,"5,8","3,5","1,4","4,38","5,94","2,5",1,"5,75","2,25","5,25",6,6,"2,25","2,25","2,25","5,8",2,2,"4,33","5,8","5,5",2,"4,25","4,75",2,"5,75","5,5",6,4,4,"1,33","5,16","1,75",2,"5,13","3,13"
39,DR,9,"5,6",3,1,1,100,7,,,3,,,5,"5,8","3,5","1,4","4,38","5,94","2,5",1,"5,75","2,25","5,25",6,6,"2,25","2,25","2,25","5,8",2,2,"4,33","5,8","5,5",2,"4,25","4,75",2,"5,75","5,5",6,4,4,"1,33","5,16","1,75",2,"5,13","3,13"
39,DR,10,"5,6",3,1,1,100,7,,,3,,,5,"5,8","3,5","1,4","4,38","5,94","2,5",1,"5,75","2,25","5,25",6,6,"2,25","2,25","2,25","5,8",2,2,"4,33","5,8","5,5",2,"4,25","4,75",2,"5,75","5,5",6,4,4,"1,33","5,16","1,75",2,"5,13","3,13"
39,DR,11,"5,8",3,1,1,100,7,,,3,8,,5,"5,8","3,5","1,4","4,38","5,94","2,5",1,"5,75","2,25","5,25",6,6,"2,25","2,25","2,25","5,8",2,2,"4,33","5,8","5,5",2,"4,25","4,75",2,"5,75","5,5",6,4,4,"1,33","5,16","1,75",2,"5,13","3,13"
39,DR,12,"5,8",3,1,1,100,7,,,3,8,,5,"5,8","3,5","1,4","4,38","5,94","2,5",1,"5,75","2,25","5,25",6,6,"2,25","2,25","2,25","5,8",2,2,"4,33","5,8","5,5",2,"4,25","4,75",2,"5,75","5,5",6,4,4,"1,33","5,16","1,75",2,"5,13","3,13"
39,DR,13,"5,8",3,1,1,100,7,,,3,8,,5,"5,8","3,5","1,4","4,38","5,94","2,5",1,"5,75","2,25","5,25",6,6,"2,25","2,25","2,25","5,8",2,2,"4,33","5,8","5,5",2,"4,25","4,75",2,"5,75","5,5",6,4,4,"1,33","5,16","1,75",2,"5,13","3,13"
39,DR,14,"5,8",3,1,1,100,7,,,3,8,,5,"5,8","3,5","1,4","4,38","5,94","2,5",1,"5,75","2,25","5,25",6,6,"2,25","2,25","2,25","5,8",2,2,"4,33","5,8","5,5",2,"4,25","4,75",2,"5,75","5,5",6,4,4,"1,33","5,16","1,75",2,"5,13","3,13"
39,DR,15,"5,8",3,1,1,100,7,,,3,8,,5,"5,8","3,5","1,4","4,38","5,94","2,5",1,"5,75","2,25","5,25",6,6,"2,25","2,25","2,25","5,8",2,2,"4,33","5,8","5,5",2,"4,25","4,75",2,"5,75","5,5",6,4,4,"1,33","5,16","1,75",2,"5,13","3,13"
39,DR,16,,3,1,1,100,7,,,3,,,5,"5,8","3,5","1,4","4,38","5,94","2,5",1,"5,75","2,25","5,25",6,6,"2,25","2,25","2,25","5,8",2,2,"4,33","5,8","5,5",2,"4,25","4,75",2,"5,75","5,5",6,4,4,"1,33","5,16","1,75",2,"5,13","3,13"
39,DR,17,,3,1,1,100,7,,,3,,,5,"5,8","3,5","1,4","4,38","5,94","2,5",1,"5,75","2,25","5,25",6,6,"2,25","2,25","2,25","5,8",2,2,"4,33","5,8","5,5",2,"4,25","4,75",2,"5,75","5,5",6,4,4,"1,33","5,16","1,75",2,"5,13","3,13"
39,DR,18,,3,1,1,100,7,,,3,,,5,"5,8","3,5","1,4","4,38","5,94","2,5",1,"5,75","2,25","5,25",6,6,"2,25","2,25","2,25","5,8",2,2,"4,33","5,8","5,5",2,"4,25","4,75",2,"5,75","5,5",6,4,4,"1,33","5,16","1,75",2,"5,13","3,13"
39,DR,19,,3,1,1,100,7,,,3,,,5,"5,8","3,5","1,4","4,38","5,94","2,5",1,"5,75","2,25","5,25",6,6,"2,25","2,25","2,25","5,8",2,2,"4,33","5,8","5,5",2,"4,25","4,75",2,"5,75","5,5",6,4,4,"1,33","5,16","1,75",2,"5,13","3,13"
39,DR,20,,3,1,1,100,7,,,3,,,5,"5,8","3,5","1,4","4,38","5,94","2,5",1,"5,75","2,25","5,25",6,6,"2,25","2,25","2,25","5,8",2,2,"4,33","5,8","5,5",2,"4,25","4,75",2,"5,75","5,5",6,4,4,"1,33","5,16","1,75",2,"5,13","3,13"
39,DR,21,"2,2",5,1,1,100,7,,,3,,,5,"5,8","3,5","1,4","4,38","5,94","2,5",1,"5,75","2,25","5,25",6,6,"2,25","2,25","2,25","5,8",2,2,"4,33","5,8","5,5",2,"4,25","4,75",2,"5,75","5,5",6,4,4,"1,33","5,16","1,75",2,"5,13","3,13"
39,DR,22,"2,2",5,1,1,100,7,,,3,,,5,"5,8","3,5","1,4","4,38","5,94","2,5",1,"5,75","2,25","5,25",6,6,"2,25","2,25","2,25","5,8",2,2,"4,33","5,8","5,5",2,"4,25","4,75",2,"5,75","5,5",6,4,4,"1,33","5,16","1,75",2,"5,13","3,13"
39,DR,23,"2,2",5,1,1,98,7,,,3,,,5,"5,8","3,5","1,4","4,38","5,94","2,5",1,"5,75","2,25","5,25",6,6,"2,25","2,25","2,25","5,8",2,2,"4,33","5,8","5,5",2,"4,25","4,75",2,"5,75","5,5",6,4,4,"1,33","5,16","1,75",2,"5,13","3,13"
39,DR,24,"2,2",5,1,1,100,7,,,3,,,5,"5,8","3,5","1,4","4,38","5,94","2,5",1,"5,75","2,25","5,25",6,6,"2,25","2,25","2,25","5,8",2,2,"4,33","5,8","5,5",2,"4,25","4,75",2,"5,75","5,5",6,4,4,"1,33","5,16","1,75",2,"5,13","3,13"
39,DR,25,"2,2",5,1,1,93,7,,,3,,,5,"5,8","3,5","1,4","4,38","5,94","2,5",1,"5,75","2,25","5,25",6,6,"2,25","2,25","2,25","5,8",2,2,"4,33","5,8","5,5",2,"4,25","4,75",2,"5,75","5,5",6,4,4,"1,33","5,16","1,75",2,"5,13","3,13"
39,DR,26,"5,8",3,1,1,64,4,5,,,,,5,"5,8","3,5","1,4","4,38","5,94","2,5",1,"5,75","2,25","5,25",6,6,"2,25","2,25","2,25","5,8",2,2,"4,33","5,8","5,5",2,"4,25","4,75",2,"5,75","5,5",6,4,4,"1,33","5,16","1,75",2,"5,13","3,13"
39,DR,27,"5,8",3,1,1,58,4,5,,,,,5,"5,8","3,5","1,4","4,38","5,94","2,5",1,"5,75","2,25","5,25",6,6,"2,25","2,25","2,25","5,8",2,2,"4,33","5,8","5,5",2,"4,25","4,75",2,"5,75","5,5",6,4,4,"1,33","5,16","1,75",2,"5,13","3,13"
39,DR,28,"5,8",3,1,1,60,4,5,,,,,5,"5,8","3,5","1,4","4,38","5,94","2,5",1,"5,75","2,25","5,25",6,6,"2,25","2,25","2,25","5,8",2,2,"4,33","5,8","5,5",2,"4,25","4,75",2,"5,75","5,5",6,4,4,"1,33","5,16","1,75",2,"5,13","3,13"
39,DR,29,"5,8",3,1,1,68,4,5,,,,,5,"5,8","3,5","1,4","4,38","5,94","2,5",1,"5,75","2,25","5,25",6,6,"2,25","2,25","2,25","5,8",2,2,"4,33","5,8","5,5",2,"4,25","4,75",2,"5,75","5,5",6,4,4,"1,33","5,16","1,75",2,"5,13","3,13"
39,DR,30,"5,8",3,1,1,66,4,5,,,,,5,"5,8","3,5","1,4","4,38","5,94","2,5",1,"5,75","2,25","5,25",6,6,"2,25","2,25","2,25","5,8",2,2,"4,33","5,8","5,5",2,"4,25","4,75",2,"5,75","5,5",6,4,4,"1,33","5,16","1,75",2,"5,13","3,13"
39,DR,31,"5,6",7,1,1,68,5,6,,,,,5,"5,8","3,5","1,4","4,38","5,94","2,5",1,"5,75","2,25","5,25",6,6,"2,25","2,25","2,25","5,8",2,2,"4,33","5,8","5,5",2,"4,25","4,75",2,"5,75","5,5",6,4,4,"1,33","5,16","1,75",2,"5,13","3,13"
39,DR,32,"5,6",7,1,1,68,5,6,,,,,5,"5,8","3,5","1,4","4,38","5,94","2,5",1,"5,75","2,25","5,25",6,6,"2,25","2,25","2,25","5,8",2,2,"4,33","5,8","5,5",2,"4,25","4,75",2,"5,75","5,5",6,4,4,"1,33","5,16","1,75",2,"5,13","3,13"
39,DR,33,"5,6",7,1,1,89,5,6,,,,,5,"5,8","3,5","1,4","4,38","5,94","2,5",1,"5,75","2,25","5,25",6,6,"2,25","2,25","2,25","5,8",2,2,"4,33","5,8","5,5",2,"4,25","4,75",2,"5,75","5,5",6,4,4,"1,33","5,16","1,75",2,"5,13","3,13"
39,DR,34,"5,6",7,1,1,76,5,6,,,,,5,"5,8","3,5","1,4","4,38","5,94","2,5",1,"5,75","2,25","5,25",6,6,"2,25","2,25","2,25","5,8",2,2,"4,33","5,8","5,5",2,"4,25","4,75",2,"5,75","5,5",6,4,4,"1,33","5,16","1,75",2,"5,13","3,13"
39,DR,35,"5,6",7,1,1,63,5,6,,,,,5,"5,8","3,5","1,4","4,38","5,94","2,5",1,"5,75","2,25","5,25",6,6,"2,25","2,25","2,25","5,8",2,2,"4,33","5,8","5,5",2,"4,25","4,75",2,"5,75","5,5",6,4,4,"1,33","5,16","1,75",2,"5,13","3,13"
39,DR,36,"3,4",3,1,1,54,6,7,,,,,5,"5,8","3,5","1,4","4,38","5,94","2,5",1,"5,75","2,25","5,25",6,6,"2,25","2,25","2,25","5,8",2,2,"4,33","5,8","5,5",2,"4,25","4,75",2,"5,75","5,5",6,4,4,"1,33","5,16","1,75",2,"5,13","3,13"
39,DR,37,"3,4",3,1,1,52,6,7,,,,,5,"5,8","3,5","1,4","4,38","5,94","2,5",1,"5,75","2,25","5,25",6,6,"2,25","2,25","2,25","5,8",2,2,"4,33","5,8","5,5",2,"4,25","4,75",2,"5,75","5,5",6,4,4,"1,33","5,16","1,75",2,"5,13","3,13"
39,DR,38,"3,4",3,1,1,46,6,7,,,,,5,"5,8","3,5","1,4","4,38","5,94","2,5",1,"5,75","2,25","5,25",6,6,"2,25","2,25","2,25","5,8",2,2,"4,33","5,8","5,5",2,"4,25","4,75",2,"5,75","5,5",6,4,4,"1,33","5,16","1,75",2,"5,13","3,13"
39,DR,39,"3,4",3,1,1,45,6,7,,,,,5,"5,8","3,5","1,4","4,38","5,94","2,5",1,"5,75","2,25","5,25",6,6,"2,25","2,25","2,25","5,8",2,2,"4,33","5,8","5,5",2,"4,25","4,75",2,"5,75","5,5",6,4,4,"1,33","5,16","1,75",2,"5,13","3,13"
39,DR,40,"3,4",3,1,1,48,6,7,,,,,5,"5,8","3,5","1,4","4,38","5,94","2,5",1,"5,75","2,25","5,25",6,6,"2,25","2,25","2,25","5,8",2,2,"4,33","5,8","5,5",2,"4,25","4,75",2,"5,75","5,5",6,4,4,"1,33","5,16","1,75",2,"5,13","3,13"
39,DR,41,7,7,1,1,45,6,7,,,,,5,"5,8","3,5","1,4","4,38","5,94","2,5",1,"5,75","2,25","5,25",6,6,"2,25","2,25","2,25","5,8",2,2,"4,33","5,8","5,5",2,"4,25","4,75",2,"5,75","5,5",6,4,4,"1,33","5,16","1,75",2,"5,13","3,13"
39,DR,42,7,7,1,1,44,6,7,,,,,5,"5,8","3,5","1,4","4,38","5,94","2,5",1,"5,75","2,25","5,25",6,6,"2,25","2,25","2,25","5,8",2,2,"4,33","5,8","5,5",2,"4,25","4,75",2,"5,75","5,5",6,4,4,"1,33","5,16","1,75",2,"5,13","3,13"
39,DR,43,7,7,1,1,44,6,7,,,,,5,"5,8","3,5","1,4","4,38","5,94","2,5",1,"5,75","2,25","5,25",6,6,"2,25","2,25","2,25","5,8",2,2,"4,33","5,8","5,5",2,"4,25","4,75",2,"5,75","5,5",6,4,4,"1,33","5,16","1,75",2,"5,13","3,13"
39,DR,44,7,7,1,1,51,6,7,,,,,5,"5,8","3,5","1,4","4,38","5,94","2,5",1,"5,75","2,25","5,25",6,6,"2,25","2,25","2,25","5,8",2,2,"4,33","5,8","5,5",2,"4,25","4,75",2,"5,75","5,5",6,4,4,"1,33","5,16","1,75",2,"5,13","3,13"
39,DR,45,7,7,1,1,38,6,7,,,,,5,"5,8","3,5","1,4","4,38","5,94","2,5",1,"5,75","2,25","5,25",6,6,"2,25","2,25","2,25","5,8",2,2,"4,33","5,8","5,5",2,"4,25","4,75",2,"5,75","5,5",6,4,4,"1,33","5,16","1,75",2,"5,13","3,13"
39,DR,46,"5,8",7,1,1,35,5,6,,,,,5,"5,8","3,5","1,4","4,38","5,94","2,5",1,"5,75","2,25","5,25",6,6,"2,25","2,25","2,25","5,8",2,2,"4,33","5,8","5,5",2,"4,25","4,75",2,"5,75","5,5",6,4,4,"1,33","5,16","1,75",2,"5,13","3,13"
39,DR,47,"5,8",7,1,1,31,5,6,,,,,5,"5,8","3,5","1,4","4,38","5,94","2,5",1,"5,75","2,25","5,25",6,6,"2,25","2,25","2,25","5,8",2,2,"4,33","5,8","5,5",2,"4,25","4,75",2,"5,75","5,5",6,4,4,"1,33","5,16","1,75",2,"5,13","3,13"
39,DR,48,"5,8",7,1,1,51,5,6,,,,,5,"5,8","3,5","1,4","4,38","5,94","2,5",1,"5,75","2,25","5,25",6,6,"2,25","2,25","2,25","5,8",2,2,"4,33","5,8","5,5",2,"4,25","4,75",2,"5,75","5,5",6,4,4,"1,33","5,16","1,75",2,"5,13","3,13"
39,DR,49,"5,8",7,1,1,66,5,6,,,,,5,"5,8","3,5","1,4","4,38","5,94","2,5",1,"5,75","2,25","5,25",6,6,"2,25","2,25","2,25","5,8",2,2,"4,33","5,8","5,5",2,"4,25","4,75",2,"5,75","5,5",6,4,4,"1,33","5,16","1,75",2,"5,13","3,13"
39,DR,50,"5,8",7,1,1,65,5,6,,,,,5,"5,8","3,5","1,4","4,38","5,94","2,5",1,"5,75","2,25","5,25",6,6,"2,25","2,25","2,25","5,8",2,2,"4,33","5,8","5,5",2,"4,25","4,75",2,"5,75","5,5",6,4,4,"1,33","5,16","1,75",2,"5,13","3,13"
39,DR,51,"5,8",7,1,1,49,5,6,,,,,5,"5,8","3,5","1,4","4,38","5,94","2,5",1,"5,75","2,25","5,25",6,6,"2,25","2,25","2,25","5,8",2,2,"4,33","5,8","5,5",2,"4,25","4,75",2,"5,75","5,5",6,4,4,"1,33","5,16","1,75",2,"5,13","3,13"
39,DR,52,"5,8",7,1,1,43,5,6,,,,,5,"5,8","3,5","1,4","4,38","5,94","2,5",1,"5,75","2,25","5,25",6,6,"2,25","2,25","2,25","5,8",2,2,"4,33","5,8","5,5",2,"4,25","4,75",2,"5,75","5,5",6,4,4,"1,33","5,16","1,75",2,"5,13","3,13"
39,DR,53,"5,8",7,1,1,43,5,6,,,,,5,"5,8","3,5","1,4","4,38","5,94","2,5",1,"5,75","2,25","5,25",6,6,"2,25","2,25","2,25","5,8",2,2,"4,33","5,8","5,5",2,"4,25","4,75",2,"5,75","5,5",6,4,4,"1,33","5,16","1,75",2,"5,13","3,13"
39,DR,54,"5,8",7,1,1,43,5,6,,,,,5,"5,8","3,5","1,4","4,38","5,94","2,5",1,"5,75","2,25","5,25",6,6,"2,25","2,25","2,25","5,8",2,2,"4,33","5,8","5,5",2,"4,25","4,75",2,"5,75","5,5",6,4,4,"1,33","5,16","1,75",2,"5,13","3,13"
39,DR,55,"5,8",7,1,1,39,5,6,,,,,5,"5,8","3,5","1,4","4,38","5,94","2,5",1,"5,75","2,25","5,25",6,6,"2,25","2,25","2,25","5,8",2,2,"4,33","5,8","5,5",2,"4,25","4,75",2,"5,75","5,5",6,4,4,"1,33","5,16","1,75",2,"5,13","3,13"
39,DR,56,7,7,1,1,39,6,7,,,,,5,"5,8","3,5","1,4","4,38","5,94","2,5",1,"5,75","2,25","5,25",6,6,"2,25","2,25","2,25","5,8",2,2,"4,33","5,8","5,5",2,"4,25","4,75",2,"5,75","5,5",6,4,4,"1,33","5,16","1,75",2,"5,13","3,13"
39,DR,57,7,7,1,1,41,6,7,,,,,5,"5,8","3,5","1,4","4,38","5,94","2,5",1,"5,75","2,25","5,25",6,6,"2,25","2,25","2,25","5,8",2,2,"4,33","5,8","5,5",2,"4,25","4,75",2,"5,75","5,5",6,4,4,"1,33","5,16","1,75",2,"5,13","3,13"
39,DR,58,7,7,1,1,40,6,7,,,,,5,"5,8","3,5","1,4","4,38","5,94","2,5",1,"5,75","2,25","5,25",6,6,"2,25","2,25","2,25","5,8",2,2,"4,33","5,8","5,5",2,"4,25","4,75",2,"5,75","5,5",6,4,4,"1,33","5,16","1,75",2,"5,13","3,13"
39,DR,59,7,7,1,1,44,6,7,,,,,5,"5,8","3,5","1,4","4,38","5,94","2,5",1,"5,75","2,25","5,25",6,6,"2,25","2,25","2,25","5,8",2,2,"4,33","5,8","5,5",2,"4,25","4,75",2,"5,75","5,5",6,4,4,"1,33","5,16","1,75",2,"5,13","3,13"
39,DR,60,7,7,1,1,44,6,7,,,,,5,"5,8","3,5","1,4","4,38","5,94","2,5",1,"5,75","2,25","5,25",6,6,"2,25","2,25","2,25","5,8",2,2,"4,33","5,8","5,5",2,"4,25","4,75",2,"5,75","5,5",6,4,4,"1,33","5,16","1,75",2,"5,13","3,13"
39,DR,61,7,7,1,1,42,6,7,,6,,,5,"5,8","3,5","1,4","4,38","5,94","2,5",1,"5,75","2,25","5,25",6,6,"2,25","2,25","2,25","5,8",2,2,"4,33","5,8","5,5",2,"4,25","4,75",2,"5,75","5,5",6,4,4,"1,33","5,16","1,75",2,"5,13","3,13"
39,DR,62,7,7,1,1,35,6,7,,6,,,5,"5,8","3,5","1,4","4,38","5,94","2,5",1,"5,75","2,25","5,25",6,6,"2,25","2,25","2,25","5,8",2,2,"4,33","5,8","5,5",2,"4,25","4,75",2,"5,75","5,5",6,4,4,"1,33","5,16","1,75",2,"5,13","3,13"
39,DR,63,7,7,1,1,38,6,7,,6,,,5,"5,8","3,5","1,4","4,38","5,94","2,5",1,"5,75","2,25","5,25",6,6,"2,25","2,25","2,25","5,8",2,2,"4,33","5,8","5,5",2,"4,25","4,75",2,"5,75","5,5",6,4,4,"1,33","5,16","1,75",2,"5,13","3,13"
39,DR,64,7,7,1,1,44,6,7,,6,,,5,"5,8","3,5","1,4","4,38","5,94","2,5",1,"5,75","2,25","5,25",6,6,"2,25","2,25","2,25","5,8",2,2,"4,33","5,8","5,5",2,"4,25","4,75",2,"5,75","5,5",6,4,4,"1,33","5,16","1,75",2,"5,13","3,13"
39,DR,65,7,7,1,1,43,6,7,,6,,,5,"5,8","3,5","1,4","4,38","5,94","2,5",1,"5,75","2,25","5,25",6,6,"2,25","2,25","2,25","5,8",2,2,"4,33","5,8","5,5",2,"4,25","4,75",2,"5,75","5,5",6,4,4,"1,33","5,16","1,75",2,"5,13","3,13"
39,DR,66,7,7,1,1,44,6,7,,6,,,5,"5,8","3,5","1,4","4,38","5,94","2,5",1,"5,75","2,25","5,25",6,6,"2,25","2,25","2,25","5,8",2,2,"4,33","5,8","5,5",2,"4,25","4,75",2,"5,75","5,5",6,4,4,"1,33","5,16","1,75",2,"5,13","3,13"
39,DR,67,7,7,1,1,41,6,7,,6,,,5,"5,8","3,5","1,4","4,38","5,94","2,5",1,"5,75","2,25","5,25",6,6,"2,25","2,25","2,25","5,8",2,2,"4,33","5,8","5,5",2,"4,25","4,75",2,"5,75","5,5",6,4,4,"1,33","5,16","1,75",2,"5,13","3,13"
39,DR,68,7,7,1,1,42,6,7,,6,,,5,"5,8","3,5","1,4","4,38","5,94","2,5",1,"5,75","2,25","5,25",6,6,"2,25","2,25","2,25","5,8",2,2,"4,33","5,8","5,5",2,"4,25","4,75",2,"5,75","5,5",6,4,4,"1,33","5,16","1,75",2,"5,13","3,13"
40,OO,1,4,4,1,1,65,1,2,4,,,,7,7,"1,75",1,"5,25","6,35","1,56","1,93",7,1,7,7,7,1,1,1,"6,8","0,33",0,6,7,7,1,1,7,1,7,7,7,"4,75",4,1,"5,8","1,75","0,17",7,1
40,OO,2,4,4,1,1,62,1,2,4,,,,7,7,"1,75",1,"5,25","6,35","1,56","1,93",7,1,7,7,7,1,1,1,"6,8","0,33",0,6,7,7,1,1,7,1,7,7,7,"4,75",4,1,"5,8","1,75","0,17",7,1
40,OO,3,4,4,1,1,61,1,2,4,,,,7,7,"1,75",1,"5,25","6,35","1,56","1,93",7,1,7,7,7,1,1,1,"6,8","0,33",0,6,7,7,1,1,7,1,7,7,7,"4,75",4,1,"5,8","1,75","0,17",7,1
40,OO,4,4,4,1,1,57,1,2,4,,,,7,7,"1,75",1,"5,25","6,35","1,56","1,93",7,1,7,7,7,1,1,1,"6,8","0,33",0,6,7,7,1,1,7,1,7,7,7,"4,75",4,1,"5,8","1,75","0,17",7,1
40,OO,5,4,4,1,1,58,1,2,4,,,,7,7,"1,75",1,"5,25","6,35","1,56","1,93",7,1,7,7,7,1,1,1,"6,8","0,33",0,6,7,7,1,1,7,1,7,7,7,"4,75",4,1,"5,8","1,75","0,17",7,1
40,OO,6,4,4,1,1,58,5,,,2,,,7,7,"1,75",1,"5,25","6,35","1,56","1,93",7,1,7,7,7,1,1,1,"6,8","0,33",0,6,7,7,1,1,7,1,7,7,7,"4,75",4,1,"5,8","1,75","0,17",7,1
40,OO,7,4,4,1,1,59,5,,,2,,,7,7,"1,75",1,"5,25","6,35","1,56","1,93",7,1,7,7,7,1,1,1,"6,8","0,33",0,6,7,7,1,1,7,1,7,7,7,"4,75",4,1,"5,8","1,75","0,17",7,1
40,OO,8,4,4,1,1,57,5,,,2,,,7,7,"1,75",1,"5,25","6,35","1,56","1,93",7,1,7,7,7,1,1,1,"6,8","0,33",0,6,7,7,1,1,7,1,7,7,7,"4,75",4,1,"5,8","1,75","0,17",7,1
40,OO,9,4,4,1,1,58,5,,,2,,,7,7,"1,75",1,"5,25","6,35","1,56","1,93",7,1,7,7,7,1,1,1,"6,8","0,33",0,6,7,7,1,1,7,1,7,7,7,"4,75",4,1,"5,8","1,75","0,17",7,1
40,OO,10,4,4,1,1,59,5,,,2,,,7,7,"1,75",1,"5,25","6,35","1,56","1,93",7,1,7,7,7,1,1,1,"6,8","0,33",0,6,7,7,1,1,7,1,7,7,7,"4,75",4,1,"5,8","1,75","0,17",7,1
40,OO,11,"6,75",4,3,1,58,5,,,,,,7,7,"1,75",1,"5,25","6,35","1,56","1,93",7,1,7,7,7,1,1,1,"6,8","0,33",0,6,7,7,1,1,7,1,7,7,7,"4,75",4,1,"5,8","1,75","0,17",7,1
40,OO,12,"6,75",4,3,1,58,5,,,,,,7,7,"1,75",1,"5,25","6,35","1,56","1,93",7,1,7,7,7,1,1,1,"6,8","0,33",0,6,7,7,1,1,7,1,7,7,7,"4,75",4,1,"5,8","1,75","0,17",7,1
40,OO,13,"6,75",4,3,1,57,5,,,,,,7,7,"1,75",1,"5,25","6,35","1,56","1,93",7,1,7,7,7,1,1,1,"6,8","0,33",0,6,7,7,1,1,7,1,7,7,7,"4,75",4,1,"5,8","1,75","0,17",7,1
40,OO,14,"6,75",4,3,1,56,5,,,,,,7,7,"1,75",1,"5,25","6,35","1,56","1,93",7,1,7,7,7,1,1,1,"6,8","0,33",0,6,7,7,1,1,7,1,7,7,7,"4,75",4,1,"5,8","1,75","0,17",7,1
40,OO,15,"6,75",4,3,1,57,5,,,,,,7,7,"1,75",1,"5,25","6,35","1,56","1,93",7,1,7,7,7,1,1,1,"6,8","0,33",0,6,7,7,1,1,7,1,7,7,7,"4,75",4,1,"5,8","1,75","0,17",7,1
40,OO,16,7,7,1,1,62,5,,,,,,7,7,"1,75",1,"5,25","6,35","1,56","1,93",7,1,7,7,7,1,1,1,"6,8","0,33",0,6,7,7,1,1,7,1,7,7,7,"4,75",4,1,"5,8","1,75","0,17",7,1
40,OO,17,7,7,1,1,67,5,,,,,,7,7,"1,75",1,"5,25","6,35","1,56","1,93",7,1,7,7,7,1,1,1,"6,8","0,33",0,6,7,7,1,1,7,1,7,7,7,"4,75",4,1,"5,8","1,75","0,17",7,1
40,OO,18,7,7,1,1,72,5,,,,,,7,7,"1,75",1,"5,25","6,35","1,56","1,93",7,1,7,7,7,1,1,1,"6,8","0,33",0,6,7,7,1,1,7,1,7,7,7,"4,75",4,1,"5,8","1,75","0,17",7,1
40,OO,19,7,7,1,1,73,5,,,,,,7,7,"1,75",1,"5,25","6,35","1,56","1,93",7,1,7,7,7,1,1,1,"6,8","0,33",0,6,7,7,1,1,7,1,7,7,7,"4,75",4,1,"5,8","1,75","0,17",7,1
40,OO,20,7,7,1,1,74,5,,,,,,7,7,"1,75",1,"5,25","6,35","1,56","1,93",7,1,7,7,7,1,1,1,"6,8","0,33",0,6,7,7,1,1,7,1,7,7,7,"4,75",4,1,"5,8","1,75","0,17",7,1
40,OO,21,7,7,1,1,76,5,6,,,,,7,7,"1,75",1,"5,25","6,35","1,56","1,93",7,1,7,7,7,1,1,1,"6,8","0,33",0,6,7,7,1,1,7,1,7,7,7,"4,75",4,1,"5,8","1,75","0,17",7,1
40,OO,22,7,7,1,1,83,5,6,,,,,7,7,"1,75",1,"5,25","6,35","1,56","1,93",7,1,7,7,7,1,1,1,"6,8","0,33",0,6,7,7,1,1,7,1,7,7,7,"4,75",4,1,"5,8","1,75","0,17",7,1
40,OO,23,7,7,1,1,89,5,6,,,,,7,7,"1,75",1,"5,25","6,35","1,56","1,93",7,1,7,7,7,1,1,1,"6,8","0,33",0,6,7,7,1,1,7,1,7,7,7,"4,75",4,1,"5,8","1,75","0,17",7,1
40,OO,24,7,7,1,1,85,5,6,,,,,7,7,"1,75",1,"5,25","6,35","1,56","1,93",7,1,7,7,7,1,1,1,"6,8","0,33",0,6,7,7,1,1,7,1,7,7,7,"4,75",4,1,"5,8","1,75","0,17",7,1
40,OO,25,7,7,1,1,90,5,6,,,,,7,7,"1,75",1,"5,25","6,35","1,56","1,93",7,1,7,7,7,1,1,1,"6,8","0,33",0,6,7,7,1,1,7,1,7,7,7,"4,75",4,1,"5,8","1,75","0,17",7,1
40,OO,26,"5,8",7,1,1,91,5,,,,,,7,7,"1,75",1,"5,25","6,35","1,56","1,93",7,1,7,7,7,1,1,1,"6,8","0,33",0,6,7,7,1,1,7,1,7,7,7,"4,75",4,1,"5,8","1,75","0,17",7,1
40,OO,27,"5,8",7,1,1,89,5,,,,,,7,7,"1,75",1,"5,25","6,35","1,56","1,93",7,1,7,7,7,1,1,1,"6,8","0,33",0,6,7,7,1,1,7,1,7,7,7,"4,75",4,1,"5,8","1,75","0,17",7,1
40,OO,28,"5,8",7,1,1,87,5,,,,,,7,7,"1,75",1,"5,25","6,35","1,56","1,93",7,1,7,7,7,1,1,1,"6,8","0,33",0,6,7,7,1,1,7,1,7,7,7,"4,75",4,1,"5,8","1,75","0,17",7,1
40,OO,29,"5,8",7,1,1,87,5,,,,,,7,7,"1,75",1,"5,25","6,35","1,56","1,93",7,1,7,7,7,1,1,1,"6,8","0,33",0,6,7,7,1,1,7,1,7,7,7,"4,75",4,1,"5,8","1,75","0,17",7,1
40,OO,30,"5,8",7,1,1,87,5,,,,,,7,7,"1,75",1,"5,25","6,35","1,56","1,93",7,1,7,7,7,1,1,1,"6,8","0,33",0,6,7,7,1,1,7,1,7,7,7,"4,75",4,1,"5,8","1,75","0,17",7,1
40,OO,31,7,7,1,1,77,5,,,,,,7,7,"1,75",1,"5,25","6,35","1,56","1,93",7,1,7,7,7,1,1,1,"6,8","0,33",0,6,7,7,1,1,7,1,7,7,7,"4,75",4,1,"5,8","1,75","0,17",7,1
40,OO,32,7,7,1,1,76,5,,,,,,7,7,"1,75",1,"5,25","6,35","1,56","1,93",7,1,7,7,7,1,1,1,"6,8","0,33",0,6,7,7,1,1,7,1,7,7,7,"4,75",4,1,"5,8","1,75","0,17",7,1
40,OO,33,7,7,1,1,76,5,,,,,,7,7,"1,75",1,"5,25","6,35","1,56","1,93",7,1,7,7,7,1,1,1,"6,8","0,33",0,6,7,7,1,1,7,1,7,7,7,"4,75",4,1,"5,8","1,75","0,17",7,1
40,OO,34,7,7,1,1,71,5,,,,,,7,7,"1,75",1,"5,25","6,35","1,56","1,93",7,1,7,7,7,1,1,1,"6,8","0,33",0,6,7,7,1,1,7,1,7,7,7,"4,75",4,1,"5,8","1,75","0,17",7,1
40,OO,35,7,7,1,1,70,5,,,,,,7,7,"1,75",1,"5,25","6,35","1,56","1,93",7,1,7,7,7,1,1,1,"6,8","0,33",0,6,7,7,1,1,7,1,7,7,7,"4,75",4,1,"5,8","1,75","0,17",7,1
40,OO,36,7,7,1,1,73,5,,,8,,,7,7,"1,75",1,"5,25","6,35","1,56","1,93",7,1,7,7,7,1,1,1,"6,8","0,33",0,6,7,7,1,1,7,1,7,7,7,"4,75",4,1,"5,8","1,75","0,17",7,1
40,OO,37,7,7,1,1,82,5,,,8,,,7,7,"1,75",1,"5,25","6,35","1,56","1,93",7,1,7,7,7,1,1,1,"6,8","0,33",0,6,7,7,1,1,7,1,7,7,7,"4,75",4,1,"5,8","1,75","0,17",7,1
40,OO,38,7,7,1,1,83,5,,,8,,,7,7,"1,75",1,"5,25","6,35","1,56","1,93",7,1,7,7,7,1,1,1,"6,8","0,33",0,6,7,7,1,1,7,1,7,7,7,"4,75",4,1,"5,8","1,75","0,17",7,1
40,OO,39,7,7,1,1,90,5,,,8,,,7,7,"1,75",1,"5,25","6,35","1,56","1,93",7,1,7,7,7,1,1,1,"6,8","0,33",0,6,7,7,1,1,7,1,7,7,7,"4,75",4,1,"5,8","1,75","0,17",7,1
40,OO,40,7,7,1,1,88,5,,,8,,,7,7,"1,75",1,"5,25","6,35","1,56","1,93",7,1,7,7,7,1,1,1,"6,8","0,33",0,6,7,7,1,1,7,1,7,7,7,"4,75",4,1,"5,8","1,75","0,17",7,1
40,OO,41,7,7,1,1,84,2,5,,,,,7,7,"1,75",1,"5,25","6,35","1,56","1,93",7,1,7,7,7,1,1,1,"6,8","0,33",0,6,7,7,1,1,7,1,7,7,7,"4,75",4,1,"5,8","1,75","0,17",7,1
40,OO,42,7,7,1,1,76,2,5,,,,,7,7,"1,75",1,"5,25","6,35","1,56","1,93",7,1,7,7,7,1,1,1,"6,8","0,33",0,6,7,7,1,1,7,1,7,7,7,"4,75",4,1,"5,8","1,75","0,17",7,1
40,OO,43,7,7,1,1,73,2,5,,,,,7,7,"1,75",1,"5,25","6,35","1,56","1,93",7,1,7,7,7,1,1,1,"6,8","0,33",0,6,7,7,1,1,7,1,7,7,7,"4,75",4,1,"5,8","1,75","0,17",7,1
40,OO,44,7,7,1,1,73,2,5,,,,,7,7,"1,75",1,"5,25","6,35","1,56","1,93",7,1,7,7,7,1,1,1,"6,8","0,33",0,6,7,7,1,1,7,1,7,7,7,"4,75",4,1,"5,8","1,75","0,17",7,1
40,OO,45,7,7,1,1,96,2,5,,,,,7,7,"1,75",1,"5,25","6,35","1,56","1,93",7,1,7,7,7,1,1,1,"6,8","0,33",0,6,7,7,1,1,7,1,7,7,7,"4,75",4,1,"5,8","1,75","0,17",7,1
40,OO,46,7,7,1,1,100,5,,,8,,,7,7,"1,75",1,"5,25","6,35","1,56","1,93",7,1,7,7,7,1,1,1,"6,8","0,33",0,6,7,7,1,1,7,1,7,7,7,"4,75",4,1,"5,8","1,75","0,17",7,1
40,OO,47,7,7,1,1,100,5,,,8,,,7,7,"1,75",1,"5,25","6,35","1,56","1,93",7,1,7,7,7,1,1,1,"6,8","0,33",0,6,7,7,1,1,7,1,7,7,7,"4,75",4,1,"5,8","1,75","0,17",7,1
40,OO,48,7,7,1,1,100,5,,,8,,,7,7,"1,75",1,"5,25","6,35","1,56","1,93",7,1,7,7,7,1,1,1,"6,8","0,33",0,6,7,7,1,1,7,1,7,7,7,"4,75",4,1,"5,8","1,75","0,17",7,1
40,OO,49,7,7,1,1,100,5,,,8,,,7,7,"1,75",1,"5,25","6,35","1,56","1,93",7,1,7,7,7,1,1,1,"6,8","0,33",0,6,7,7,1,1,7,1,7,7,7,"4,75",4,1,"5,8","1,75","0,17",7,1
40,OO,50,7,7,1,1,100,5,,,8,,,7,7,"1,75",1,"5,25","6,35","1,56","1,93",7,1,7,7,7,1,1,1,"6,8","0,33",0,6,7,7,1,1,7,1,7,7,7,"4,75",4,1,"5,8","1,75","0,17",7,1
40,OO,51,4,7,"1,6",1,100,5,,,9,,,7,7,"1,75",1,"5,25","6,35","1,56","1,93",7,1,7,7,7,1,1,1,"6,8","0,33",0,6,7,7,1,1,7,1,7,7,7,"4,75",4,1,"5,8","1,75","0,17",7,1
40,OO,52,4,7,"1,6",1,100,5,,,9,,,7,7,"1,75",1,"5,25","6,35","1,56","1,93",7,1,7,7,7,1,1,1,"6,8","0,33",0,6,7,7,1,1,7,1,7,7,7,"4,75",4,1,"5,8","1,75","0,17",7,1
40,OO,53,4,7,"1,6",1,100,5,,,9,,,7,7,"1,75",1,"5,25","6,35","1,56","1,93",7,1,7,7,7,1,1,1,"6,8","0,33",0,6,7,7,1,1,7,1,7,7,7,"4,75",4,1,"5,8","1,75","0,17",7,1
40,OO,54,4,7,"1,6",1,99,5,,,9,,,7,7,"1,75",1,"5,25","6,35","1,56","1,93",7,1,7,7,7,1,1,1,"6,8","0,33",0,6,7,7,1,1,7,1,7,7,7,"4,75",4,1,"5,8","1,75","0,17",7,1
40,OO,55,4,7,"1,6",1,93,5,,,9,,,7,7,"1,75",1,"5,25","6,35","1,56","1,93",7,1,7,7,7,1,1,1,"6,8","0,33",0,6,7,7,1,1,7,1,7,7,7,"4,75",4,1,"5,8","1,75","0,17",7,1
40,OO,56,7,7,1,1,87,5,,,8,,,7,7,"1,75",1,"5,25","6,35","1,56","1,93",7,1,7,7,7,1,1,1,"6,8","0,33",0,6,7,7,1,1,7,1,7,7,7,"4,75",4,1,"5,8","1,75","0,17",7,1
40,OO,57,7,7,1,1,85,5,,,8,,,7,7,"1,75",1,"5,25","6,35","1,56","1,93",7,1,7,7,7,1,1,1,"6,8","0,33",0,6,7,7,1,1,7,1,7,7,7,"4,75",4,1,"5,8","1,75","0,17",7,1
40,OO,58,7,7,1,1,78,5,,,8,,,7,7,"1,75",1,"5,25","6,35","1,56","1,93",7,1,7,7,7,1,1,1,"6,8","0,33",0,6,7,7,1,1,7,1,7,7,7,"4,75",4,1,"5,8","1,75","0,17",7,1
40,OO,59,7,7,1,1,75,5,,,8,,,7,7,"1,75",1,"5,25","6,35","1,56","1,93",7,1,7,7,7,1,1,1,"6,8","0,33",0,6,7,7,1,1,7,1,7,7,7,"4,75",4,1,"5,8","1,75","0,17",7,1
40,OO,60,7,7,1,1,73,5,,,8,,,7,7,"1,75",1,"5,25","6,35","1,56","1,93",7,1,7,7,7,1,1,1,"6,8","0,33",0,6,7,7,1,1,7,1,7,7,7,"4,75",4,1,"5,8","1,75","0,17",7,1
40,OO,61,7,7,1,1,70,5,7,,6,,,7,7,"1,75",1,"5,25","6,35","1,56","1,93",7,1,7,7,7,1,1,1,"6,8","0,33",0,6,7,7,1,1,7,1,7,7,7,"4,75",4,1,"5,8","1,75","0,17",7,1
40,OO,62,7,7,1,1,79,5,7,,6,,,7,7,"1,75",1,"5,25","6,35","1,56","1,93",7,1,7,7,7,1,1,1,"6,8","0,33",0,6,7,7,1,1,7,1,7,7,7,"4,75",4,1,"5,8","1,75","0,17",7,1
40,OO,63,7,7,1,1,100,5,7,,6,,,7,7,"1,75",1,"5,25","6,35","1,56","1,93",7,1,7,7,7,1,1,1,"6,8","0,33",0,6,7,7,1,1,7,1,7,7,7,"4,75",4,1,"5,8","1,75","0,17",7,1
40,OO,64,7,7,1,1,100,5,7,,6,,,7,7,"1,75",1,"5,25","6,35","1,56","1,93",7,1,7,7,7,1,1,1,"6,8","0,33",0,6,7,7,1,1,7,1,7,7,7,"4,75",4,1,"5,8","1,75","0,17",7,1
40,OO,65,7,7,1,1,100,5,7,,6,,,7,7,"1,75",1,"5,25","6,35","1,56","1,93",7,1,7,7,7,1,1,1,"6,8","0,33",0,6,7,7,1,1,7,1,7,7,7,"4,75",4,1,"5,8","1,75","0,17",7,1
40,OO,66,7,7,1,1,100,5,6,,8,,,7,7,"1,75",1,"5,25","6,35","1,56","1,93",7,1,7,7,7,1,1,1,"6,8","0,33",0,6,7,7,1,1,7,1,7,7,7,"4,75",4,1,"5,8","1,75","0,17",7,1
40,OO,67,7,7,1,1,100,5,6,,8,,,7,7,"1,75",1,"5,25","6,35","1,56","1,93",7,1,7,7,7,1,1,1,"6,8","0,33",0,6,7,7,1,1,7,1,7,7,7,"4,75",4,1,"5,8","1,75","0,17",7,1
40,OO,68,7,7,1,1,100,5,6,,8,,,7,7,"1,75",1,"5,25","6,35","1,56","1,93",7,1,7,7,7,1,1,1,"6,8","0,33",0,6,7,7,1,1,7,1,7,7,7,"4,75",4,1,"5,8","1,75","0,17",7,1
40,OO,69,7,7,1,1,100,5,6,,8,,,7,7,"1,75",1,"5,25","6,35","1,56","1,93",7,1,7,7,7,1,1,1,"6,8","0,33",0,6,7,7,1,1,7,1,7,7,7,"4,75",4,1,"5,8","1,75","0,17",7,1
40,OO,70,7,7,1,1,100,5,6,,8,,,7,7,"1,75",1,"5,25","6,35","1,56","1,93",7,1,7,7,7,1,1,1,"6,8","0,33",0,6,7,7,1,1,7,1,7,7,7,"4,75",4,1,"5,8","1,75","0,17",7,1
40,OO,71,7,7,1,1,100,5,,,8,,,7,7,"1,75",1,"5,25","6,35","1,56","1,93",7,1,7,7,7,1,1,1,"6,8","0,33",0,6,7,7,1,1,7,1,7,7,7,"4,75",4,1,"5,8","1,75","0,17",7,1
40,OO,72,7,7,1,1,100,5,,,8,,,7,7,"1,75",1,"5,25","6,35","1,56","1,93",7,1,7,7,7,1,1,1,"6,8","0,33",0,6,7,7,1,1,7,1,7,7,7,"4,75",4,1,"5,8","1,75","0,17",7,1
40,OO,73,7,7,1,1,100,5,,,8,,,7,7,"1,75",1,"5,25","6,35","1,56","1,93",7,1,7,7,7,1,1,1,"6,8","0,33",0,6,7,7,1,1,7,1,7,7,7,"4,75",4,1,"5,8","1,75","0,17",7,1
40,OO,74,7,7,1,1,100,5,,,8,,,7,7,"1,75",1,"5,25","6,35","1,56","1,93",7,1,7,7,7,1,1,1,"6,8","0,33",0,6,7,7,1,1,7,1,7,7,7,"4,75",4,1,"5,8","1,75","0,17",7,1
40,OO,75,7,7,1,1,100,5,,,8,,,7,7,"1,75",1,"5,25","6,35","1,56","1,93",7,1,7,7,7,1,1,1,"6,8","0,33",0,6,7,7,1,1,7,1,7,7,7,"4,75",4,1,"5,8","1,75","0,17",7,1
40,OO,76,7,7,1,1,100,2,5,,8,,,7,7,"1,75",1,"5,25","6,35","1,56","1,93",7,1,7,7,7,1,1,1,"6,8","0,33",0,6,7,7,1,1,7,1,7,7,7,"4,75",4,1,"5,8","1,75","0,17",7,1
40,OO,77,7,7,1,1,100,2,5,,8,,,7,7,"1,75",1,"5,25","6,35","1,56","1,93",7,1,7,7,7,1,1,1,"6,8","0,33",0,6,7,7,1,1,7,1,7,7,7,"4,75",4,1,"5,8","1,75","0,17",7,1
40,OO,78,7,7,1,1,100,2,5,,8,,,7,7,"1,75",1,"5,25","6,35","1,56","1,93",7,1,7,7,7,1,1,1,"6,8","0,33",0,6,7,7,1,1,7,1,7,7,7,"4,75",4,1,"5,8","1,75","0,17",7,1
40,OO,79,7,7,1,1,100,2,5,,8,,,7,7,"1,75",1,"5,25","6,35","1,56","1,93",7,1,7,7,7,1,1,1,"6,8","0,33",0,6,7,7,1,1,7,1,7,7,7,"4,75",4,1,"5,8","1,75","0,17",7,1
40,OO,80,7,7,1,1,100,2,5,,8,,,7,7,"1,75",1,"5,25","6,35","1,56","1,93",7,1,7,7,7,1,1,1,"6,8","0,33",0,6,7,7,1,1,7,1,7,7,7,"4,75",4,1,"5,8","1,75","0,17",7,1
40,OO,81,7,7,1,1,97,5,6,,,,,7,7,"1,75",1,"5,25","6,35","1,56","1,93",7,1,7,7,7,1,1,1,"6,8","0,33",0,6,7,7,1,1,7,1,7,7,7,"4,75",4,1,"5,8","1,75","0,17",7,1
40,OO,82,7,7,1,1,91,5,6,,,,,7,7,"1,75",1,"5,25","6,35","1,56","1,93",7,1,7,7,7,1,1,1,"6,8","0,33",0,6,7,7,1,1,7,1,7,7,7,"4,75",4,1,"5,8","1,75","0,17",7,1
40,OO,83,7,7,1,1,88,5,6,,,,,7,7,"1,75",1,"5,25","6,35","1,56","1,93",7,1,7,7,7,1,1,1,"6,8","0,33",0,6,7,7,1,1,7,1,7,7,7,"4,75",4,1,"5,8","1,75","0,17",7,1
40,OO,84,7,7,1,1,78,5,6,,,,,7,7,"1,75",1,"5,25","6,35","1,56","1,93",7,1,7,7,7,1,1,1,"6,8","0,33",0,6,7,7,1,1,7,1,7,7,7,"4,75",4,1,"5,8","1,75","0,17",7,1
40,OO,85,7,7,1,1,75,5,6,,,,,7,7,"1,75",1,"5,25","6,35","1,56","1,93",7,1,7,7,7,1,1,1,"6,8","0,33",0,6,7,7,1,1,7,1,7,7,7,"4,75",4,1,"5,8","1,75","0,17",7,1
40,OO,86,7,7,1,1,63,5,6,,8,,,7,7,"1,75",1,"5,25","6,35","1,56","1,93",7,1,7,7,7,1,1,1,"6,8","0,33",0,6,7,7,1,1,7,1,7,7,7,"4,75",4,1,"5,8","1,75","0,17",7,1
40,OO,87,7,7,1,1,61,5,6,,8,,,7,7,"1,75",1,"5,25","6,35","1,56","1,93",7,1,7,7,7,1,1,1,"6,8","0,33",0,6,7,7,1,1,7,1,7,7,7,"4,75",4,1,"5,8","1,75","0,17",7,1
40,OO,88,7,7,1,1,70,5,6,,8,,,7,7,"1,75",1,"5,25","6,35","1,56","1,93",7,1,7,7,7,1,1,1,"6,8","0,33",0,6,7,7,1,1,7,1,7,7,7,"4,75",4,1,"5,8","1,75","0,17",7,1
40,OO,89,7,7,1,1,100,5,6,,8,,,7,7,"1,75",1,"5,25","6,35","1,56","1,93",7,1,7,7,7,1,1,1,"6,8","0,33",0,6,7,7,1,1,7,1,7,7,7,"4,75",4,1,"5,8","1,75","0,17",7,1
40,OO,90,7,7,1,1,100,5,6,,8,,,7,7,"1,75",1,"5,25","6,35","1,56","1,93",7,1,7,7,7,1,1,1,"6,8","0,33",0,6,7,7,1,1,7,1,7,7,7,"4,75",4,1,"5,8","1,75","0,17",7,1
40,OO,91,"4,75",4,1,1,100,5,6,,,,,7,7,"1,75",1,"5,25","6,35","1,56","1,93",7,1,7,7,7,1,1,1,"6,8","0,33",0,6,7,7,1,1,7,1,7,7,7,"4,75",4,1,"5,8","1,75","0,17",7,1
40,OO,92,"4,75",4,1,1,100,5,6,,,,,7,7,"1,75",1,"5,25","6,35","1,56","1,93",7,1,7,7,7,1,1,1,"6,8","0,33",0,6,7,7,1,1,7,1,7,7,7,"4,75",4,1,"5,8","1,75","0,17",7,1
40,OO,93,"4,75",4,1,1,100,5,6,,,,,7,7,"1,75",1,"5,25","6,35","1,56","1,93",7,1,7,7,7,1,1,1,"6,8","0,33",0,6,7,7,1,1,7,1,7,7,7,"4,75",4,1,"5,8","1,75","0,17",7,1
40,OO,94,"4,75",4,1,1,100,5,6,,,,,7,7,"1,75",1,"5,25","6,35","1,56","1,93",7,1,7,7,7,1,1,1,"6,8","0,33",0,6,7,7,1,1,7,1,7,7,7,"4,75",4,1,"5,8","1,75","0,17",7,1
40,OO,95,"4,75",4,1,1,100,5,6,,,,,7,7,"1,75",1,"5,25","6,35","1,56","1,93",7,1,7,7,7,1,1,1,"6,8","0,33",0,6,7,7,1,1,7,1,7,7,7,"4,75",4,1,"5,8","1,75","0,17",7,1
40,OO,96,"5,25",7,1,1,100,6,,,,,,7,7,"1,75",1,"5,25","6,35","1,56","1,93",7,1,7,7,7,1,1,1,"6,8","0,33",0,6,7,7,1,1,7,1,7,7,7,"4,75",4,1,"5,8","1,75","0,17",7,1
40,OO,97,"5,25",7,1,1,100,6,,,,,,7,7,"1,75",1,"5,25","6,35","1,56","1,93",7,1,7,7,7,1,1,1,"6,8","0,33",0,6,7,7,1,1,7,1,7,7,7,"4,75",4,1,"5,8","1,75","0,17",7,1
40,OO,98,"5,25",7,1,1,100,6,,,,,,7,7,"1,75",1,"5,25","6,35","1,56","1,93",7,1,7,7,7,1,1,1,"6,8","0,33",0,6,7,7,1,1,7,1,7,7,7,"4,75",4,1,"5,8","1,75","0,17",7,1
40,OO,99,"5,25",7,1,1,100,6,,,,,,7,7,"1,75",1,"5,25","6,35","1,56","1,93",7,1,7,7,7,1,1,1,"6,8","0,33",0,6,7,7,1,1,7,1,7,7,7,"4,75",4,1,"5,8","1,75","0,17",7,1
40,OO,100,"5,25",7,1,1,100,6,,,,,,7,7,"1,75",1,"5,25","6,35","1,56","1,93",7,1,7,7,7,1,1,1,"6,8","0,33",0,6,7,7,1,1,7,1,7,7,7,"4,75",4,1,"5,8","1,75","0,17",7,1
40,OO,101,7,7,1,1,100,2,5,9,,,,7,7,"1,75",1,"5,25","6,35","1,56","1,93",7,1,7,7,7,1,1,1,"6,8","0,33",0,6,7,7,1,1,7,1,7,7,7,"4,75",4,1,"5,8","1,75","0,17",7,1
40,OO,102,7,7,1,1,100,2,5,9,,,,7,7,"1,75",1,"5,25","6,35","1,56","1,93",7,1,7,7,7,1,1,1,"6,8","0,33",0,6,7,7,1,1,7,1,7,7,7,"4,75",4,1,"5,8","1,75","0,17",7,1
40,OO,103,7,7,1,1,100,2,5,9,,,,7,7,"1,75",1,"5,25","6,35","1,56","1,93",7,1,7,7,7,1,1,1,"6,8","0,33",0,6,7,7,1,1,7,1,7,7,7,"4,75",4,1,"5,8","1,75","0,17",7,1
40,OO,104,7,7,1,1,100,2,5,9,,,,7,7,"1,75",1,"5,25","6,35","1,56","1,93",7,1,7,7,7,1,1,1,"6,8","0,33",0,6,7,7,1,1,7,1,7,7,7,"4,75",4,1,"5,8","1,75","0,17",7,1
40,OO,105,7,7,1,1,100,2,5,9,,,,7,7,"1,75",1,"5,25","6,35","1,56","1,93",7,1,7,7,7,1,1,1,"6,8","0,33",0,6,7,7,1,1,7,1,7,7,7,"4,75",4,1,"5,8","1,75","0,17",7,1
40,OO,106,7,7,1,1,100,2,5,9,,,,7,7,"1,75",1,"5,25","6,35","1,56","1,93",7,1,7,7,7,1,1,1,"6,8","0,33",0,6,7,7,1,1,7,1,7,7,7,"4,75",4,1,"5,8","1,75","0,17",7,1
40,OO,107,7,7,1,1,100,2,5,9,,,,7,7,"1,75",1,"5,25","6,35","1,56","1,93",7,1,7,7,7,1,1,1,"6,8","0,33",0,6,7,7,1,1,7,1,7,7,7,"4,75",4,1,"5,8","1,75","0,17",7,1
41,CH,1,7,7,1,1,67,1,4,,5,,,"6,67","6,4","3,25","2,2","5,31","6,18","2,75","1,87","6,58","1,5","6,75","6,75","6,25",1,2,"1,5",6,"5,33",0,5,"6,4",7,1,3,7,1,"5,5","5,5",7,"2,75","3,25",1,"5,74","2,31","2,67",7,2
41,CH,2,7,7,1,1,56,1,4,,5,,,"6,67","6,4","3,25","2,2","5,31","6,18","2,75","1,87","6,58","1,5","6,75","6,75","6,25",1,2,"1,5",6,"5,33",0,5,"6,4",7,1,3,7,1,"5,5","5,5",7,"2,75","3,25",1,"5,74","2,31","2,67",7,2
41,CH,3,7,7,1,1,59,1,4,,5,,,"6,67","6,4","3,25","2,2","5,31","6,18","2,75","1,87","6,58","1,5","6,75","6,75","6,25",1,2,"1,5",6,"5,33",0,5,"6,4",7,1,3,7,1,"5,5","5,5",7,"2,75","3,25",1,"5,74","2,31","2,67",7,2
41,CH,4,7,7,1,1,59,1,4,,5,,,"6,67","6,4","3,25","2,2","5,31","6,18","2,75","1,87","6,58","1,5","6,75","6,75","6,25",1,2,"1,5",6,"5,33",0,5,"6,4",7,1,3,7,1,"5,5","5,5",7,"2,75","3,25",1,"5,74","2,31","2,67",7,2
41,CH,5,7,7,1,1,50,1,4,,5,,,"6,67","6,4","3,25","2,2","5,31","6,18","2,75","1,87","6,58","1,5","6,75","6,75","6,25",1,2,"1,5",6,"5,33",0,5,"6,4",7,1,3,7,1,"5,5","5,5",7,"2,75","3,25",1,"5,74","2,31","2,67",7,2
41,CH,6,7,7,1,1,52,7,8,,6,,,"6,67","6,4","3,25","2,2","5,31","6,18","2,75","1,87","6,58","1,5","6,75","6,75","6,25",1,2,"1,5",6,"5,33",0,5,"6,4",7,1,3,7,1,"5,5","5,5",7,"2,75","3,25",1,"5,74","2,31","2,67",7,2
41,CH,7,7,7,1,1,92,7,8,,6,,,"6,67","6,4","3,25","2,2","5,31","6,18","2,75","1,87","6,58","1,5","6,75","6,75","6,25",1,2,"1,5",6,"5,33",0,5,"6,4",7,1,3,7,1,"5,5","5,5",7,"2,75","3,25",1,"5,74","2,31","2,67",7,2
41,CH,8,7,7,1,1,86,7,8,,6,,,"6,67","6,4","3,25","2,2","5,31","6,18","2,75","1,87","6,58","1,5","6,75","6,75","6,25",1,2,"1,5",6,"5,33",0,5,"6,4",7,1,3,7,1,"5,5","5,5",7,"2,75","3,25",1,"5,74","2,31","2,67",7,2
41,CH,9,7,7,1,1,75,7,8,,6,,,"6,67","6,4","3,25","2,2","5,31","6,18","2,75","1,87","6,58","1,5","6,75","6,75","6,25",1,2,"1,5",6,"5,33",0,5,"6,4",7,1,3,7,1,"5,5","5,5",7,"2,75","3,25",1,"5,74","2,31","2,67",7,2
41,CH,10,7,7,1,1,51,7,8,,6,,,"6,67","6,4","3,25","2,2","5,31","6,18","2,75","1,87","6,58","1,5","6,75","6,75","6,25",1,2,"1,5",6,"5,33",0,5,"6,4",7,1,3,7,1,"5,5","5,5",7,"2,75","3,25",1,"5,74","2,31","2,67",7,2
41,CH,11,7,7,1,1,49,8,,,6,,,"6,67","6,4","3,25","2,2","5,31","6,18","2,75","1,87","6,58","1,5","6,75","6,75","6,25",1,2,"1,5",6,"5,33",0,5,"6,4",7,1,3,7,1,"5,5","5,5",7,"2,75","3,25",1,"5,74","2,31","2,67",7,2
41,CH,12,7,7,1,1,56,8,,,6,,,"6,67","6,4","3,25","2,2","5,31","6,18","2,75","1,87","6,58","1,5","6,75","6,75","6,25",1,2,"1,5",6,"5,33",0,5,"6,4",7,1,3,7,1,"5,5","5,5",7,"2,75","3,25",1,"5,74","2,31","2,67",7,2
41,CH,13,7,7,1,1,44,8,,,6,,,"6,67","6,4","3,25","2,2","5,31","6,18","2,75","1,87","6,58","1,5","6,75","6,75","6,25",1,2,"1,5",6,"5,33",0,5,"6,4",7,1,3,7,1,"5,5","5,5",7,"2,75","3,25",1,"5,74","2,31","2,67",7,2
41,CH,14,7,7,1,1,49,8,,,6,,,"6,67","6,4","3,25","2,2","5,31","6,18","2,75","1,87","6,58","1,5","6,75","6,75","6,25",1,2,"1,5",6,"5,33",0,5,"6,4",7,1,3,7,1,"5,5","5,5",7,"2,75","3,25",1,"5,74","2,31","2,67",7,2
41,CH,15,7,7,1,1,50,8,,,6,,,"6,67","6,4","3,25","2,2","5,31","6,18","2,75","1,87","6,58","1,5","6,75","6,75","6,25",1,2,"1,5",6,"5,33",0,5,"6,4",7,1,3,7,1,"5,5","5,5",7,"2,75","3,25",1,"5,74","2,31","2,67",7,2
41,CH,16,7,7,1,1,36,6,7,8,6,,,"6,67","6,4","3,25","2,2","5,31","6,18","2,75","1,87","6,58","1,5","6,75","6,75","6,25",1,2,"1,5",6,"5,33",0,5,"6,4",7,1,3,7,1,"5,5","5,5",7,"2,75","3,25",1,"5,74","2,31","2,67",7,2
41,CH,17,7,7,1,1,34,6,7,8,6,,,"6,67","6,4","3,25","2,2","5,31","6,18","2,75","1,87","6,58","1,5","6,75","6,75","6,25",1,2,"1,5",6,"5,33",0,5,"6,4",7,1,3,7,1,"5,5","5,5",7,"2,75","3,25",1,"5,74","2,31","2,67",7,2
41,CH,18,7,7,1,1,28,6,7,8,6,,,"6,67","6,4","3,25","2,2","5,31","6,18","2,75","1,87","6,58","1,5","6,75","6,75","6,25",1,2,"1,5",6,"5,33",0,5,"6,4",7,1,3,7,1,"5,5","5,5",7,"2,75","3,25",1,"5,74","2,31","2,67",7,2
41,CH,19,7,7,1,1,29,6,7,8,6,,,"6,67","6,4","3,25","2,2","5,31","6,18","2,75","1,87","6,58","1,5","6,75","6,75","6,25",1,2,"1,5",6,"5,33",0,5,"6,4",7,1,3,7,1,"5,5","5,5",7,"2,75","3,25",1,"5,74","2,31","2,67",7,2
41,CH,20,7,7,1,1,27,6,7,8,6,,,"6,67","6,4","3,25","2,2","5,31","6,18","2,75","1,87","6,58","1,5","6,75","6,75","6,25",1,2,"1,5",6,"5,33",0,5,"6,4",7,1,3,7,1,"5,5","5,5",7,"2,75","3,25",1,"5,74","2,31","2,67",7,2
41,CH,21,7,7,1,1,35,7,8,,3,6,,"6,67","6,4","3,25","2,2","5,31","6,18","2,75","1,87","6,58","1,5","6,75","6,75","6,25",1,2,"1,5",6,"5,33",0,5,"6,4",7,1,3,7,1,"5,5","5,5",7,"2,75","3,25",1,"5,74","2,31","2,67",7,2
41,CH,22,7,7,1,1,73,7,8,,3,6,,"6,67","6,4","3,25","2,2","5,31","6,18","2,75","1,87","6,58","1,5","6,75","6,75","6,25",1,2,"1,5",6,"5,33",0,5,"6,4",7,1,3,7,1,"5,5","5,5",7,"2,75","3,25",1,"5,74","2,31","2,67",7,2
41,CH,23,7,7,1,1,90,7,8,,3,6,,"6,67","6,4","3,25","2,2","5,31","6,18","2,75","1,87","6,58","1,5","6,75","6,75","6,25",1,2,"1,5",6,"5,33",0,5,"6,4",7,1,3,7,1,"5,5","5,5",7,"2,75","3,25",1,"5,74","2,31","2,67",7,2
41,CH,24,7,7,1,1,82,7,8,,3,6,,"6,67","6,4","3,25","2,2","5,31","6,18","2,75","1,87","6,58","1,5","6,75","6,75","6,25",1,2,"1,5",6,"5,33",0,5,"6,4",7,1,3,7,1,"5,5","5,5",7,"2,75","3,25",1,"5,74","2,31","2,67",7,2
41,CH,25,7,7,1,1,63,7,8,,3,6,,"6,67","6,4","3,25","2,2","5,31","6,18","2,75","1,87","6,58","1,5","6,75","6,75","6,25",1,2,"1,5",6,"5,33",0,5,"6,4",7,1,3,7,1,"5,5","5,5",7,"2,75","3,25",1,"5,74","2,31","2,67",7,2
41,CH,26,7,7,1,1,55,6,7,8,6,,,"6,67","6,4","3,25","2,2","5,31","6,18","2,75","1,87","6,58","1,5","6,75","6,75","6,25",1,2,"1,5",6,"5,33",0,5,"6,4",7,1,3,7,1,"5,5","5,5",7,"2,75","3,25",1,"5,74","2,31","2,67",7,2
41,CH,27,7,7,1,1,58,6,7,8,6,,,"6,67","6,4","3,25","2,2","5,31","6,18","2,75","1,87","6,58","1,5","6,75","6,75","6,25",1,2,"1,5",6,"5,33",0,5,"6,4",7,1,3,7,1,"5,5","5,5",7,"2,75","3,25",1,"5,74","2,31","2,67",7,2
41,CH,28,7,7,1,1,70,6,7,8,6,,,"6,67","6,4","3,25","2,2","5,31","6,18","2,75","1,87","6,58","1,5","6,75","6,75","6,25",1,2,"1,5",6,"5,33",0,5,"6,4",7,1,3,7,1,"5,5","5,5",7,"2,75","3,25",1,"5,74","2,31","2,67",7,2
41,CH,29,7,7,1,1,68,6,7,8,6,,,"6,67","6,4","3,25","2,2","5,31","6,18","2,75","1,87","6,58","1,5","6,75","6,75","6,25",1,2,"1,5",6,"5,33",0,5,"6,4",7,1,3,7,1,"5,5","5,5",7,"2,75","3,25",1,"5,74","2,31","2,67",7,2
41,CH,30,7,7,1,1,68,6,7,8,6,,,"6,67","6,4","3,25","2,2","5,31","6,18","2,75","1,87","6,58","1,5","6,75","6,75","6,25",1,2,"1,5",6,"5,33",0,5,"6,4",7,1,3,7,1,"5,5","5,5",7,"2,75","3,25",1,"5,74","2,31","2,67",7,2
41,CH,31,7,7,1,1,62,6,7,8,6,8,,"6,67","6,4","3,25","2,2","5,31","6,18","2,75","1,87","6,58","1,5","6,75","6,75","6,25",1,2,"1,5",6,"5,33",0,5,"6,4",7,1,3,7,1,"5,5","5,5",7,"2,75","3,25",1,"5,74","2,31","2,67",7,2
41,CH,32,7,7,1,1,45,6,7,8,6,8,,"6,67","6,4","3,25","2,2","5,31","6,18","2,75","1,87","6,58","1,5","6,75","6,75","6,25",1,2,"1,5",6,"5,33",0,5,"6,4",7,1,3,7,1,"5,5","5,5",7,"2,75","3,25",1,"5,74","2,31","2,67",7,2
41,CH,33,7,7,1,1,41,6,7,8,6,8,,"6,67","6,4","3,25","2,2","5,31","6,18","2,75","1,87","6,58","1,5","6,75","6,75","6,25",1,2,"1,5",6,"5,33",0,5,"6,4",7,1,3,7,1,"5,5","5,5",7,"2,75","3,25",1,"5,74","2,31","2,67",7,2
41,CH,34,7,7,1,1,42,6,7,8,6,8,,"6,67","6,4","3,25","2,2","5,31","6,18","2,75","1,87","6,58","1,5","6,75","6,75","6,25",1,2,"1,5",6,"5,33",0,5,"6,4",7,1,3,7,1,"5,5","5,5",7,"2,75","3,25",1,"5,74","2,31","2,67",7,2
41,CH,35,7,7,1,1,44,6,7,8,6,8,,"6,67","6,4","3,25","2,2","5,31","6,18","2,75","1,87","6,58","1,5","6,75","6,75","6,25",1,2,"1,5",6,"5,33",0,5,"6,4",7,1,3,7,1,"5,5","5,5",7,"2,75","3,25",1,"5,74","2,31","2,67",7,2
41,CH,36,7,7,1,1,44,6,7,8,6,,,"6,67","6,4","3,25","2,2","5,31","6,18","2,75","1,87","6,58","1,5","6,75","6,75","6,25",1,2,"1,5",6,"5,33",0,5,"6,4",7,1,3,7,1,"5,5","5,5",7,"2,75","3,25",1,"5,74","2,31","2,67",7,2
41,CH,37,7,7,1,1,44,6,7,8,6,,,"6,67","6,4","3,25","2,2","5,31","6,18","2,75","1,87","6,58","1,5","6,75","6,75","6,25",1,2,"1,5",6,"5,33",0,5,"6,4",7,1,3,7,1,"5,5","5,5",7,"2,75","3,25",1,"5,74","2,31","2,67",7,2
41,CH,38,7,7,1,1,48,6,7,8,6,,,"6,67","6,4","3,25","2,2","5,31","6,18","2,75","1,87","6,58","1,5","6,75","6,75","6,25",1,2,"1,5",6,"5,33",0,5,"6,4",7,1,3,7,1,"5,5","5,5",7,"2,75","3,25",1,"5,74","2,31","2,67",7,2
41,CH,39,7,7,1,1,89,6,7,8,6,,,"6,67","6,4","3,25","2,2","5,31","6,18","2,75","1,87","6,58","1,5","6,75","6,75","6,25",1,2,"1,5",6,"5,33",0,5,"6,4",7,1,3,7,1,"5,5","5,5",7,"2,75","3,25",1,"5,74","2,31","2,67",7,2
41,CH,40,7,7,1,1,88,6,7,8,6,,,"6,67","6,4","3,25","2,2","5,31","6,18","2,75","1,87","6,58","1,5","6,75","6,75","6,25",1,2,"1,5",6,"5,33",0,5,"6,4",7,1,3,7,1,"5,5","5,5",7,"2,75","3,25",1,"5,74","2,31","2,67",7,2
41,CH,41,7,7,1,1,74,6,7,8,6,8,,"6,67","6,4","3,25","2,2","5,31","6,18","2,75","1,87","6,58","1,5","6,75","6,75","6,25",1,2,"1,5",6,"5,33",0,5,"6,4",7,1,3,7,1,"5,5","5,5",7,"2,75","3,25",1,"5,74","2,31","2,67",7,2
41,CH,42,7,7,1,1,58,6,7,8,6,8,,"6,67","6,4","3,25","2,2","5,31","6,18","2,75","1,87","6,58","1,5","6,75","6,75","6,25",1,2,"1,5",6,"5,33",0,5,"6,4",7,1,3,7,1,"5,5","5,5",7,"2,75","3,25",1,"5,74","2,31","2,67",7,2
41,CH,43,7,7,1,1,79,6,7,8,6,8,,"6,67","6,4","3,25","2,2","5,31","6,18","2,75","1,87","6,58","1,5","6,75","6,75","6,25",1,2,"1,5",6,"5,33",0,5,"6,4",7,1,3,7,1,"5,5","5,5",7,"2,75","3,25",1,"5,74","2,31","2,67",7,2
41,CH,44,7,7,1,1,80,6,7,8,6,8,,"6,67","6,4","3,25","2,2","5,31","6,18","2,75","1,87","6,58","1,5","6,75","6,75","6,25",1,2,"1,5",6,"5,33",0,5,"6,4",7,1,3,7,1,"5,5","5,5",7,"2,75","3,25",1,"5,74","2,31","2,67",7,2
41,CH,45,7,7,1,1,74,6,7,8,6,8,,"6,67","6,4","3,25","2,2","5,31","6,18","2,75","1,87","6,58","1,5","6,75","6,75","6,25",1,2,"1,5",6,"5,33",0,5,"6,4",7,1,3,7,1,"5,5","5,5",7,"2,75","3,25",1,"5,74","2,31","2,67",7,2
41,CH,46,7,7,1,1,58,6,7,8,6,8,,"6,67","6,4","3,25","2,2","5,31","6,18","2,75","1,87","6,58","1,5","6,75","6,75","6,25",1,2,"1,5",6,"5,33",0,5,"6,4",7,1,3,7,1,"5,5","5,5",7,"2,75","3,25",1,"5,74","2,31","2,67",7,2
41,CH,47,7,7,1,1,67,6,7,8,6,8,,"6,67","6,4","3,25","2,2","5,31","6,18","2,75","1,87","6,58","1,5","6,75","6,75","6,25",1,2,"1,5",6,"5,33",0,5,"6,4",7,1,3,7,1,"5,5","5,5",7,"2,75","3,25",1,"5,74","2,31","2,67",7,2
41,CH,48,7,7,1,1,94,6,7,8,6,8,,"6,67","6,4","3,25","2,2","5,31","6,18","2,75","1,87","6,58","1,5","6,75","6,75","6,25",1,2,"1,5",6,"5,33",0,5,"6,4",7,1,3,7,1,"5,5","5,5",7,"2,75","3,25",1,"5,74","2,31","2,67",7,2
41,CH,49,7,7,1,1,78,6,7,8,6,8,,"6,67","6,4","3,25","2,2","5,31","6,18","2,75","1,87","6,58","1,5","6,75","6,75","6,25",1,2,"1,5",6,"5,33",0,5,"6,4",7,1,3,7,1,"5,5","5,5",7,"2,75","3,25",1,"5,74","2,31","2,67",7,2
41,CH,50,7,7,1,1,77,6,7,8,6,8,,"6,67","6,4","3,25","2,2","5,31","6,18","2,75","1,87","6,58","1,5","6,75","6,75","6,25",1,2,"1,5",6,"5,33",0,5,"6,4",7,1,3,7,1,"5,5","5,5",7,"2,75","3,25",1,"5,74","2,31","2,67",7,2
41,CH,51,7,7,1,1,76,6,7,8,6,8,,"6,67","6,4","3,25","2,2","5,31","6,18","2,75","1,87","6,58","1,5","6,75","6,75","6,25",1,2,"1,5",6,"5,33",0,5,"6,4",7,1,3,7,1,"5,5","5,5",7,"2,75","3,25",1,"5,74","2,31","2,67",7,2
41,CH,52,7,7,1,1,75,6,7,8,6,8,,"6,67","6,4","3,25","2,2","5,31","6,18","2,75","1,87","6,58","1,5","6,75","6,75","6,25",1,2,"1,5",6,"5,33",0,5,"6,4",7,1,3,7,1,"5,5","5,5",7,"2,75","3,25",1,"5,74","2,31","2,67",7,2
41,CH,53,7,7,1,1,88,6,7,8,6,8,,"6,67","6,4","3,25","2,2","5,31","6,18","2,75","1,87","6,58","1,5","6,75","6,75","6,25",1,2,"1,5",6,"5,33",0,5,"6,4",7,1,3,7,1,"5,5","5,5",7,"2,75","3,25",1,"5,74","2,31","2,67",7,2
42,FG,1,7,5,1,1,100,1,,,,,,"6,33","6,6","1,25",1,"5,75","6,41","1,31","1,6","6,67","1,08","6,5",7,"6,5","1,25",1,1,6,1,0,"4,67","6,8","6,5",1,"2,25","6,75",1,"6,75","6,5",7,4,"1,75",1,"6,08","1,46","0,5","6,63","1,63"
42,FG,2,7,5,1,1,100,1,,,,,,"6,33","6,6","1,25",1,"5,75","6,41","1,31","1,6","6,67","1,08","6,5",7,"6,5","1,25",1,1,6,1,0,"4,67","6,8","6,5",1,"2,25","6,75",1,"6,75","6,5",7,4,"1,75",1,"6,08","1,46","0,5","6,63","1,63"
42,FG,3,7,5,1,1,100,1,,,,,,"6,33","6,6","1,25",1,"5,75","6,41","1,31","1,6","6,67","1,08","6,5",7,"6,5","1,25",1,1,6,1,0,"4,67","6,8","6,5",1,"2,25","6,75",1,"6,75","6,5",7,4,"1,75",1,"6,08","1,46","0,5","6,63","1,63"
42,FG,4,7,5,1,1,97,1,,,,,,"6,33","6,6","1,25",1,"5,75","6,41","1,31","1,6","6,67","1,08","6,5",7,"6,5","1,25",1,1,6,1,0,"4,67","6,8","6,5",1,"2,25","6,75",1,"6,75","6,5",7,4,"1,75",1,"6,08","1,46","0,5","6,63","1,63"
42,FG,5,7,5,1,1,94,1,,,,,,"6,33","6,6","1,25",1,"5,75","6,41","1,31","1,6","6,67","1,08","6,5",7,"6,5","1,25",1,1,6,1,0,"4,67","6,8","6,5",1,"2,25","6,75",1,"6,75","6,5",7,4,"1,75",1,"6,08","1,46","0,5","6,63","1,63"
42,FG,6,7,5,1,1,100,2,,,,,,"6,33","6,6","1,25",1,"5,75","6,41","1,31","1,6","6,67","1,08","6,5",7,"6,5","1,25",1,1,6,1,0,"4,67","6,8","6,5",1,"2,25","6,75",1,"6,75","6,5",7,4,"1,75",1,"6,08","1,46","0,5","6,63","1,63"
42,FG,7,7,5,1,1,100,2,,,,,,"6,33","6,6","1,25",1,"5,75","6,41","1,31","1,6","6,67","1,08","6,5",7,"6,5","1,25",1,1,6,1,0,"4,67","6,8","6,5",1,"2,25","6,75",1,"6,75","6,5",7,4,"1,75",1,"6,08","1,46","0,5","6,63","1,63"
42,FG,8,7,5,1,1,100,2,,,,,,"6,33","6,6","1,25",1,"5,75","6,41","1,31","1,6","6,67","1,08","6,5",7,"6,5","1,25",1,1,6,1,0,"4,67","6,8","6,5",1,"2,25","6,75",1,"6,75","6,5",7,4,"1,75",1,"6,08","1,46","0,5","6,63","1,63"
42,FG,9,7,5,1,1,92,2,,,,,,"6,33","6,6","1,25",1,"5,75","6,41","1,31","1,6","6,67","1,08","6,5",7,"6,5","1,25",1,1,6,1,0,"4,67","6,8","6,5",1,"2,25","6,75",1,"6,75","6,5",7,4,"1,75",1,"6,08","1,46","0,5","6,63","1,63"
42,FG,10,7,5,1,1,97,2,,,,,,"6,33","6,6","1,25",1,"5,75","6,41","1,31","1,6","6,67","1,08","6,5",7,"6,5","1,25",1,1,6,1,0,"4,67","6,8","6,5",1,"2,25","6,75",1,"6,75","6,5",7,4,"1,75",1,"6,08","1,46","0,5","6,63","1,63"
42,FG,11,7,7,1,1,76,2,6,,,,,"6,33","6,6","1,25",1,"5,75","6,41","1,31","1,6","6,67","1,08","6,5",7,"6,5","1,25",1,1,6,1,0,"4,67","6,8","6,5",1,"2,25","6,75",1,"6,75","6,5",7,4,"1,75",1,"6,08","1,46","0,5","6,63","1,63"
42,FG,12,7,7,1,1,81,2,6,,,,,"6,33","6,6","1,25",1,"5,75","6,41","1,31","1,6","6,67","1,08","6,5",7,"6,5","1,25",1,1,6,1,0,"4,67","6,8","6,5",1,"2,25","6,75",1,"6,75","6,5",7,4,"1,75",1,"6,08","1,46","0,5","6,63","1,63"
42,FG,13,7,7,1,1,89,2,6,,,,,"6,33","6,6","1,25",1,"5,75","6,41","1,31","1,6","6,67","1,08","6,5",7,"6,5","1,25",1,1,6,1,0,"4,67","6,8","6,5",1,"2,25","6,75",1,"6,75","6,5",7,4,"1,75",1,"6,08","1,46","0,5","6,63","1,63"
42,FG,14,7,7,1,1,72,2,6,,,,,"6,33","6,6","1,25",1,"5,75","6,41","1,31","1,6","6,67","1,08","6,5",7,"6,5","1,25",1,1,6,1,0,"4,67","6,8","6,5",1,"2,25","6,75",1,"6,75","6,5",7,4,"1,75",1,"6,08","1,46","0,5","6,63","1,63"
42,FG,15,7,7,1,1,70,2,6,,,,,"6,33","6,6","1,25",1,"5,75","6,41","1,31","1,6","6,67","1,08","6,5",7,"6,5","1,25",1,1,6,1,0,"4,67","6,8","6,5",1,"2,25","6,75",1,"6,75","6,5",7,4,"1,75",1,"6,08","1,46","0,5","6,63","1,63"
42,FG,16,7,7,1,1,70,2,4,5,8,,,"6,33","6,6","1,25",1,"5,75","6,41","1,31","1,6","6,67","1,08","6,5",7,"6,5","1,25",1,1,6,1,0,"4,67","6,8","6,5",1,"2,25","6,75",1,"6,75","6,5",7,4,"1,75",1,"6,08","1,46","0,5","6,63","1,63"
42,FG,17,7,7,1,1,76,2,4,5,8,,,"6,33","6,6","1,25",1,"5,75","6,41","1,31","1,6","6,67","1,08","6,5",7,"6,5","1,25",1,1,6,1,0,"4,67","6,8","6,5",1,"2,25","6,75",1,"6,75","6,5",7,4,"1,75",1,"6,08","1,46","0,5","6,63","1,63"
42,FG,18,7,7,1,1,62,2,4,5,8,,,"6,33","6,6","1,25",1,"5,75","6,41","1,31","1,6","6,67","1,08","6,5",7,"6,5","1,25",1,1,6,1,0,"4,67","6,8","6,5",1,"2,25","6,75",1,"6,75","6,5",7,4,"1,75",1,"6,08","1,46","0,5","6,63","1,63"
42,FG,19,7,7,1,1,56,2,4,5,8,,,"6,33","6,6","1,25",1,"5,75","6,41","1,31","1,6","6,67","1,08","6,5",7,"6,5","1,25",1,1,6,1,0,"4,67","6,8","6,5",1,"2,25","6,75",1,"6,75","6,5",7,4,"1,75",1,"6,08","1,46","0,5","6,63","1,63"
42,FG,20,7,7,1,1,79,2,4,5,8,,,"6,33","6,6","1,25",1,"5,75","6,41","1,31","1,6","6,67","1,08","6,5",7,"6,5","1,25",1,1,6,1,0,"4,67","6,8","6,5",1,"2,25","6,75",1,"6,75","6,5",7,4,"1,75",1,"6,08","1,46","0,5","6,63","1,63"
42,FG,21,7,7,1,1,68,5,6,,8,,,"6,33","6,6","1,25",1,"5,75","6,41","1,31","1,6","6,67","1,08","6,5",7,"6,5","1,25",1,1,6,1,0,"4,67","6,8","6,5",1,"2,25","6,75",1,"6,75","6,5",7,4,"1,75",1,"6,08","1,46","0,5","6,63","1,63"
42,FG,22,7,7,1,1,76,5,6,,8,,,"6,33","6,6","1,25",1,"5,75","6,41","1,31","1,6","6,67","1,08","6,5",7,"6,5","1,25",1,1,6,1,0,"4,67","6,8","6,5",1,"2,25","6,75",1,"6,75","6,5",7,4,"1,75",1,"6,08","1,46","0,5","6,63","1,63"
42,FG,23,7,7,1,1,92,5,6,,8,,,"6,33","6,6","1,25",1,"5,75","6,41","1,31","1,6","6,67","1,08","6,5",7,"6,5","1,25",1,1,6,1,0,"4,67","6,8","6,5",1,"2,25","6,75",1,"6,75","6,5",7,4,"1,75",1,"6,08","1,46","0,5","6,63","1,63"
42,FG,24,7,7,1,1,91,5,6,,8,,,"6,33","6,6","1,25",1,"5,75","6,41","1,31","1,6","6,67","1,08","6,5",7,"6,5","1,25",1,1,6,1,0,"4,67","6,8","6,5",1,"2,25","6,75",1,"6,75","6,5",7,4,"1,75",1,"6,08","1,46","0,5","6,63","1,63"
42,FG,25,7,7,1,1,77,5,6,,8,,,"6,33","6,6","1,25",1,"5,75","6,41","1,31","1,6","6,67","1,08","6,5",7,"6,5","1,25",1,1,6,1,0,"4,67","6,8","6,5",1,"2,25","6,75",1,"6,75","6,5",7,4,"1,75",1,"6,08","1,46","0,5","6,63","1,63"
42,FG,26,7,7,1,1,83,5,,,,,,"6,33","6,6","1,25",1,"5,75","6,41","1,31","1,6","6,67","1,08","6,5",7,"6,5","1,25",1,1,6,1,0,"4,67","6,8","6,5",1,"2,25","6,75",1,"6,75","6,5",7,4,"1,75",1,"6,08","1,46","0,5","6,63","1,63"
42,FG,27,7,7,1,1,76,5,,,,,,"6,33","6,6","1,25",1,"5,75","6,41","1,31","1,6","6,67","1,08","6,5",7,"6,5","1,25",1,1,6,1,0,"4,67","6,8","6,5",1,"2,25","6,75",1,"6,75","6,5",7,4,"1,75",1,"6,08","1,46","0,5","6,63","1,63"
42,FG,28,7,7,1,1,66,5,,,,,,"6,33","6,6","1,25",1,"5,75","6,41","1,31","1,6","6,67","1,08","6,5",7,"6,5","1,25",1,1,6,1,0,"4,67","6,8","6,5",1,"2,25","6,75",1,"6,75","6,5",7,4,"1,75",1,"6,08","1,46","0,5","6,63","1,63"
42,FG,29,7,7,1,1,50,5,,,,,,"6,33","6,6","1,25",1,"5,75","6,41","1,31","1,6","6,67","1,08","6,5",7,"6,5","1,25",1,1,6,1,0,"4,67","6,8","6,5",1,"2,25","6,75",1,"6,75","6,5",7,4,"1,75",1,"6,08","1,46","0,5","6,63","1,63"
42,FG,30,7,7,1,1,51,5,,,,,,"6,33","6,6","1,25",1,"5,75","6,41","1,31","1,6","6,67","1,08","6,5",7,"6,5","1,25",1,1,6,1,0,"4,67","6,8","6,5",1,"2,25","6,75",1,"6,75","6,5",7,4,"1,75",1,"6,08","1,46","0,5","6,63","1,63"
42,FG,31,7,7,1,1,61,5,,,6,,,"6,33","6,6","1,25",1,"5,75","6,41","1,31","1,6","6,67","1,08","6,5",7,"6,5","1,25",1,1,6,1,0,"4,67","6,8","6,5",1,"2,25","6,75",1,"6,75","6,5",7,4,"1,75",1,"6,08","1,46","0,5","6,63","1,63"
42,FG,32,7,7,1,1,58,5,,,6,,,"6,33","6,6","1,25",1,"5,75","6,41","1,31","1,6","6,67","1,08","6,5",7,"6,5","1,25",1,1,6,1,0,"4,67","6,8","6,5",1,"2,25","6,75",1,"6,75","6,5",7,4,"1,75",1,"6,08","1,46","0,5","6,63","1,63"
42,FG,33,7,7,1,1,45,5,,,6,,,"6,33","6,6","1,25",1,"5,75","6,41","1,31","1,6","6,67","1,08","6,5",7,"6,5","1,25",1,1,6,1,0,"4,67","6,8","6,5",1,"2,25","6,75",1,"6,75","6,5",7,4,"1,75",1,"6,08","1,46","0,5","6,63","1,63"
42,FG,34,7,7,1,1,45,5,,,6,,,"6,33","6,6","1,25",1,"5,75","6,41","1,31","1,6","6,67","1,08","6,5",7,"6,5","1,25",1,1,6,1,0,"4,67","6,8","6,5",1,"2,25","6,75",1,"6,75","6,5",7,4,"1,75",1,"6,08","1,46","0,5","6,63","1,63"
42,FG,35,7,7,1,1,58,5,,,6,,,"6,33","6,6","1,25",1,"5,75","6,41","1,31","1,6","6,67","1,08","6,5",7,"6,5","1,25",1,1,6,1,0,"4,67","6,8","6,5",1,"2,25","6,75",1,"6,75","6,5",7,4,"1,75",1,"6,08","1,46","0,5","6,63","1,63"
42,FG,36,7,7,1,1,57,5,6,,6,,,"6,33","6,6","1,25",1,"5,75","6,41","1,31","1,6","6,67","1,08","6,5",7,"6,5","1,25",1,1,6,1,0,"4,67","6,8","6,5",1,"2,25","6,75",1,"6,75","6,5",7,4,"1,75",1,"6,08","1,46","0,5","6,63","1,63"
42,FG,37,7,7,1,1,55,5,6,,6,,,"6,33","6,6","1,25",1,"5,75","6,41","1,31","1,6","6,67","1,08","6,5",7,"6,5","1,25",1,1,6,1,0,"4,67","6,8","6,5",1,"2,25","6,75",1,"6,75","6,5",7,4,"1,75",1,"6,08","1,46","0,5","6,63","1,63"
42,FG,38,7,7,1,1,52,5,6,,6,,,"6,33","6,6","1,25",1,"5,75","6,41","1,31","1,6","6,67","1,08","6,5",7,"6,5","1,25",1,1,6,1,0,"4,67","6,8","6,5",1,"2,25","6,75",1,"6,75","6,5",7,4,"1,75",1,"6,08","1,46","0,5","6,63","1,63"
42,FG,39,7,7,1,1,50,5,6,,6,,,"6,33","6,6","1,25",1,"5,75","6,41","1,31","1,6","6,67","1,08","6,5",7,"6,5","1,25",1,1,6,1,0,"4,67","6,8","6,5",1,"2,25","6,75",1,"6,75","6,5",7,4,"1,75",1,"6,08","1,46","0,5","6,63","1,63"
42,FG,40,7,7,1,1,51,5,6,,6,,,"6,33","6,6","1,25",1,"5,75","6,41","1,31","1,6","6,67","1,08","6,5",7,"6,5","1,25",1,1,6,1,0,"4,67","6,8","6,5",1,"2,25","6,75",1,"6,75","6,5",7,4,"1,75",1,"6,08","1,46","0,5","6,63","1,63"
42,FG,41,7,5,1,1,57,5,,,6,,,"6,33","6,6","1,25",1,"5,75","6,41","1,31","1,6","6,67","1,08","6,5",7,"6,5","1,25",1,1,6,1,0,"4,67","6,8","6,5",1,"2,25","6,75",1,"6,75","6,5",7,4,"1,75",1,"6,08","1,46","0,5","6,63","1,63"
42,FG,42,7,5,1,1,51,5,,,6,,,"6,33","6,6","1,25",1,"5,75","6,41","1,31","1,6","6,67","1,08","6,5",7,"6,5","1,25",1,1,6,1,0,"4,67","6,8","6,5",1,"2,25","6,75",1,"6,75","6,5",7,4,"1,75",1,"6,08","1,46","0,5","6,63","1,63"
42,FG,43,7,5,1,1,49,5,,,6,,,"6,33","6,6","1,25",1,"5,75","6,41","1,31","1,6","6,67","1,08","6,5",7,"6,5","1,25",1,1,6,1,0,"4,67","6,8","6,5",1,"2,25","6,75",1,"6,75","6,5",7,4,"1,75",1,"6,08","1,46","0,5","6,63","1,63"
42,FG,44,7,5,1,1,53,5,,,6,,,"6,33","6,6","1,25",1,"5,75","6,41","1,31","1,6","6,67","1,08","6,5",7,"6,5","1,25",1,1,6,1,0,"4,67","6,8","6,5",1,"2,25","6,75",1,"6,75","6,5",7,4,"1,75",1,"6,08","1,46","0,5","6,63","1,63"
42,FG,45,7,5,1,1,55,5,,,6,,,"6,33","6,6","1,25",1,"5,75","6,41","1,31","1,6","6,67","1,08","6,5",7,"6,5","1,25",1,1,6,1,0,"4,67","6,8","6,5",1,"2,25","6,75",1,"6,75","6,5",7,4,"1,75",1,"6,08","1,46","0,5","6,63","1,63"
42,FG,46,"6,5",5,1,1,48,5,6,,6,,,"6,33","6,6","1,25",1,"5,75","6,41","1,31","1,6","6,67","1,08","6,5",7,"6,5","1,25",1,1,6,1,0,"4,67","6,8","6,5",1,"2,25","6,75",1,"6,75","6,5",7,4,"1,75",1,"6,08","1,46","0,5","6,63","1,63"
42,FG,47,"6,5",5,1,1,58,5,6,,6,,,"6,33","6,6","1,25",1,"5,75","6,41","1,31","1,6","6,67","1,08","6,5",7,"6,5","1,25",1,1,6,1,0,"4,67","6,8","6,5",1,"2,25","6,75",1,"6,75","6,5",7,4,"1,75",1,"6,08","1,46","0,5","6,63","1,63"
42,FG,48,"6,5",5,1,1,62,5,6,,6,,,"6,33","6,6","1,25",1,"5,75","6,41","1,31","1,6","6,67","1,08","6,5",7,"6,5","1,25",1,1,6,1,0,"4,67","6,8","6,5",1,"2,25","6,75",1,"6,75","6,5",7,4,"1,75",1,"6,08","1,46","0,5","6,63","1,63"
42,FG,49,"6,5",5,1,1,57,5,6,,6,,,"6,33","6,6","1,25",1,"5,75","6,41","1,31","1,6","6,67","1,08","6,5",7,"6,5","1,25",1,1,6,1,0,"4,67","6,8","6,5",1,"2,25","6,75",1,"6,75","6,5",7,4,"1,75",1,"6,08","1,46","0,5","6,63","1,63"
42,FG,50,"6,5",5,1,1,58,5,6,,6,,,"6,33","6,6","1,25",1,"5,75","6,41","1,31","1,6","6,67","1,08","6,5",7,"6,5","1,25",1,1,6,1,0,"4,67","6,8","6,5",1,"2,25","6,75",1,"6,75","6,5",7,4,"1,75",1,"6,08","1,46","0,5","6,63","1,63"
42,FG,51,7,5,1,1,59,2,,,,,,"6,33","6,6","1,25",1,"5,75","6,41","1,31","1,6","6,67","1,08","6,5",7,"6,5","1,25",1,1,6,1,0,"4,67","6,8","6,5",1,"2,25","6,75",1,"6,75","6,5",7,4,"1,75",1,"6,08","1,46","0,5","6,63","1,63"
42,FG,52,7,5,1,1,57,2,,,,,,"6,33","6,6","1,25",1,"5,75","6,41","1,31","1,6","6,67","1,08","6,5",7,"6,5","1,25",1,1,6,1,0,"4,67","6,8","6,5",1,"2,25","6,75",1,"6,75","6,5",7,4,"1,75",1,"6,08","1,46","0,5","6,63","1,63"
42,FG,53,7,5,1,1,54,2,,,,,,"6,33","6,6","1,25",1,"5,75","6,41","1,31","1,6","6,67","1,08","6,5",7,"6,5","1,25",1,1,6,1,0,"4,67","6,8","6,5",1,"2,25","6,75",1,"6,75","6,5",7,4,"1,75",1,"6,08","1,46","0,5","6,63","1,63"
42,FG,54,7,5,1,1,43,2,,,,,,"6,33","6,6","1,25",1,"5,75","6,41","1,31","1,6","6,67","1,08","6,5",7,"6,5","1,25",1,1,6,1,0,"4,67","6,8","6,5",1,"2,25","6,75",1,"6,75","6,5",7,4,"1,75",1,"6,08","1,46","0,5","6,63","1,63"
42,FG,55,7,5,1,1,49,2,,,,,,"6,33","6,6","1,25",1,"5,75","6,41","1,31","1,6","6,67","1,08","6,5",7,"6,5","1,25",1,1,6,1,0,"4,67","6,8","6,5",1,"2,25","6,75",1,"6,75","6,5",7,4,"1,75",1,"6,08","1,46","0,5","6,63","1,63"
42,FG,56,7,5,1,1,47,2,,,,,,"6,33","6,6","1,25",1,"5,75","6,41","1,31","1,6","6,67","1,08","6,5",7,"6,5","1,25",1,1,6,1,0,"4,67","6,8","6,5",1,"2,25","6,75",1,"6,75","6,5",7,4,"1,75",1,"6,08","1,46","0,5","6,63","1,63"
42,FG,57,7,5,1,1,48,2,,,,,,"6,33","6,6","1,25",1,"5,75","6,41","1,31","1,6","6,67","1,08","6,5",7,"6,5","1,25",1,1,6,1,0,"4,67","6,8","6,5",1,"2,25","6,75",1,"6,75","6,5",7,4,"1,75",1,"6,08","1,46","0,5","6,63","1,63"
42,FG,58,7,5,1,1,56,2,,,,,,"6,33","6,6","1,25",1,"5,75","6,41","1,31","1,6","6,67","1,08","6,5",7,"6,5","1,25",1,1,6,1,0,"4,67","6,8","6,5",1,"2,25","6,75",1,"6,75","6,5",7,4,"1,75",1,"6,08","1,46","0,5","6,63","1,63"
42,FG,59,7,5,1,1,52,7,,,5,,,"6,33","6,6","1,25",1,"5,75","6,41","1,31","1,6","6,67","1,08","6,5",7,"6,5","1,25",1,1,6,1,0,"4,67","6,8","6,5",1,"2,25","6,75",1,"6,75","6,5",7,4,"1,75",1,"6,08","1,46","0,5","6,63","1,63"
42,FG,60,7,5,1,1,60,7,,,5,,,"6,33","6,6","1,25",1,"5,75","6,41","1,31","1,6","6,67","1,08","6,5",7,"6,5","1,25",1,1,6,1,0,"4,67","6,8","6,5",1,"2,25","6,75",1,"6,75","6,5",7,4,"1,75",1,"6,08","1,46","0,5","6,63","1,63"
42,FG,61,7,5,1,1,74,7,,,5,,,"6,33","6,6","1,25",1,"5,75","6,41","1,31","1,6","6,67","1,08","6,5",7,"6,5","1,25",1,1,6,1,0,"4,67","6,8","6,5",1,"2,25","6,75",1,"6,75","6,5",7,4,"1,75",1,"6,08","1,46","0,5","6,63","1,63"
42,FG,62,7,5,1,1,67,7,,,5,,,"6,33","6,6","1,25",1,"5,75","6,41","1,31","1,6","6,67","1,08","6,5",7,"6,5","1,25",1,1,6,1,0,"4,67","6,8","6,5",1,"2,25","6,75",1,"6,75","6,5",7,4,"1,75",1,"6,08","1,46","0,5","6,63","1,63"
42,FG,63,7,5,1,1,59,7,,,5,,,"6,33","6,6","1,25",1,"5,75","6,41","1,31","1,6","6,67","1,08","6,5",7,"6,5","1,25",1,1,6,1,0,"4,67","6,8","6,5",1,"2,25","6,75",1,"6,75","6,5",7,4,"1,75",1,"6,08","1,46","0,5","6,63","1,63"
42,FG,64,"6,6",7,1,1,53,7,8,,5,6,,"6,33","6,6","1,25",1,"5,75","6,41","1,31","1,6","6,67","1,08","6,5",7,"6,5","1,25",1,1,6,1,0,"4,67","6,8","6,5",1,"2,25","6,75",1,"6,75","6,5",7,4,"1,75",1,"6,08","1,46","0,5","6,63","1,63"
42,FG,65,"6,6",7,1,1,54,7,8,,5,6,,"6,33","6,6","1,25",1,"5,75","6,41","1,31","1,6","6,67","1,08","6,5",7,"6,5","1,25",1,1,6,1,0,"4,67","6,8","6,5",1,"2,25","6,75",1,"6,75","6,5",7,4,"1,75",1,"6,08","1,46","0,5","6,63","1,63"
42,FG,66,"6,6",7,1,1,56,7,8,,5,6,,"6,33","6,6","1,25",1,"5,75","6,41","1,31","1,6","6,67","1,08","6,5",7,"6,5","1,25",1,1,6,1,0,"4,67","6,8","6,5",1,"2,25","6,75",1,"6,75","6,5",7,4,"1,75",1,"6,08","1,46","0,5","6,63","1,63"
42,FG,67,"6,6",7,1,1,66,7,8,,5,6,,"6,33","6,6","1,25",1,"5,75","6,41","1,31","1,6","6,67","1,08","6,5",7,"6,5","1,25",1,1,6,1,0,"4,67","6,8","6,5",1,"2,25","6,75",1,"6,75","6,5",7,4,"1,75",1,"6,08","1,46","0,5","6,63","1,63"
42,FG,68,"6,6",7,1,1,66,7,8,,5,6,,"6,33","6,6","1,25",1,"5,75","6,41","1,31","1,6","6,67","1,08","6,5",7,"6,5","1,25",1,1,6,1,0,"4,67","6,8","6,5",1,"2,25","6,75",1,"6,75","6,5",7,4,"1,75",1,"6,08","1,46","0,5","6,63","1,63"
42,FG,69,7,7,1,1,56,7,8,,5,6,,"6,33","6,6","1,25",1,"5,75","6,41","1,31","1,6","6,67","1,08","6,5",7,"6,5","1,25",1,1,6,1,0,"4,67","6,8","6,5",1,"2,25","6,75",1,"6,75","6,5",7,4,"1,75",1,"6,08","1,46","0,5","6,63","1,63"
42,FG,70,7,7,1,1,63,7,8,,5,6,,"6,33","6,6","1,25",1,"5,75","6,41","1,31","1,6","6,67","1,08","6,5",7,"6,5","1,25",1,1,6,1,0,"4,67","6,8","6,5",1,"2,25","6,75",1,"6,75","6,5",7,4,"1,75",1,"6,08","1,46","0,5","6,63","1,63"
42,FG,71,7,7,1,1,59,7,8,,5,6,,"6,33","6,6","1,25",1,"5,75","6,41","1,31","1,6","6,67","1,08","6,5",7,"6,5","1,25",1,1,6,1,0,"4,67","6,8","6,5",1,"2,25","6,75",1,"6,75","6,5",7,4,"1,75",1,"6,08","1,46","0,5","6,63","1,63"
42,FG,72,7,7,1,1,45,7,8,,5,6,,"6,33","6,6","1,25",1,"5,75","6,41","1,31","1,6","6,67","1,08","6,5",7,"6,5","1,25",1,1,6,1,0,"4,67","6,8","6,5",1,"2,25","6,75",1,"6,75","6,5",7,4,"1,75",1,"6,08","1,46","0,5","6,63","1,63"
42,FG,73,7,7,1,1,46,7,8,,5,6,,"6,33","6,6","1,25",1,"5,75","6,41","1,31","1,6","6,67","1,08","6,5",7,"6,5","1,25",1,1,6,1,0,"4,67","6,8","6,5",1,"2,25","6,75",1,"6,75","6,5",7,4,"1,75",1,"6,08","1,46","0,5","6,63","1,63"
42,FG,74,7,7,1,1,43,7,,,5,6,,"6,33","6,6","1,25",1,"5,75","6,41","1,31","1,6","6,67","1,08","6,5",7,"6,5","1,25",1,1,6,1,0,"4,67","6,8","6,5",1,"2,25","6,75",1,"6,75","6,5",7,4,"1,75",1,"6,08","1,46","0,5","6,63","1,63"
42,FG,75,7,7,1,1,44,7,,,5,6,,"6,33","6,6","1,25",1,"5,75","6,41","1,31","1,6","6,67","1,08","6,5",7,"6,5","1,25",1,1,6,1,0,"4,67","6,8","6,5",1,"2,25","6,75",1,"6,75","6,5",7,4,"1,75",1,"6,08","1,46","0,5","6,63","1,63"
42,FG,76,7,7,1,1,50,7,,,5,6,,"6,33","6,6","1,25",1,"5,75","6,41","1,31","1,6","6,67","1,08","6,5",7,"6,5","1,25",1,1,6,1,0,"4,67","6,8","6,5",1,"2,25","6,75",1,"6,75","6,5",7,4,"1,75",1,"6,08","1,46","0,5","6,63","1,63"
42,FG,77,7,7,1,1,53,7,,,5,6,,"6,33","6,6","1,25",1,"5,75","6,41","1,31","1,6","6,67","1,08","6,5",7,"6,5","1,25",1,1,6,1,0,"4,67","6,8","6,5",1,"2,25","6,75",1,"6,75","6,5",7,4,"1,75",1,"6,08","1,46","0,5","6,63","1,63"
42,FG,78,7,7,1,1,47,7,,,5,6,,"6,33","6,6","1,25",1,"5,75","6,41","1,31","1,6","6,67","1,08","6,5",7,"6,5","1,25",1,1,6,1,0,"4,67","6,8","6,5",1,"2,25","6,75",1,"6,75","6,5",7,4,"1,75",1,"6,08","1,46","0,5","6,63","1,63"
42,FG,79,7,7,1,1,44,7,8,,5,6,,"6,33","6,6","1,25",1,"5,75","6,41","1,31","1,6","6,67","1,08","6,5",7,"6,5","1,25",1,1,6,1,0,"4,67","6,8","6,5",1,"2,25","6,75",1,"6,75","6,5",7,4,"1,75",1,"6,08","1,46","0,5","6,63","1,63"
42,FG,80,7,7,1,1,40,7,8,,5,6,,"6,33","6,6","1,25",1,"5,75","6,41","1,31","1,6","6,67","1,08","6,5",7,"6,5","1,25",1,1,6,1,0,"4,67","6,8","6,5",1,"2,25","6,75",1,"6,75","6,5",7,4,"1,75",1,"6,08","1,46","0,5","6,63","1,63"
42,FG,81,7,7,1,1,54,7,8,,5,6,,"6,33","6,6","1,25",1,"5,75","6,41","1,31","1,6","6,67","1,08","6,5",7,"6,5","1,25",1,1,6,1,0,"4,67","6,8","6,5",1,"2,25","6,75",1,"6,75","6,5",7,4,"1,75",1,"6,08","1,46","0,5","6,63","1,63"
42,FG,82,7,7,1,1,45,7,8,,5,6,,"6,33","6,6","1,25",1,"5,75","6,41","1,31","1,6","6,67","1,08","6,5",7,"6,5","1,25",1,1,6,1,0,"4,67","6,8","6,5",1,"2,25","6,75",1,"6,75","6,5",7,4,"1,75",1,"6,08","1,46","0,5","6,63","1,63"
42,FG,83,7,7,1,1,57,7,8,,5,6,,"6,33","6,6","1,25",1,"5,75","6,41","1,31","1,6","6,67","1,08","6,5",7,"6,5","1,25",1,1,6,1,0,"4,67","6,8","6,5",1,"2,25","6,75",1,"6,75","6,5",7,4,"1,75",1,"6,08","1,46","0,5","6,63","1,63"
42,FG,84,,,,,63,7,,,5,,,"6,33","6,6","1,25",1,"5,75","6,41","1,31","1,6","6,67","1,08","6,5",7,"6,5","1,25",1,1,6,1,0,"4,67","6,8","6,5",1,"2,25","6,75",1,"6,75","6,5",7,4,"1,75",1,"6,08","1,46","0,5","6,63","1,63"
42,FG,85,,,,,53,7,,,5,,,"6,33","6,6","1,25",1,"5,75","6,41","1,31","1,6","6,67","1,08","6,5",7,"6,5","1,25",1,1,6,1,0,"4,67","6,8","6,5",1,"2,25","6,75",1,"6,75","6,5",7,4,"1,75",1,"6,08","1,46","0,5","6,63","1,63"
42,FG,86,,,,,46,7,,,5,,,"6,33","6,6","1,25",1,"5,75","6,41","1,31","1,6","6,67","1,08","6,5",7,"6,5","1,25",1,1,6,1,0,"4,67","6,8","6,5",1,"2,25","6,75",1,"6,75","6,5",7,4,"1,75",1,"6,08","1,46","0,5","6,63","1,63"
42,FG,87,,,,,40,7,,,5,,,"6,33","6,6","1,25",1,"5,75","6,41","1,31","1,6","6,67","1,08","6,5",7,"6,5","1,25",1,1,6,1,0,"4,67","6,8","6,5",1,"2,25","6,75",1,"6,75","6,5",7,4,"1,75",1,"6,08","1,46","0,5","6,63","1,63"
42,FG,88,,,,,37,7,,,5,,,"6,33","6,6","1,25",1,"5,75","6,41","1,31","1,6","6,67","1,08","6,5",7,"6,5","1,25",1,1,6,1,0,"4,67","6,8","6,5",1,"2,25","6,75",1,"6,75","6,5",7,4,"1,75",1,"6,08","1,46","0,5","6,63","1,63"
42,FG,89,7,7,1,1,42,8,,,6,,,"6,33","6,6","1,25",1,"5,75","6,41","1,31","1,6","6,67","1,08","6,5",7,"6,5","1,25",1,1,6,1,0,"4,67","6,8","6,5",1,"2,25","6,75",1,"6,75","6,5",7,4,"1,75",1,"6,08","1,46","0,5","6,63","1,63"
42,FG,90,7,7,1,1,51,8,,,6,,,"6,33","6,6","1,25",1,"5,75","6,41","1,31","1,6","6,67","1,08","6,5",7,"6,5","1,25",1,1,6,1,0,"4,67","6,8","6,5",1,"2,25","6,75",1,"6,75","6,5",7,4,"1,75",1,"6,08","1,46","0,5","6,63","1,63"
42,FG,91,7,7,1,1,64,8,,,6,,,"6,33","6,6","1,25",1,"5,75","6,41","1,31","1,6","6,67","1,08","6,5",7,"6,5","1,25",1,1,6,1,0,"4,67","6,8","6,5",1,"2,25","6,75",1,"6,75","6,5",7,4,"1,75",1,"6,08","1,46","0,5","6,63","1,63"
42,FG,92,7,7,1,1,61,8,,,6,,,"6,33","6,6","1,25",1,"5,75","6,41","1,31","1,6","6,67","1,08","6,5",7,"6,5","1,25",1,1,6,1,0,"4,67","6,8","6,5",1,"2,25","6,75",1,"6,75","6,5",7,4,"1,75",1,"6,08","1,46","0,5","6,63","1,63"
42,FG,93,7,7,1,1,66,8,,,6,,,"6,33","6,6","1,25",1,"5,75","6,41","1,31","1,6","6,67","1,08","6,5",7,"6,5","1,25",1,1,6,1,0,"4,67","6,8","6,5",1,"2,25","6,75",1,"6,75","6,5",7,4,"1,75",1,"6,08","1,46","0,5","6,63","1,63"
42,FG,94,7,7,1,1,55,7,8,,5,6,,"6,33","6,6","1,25",1,"5,75","6,41","1,31","1,6","6,67","1,08","6,5",7,"6,5","1,25",1,1,6,1,0,"4,67","6,8","6,5",1,"2,25","6,75",1,"6,75","6,5",7,4,"1,75",1,"6,08","1,46","0,5","6,63","1,63"
42,FG,95,7,7,1,1,49,7,8,,5,6,,"6,33","6,6","1,25",1,"5,75","6,41","1,31","1,6","6,67","1,08","6,5",7,"6,5","1,25",1,1,6,1,0,"4,67","6,8","6,5",1,"2,25","6,75",1,"6,75","6,5",7,4,"1,75",1,"6,08","1,46","0,5","6,63","1,63"
42,FG,96,7,7,1,1,45,7,8,,5,6,,"6,33","6,6","1,25",1,"5,75","6,41","1,31","1,6","6,67","1,08","6,5",7,"6,5","1,25",1,1,6,1,0,"4,67","6,8","6,5",1,"2,25","6,75",1,"6,75","6,5",7,4,"1,75",1,"6,08","1,46","0,5","6,63","1,63"
42,FG,97,7,7,1,1,51,7,8,,5,6,,"6,33","6,6","1,25",1,"5,75","6,41","1,31","1,6","6,67","1,08","6,5",7,"6,5","1,25",1,1,6,1,0,"4,67","6,8","6,5",1,"2,25","6,75",1,"6,75","6,5",7,4,"1,75",1,"6,08","1,46","0,5","6,63","1,63"
42,FG,98,7,7,1,1,52,7,8,,5,6,,"6,33","6,6","1,25",1,"5,75","6,41","1,31","1,6","6,67","1,08","6,5",7,"6,5","1,25",1,1,6,1,0,"4,67","6,8","6,5",1,"2,25","6,75",1,"6,75","6,5",7,4,"1,75",1,"6,08","1,46","0,5","6,63","1,63"
42,FG,99,7,7,1,1,62,,,,6,8,,"6,33","6,6","1,25",1,"5,75","6,41","1,31","1,6","6,67","1,08","6,5",7,"6,5","1,25",1,1,6,1,0,"4,67","6,8","6,5",1,"2,25","6,75",1,"6,75","6,5",7,4,"1,75",1,"6,08","1,46","0,5","6,63","1,63"
42,FG,100,7,7,1,1,60,,,,6,8,,"6,33","6,6","1,25",1,"5,75","6,41","1,31","1,6","6,67","1,08","6,5",7,"6,5","1,25",1,1,6,1,0,"4,67","6,8","6,5",1,"2,25","6,75",1,"6,75","6,5",7,4,"1,75",1,"6,08","1,46","0,5","6,63","1,63"
42,FG,101,7,7,1,1,42,,,,6,8,,"6,33","6,6","1,25",1,"5,75","6,41","1,31","1,6","6,67","1,08","6,5",7,"6,5","1,25",1,1,6,1,0,"4,67","6,8","6,5",1,"2,25","6,75",1,"6,75","6,5",7,4,"1,75",1,"6,08","1,46","0,5","6,63","1,63"
42,FG,102,7,7,1,1,51,,,,6,8,,"6,33","6,6","1,25",1,"5,75","6,41","1,31","1,6","6,67","1,08","6,5",7,"6,5","1,25",1,1,6,1,0,"4,67","6,8","6,5",1,"2,25","6,75",1,"6,75","6,5",7,4,"1,75",1,"6,08","1,46","0,5","6,63","1,63"
42,FG,103,7,7,1,1,70,,,,6,8,,"6,33","6,6","1,25",1,"5,75","6,41","1,31","1,6","6,67","1,08","6,5",7,"6,5","1,25",1,1,6,1,0,"4,67","6,8","6,5",1,"2,25","6,75",1,"6,75","6,5",7,4,"1,75",1,"6,08","1,46","0,5","6,63","1,63"
42,FG,104,7,7,1,1,62,,,,6,8,,"6,33","6,6","1,25",1,"5,75","6,41","1,31","1,6","6,67","1,08","6,5",7,"6,5","1,25",1,1,6,1,0,"4,67","6,8","6,5",1,"2,25","6,75",1,"6,75","6,5",7,4,"1,75",1,"6,08","1,46","0,5","6,63","1,63"
42,FG,105,7,7,1,1,50,,,,6,8,,"6,33","6,6","1,25",1,"5,75","6,41","1,31","1,6","6,67","1,08","6,5",7,"6,5","1,25",1,1,6,1,0,"4,67","6,8","6,5",1,"2,25","6,75",1,"6,75","6,5",7,4,"1,75",1,"6,08","1,46","0,5","6,63","1,63"
42,FG,106,7,7,1,1,45,,,,6,8,,"6,33","6,6","1,25",1,"5,75","6,41","1,31","1,6","6,67","1,08","6,5",7,"6,5","1,25",1,1,6,1,0,"4,67","6,8","6,5",1,"2,25","6,75",1,"6,75","6,5",7,4,"1,75",1,"6,08","1,46","0,5","6,63","1,63"